parte,tema,titulo,LEY,articulo,tipo,tema_no_juridico
GENERAL,1,"La Constitución Española de 1978: estructura, principios y reforma",CONSTITUCIÓN ESPAÑOLA DE 1978,1,JURIDICO,
GENERAL,1,"La Constitución Española de 1978: estructura, principios y reforma",CONSTITUCIÓN ESPAÑOLA DE 1978,2,JURIDICO,
GENERAL,1,"La Constitución Española de 1978: estructura, principios y reforma",CONSTITUCIÓN ESPAÑOLA DE 1978,3,JURIDICO,
GENERAL,1,"La Constitución Española de 1978: estructura, principios y reforma",CONSTITUCIÓN ESPAÑOLA DE 1978,4,JURIDICO,
GENERAL,1,"La Constitución Española de 1978: estructura, principios y reforma",CONSTITUCIÓN ESPAÑOLA DE 1978,5,JURIDICO,
GENERAL,1,"La Constitución Española de 1978: estructura, principios y reforma",CONSTITUCIÓN ESPAÑOLA DE 1978,6,JURIDICO,
GENERAL,1,"La Constitución Española de 1978: estructura, principios y reforma",CONSTITUCIÓN ESPAÑOLA DE 1978,7,JURIDICO,
GENERAL,1,"La Constitución Española de 1978: estructura, principios y reforma",CONSTITUCIÓN ESPAÑOLA DE 1978,8,JURIDICO,
GENERAL,1,"La Constitución Española de 1978: estructura, principios y reforma",CONSTITUCIÓN ESPAÑOLA DE 1978,9,JURIDICO,
GENERAL,1,"La Constitución Española de 1978: estructura, principios y reforma",CONSTITUCIÓN ESPAÑOLA DE 1978,166,JURIDICO,
GENERAL,1,"La Constitución Española de 1978: estructura, principios y reforma",CONSTITUCIÓN ESPAÑOLA DE 1978,167,JURIDICO,
GENERAL,1,"La Constitución Española de 1978: estructura, principios y reforma",CONSTITUCIÓN ESPAÑOLA DE 1978,168,JURIDICO,
GENERAL,1,"La Constitución Española de 1978: estructura, principios y reforma",CONSTITUCIÓN ESPAÑOLA DE 1978,169,JURIDICO,
GENERAL,2,"Derechos y deberes fundamentales: garantía, protección y suspensión",CONSTITUCIÓN ESPAÑOLA DE 1978,10,JURIDICO,
GENERAL,2,"Derechos y deberes fundamentales: garantía, protección y suspensión",CONSTITUCIÓN ESPAÑOLA DE 1978,11,JURIDICO,
GENERAL,2,"Derechos y deberes fundamentales: garantía, protección y suspensión",CONSTITUCIÓN ESPAÑOLA DE 1978,12,JURIDICO,
GENERAL,2,"Derechos y deberes fundamentales: garantía, protección y suspensión",CONSTITUCIÓN ESPAÑOLA DE 1978,13,JURIDICO,
GENERAL,2,"Derechos y deberes fundamentales: garantía, protección y suspensión",CONSTITUCIÓN ESPAÑOLA DE 1978,14,JURIDICO,
GENERAL,2,"Derechos y deberes fundamentales: garantía, protección y suspensión",CONSTITUCIÓN ESPAÑOLA DE 1978,15,JURIDICO,
GENERAL,2,"Derechos y deberes fundamentales: garantía, protección y suspensión",CONSTITUCIÓN ESPAÑOLA DE 1978,16,JURIDICO,
GENERAL,2,"Derechos y deberes fundamentales: garantía, protección y suspensión",CONSTITUCIÓN ESPAÑOLA DE 1978,17,JURIDICO,
GENERAL,2,"Derechos y deberes fundamentales: garantía, protección y suspensión",CONSTITUCIÓN ESPAÑOLA DE 1978,18,JURIDICO,
GENERAL,2,"Derechos y deberes fundamentales: garantía, protección y suspensión",CONSTITUCIÓN ESPAÑOLA DE 1978,19,JURIDICO,
GENERAL,2,"Derechos y deberes fundamentales: garantía, protección y suspensión",CONSTITUCIÓN ESPAÑOLA DE 1978,20,JURIDICO,
GENERAL,2,"Derechos y deberes fundamentales: garantía, protección y suspensión",CONSTITUCIÓN ESPAÑOLA DE 1978,21,JURIDICO,
GENERAL,2,"Derechos y deberes fundamentales: garantía, protección y suspensión",CONSTITUCIÓN ESPAÑOLA DE 1978,22,JURIDICO,
GENERAL,2,"Derechos y deberes fundamentales: garantía, protección y suspensión",CONSTITUCIÓN ESPAÑOLA DE 1978,23,JURIDICO,
GENERAL,2,"Derechos y deberes fundamentales: garantía, protección y suspensión",CONSTITUCIÓN ESPAÑOLA DE 1978,24,JURIDICO,
GENERAL,2,"Derechos y deberes fundamentales: garantía, protección y suspensión",CONSTITUCIÓN ESPAÑOLA DE 1978,25,JURIDICO,
GENERAL,2,"Derechos y deberes fundamentales: garantía, protección y suspensión",CONSTITUCIÓN ESPAÑOLA DE 1978,26,JURIDICO,
GENERAL,2,"Derechos y deberes fundamentales: garantía, protección y suspensión",CONSTITUCIÓN ESPAÑOLA DE 1978,27,JURIDICO,
GENERAL,2,"Derechos y deberes fundamentales: garantía, protección y suspensión",CONSTITUCIÓN ESPAÑOLA DE 1978,28,JURIDICO,
GENERAL,2,"Derechos y deberes fundamentales: garantía, protección y suspensión",CONSTITUCIÓN ESPAÑOLA DE 1978,29,JURIDICO,
GENERAL,2,"Derechos y deberes fundamentales: garantía, protección y suspensión",CONSTITUCIÓN ESPAÑOLA DE 1978,30,JURIDICO,
GENERAL,2,"Derechos y deberes fundamentales: garantía, protección y suspensión",CONSTITUCIÓN ESPAÑOLA DE 1978,31,JURIDICO,
GENERAL,2,"Derechos y deberes fundamentales: garantía, protección y suspensión",CONSTITUCIÓN ESPAÑOLA DE 1978,32,JURIDICO,
GENERAL,2,"Derechos y deberes fundamentales: garantía, protección y suspensión",CONSTITUCIÓN ESPAÑOLA DE 1978,33,JURIDICO,
GENERAL,2,"Derechos y deberes fundamentales: garantía, protección y suspensión",CONSTITUCIÓN ESPAÑOLA DE 1978,34,JURIDICO,
GENERAL,2,"Derechos y deberes fundamentales: garantía, protección y suspensión",CONSTITUCIÓN ESPAÑOLA DE 1978,35,JURIDICO,
GENERAL,2,"Derechos y deberes fundamentales: garantía, protección y suspensión",CONSTITUCIÓN ESPAÑOLA DE 1978,36,JURIDICO,
GENERAL,2,"Derechos y deberes fundamentales: garantía, protección y suspensión",CONSTITUCIÓN ESPAÑOLA DE 1978,37,JURIDICO,
GENERAL,2,"Derechos y deberes fundamentales: garantía, protección y suspensión",CONSTITUCIÓN ESPAÑOLA DE 1978,38,JURIDICO,
GENERAL,2,"Derechos y deberes fundamentales: garantía, protección y suspensión",CONSTITUCIÓN ESPAÑOLA DE 1978,39,JURIDICO,
GENERAL,2,"Derechos y deberes fundamentales: garantía, protección y suspensión",CONSTITUCIÓN ESPAÑOLA DE 1978,40,JURIDICO,
GENERAL,2,"Derechos y deberes fundamentales: garantía, protección y suspensión",CONSTITUCIÓN ESPAÑOLA DE 1978,41,JURIDICO,
GENERAL,2,"Derechos y deberes fundamentales: garantía, protección y suspensión",CONSTITUCIÓN ESPAÑOLA DE 1978,42,JURIDICO,
GENERAL,2,"Derechos y deberes fundamentales: garantía, protección y suspensión",CONSTITUCIÓN ESPAÑOLA DE 1978,43,JURIDICO,
GENERAL,2,"Derechos y deberes fundamentales: garantía, protección y suspensión",CONSTITUCIÓN ESPAÑOLA DE 1978,44,JURIDICO,
GENERAL,2,"Derechos y deberes fundamentales: garantía, protección y suspensión",CONSTITUCIÓN ESPAÑOLA DE 1978,45,JURIDICO,
GENERAL,2,"Derechos y deberes fundamentales: garantía, protección y suspensión",CONSTITUCIÓN ESPAÑOLA DE 1978,46,JURIDICO,
GENERAL,2,"Derechos y deberes fundamentales: garantía, protección y suspensión",CONSTITUCIÓN ESPAÑOLA DE 1978,47,JURIDICO,
GENERAL,2,"Derechos y deberes fundamentales: garantía, protección y suspensión",CONSTITUCIÓN ESPAÑOLA DE 1978,48,JURIDICO,
GENERAL,2,"Derechos y deberes fundamentales: garantía, protección y suspensión",CONSTITUCIÓN ESPAÑOLA DE 1978,49,JURIDICO,
GENERAL,2,"Derechos y deberes fundamentales: garantía, protección y suspensión",CONSTITUCIÓN ESPAÑOLA DE 1978,50,JURIDICO,
GENERAL,2,"Derechos y deberes fundamentales: garantía, protección y suspensión",CONSTITUCIÓN ESPAÑOLA DE 1978,51,JURIDICO,
GENERAL,2,"Derechos y deberes fundamentales: garantía, protección y suspensión",CONSTITUCIÓN ESPAÑOLA DE 1978,52,JURIDICO,
GENERAL,2,"Derechos y deberes fundamentales: garantía, protección y suspensión",CONSTITUCIÓN ESPAÑOLA DE 1978,53,JURIDICO,
GENERAL,2,"Derechos y deberes fundamentales: garantía, protección y suspensión",CONSTITUCIÓN ESPAÑOLA DE 1978,54,JURIDICO,
GENERAL,2,"Derechos y deberes fundamentales: garantía, protección y suspensión",CONSTITUCIÓN ESPAÑOLA DE 1978,55,JURIDICO,
GENERAL,3,Organización territorial del Estado y distribución de competencias,CONSTITUCIÓN ESPAÑOLA DE 1978,137,JURIDICO,
GENERAL,3,Organización territorial del Estado y distribución de competencias,CONSTITUCIÓN ESPAÑOLA DE 1978,138,JURIDICO,
GENERAL,3,Organización territorial del Estado y distribución de competencias,CONSTITUCIÓN ESPAÑOLA DE 1978,139,JURIDICO,
GENERAL,3,Organización territorial del Estado y distribución de competencias,CONSTITUCIÓN ESPAÑOLA DE 1978,140,JURIDICO,
GENERAL,3,Organización territorial del Estado y distribución de competencias,CONSTITUCIÓN ESPAÑOLA DE 1978,141,JURIDICO,
GENERAL,3,Organización territorial del Estado y distribución de competencias,CONSTITUCIÓN ESPAÑOLA DE 1978,142,JURIDICO,
GENERAL,3,Organización territorial del Estado y distribución de competencias,CONSTITUCIÓN ESPAÑOLA DE 1978,143,JURIDICO,
GENERAL,3,Organización territorial del Estado y distribución de competencias,CONSTITUCIÓN ESPAÑOLA DE 1978,144,JURIDICO,
GENERAL,3,Organización territorial del Estado y distribución de competencias,CONSTITUCIÓN ESPAÑOLA DE 1978,145,JURIDICO,
GENERAL,3,Organización territorial del Estado y distribución de competencias,CONSTITUCIÓN ESPAÑOLA DE 1978,146,JURIDICO,
GENERAL,3,Organización territorial del Estado y distribución de competencias,CONSTITUCIÓN ESPAÑOLA DE 1978,147,JURIDICO,
GENERAL,3,Organización territorial del Estado y distribución de competencias,CONSTITUCIÓN ESPAÑOLA DE 1978,148,JURIDICO,
GENERAL,3,Organización territorial del Estado y distribución de competencias,CONSTITUCIÓN ESPAÑOLA DE 1978,149,JURIDICO,
GENERAL,3,Organización territorial del Estado y distribución de competencias,CONSTITUCIÓN ESPAÑOLA DE 1978,150,JURIDICO,
GENERAL,3,Organización territorial del Estado y distribución de competencias,CONSTITUCIÓN ESPAÑOLA DE 1978,151,JURIDICO,
GENERAL,3,Organización territorial del Estado y distribución de competencias,CONSTITUCIÓN ESPAÑOLA DE 1978,152,JURIDICO,
GENERAL,3,Organización territorial del Estado y distribución de competencias,CONSTITUCIÓN ESPAÑOLA DE 1978,153,JURIDICO,
GENERAL,3,Organización territorial del Estado y distribución de competencias,CONSTITUCIÓN ESPAÑOLA DE 1978,154,JURIDICO,
GENERAL,3,Organización territorial del Estado y distribución de competencias,CONSTITUCIÓN ESPAÑOLA DE 1978,155,JURIDICO,
GENERAL,3,Organización territorial del Estado y distribución de competencias,CONSTITUCIÓN ESPAÑOLA DE 1978,156,JURIDICO,
GENERAL,3,Organización territorial del Estado y distribución de competencias,CONSTITUCIÓN ESPAÑOLA DE 1978,157,JURIDICO,
GENERAL,3,Organización territorial del Estado y distribución de competencias,CONSTITUCIÓN ESPAÑOLA DE 1978,158,JURIDICO,
GENERAL,4,Estatuto de Autonomía de la Comunitat Valenciana e instituciones de autogobierno,ESTATUTO DE AUTONOMÍA DE LA COMUNITAT VALENCIANA,1,JURIDICO,
GENERAL,4,Estatuto de Autonomía de la Comunitat Valenciana e instituciones de autogobierno,ESTATUTO DE AUTONOMÍA DE LA COMUNITAT VALENCIANA,2,JURIDICO,
GENERAL,4,Estatuto de Autonomía de la Comunitat Valenciana e instituciones de autogobierno,ESTATUTO DE AUTONOMÍA DE LA COMUNITAT VALENCIANA,3,JURIDICO,
GENERAL,4,Estatuto de Autonomía de la Comunitat Valenciana e instituciones de autogobierno,ESTATUTO DE AUTONOMÍA DE LA COMUNITAT VALENCIANA,4,JURIDICO,
GENERAL,4,Estatuto de Autonomía de la Comunitat Valenciana e instituciones de autogobierno,ESTATUTO DE AUTONOMÍA DE LA COMUNITAT VALENCIANA,5,JURIDICO,
GENERAL,4,Estatuto de Autonomía de la Comunitat Valenciana e instituciones de autogobierno,ESTATUTO DE AUTONOMÍA DE LA COMUNITAT VALENCIANA,6,JURIDICO,
GENERAL,4,Estatuto de Autonomía de la Comunitat Valenciana e instituciones de autogobierno,ESTATUTO DE AUTONOMÍA DE LA COMUNITAT VALENCIANA,7,JURIDICO,
GENERAL,4,Estatuto de Autonomía de la Comunitat Valenciana e instituciones de autogobierno,ESTATUTO DE AUTONOMÍA DE LA COMUNITAT VALENCIANA,8,JURIDICO,
GENERAL,4,Estatuto de Autonomía de la Comunitat Valenciana e instituciones de autogobierno,ESTATUTO DE AUTONOMÍA DE LA COMUNITAT VALENCIANA,9,JURIDICO,
GENERAL,4,Estatuto de Autonomía de la Comunitat Valenciana e instituciones de autogobierno,ESTATUTO DE AUTONOMÍA DE LA COMUNITAT VALENCIANA,10,JURIDICO,
GENERAL,4,Estatuto de Autonomía de la Comunitat Valenciana e instituciones de autogobierno,ESTATUTO DE AUTONOMÍA DE LA COMUNITAT VALENCIANA,20,JURIDICO,
GENERAL,4,Estatuto de Autonomía de la Comunitat Valenciana e instituciones de autogobierno,ESTATUTO DE AUTONOMÍA DE LA COMUNITAT VALENCIANA,21,JURIDICO,
GENERAL,4,Estatuto de Autonomía de la Comunitat Valenciana e instituciones de autogobierno,ESTATUTO DE AUTONOMÍA DE LA COMUNITAT VALENCIANA,22,JURIDICO,
GENERAL,4,Estatuto de Autonomía de la Comunitat Valenciana e instituciones de autogobierno,ESTATUTO DE AUTONOMÍA DE LA COMUNITAT VALENCIANA,23,JURIDICO,
GENERAL,4,Estatuto de Autonomía de la Comunitat Valenciana e instituciones de autogobierno,ESTATUTO DE AUTONOMÍA DE LA COMUNITAT VALENCIANA,24,JURIDICO,
GENERAL,4,Estatuto de Autonomía de la Comunitat Valenciana e instituciones de autogobierno,ESTATUTO DE AUTONOMÍA DE LA COMUNITAT VALENCIANA,25,JURIDICO,
GENERAL,4,Estatuto de Autonomía de la Comunitat Valenciana e instituciones de autogobierno,ESTATUTO DE AUTONOMÍA DE LA COMUNITAT VALENCIANA,26,JURIDICO,
GENERAL,4,Estatuto de Autonomía de la Comunitat Valenciana e instituciones de autogobierno,ESTATUTO DE AUTONOMÍA DE LA COMUNITAT VALENCIANA,27,JURIDICO,
GENERAL,4,Estatuto de Autonomía de la Comunitat Valenciana e instituciones de autogobierno,ESTATUTO DE AUTONOMÍA DE LA COMUNITAT VALENCIANA,28,JURIDICO,
GENERAL,4,Estatuto de Autonomía de la Comunitat Valenciana e instituciones de autogobierno,ESTATUTO DE AUTONOMÍA DE LA COMUNITAT VALENCIANA,29,JURIDICO,
GENERAL,4,Estatuto de Autonomía de la Comunitat Valenciana e instituciones de autogobierno,ESTATUTO DE AUTONOMÍA DE LA COMUNITAT VALENCIANA,59,JURIDICO,
GENERAL,4,Estatuto de Autonomía de la Comunitat Valenciana e instituciones de autogobierno,ESTATUTO DE AUTONOMÍA DE LA COMUNITAT VALENCIANA,60,JURIDICO,
GENERAL,4,Estatuto de Autonomía de la Comunitat Valenciana e instituciones de autogobierno,ESTATUTO DE AUTONOMÍA DE LA COMUNITAT VALENCIANA,61,JURIDICO,
GENERAL,4,Estatuto de Autonomía de la Comunitat Valenciana e instituciones de autogobierno,ESTATUTO DE AUTONOMÍA DE LA COMUNITAT VALENCIANA,62,JURIDICO,
GENERAL,4,Estatuto de Autonomía de la Comunitat Valenciana e instituciones de autogobierno,ESTATUTO DE AUTONOMÍA DE LA COMUNITAT VALENCIANA,63,JURIDICO,
GENERAL,5,Igualdad efectiva y no discriminación en la actuación pública,"Ley Orgánica 3/2007, de 22 de marzo, para la igualdad efectiva de mujeres y hombres",1,JURIDICO,
GENERAL,5,Igualdad efectiva y no discriminación en la actuación pública,"Ley Orgánica 3/2007, de 22 de marzo, para la igualdad efectiva de mujeres y hombres",2,JURIDICO,
GENERAL,5,Igualdad efectiva y no discriminación en la actuación pública,"Ley Orgánica 3/2007, de 22 de marzo, para la igualdad efectiva de mujeres y hombres",3,JURIDICO,
GENERAL,5,Igualdad efectiva y no discriminación en la actuación pública,"Ley Orgánica 3/2007, de 22 de marzo, para la igualdad efectiva de mujeres y hombres",4,JURIDICO,
GENERAL,5,Igualdad efectiva y no discriminación en la actuación pública,"Ley Orgánica 3/2007, de 22 de marzo, para la igualdad efectiva de mujeres y hombres",5,JURIDICO,
GENERAL,5,Igualdad efectiva y no discriminación en la actuación pública,"Ley Orgánica 3/2007, de 22 de marzo, para la igualdad efectiva de mujeres y hombres",6,JURIDICO,
GENERAL,5,Igualdad efectiva y no discriminación en la actuación pública,"Ley Orgánica 3/2007, de 22 de marzo, para la igualdad efectiva de mujeres y hombres",7,JURIDICO,
GENERAL,5,Igualdad efectiva y no discriminación en la actuación pública,"Ley Orgánica 3/2007, de 22 de marzo, para la igualdad efectiva de mujeres y hombres",8,JURIDICO,
GENERAL,5,Igualdad efectiva y no discriminación en la actuación pública,"Ley Orgánica 3/2007, de 22 de marzo, para la igualdad efectiva de mujeres y hombres",9,JURIDICO,
GENERAL,5,Igualdad efectiva y no discriminación en la actuación pública,"Ley Orgánica 3/2007, de 22 de marzo, para la igualdad efectiva de mujeres y hombres",10,JURIDICO,
GENERAL,5,Igualdad efectiva y no discriminación en la actuación pública,"Ley Orgánica 3/2007, de 22 de marzo, para la igualdad efectiva de mujeres y hombres",11,JURIDICO,
GENERAL,5,Igualdad efectiva y no discriminación en la actuación pública,"Ley Orgánica 3/2007, de 22 de marzo, para la igualdad efectiva de mujeres y hombres",12,JURIDICO,
GENERAL,5,Igualdad efectiva y no discriminación en la actuación pública,"Ley Orgánica 3/2007, de 22 de marzo, para la igualdad efectiva de mujeres y hombres",13,JURIDICO,
GENERAL,5,Igualdad efectiva y no discriminación en la actuación pública,"Ley Orgánica 3/2007, de 22 de marzo, para la igualdad efectiva de mujeres y hombres",14,JURIDICO,
GENERAL,5,Igualdad efectiva y no discriminación en la actuación pública,"Ley Orgánica 3/2007, de 22 de marzo, para la igualdad efectiva de mujeres y hombres",15,JURIDICO,
GENERAL,5,Igualdad efectiva y no discriminación en la actuación pública,"Ley Orgánica 3/2007, de 22 de marzo, para la igualdad efectiva de mujeres y hombres",45,JURIDICO,
GENERAL,5,Igualdad efectiva y no discriminación en la actuación pública,"Ley Orgánica 3/2007, de 22 de marzo, para la igualdad efectiva de mujeres y hombres",46,JURIDICO,
GENERAL,5,Igualdad efectiva y no discriminación en la actuación pública,"Ley Orgánica 3/2007, de 22 de marzo, para la igualdad efectiva de mujeres y hombres",47,JURIDICO,
GENERAL,5,Igualdad efectiva y no discriminación en la actuación pública,"Ley Orgánica 3/2007, de 22 de marzo, para la igualdad efectiva de mujeres y hombres",48,JURIDICO,
GENERAL,5,Igualdad efectiva y no discriminación en la actuación pública,"Ley Orgánica 3/2007, de 22 de marzo, para la igualdad efectiva de mujeres y hombres",49,JURIDICO,
GENERAL,5,Igualdad efectiva y no discriminación en la actuación pública,"Ley Orgánica 3/2007, de 22 de marzo, para la igualdad efectiva de mujeres y hombres",50,JURIDICO,
GENERAL,5,Igualdad efectiva y no discriminación en la actuación pública,"Ley Orgánica 3/2007, de 22 de marzo, para la igualdad efectiva de mujeres y hombres",51,JURIDICO,
GENERAL,5,Igualdad efectiva y no discriminación en la actuación pública,"Ley Orgánica 3/2007, de 22 de marzo, para la igualdad efectiva de mujeres y hombres",64,JURIDICO,
GENERAL,5,Igualdad efectiva y no discriminación en la actuación pública,"Ley Orgánica 3/2007, de 22 de marzo, para la igualdad efectiva de mujeres y hombres",65,JURIDICO,
GENERAL,5,Igualdad efectiva y no discriminación en la actuación pública,"Ley Orgánica 3/2007, de 22 de marzo, para la igualdad efectiva de mujeres y hombres",66,JURIDICO,
GENERAL,5,Igualdad efectiva y no discriminación en la actuación pública,"Ley Orgánica 3/2007, de 22 de marzo, para la igualdad efectiva de mujeres y hombres",67,JURIDICO,
GENERAL,5,Igualdad efectiva y no discriminación en la actuación pública,"Ley Orgánica 3/2007, de 22 de marzo, para la igualdad efectiva de mujeres y hombres",68,JURIDICO,
GENERAL,5,Igualdad efectiva y no discriminación en la actuación pública,"Ley Orgánica 3/2007, de 22 de marzo, para la igualdad efectiva de mujeres y hombres",69,JURIDICO,
GENERAL,5,Igualdad efectiva y no discriminación en la actuación pública,"Ley Orgánica 3/2007, de 22 de marzo, para la igualdad efectiva de mujeres y hombres",70,JURIDICO,
GENERAL,5,Igualdad efectiva y no discriminación en la actuación pública,"Ley Orgánica 3/2007, de 22 de marzo, para la igualdad efectiva de mujeres y hombres",71,JURIDICO,
GENERAL,5,Igualdad efectiva y no discriminación en la actuación pública,"Ley Orgánica 3/2007, de 22 de marzo, para la igualdad efectiva de mujeres y hombres",72,JURIDICO,
GENERAL,5,Igualdad efectiva y no discriminación en la actuación pública,"Ley Orgánica 3/2007, de 22 de marzo, para la igualdad efectiva de mujeres y hombres",73,JURIDICO,
GENERAL,5,Igualdad efectiva y no discriminación en la actuación pública,"Ley Orgánica 3/2007, de 22 de marzo, para la igualdad efectiva de mujeres y hombres",74,JURIDICO,
GENERAL,5,Igualdad efectiva y no discriminación en la actuación pública,"Ley Orgánica 3/2007, de 22 de marzo, para la igualdad efectiva de mujeres y hombres",75,JURIDICO,
GENERAL,5,Igualdad efectiva y no discriminación en la actuación pública,"Ley Orgánica 3/2007, de 22 de marzo, para la igualdad efectiva de mujeres y hombres",76,JURIDICO,
GENERAL,5,Igualdad efectiva y no discriminación en la actuación pública,"Ley Orgánica 3/2007, de 22 de marzo, para la igualdad efectiva de mujeres y hombres",77,JURIDICO,
GENERAL,5,Igualdad efectiva y no discriminación en la actuación pública,"Ley 9/2003, de 2 de abril, para la igualdad entre mujeres y hombres",1,JURIDICO,
GENERAL,5,Igualdad efectiva y no discriminación en la actuación pública,"Ley 9/2003, de 2 de abril, para la igualdad entre mujeres y hombres",2,JURIDICO,
GENERAL,5,Igualdad efectiva y no discriminación en la actuación pública,"Ley 9/2003, de 2 de abril, para la igualdad entre mujeres y hombres",3,JURIDICO,
GENERAL,5,Igualdad efectiva y no discriminación en la actuación pública,"Ley 9/2003, de 2 de abril, para la igualdad entre mujeres y hombres",4,JURIDICO,
GENERAL,5,Igualdad efectiva y no discriminación en la actuación pública,"Ley 9/2003, de 2 de abril, para la igualdad entre mujeres y hombres",5,JURIDICO,
GENERAL,5,Igualdad efectiva y no discriminación en la actuación pública,"Ley 9/2003, de 2 de abril, para la igualdad entre mujeres y hombres",6,JURIDICO,
GENERAL,5,Igualdad efectiva y no discriminación en la actuación pública,"Ley 9/2003, de 2 de abril, para la igualdad entre mujeres y hombres",7,JURIDICO,
GENERAL,5,Igualdad efectiva y no discriminación en la actuación pública,"Ley 9/2003, de 2 de abril, para la igualdad entre mujeres y hombres",8,JURIDICO,
GENERAL,5,Igualdad efectiva y no discriminación en la actuación pública,"Ley 9/2003, de 2 de abril, para la igualdad entre mujeres y hombres",9,JURIDICO,
GENERAL,5,Igualdad efectiva y no discriminación en la actuación pública,"Ley 9/2003, de 2 de abril, para la igualdad entre mujeres y hombres",10,JURIDICO,
GENERAL,5,Igualdad efectiva y no discriminación en la actuación pública,"Ley 9/2003, de 2 de abril, para la igualdad entre mujeres y hombres",11,JURIDICO,
GENERAL,5,Igualdad efectiva y no discriminación en la actuación pública,"Ley 9/2003, de 2 de abril, para la igualdad entre mujeres y hombres",12,JURIDICO,
GENERAL,5,Igualdad efectiva y no discriminación en la actuación pública,"Ley 9/2003, de 2 de abril, para la igualdad entre mujeres y hombres",13,JURIDICO,
GENERAL,5,Igualdad efectiva y no discriminación en la actuación pública,"Ley 9/2003, de 2 de abril, para la igualdad entre mujeres y hombres",14,JURIDICO,
GENERAL,6,"Transparencia, acceso a la información pública y buen gobierno","Ley 19/2013, de 9 de diciembre, de transparencia, acceso a la información pública y buen gobierno",1,JURIDICO,
GENERAL,6,"Transparencia, acceso a la información pública y buen gobierno","Ley 19/2013, de 9 de diciembre, de transparencia, acceso a la información pública y buen gobierno",2,JURIDICO,
GENERAL,6,"Transparencia, acceso a la información pública y buen gobierno","Ley 19/2013, de 9 de diciembre, de transparencia, acceso a la información pública y buen gobierno",3,JURIDICO,
GENERAL,6,"Transparencia, acceso a la información pública y buen gobierno","Ley 19/2013, de 9 de diciembre, de transparencia, acceso a la información pública y buen gobierno",4,JURIDICO,
GENERAL,6,"Transparencia, acceso a la información pública y buen gobierno","Ley 19/2013, de 9 de diciembre, de transparencia, acceso a la información pública y buen gobierno",5,JURIDICO,
GENERAL,6,"Transparencia, acceso a la información pública y buen gobierno","Ley 19/2013, de 9 de diciembre, de transparencia, acceso a la información pública y buen gobierno",6,JURIDICO,
GENERAL,6,"Transparencia, acceso a la información pública y buen gobierno","Ley 19/2013, de 9 de diciembre, de transparencia, acceso a la información pública y buen gobierno",7,JURIDICO,
GENERAL,6,"Transparencia, acceso a la información pública y buen gobierno","Ley 19/2013, de 9 de diciembre, de transparencia, acceso a la información pública y buen gobierno",8,JURIDICO,
GENERAL,6,"Transparencia, acceso a la información pública y buen gobierno","Ley 19/2013, de 9 de diciembre, de transparencia, acceso a la información pública y buen gobierno",9,JURIDICO,
GENERAL,6,"Transparencia, acceso a la información pública y buen gobierno","Ley 19/2013, de 9 de diciembre, de transparencia, acceso a la información pública y buen gobierno",10,JURIDICO,
GENERAL,6,"Transparencia, acceso a la información pública y buen gobierno","Ley 19/2013, de 9 de diciembre, de transparencia, acceso a la información pública y buen gobierno",11,JURIDICO,
GENERAL,6,"Transparencia, acceso a la información pública y buen gobierno","Ley 19/2013, de 9 de diciembre, de transparencia, acceso a la información pública y buen gobierno",12,JURIDICO,
GENERAL,6,"Transparencia, acceso a la información pública y buen gobierno","Ley 19/2013, de 9 de diciembre, de transparencia, acceso a la información pública y buen gobierno",13,JURIDICO,
GENERAL,6,"Transparencia, acceso a la información pública y buen gobierno","Ley 19/2013, de 9 de diciembre, de transparencia, acceso a la información pública y buen gobierno",14,JURIDICO,
GENERAL,6,"Transparencia, acceso a la información pública y buen gobierno","Ley 19/2013, de 9 de diciembre, de transparencia, acceso a la información pública y buen gobierno",15,JURIDICO,
GENERAL,6,"Transparencia, acceso a la información pública y buen gobierno","Ley 19/2013, de 9 de diciembre, de transparencia, acceso a la información pública y buen gobierno",16,JURIDICO,
GENERAL,6,"Transparencia, acceso a la información pública y buen gobierno","Ley 19/2013, de 9 de diciembre, de transparencia, acceso a la información pública y buen gobierno",17,JURIDICO,
GENERAL,6,"Transparencia, acceso a la información pública y buen gobierno","Ley 19/2013, de 9 de diciembre, de transparencia, acceso a la información pública y buen gobierno",18,JURIDICO,
GENERAL,6,"Transparencia, acceso a la información pública y buen gobierno","Ley 19/2013, de 9 de diciembre, de transparencia, acceso a la información pública y buen gobierno",19,JURIDICO,
GENERAL,6,"Transparencia, acceso a la información pública y buen gobierno","Ley 19/2013, de 9 de diciembre, de transparencia, acceso a la información pública y buen gobierno",20,JURIDICO,
GENERAL,6,"Transparencia, acceso a la información pública y buen gobierno","Ley 19/2013, de 9 de diciembre, de transparencia, acceso a la información pública y buen gobierno",21,JURIDICO,
GENERAL,6,"Transparencia, acceso a la información pública y buen gobierno","Ley 19/2013, de 9 de diciembre, de transparencia, acceso a la información pública y buen gobierno",22,JURIDICO,
GENERAL,6,"Transparencia, acceso a la información pública y buen gobierno","Ley 19/2013, de 9 de diciembre, de transparencia, acceso a la información pública y buen gobierno",23,JURIDICO,
GENERAL,6,"Transparencia, acceso a la información pública y buen gobierno","Ley 19/2013, de 9 de diciembre, de transparencia, acceso a la información pública y buen gobierno",24,JURIDICO,
GENERAL,7,Protección de datos personales y derechos digitales,"Ley Orgánica 3/2018, de 5 de diciembre, de Protección de Datos Personales y garantía de los derechos digitales",1,JURIDICO,
GENERAL,7,Protección de datos personales y derechos digitales,"Ley Orgánica 3/2018, de 5 de diciembre, de Protección de Datos Personales y garantía de los derechos digitales",2,JURIDICO,
GENERAL,7,Protección de datos personales y derechos digitales,"Ley Orgánica 3/2018, de 5 de diciembre, de Protección de Datos Personales y garantía de los derechos digitales",3,JURIDICO,
GENERAL,7,Protección de datos personales y derechos digitales,"Ley Orgánica 3/2018, de 5 de diciembre, de Protección de Datos Personales y garantía de los derechos digitales",4,JURIDICO,
GENERAL,7,Protección de datos personales y derechos digitales,"Ley Orgánica 3/2018, de 5 de diciembre, de Protección de Datos Personales y garantía de los derechos digitales",5,JURIDICO,
GENERAL,7,Protección de datos personales y derechos digitales,"Ley Orgánica 3/2018, de 5 de diciembre, de Protección de Datos Personales y garantía de los derechos digitales",6,JURIDICO,
GENERAL,7,Protección de datos personales y derechos digitales,"Ley Orgánica 3/2018, de 5 de diciembre, de Protección de Datos Personales y garantía de los derechos digitales",7,JURIDICO,
GENERAL,7,Protección de datos personales y derechos digitales,"Ley Orgánica 3/2018, de 5 de diciembre, de Protección de Datos Personales y garantía de los derechos digitales",8,JURIDICO,
GENERAL,7,Protección de datos personales y derechos digitales,"Ley Orgánica 3/2018, de 5 de diciembre, de Protección de Datos Personales y garantía de los derechos digitales",9,JURIDICO,
GENERAL,7,Protección de datos personales y derechos digitales,"Ley Orgánica 3/2018, de 5 de diciembre, de Protección de Datos Personales y garantía de los derechos digitales",10,JURIDICO,
GENERAL,7,Protección de datos personales y derechos digitales,"Ley Orgánica 3/2018, de 5 de diciembre, de Protección de Datos Personales y garantía de los derechos digitales",11,JURIDICO,
GENERAL,7,Protección de datos personales y derechos digitales,"Ley Orgánica 3/2018, de 5 de diciembre, de Protección de Datos Personales y garantía de los derechos digitales",12,JURIDICO,
GENERAL,7,Protección de datos personales y derechos digitales,"Ley Orgánica 3/2018, de 5 de diciembre, de Protección de Datos Personales y garantía de los derechos digitales",13,JURIDICO,
GENERAL,7,Protección de datos personales y derechos digitales,"Ley Orgánica 3/2018, de 5 de diciembre, de Protección de Datos Personales y garantía de los derechos digitales",14,JURIDICO,
GENERAL,7,Protección de datos personales y derechos digitales,"Ley Orgánica 3/2018, de 5 de diciembre, de Protección de Datos Personales y garantía de los derechos digitales",15,JURIDICO,
GENERAL,7,Protección de datos personales y derechos digitales,"Ley Orgánica 3/2018, de 5 de diciembre, de Protección de Datos Personales y garantía de los derechos digitales",16,JURIDICO,
GENERAL,7,Protección de datos personales y derechos digitales,"Ley Orgánica 3/2018, de 5 de diciembre, de Protección de Datos Personales y garantía de los derechos digitales",17,JURIDICO,
GENERAL,7,Protección de datos personales y derechos digitales,"Ley Orgánica 3/2018, de 5 de diciembre, de Protección de Datos Personales y garantía de los derechos digitales",18,JURIDICO,
GENERAL,7,Protección de datos personales y derechos digitales,"Ley Orgánica 3/2018, de 5 de diciembre, de Protección de Datos Personales y garantía de los derechos digitales",19,JURIDICO,
GENERAL,7,Protección de datos personales y derechos digitales,"Ley Orgánica 3/2018, de 5 de diciembre, de Protección de Datos Personales y garantía de los derechos digitales",20,JURIDICO,
GENERAL,7,Protección de datos personales y derechos digitales,"Ley Orgánica 3/2018, de 5 de diciembre, de Protección de Datos Personales y garantía de los derechos digitales",21,JURIDICO,
GENERAL,7,Protección de datos personales y derechos digitales,"Ley Orgánica 3/2018, de 5 de diciembre, de Protección de Datos Personales y garantía de los derechos digitales",22,JURIDICO,
GENERAL,7,Protección de datos personales y derechos digitales,"Ley Orgánica 3/2018, de 5 de diciembre, de Protección de Datos Personales y garantía de los derechos digitales",23,JURIDICO,
GENERAL,7,Protección de datos personales y derechos digitales,"Ley Orgánica 3/2018, de 5 de diciembre, de Protección de Datos Personales y garantía de los derechos digitales",24,JURIDICO,
GENERAL,7,Protección de datos personales y derechos digitales,"Ley Orgánica 3/2018, de 5 de diciembre, de Protección de Datos Personales y garantía de los derechos digitales",31,JURIDICO,
GENERAL,7,Protección de datos personales y derechos digitales,"Ley Orgánica 3/2018, de 5 de diciembre, de Protección de Datos Personales y garantía de los derechos digitales",32,JURIDICO,
GENERAL,7,Protección de datos personales y derechos digitales,"Ley Orgánica 3/2018, de 5 de diciembre, de Protección de Datos Personales y garantía de los derechos digitales",33,JURIDICO,
GENERAL,7,Protección de datos personales y derechos digitales,"Ley Orgánica 3/2018, de 5 de diciembre, de Protección de Datos Personales y garantía de los derechos digitales",34,JURIDICO,
GENERAL,7,Protección de datos personales y derechos digitales,"Ley Orgánica 3/2018, de 5 de diciembre, de Protección de Datos Personales y garantía de los derechos digitales",35,JURIDICO,
GENERAL,7,Protección de datos personales y derechos digitales,"Ley Orgánica 3/2018, de 5 de diciembre, de Protección de Datos Personales y garantía de los derechos digitales",36,JURIDICO,
GENERAL,7,Protección de datos personales y derechos digitales,"Ley Orgánica 3/2018, de 5 de diciembre, de Protección de Datos Personales y garantía de los derechos digitales",37,JURIDICO,
GENERAL,7,Protección de datos personales y derechos digitales,"Ley Orgánica 3/2018, de 5 de diciembre, de Protección de Datos Personales y garantía de los derechos digitales",38,JURIDICO,
GENERAL,7,Protección de datos personales y derechos digitales,"Ley Orgánica 3/2018, de 5 de diciembre, de Protección de Datos Personales y garantía de los derechos digitales",70,JURIDICO,
GENERAL,7,Protección de datos personales y derechos digitales,"Ley Orgánica 3/2018, de 5 de diciembre, de Protección de Datos Personales y garantía de los derechos digitales",71,JURIDICO,
GENERAL,7,Protección de datos personales y derechos digitales,"Ley Orgánica 3/2018, de 5 de diciembre, de Protección de Datos Personales y garantía de los derechos digitales",72,JURIDICO,
GENERAL,7,Protección de datos personales y derechos digitales,"Ley Orgánica 3/2018, de 5 de diciembre, de Protección de Datos Personales y garantía de los derechos digitales",73,JURIDICO,
GENERAL,7,Protección de datos personales y derechos digitales,"Ley Orgánica 3/2018, de 5 de diciembre, de Protección de Datos Personales y garantía de los derechos digitales",74,JURIDICO,
GENERAL,7,Protección de datos personales y derechos digitales,"Ley Orgánica 3/2018, de 5 de diciembre, de Protección de Datos Personales y garantía de los derechos digitales",75,JURIDICO,
GENERAL,7,Protección de datos personales y derechos digitales,"Ley Orgánica 3/2018, de 5 de diciembre, de Protección de Datos Personales y garantía de los derechos digitales",76,JURIDICO,
GENERAL,7,Protección de datos personales y derechos digitales,"Ley Orgánica 3/2018, de 5 de diciembre, de Protección de Datos Personales y garantía de los derechos digitales",77,JURIDICO,
GENERAL,7,Protección de datos personales y derechos digitales,"Ley Orgánica 3/2018, de 5 de diciembre, de Protección de Datos Personales y garantía de los derechos digitales",78,JURIDICO,
GENERAL,7,Protección de datos personales y derechos digitales,"Ley Orgánica 3/2018, de 5 de diciembre, de Protección de Datos Personales y garantía de los derechos digitales",79,JURIDICO,
GENERAL,7,Protección de datos personales y derechos digitales,"Ley Orgánica 3/2018, de 5 de diciembre, de Protección de Datos Personales y garantía de los derechos digitales",80,JURIDICO,
GENERAL,7,Protección de datos personales y derechos digitales,"Ley Orgánica 3/2018, de 5 de diciembre, de Protección de Datos Personales y garantía de los derechos digitales",81,JURIDICO,
GENERAL,7,Protección de datos personales y derechos digitales,"Ley Orgánica 3/2018, de 5 de diciembre, de Protección de Datos Personales y garantía de los derechos digitales",82,JURIDICO,
GENERAL,7,Protección de datos personales y derechos digitales,"Ley Orgánica 3/2018, de 5 de diciembre, de Protección de Datos Personales y garantía de los derechos digitales",83,JURIDICO,
GENERAL,7,Protección de datos personales y derechos digitales,"Ley Orgánica 3/2018, de 5 de diciembre, de Protección de Datos Personales y garantía de los derechos digitales",84,JURIDICO,
GENERAL,7,Protección de datos personales y derechos digitales,"Ley Orgánica 3/2018, de 5 de diciembre, de Protección de Datos Personales y garantía de los derechos digitales",85,JURIDICO,
GENERAL,7,Protección de datos personales y derechos digitales,"Ley Orgánica 3/2018, de 5 de diciembre, de Protección de Datos Personales y garantía de los derechos digitales",86,JURIDICO,
GENERAL,7,Protección de datos personales y derechos digitales,"Ley Orgánica 3/2018, de 5 de diciembre, de Protección de Datos Personales y garantía de los derechos digitales",87,JURIDICO,
GENERAL,7,Protección de datos personales y derechos digitales,"Ley Orgánica 3/2018, de 5 de diciembre, de Protección de Datos Personales y garantía de los derechos digitales",88,JURIDICO,
GENERAL,7,Protección de datos personales y derechos digitales,"Ley Orgánica 3/2018, de 5 de diciembre, de Protección de Datos Personales y garantía de los derechos digitales",89,JURIDICO,
GENERAL,7,Protección de datos personales y derechos digitales,"Ley Orgánica 3/2018, de 5 de diciembre, de Protección de Datos Personales y garantía de los derechos digitales",90,JURIDICO,
GENERAL,7,Protección de datos personales y derechos digitales,"Ley Orgánica 3/2018, de 5 de diciembre, de Protección de Datos Personales y garantía de los derechos digitales",91,JURIDICO,
GENERAL,7,Protección de datos personales y derechos digitales,"Ley Orgánica 3/2018, de 5 de diciembre, de Protección de Datos Personales y garantía de los derechos digitales",92,JURIDICO,
GENERAL,7,Protección de datos personales y derechos digitales,"Ley Orgánica 3/2018, de 5 de diciembre, de Protección de Datos Personales y garantía de los derechos digitales",93,JURIDICO,
GENERAL,7,Protección de datos personales y derechos digitales,"Ley Orgánica 3/2018, de 5 de diciembre, de Protección de Datos Personales y garantía de los derechos digitales",94,JURIDICO,
GENERAL,7,Protección de datos personales y derechos digitales,"Ley Orgánica 3/2018, de 5 de diciembre, de Protección de Datos Personales y garantía de los derechos digitales",95,JURIDICO,
GENERAL,7,Protección de datos personales y derechos digitales,"Ley Orgánica 3/2018, de 5 de diciembre, de Protección de Datos Personales y garantía de los derechos digitales",96,JURIDICO,
GENERAL,7,Protección de datos personales y derechos digitales,"Ley Orgánica 3/2018, de 5 de diciembre, de Protección de Datos Personales y garantía de los derechos digitales",97,JURIDICO,
ESPECIAL,1,"Organización administrativa, órganos colegiados y competencia","Ley 40/2015, de 1 de octubre, de Régimen Jurídico del Sector Público",5,JURIDICO,
ESPECIAL,1,"Organización administrativa, órganos colegiados y competencia","Ley 40/2015, de 1 de octubre, de Régimen Jurídico del Sector Público",6,JURIDICO,
ESPECIAL,1,"Organización administrativa, órganos colegiados y competencia","Ley 40/2015, de 1 de octubre, de Régimen Jurídico del Sector Público",7,JURIDICO,
ESPECIAL,1,"Organización administrativa, órganos colegiados y competencia","Ley 40/2015, de 1 de octubre, de Régimen Jurídico del Sector Público",8,JURIDICO,
ESPECIAL,1,"Organización administrativa, órganos colegiados y competencia","Ley 40/2015, de 1 de octubre, de Régimen Jurídico del Sector Público",9,JURIDICO,
ESPECIAL,1,"Organización administrativa, órganos colegiados y competencia","Ley 40/2015, de 1 de octubre, de Régimen Jurídico del Sector Público",10,JURIDICO,
ESPECIAL,1,"Organización administrativa, órganos colegiados y competencia","Ley 40/2015, de 1 de octubre, de Régimen Jurídico del Sector Público",11,JURIDICO,
ESPECIAL,1,"Organización administrativa, órganos colegiados y competencia","Ley 40/2015, de 1 de octubre, de Régimen Jurídico del Sector Público",12,JURIDICO,
ESPECIAL,1,"Organización administrativa, órganos colegiados y competencia","Ley 40/2015, de 1 de octubre, de Régimen Jurídico del Sector Público",13,JURIDICO,
ESPECIAL,1,"Organización administrativa, órganos colegiados y competencia","Ley 40/2015, de 1 de octubre, de Régimen Jurídico del Sector Público",14,JURIDICO,
ESPECIAL,1,"Organización administrativa, órganos colegiados y competencia","Ley 40/2015, de 1 de octubre, de Régimen Jurídico del Sector Público",15,JURIDICO,
ESPECIAL,1,"Organización administrativa, órganos colegiados y competencia","Ley 40/2015, de 1 de octubre, de Régimen Jurídico del Sector Público",16,JURIDICO,
ESPECIAL,1,"Organización administrativa, órganos colegiados y competencia","Ley 40/2015, de 1 de octubre, de Régimen Jurídico del Sector Público",17,JURIDICO,
ESPECIAL,1,"Organización administrativa, órganos colegiados y competencia","Ley 40/2015, de 1 de octubre, de Régimen Jurídico del Sector Público",18,JURIDICO,
ESPECIAL,1,"Organización administrativa, órganos colegiados y competencia","Ley 40/2015, de 1 de octubre, de Régimen Jurídico del Sector Público",19,JURIDICO,
ESPECIAL,1,"Organización administrativa, órganos colegiados y competencia","Ley 40/2015, de 1 de octubre, de Régimen Jurídico del Sector Público",20,JURIDICO,
ESPECIAL,1,"Organización administrativa, órganos colegiados y competencia","Ley 40/2015, de 1 de octubre, de Régimen Jurídico del Sector Público",21,JURIDICO,
ESPECIAL,1,"Organización administrativa, órganos colegiados y competencia","Ley 40/2015, de 1 de octubre, de Régimen Jurídico del Sector Público",22,JURIDICO,
ESPECIAL,1,"Organización administrativa, órganos colegiados y competencia","Ley 40/2015, de 1 de octubre, de Régimen Jurídico del Sector Público",23,JURIDICO,
ESPECIAL,1,"Organización administrativa, órganos colegiados y competencia","Ley 40/2015, de 1 de octubre, de Régimen Jurídico del Sector Público",24,JURIDICO,
ESPECIAL,2,Las personas ante las Administraciones Públicas,"Ley 39/2015, de 1 de octubre, del Procedimiento Administrativo Común de las Administraciones Públicas",3,JURIDICO,
ESPECIAL,2,Las personas ante las Administraciones Públicas,"Ley 39/2015, de 1 de octubre, del Procedimiento Administrativo Común de las Administraciones Públicas",4,JURIDICO,
ESPECIAL,2,Las personas ante las Administraciones Públicas,"Ley 39/2015, de 1 de octubre, del Procedimiento Administrativo Común de las Administraciones Públicas",5,JURIDICO,
ESPECIAL,2,Las personas ante las Administraciones Públicas,"Ley 39/2015, de 1 de octubre, del Procedimiento Administrativo Común de las Administraciones Públicas",6,JURIDICO,
ESPECIAL,2,Las personas ante las Administraciones Públicas,"Ley 39/2015, de 1 de octubre, del Procedimiento Administrativo Común de las Administraciones Públicas",7,JURIDICO,
ESPECIAL,2,Las personas ante las Administraciones Públicas,"Ley 39/2015, de 1 de octubre, del Procedimiento Administrativo Común de las Administraciones Públicas",8,JURIDICO,
ESPECIAL,2,Las personas ante las Administraciones Públicas,"Ley 39/2015, de 1 de octubre, del Procedimiento Administrativo Común de las Administraciones Públicas",9,JURIDICO,
ESPECIAL,2,Las personas ante las Administraciones Públicas,"Ley 39/2015, de 1 de octubre, del Procedimiento Administrativo Común de las Administraciones Públicas",10,JURIDICO,
ESPECIAL,2,Las personas ante las Administraciones Públicas,"Ley 39/2015, de 1 de octubre, del Procedimiento Administrativo Común de las Administraciones Públicas",11,JURIDICO,
ESPECIAL,2,Las personas ante las Administraciones Públicas,"Ley 39/2015, de 1 de octubre, del Procedimiento Administrativo Común de las Administraciones Públicas",12,JURIDICO,
ESPECIAL,2,Las personas ante las Administraciones Públicas,"Ley 39/2015, de 1 de octubre, del Procedimiento Administrativo Común de las Administraciones Públicas",13,JURIDICO,
ESPECIAL,2,Las personas ante las Administraciones Públicas,"Ley 39/2015, de 1 de octubre, del Procedimiento Administrativo Común de las Administraciones Públicas",14,JURIDICO,
ESPECIAL,3,"El acto administrativo: concepto, elementos, forma y motivación","Ley 39/2015, de 1 de octubre, del Procedimiento Administrativo Común de las Administraciones Públicas",34,JURIDICO,
ESPECIAL,3,"El acto administrativo: concepto, elementos, forma y motivación","Ley 39/2015, de 1 de octubre, del Procedimiento Administrativo Común de las Administraciones Públicas",35,JURIDICO,
ESPECIAL,3,"El acto administrativo: concepto, elementos, forma y motivación","Ley 39/2015, de 1 de octubre, del Procedimiento Administrativo Común de las Administraciones Públicas",36,JURIDICO,
ESPECIAL,4,"Eficacia, notificación, publicación y ejecución forzosa","Ley 39/2015, de 1 de octubre, del Procedimiento Administrativo Común de las Administraciones Públicas",38,JURIDICO,
ESPECIAL,4,"Eficacia, notificación, publicación y ejecución forzosa","Ley 39/2015, de 1 de octubre, del Procedimiento Administrativo Común de las Administraciones Públicas",39,JURIDICO,
ESPECIAL,4,"Eficacia, notificación, publicación y ejecución forzosa","Ley 39/2015, de 1 de octubre, del Procedimiento Administrativo Común de las Administraciones Públicas",40,JURIDICO,
ESPECIAL,4,"Eficacia, notificación, publicación y ejecución forzosa","Ley 39/2015, de 1 de octubre, del Procedimiento Administrativo Común de las Administraciones Públicas",41,JURIDICO,
ESPECIAL,4,"Eficacia, notificación, publicación y ejecución forzosa","Ley 39/2015, de 1 de octubre, del Procedimiento Administrativo Común de las Administraciones Públicas",42,JURIDICO,
ESPECIAL,4,"Eficacia, notificación, publicación y ejecución forzosa","Ley 39/2015, de 1 de octubre, del Procedimiento Administrativo Común de las Administraciones Públicas",43,JURIDICO,
ESPECIAL,4,"Eficacia, notificación, publicación y ejecución forzosa","Ley 39/2015, de 1 de octubre, del Procedimiento Administrativo Común de las Administraciones Públicas",44,JURIDICO,
ESPECIAL,4,"Eficacia, notificación, publicación y ejecución forzosa","Ley 39/2015, de 1 de octubre, del Procedimiento Administrativo Común de las Administraciones Públicas",45,JURIDICO,
ESPECIAL,4,"Eficacia, notificación, publicación y ejecución forzosa","Ley 39/2015, de 1 de octubre, del Procedimiento Administrativo Común de las Administraciones Públicas",46,JURIDICO,
ESPECIAL,4,"Eficacia, notificación, publicación y ejecución forzosa","Ley 39/2015, de 1 de octubre, del Procedimiento Administrativo Común de las Administraciones Públicas",97,JURIDICO,
ESPECIAL,4,"Eficacia, notificación, publicación y ejecución forzosa","Ley 39/2015, de 1 de octubre, del Procedimiento Administrativo Común de las Administraciones Públicas",98,JURIDICO,
ESPECIAL,4,"Eficacia, notificación, publicación y ejecución forzosa","Ley 39/2015, de 1 de octubre, del Procedimiento Administrativo Común de las Administraciones Públicas",99,JURIDICO,
ESPECIAL,4,"Eficacia, notificación, publicación y ejecución forzosa","Ley 39/2015, de 1 de octubre, del Procedimiento Administrativo Común de las Administraciones Públicas",100,JURIDICO,
ESPECIAL,4,"Eficacia, notificación, publicación y ejecución forzosa","Ley 39/2015, de 1 de octubre, del Procedimiento Administrativo Común de las Administraciones Públicas",101,JURIDICO,
ESPECIAL,4,"Eficacia, notificación, publicación y ejecución forzosa","Ley 39/2015, de 1 de octubre, del Procedimiento Administrativo Común de las Administraciones Públicas",102,JURIDICO,
ESPECIAL,4,"Eficacia, notificación, publicación y ejecución forzosa","Ley 39/2015, de 1 de octubre, del Procedimiento Administrativo Común de las Administraciones Públicas",103,JURIDICO,
ESPECIAL,4,"Eficacia, notificación, publicación y ejecución forzosa","Ley 39/2015, de 1 de octubre, del Procedimiento Administrativo Común de las Administraciones Públicas",104,JURIDICO,
ESPECIAL,4,"Eficacia, notificación, publicación y ejecución forzosa","Ley 39/2015, de 1 de octubre, del Procedimiento Administrativo Común de las Administraciones Públicas",105,JURIDICO,
ESPECIAL,5,Invalidez de los actos administrativos,"Ley 39/2015, de 1 de octubre, del Procedimiento Administrativo Común de las Administraciones Públicas",47,JURIDICO,
ESPECIAL,5,Invalidez de los actos administrativos,"Ley 39/2015, de 1 de octubre, del Procedimiento Administrativo Común de las Administraciones Públicas",48,JURIDICO,
ESPECIAL,5,Invalidez de los actos administrativos,"Ley 39/2015, de 1 de octubre, del Procedimiento Administrativo Común de las Administraciones Públicas",49,JURIDICO,
ESPECIAL,5,Invalidez de los actos administrativos,"Ley 39/2015, de 1 de octubre, del Procedimiento Administrativo Común de las Administraciones Públicas",50,JURIDICO,
ESPECIAL,5,Invalidez de los actos administrativos,"Ley 39/2015, de 1 de octubre, del Procedimiento Administrativo Común de las Administraciones Públicas",51,JURIDICO,
ESPECIAL,5,Invalidez de los actos administrativos,"Ley 39/2015, de 1 de octubre, del Procedimiento Administrativo Común de las Administraciones Públicas",52,JURIDICO,
ESPECIAL,6,Iniciación del procedimiento administrativo común,"Ley 39/2015, de 1 de octubre, del Procedimiento Administrativo Común de las Administraciones Públicas",54,JURIDICO,
ESPECIAL,6,Iniciación del procedimiento administrativo común,"Ley 39/2015, de 1 de octubre, del Procedimiento Administrativo Común de las Administraciones Públicas",55,JURIDICO,
ESPECIAL,6,Iniciación del procedimiento administrativo común,"Ley 39/2015, de 1 de octubre, del Procedimiento Administrativo Común de las Administraciones Públicas",56,JURIDICO,
ESPECIAL,6,Iniciación del procedimiento administrativo común,"Ley 39/2015, de 1 de octubre, del Procedimiento Administrativo Común de las Administraciones Públicas",57,JURIDICO,
ESPECIAL,6,Iniciación del procedimiento administrativo común,"Ley 39/2015, de 1 de octubre, del Procedimiento Administrativo Común de las Administraciones Públicas",58,JURIDICO,
ESPECIAL,6,Iniciación del procedimiento administrativo común,"Ley 39/2015, de 1 de octubre, del Procedimiento Administrativo Común de las Administraciones Públicas",59,JURIDICO,
ESPECIAL,6,Iniciación del procedimiento administrativo común,"Ley 39/2015, de 1 de octubre, del Procedimiento Administrativo Común de las Administraciones Públicas",60,JURIDICO,
ESPECIAL,6,Iniciación del procedimiento administrativo común,"Ley 39/2015, de 1 de octubre, del Procedimiento Administrativo Común de las Administraciones Públicas",61,JURIDICO,
ESPECIAL,6,Iniciación del procedimiento administrativo común,"Ley 39/2015, de 1 de octubre, del Procedimiento Administrativo Común de las Administraciones Públicas",62,JURIDICO,
ESPECIAL,6,Iniciación del procedimiento administrativo común,"Ley 39/2015, de 1 de octubre, del Procedimiento Administrativo Común de las Administraciones Públicas",63,JURIDICO,
ESPECIAL,6,Iniciación del procedimiento administrativo común,"Ley 39/2015, de 1 de octubre, del Procedimiento Administrativo Común de las Administraciones Públicas",64,JURIDICO,
ESPECIAL,6,Iniciación del procedimiento administrativo común,"Ley 39/2015, de 1 de octubre, del Procedimiento Administrativo Común de las Administraciones Públicas",65,JURIDICO,
ESPECIAL,6,Iniciación del procedimiento administrativo común,"Ley 39/2015, de 1 de octubre, del Procedimiento Administrativo Común de las Administraciones Públicas",66,JURIDICO,
ESPECIAL,6,Iniciación del procedimiento administrativo común,"Ley 39/2015, de 1 de octubre, del Procedimiento Administrativo Común de las Administraciones Públicas",67,JURIDICO,
ESPECIAL,6,Iniciación del procedimiento administrativo común,"Ley 39/2015, de 1 de octubre, del Procedimiento Administrativo Común de las Administraciones Públicas",68,JURIDICO,
ESPECIAL,6,Iniciación del procedimiento administrativo común,"Ley 39/2015, de 1 de octubre, del Procedimiento Administrativo Común de las Administraciones Públicas",69,JURIDICO,
ESPECIAL,7,"Ordenación, instrucción y participación de las personas interesadas","Ley 39/2015, de 1 de octubre, del Procedimiento Administrativo Común de las Administraciones Públicas",70,JURIDICO,
ESPECIAL,7,"Ordenación, instrucción y participación de las personas interesadas","Ley 39/2015, de 1 de octubre, del Procedimiento Administrativo Común de las Administraciones Públicas",71,JURIDICO,
ESPECIAL,7,"Ordenación, instrucción y participación de las personas interesadas","Ley 39/2015, de 1 de octubre, del Procedimiento Administrativo Común de las Administraciones Públicas",72,JURIDICO,
ESPECIAL,7,"Ordenación, instrucción y participación de las personas interesadas","Ley 39/2015, de 1 de octubre, del Procedimiento Administrativo Común de las Administraciones Públicas",73,JURIDICO,
ESPECIAL,7,"Ordenación, instrucción y participación de las personas interesadas","Ley 39/2015, de 1 de octubre, del Procedimiento Administrativo Común de las Administraciones Públicas",74,JURIDICO,
ESPECIAL,7,"Ordenación, instrucción y participación de las personas interesadas","Ley 39/2015, de 1 de octubre, del Procedimiento Administrativo Común de las Administraciones Públicas",75,JURIDICO,
ESPECIAL,7,"Ordenación, instrucción y participación de las personas interesadas","Ley 39/2015, de 1 de octubre, del Procedimiento Administrativo Común de las Administraciones Públicas",76,JURIDICO,
ESPECIAL,7,"Ordenación, instrucción y participación de las personas interesadas","Ley 39/2015, de 1 de octubre, del Procedimiento Administrativo Común de las Administraciones Públicas",77,JURIDICO,
ESPECIAL,7,"Ordenación, instrucción y participación de las personas interesadas","Ley 39/2015, de 1 de octubre, del Procedimiento Administrativo Común de las Administraciones Públicas",78,JURIDICO,
ESPECIAL,7,"Ordenación, instrucción y participación de las personas interesadas","Ley 39/2015, de 1 de octubre, del Procedimiento Administrativo Común de las Administraciones Públicas",79,JURIDICO,
ESPECIAL,7,"Ordenación, instrucción y participación de las personas interesadas","Ley 39/2015, de 1 de octubre, del Procedimiento Administrativo Común de las Administraciones Públicas",80,JURIDICO,
ESPECIAL,7,"Ordenación, instrucción y participación de las personas interesadas","Ley 39/2015, de 1 de octubre, del Procedimiento Administrativo Común de las Administraciones Públicas",81,JURIDICO,
ESPECIAL,7,"Ordenación, instrucción y participación de las personas interesadas","Ley 39/2015, de 1 de octubre, del Procedimiento Administrativo Común de las Administraciones Públicas",82,JURIDICO,
ESPECIAL,7,"Ordenación, instrucción y participación de las personas interesadas","Ley 39/2015, de 1 de octubre, del Procedimiento Administrativo Común de las Administraciones Públicas",83,JURIDICO,
ESPECIAL,8,"Terminación, silencio, desistimiento, renuncia y caducidad","Ley 39/2015, de 1 de octubre, del Procedimiento Administrativo Común de las Administraciones Públicas",84,JURIDICO,
ESPECIAL,8,"Terminación, silencio, desistimiento, renuncia y caducidad","Ley 39/2015, de 1 de octubre, del Procedimiento Administrativo Común de las Administraciones Públicas",85,JURIDICO,
ESPECIAL,8,"Terminación, silencio, desistimiento, renuncia y caducidad","Ley 39/2015, de 1 de octubre, del Procedimiento Administrativo Común de las Administraciones Públicas",86,JURIDICO,
ESPECIAL,8,"Terminación, silencio, desistimiento, renuncia y caducidad","Ley 39/2015, de 1 de octubre, del Procedimiento Administrativo Común de las Administraciones Públicas",87,JURIDICO,
ESPECIAL,8,"Terminación, silencio, desistimiento, renuncia y caducidad","Ley 39/2015, de 1 de octubre, del Procedimiento Administrativo Común de las Administraciones Públicas",88,JURIDICO,
ESPECIAL,8,"Terminación, silencio, desistimiento, renuncia y caducidad","Ley 39/2015, de 1 de octubre, del Procedimiento Administrativo Común de las Administraciones Públicas",89,JURIDICO,
ESPECIAL,8,"Terminación, silencio, desistimiento, renuncia y caducidad","Ley 39/2015, de 1 de octubre, del Procedimiento Administrativo Común de las Administraciones Públicas",90,JURIDICO,
ESPECIAL,8,"Terminación, silencio, desistimiento, renuncia y caducidad","Ley 39/2015, de 1 de octubre, del Procedimiento Administrativo Común de las Administraciones Públicas",91,JURIDICO,
ESPECIAL,8,"Terminación, silencio, desistimiento, renuncia y caducidad","Ley 39/2015, de 1 de octubre, del Procedimiento Administrativo Común de las Administraciones Públicas",92,JURIDICO,
ESPECIAL,8,"Terminación, silencio, desistimiento, renuncia y caducidad","Ley 39/2015, de 1 de octubre, del Procedimiento Administrativo Común de las Administraciones Públicas",93,JURIDICO,
ESPECIAL,8,"Terminación, silencio, desistimiento, renuncia y caducidad","Ley 39/2015, de 1 de octubre, del Procedimiento Administrativo Común de las Administraciones Públicas",94,JURIDICO,
ESPECIAL,8,"Terminación, silencio, desistimiento, renuncia y caducidad","Ley 39/2015, de 1 de octubre, del Procedimiento Administrativo Común de las Administraciones Públicas",95,JURIDICO,
ESPECIAL,9,Revisión de oficio y recursos administrativos,"Ley 39/2015, de 1 de octubre, del Procedimiento Administrativo Común de las Administraciones Públicas",106,JURIDICO,
ESPECIAL,9,Revisión de oficio y recursos administrativos,"Ley 39/2015, de 1 de octubre, del Procedimiento Administrativo Común de las Administraciones Públicas",107,JURIDICO,
ESPECIAL,9,Revisión de oficio y recursos administrativos,"Ley 39/2015, de 1 de octubre, del Procedimiento Administrativo Común de las Administraciones Públicas",108,JURIDICO,
ESPECIAL,9,Revisión de oficio y recursos administrativos,"Ley 39/2015, de 1 de octubre, del Procedimiento Administrativo Común de las Administraciones Públicas",109,JURIDICO,
ESPECIAL,9,Revisión de oficio y recursos administrativos,"Ley 39/2015, de 1 de octubre, del Procedimiento Administrativo Común de las Administraciones Públicas",110,JURIDICO,
ESPECIAL,9,Revisión de oficio y recursos administrativos,"Ley 39/2015, de 1 de octubre, del Procedimiento Administrativo Común de las Administraciones Públicas",111,JURIDICO,
ESPECIAL,9,Revisión de oficio y recursos administrativos,"Ley 39/2015, de 1 de octubre, del Procedimiento Administrativo Común de las Administraciones Públicas",112,JURIDICO,
ESPECIAL,9,Revisión de oficio y recursos administrativos,"Ley 39/2015, de 1 de octubre, del Procedimiento Administrativo Común de las Administraciones Públicas",113,JURIDICO,
ESPECIAL,9,Revisión de oficio y recursos administrativos,"Ley 39/2015, de 1 de octubre, del Procedimiento Administrativo Común de las Administraciones Públicas",114,JURIDICO,
ESPECIAL,9,Revisión de oficio y recursos administrativos,"Ley 39/2015, de 1 de octubre, del Procedimiento Administrativo Común de las Administraciones Públicas",115,JURIDICO,
ESPECIAL,9,Revisión de oficio y recursos administrativos,"Ley 39/2015, de 1 de octubre, del Procedimiento Administrativo Común de las Administraciones Públicas",116,JURIDICO,
ESPECIAL,9,Revisión de oficio y recursos administrativos,"Ley 39/2015, de 1 de octubre, del Procedimiento Administrativo Común de las Administraciones Públicas",117,JURIDICO,
ESPECIAL,9,Revisión de oficio y recursos administrativos,"Ley 39/2015, de 1 de octubre, del Procedimiento Administrativo Común de las Administraciones Públicas",118,JURIDICO,
ESPECIAL,9,Revisión de oficio y recursos administrativos,"Ley 39/2015, de 1 de octubre, del Procedimiento Administrativo Común de las Administraciones Públicas",119,JURIDICO,
ESPECIAL,9,Revisión de oficio y recursos administrativos,"Ley 39/2015, de 1 de octubre, del Procedimiento Administrativo Común de las Administraciones Públicas",120,JURIDICO,
ESPECIAL,9,Revisión de oficio y recursos administrativos,"Ley 39/2015, de 1 de octubre, del Procedimiento Administrativo Común de las Administraciones Públicas",121,JURIDICO,
ESPECIAL,9,Revisión de oficio y recursos administrativos,"Ley 39/2015, de 1 de octubre, del Procedimiento Administrativo Común de las Administraciones Públicas",122,JURIDICO,
ESPECIAL,9,Revisión de oficio y recursos administrativos,"Ley 39/2015, de 1 de octubre, del Procedimiento Administrativo Común de las Administraciones Públicas",123,JURIDICO,
ESPECIAL,9,Revisión de oficio y recursos administrativos,"Ley 39/2015, de 1 de octubre, del Procedimiento Administrativo Común de las Administraciones Públicas",124,JURIDICO,
ESPECIAL,9,Revisión de oficio y recursos administrativos,"Ley 39/2015, de 1 de octubre, del Procedimiento Administrativo Común de las Administraciones Públicas",125,JURIDICO,
ESPECIAL,9,Revisión de oficio y recursos administrativos,"Ley 39/2015, de 1 de octubre, del Procedimiento Administrativo Común de las Administraciones Públicas",126,JURIDICO,
ESPECIAL,10,"Administración electrónica, expediente y archivo electrónico","Ley 39/2015, de 1 de octubre, del Procedimiento Administrativo Común de las Administraciones Públicas",26,JURIDICO,
ESPECIAL,10,"Administración electrónica, expediente y archivo electrónico","Ley 39/2015, de 1 de octubre, del Procedimiento Administrativo Común de las Administraciones Públicas",27,JURIDICO,
ESPECIAL,10,"Administración electrónica, expediente y archivo electrónico","Ley 39/2015, de 1 de octubre, del Procedimiento Administrativo Común de las Administraciones Públicas",28,JURIDICO,
ESPECIAL,10,"Administración electrónica, expediente y archivo electrónico","Real Decreto 203/2021, de 30 de marzo, por el que se aprueba el Reglamento de actuación y funcionamiento del sector público por medios electrónicos",3,JURIDICO,
ESPECIAL,10,"Administración electrónica, expediente y archivo electrónico","Real Decreto 203/2021, de 30 de marzo, por el que se aprueba el Reglamento de actuación y funcionamiento del sector público por medios electrónicos",4,JURIDICO,
ESPECIAL,10,"Administración electrónica, expediente y archivo electrónico","Real Decreto 203/2021, de 30 de marzo, por el que se aprueba el Reglamento de actuación y funcionamiento del sector público por medios electrónicos",5,JURIDICO,
ESPECIAL,10,"Administración electrónica, expediente y archivo electrónico","Real Decreto 203/2021, de 30 de marzo, por el que se aprueba el Reglamento de actuación y funcionamiento del sector público por medios electrónicos",6,JURIDICO,
ESPECIAL,10,"Administración electrónica, expediente y archivo electrónico","Real Decreto 203/2021, de 30 de marzo, por el que se aprueba el Reglamento de actuación y funcionamiento del sector público por medios electrónicos",7,JURIDICO,
ESPECIAL,10,"Administración electrónica, expediente y archivo electrónico","Real Decreto 203/2021, de 30 de marzo, por el que se aprueba el Reglamento de actuación y funcionamiento del sector público por medios electrónicos",8,JURIDICO,
ESPECIAL,10,"Administración electrónica, expediente y archivo electrónico","Real Decreto 203/2021, de 30 de marzo, por el que se aprueba el Reglamento de actuación y funcionamiento del sector público por medios electrónicos",9,JURIDICO,
ESPECIAL,10,"Administración electrónica, expediente y archivo electrónico","Real Decreto 203/2021, de 30 de marzo, por el que se aprueba el Reglamento de actuación y funcionamiento del sector público por medios electrónicos",10,JURIDICO,
ESPECIAL,10,"Administración electrónica, expediente y archivo electrónico","Real Decreto 203/2021, de 30 de marzo, por el que se aprueba el Reglamento de actuación y funcionamiento del sector público por medios electrónicos",11,JURIDICO,
ESPECIAL,10,"Administración electrónica, expediente y archivo electrónico","Real Decreto 203/2021, de 30 de marzo, por el que se aprueba el Reglamento de actuación y funcionamiento del sector público por medios electrónicos",12,JURIDICO,
ESPECIAL,10,"Administración electrónica, expediente y archivo electrónico","Real Decreto 203/2021, de 30 de marzo, por el que se aprueba el Reglamento de actuación y funcionamiento del sector público por medios electrónicos",13,JURIDICO,
ESPECIAL,10,"Administración electrónica, expediente y archivo electrónico","Real Decreto 203/2021, de 30 de marzo, por el que se aprueba el Reglamento de actuación y funcionamiento del sector público por medios electrónicos",14,JURIDICO,
ESPECIAL,10,"Administración electrónica, expediente y archivo electrónico","Real Decreto 203/2021, de 30 de marzo, por el que se aprueba el Reglamento de actuación y funcionamiento del sector público por medios electrónicos",15,JURIDICO,
ESPECIAL,10,"Administración electrónica, expediente y archivo electrónico","Real Decreto 203/2021, de 30 de marzo, por el que se aprueba el Reglamento de actuación y funcionamiento del sector público por medios electrónicos",16,JURIDICO,
ESPECIAL,10,"Administración electrónica, expediente y archivo electrónico","Real Decreto 203/2021, de 30 de marzo, por el que se aprueba el Reglamento de actuación y funcionamiento del sector público por medios electrónicos",17,JURIDICO,
ESPECIAL,10,"Administración electrónica, expediente y archivo electrónico","Real Decreto 203/2021, de 30 de marzo, por el que se aprueba el Reglamento de actuación y funcionamiento del sector público por medios electrónicos",18,JURIDICO,
ESPECIAL,10,"Administración electrónica, expediente y archivo electrónico","Real Decreto 203/2021, de 30 de marzo, por el que se aprueba el Reglamento de actuación y funcionamiento del sector público por medios electrónicos",19,JURIDICO,
ESPECIAL,10,"Administración electrónica, expediente y archivo electrónico","Real Decreto 203/2021, de 30 de marzo, por el que se aprueba el Reglamento de actuación y funcionamiento del sector público por medios electrónicos",20,JURIDICO,
ESPECIAL,10,"Administración electrónica, expediente y archivo electrónico","Real Decreto 203/2021, de 30 de marzo, por el que se aprueba el Reglamento de actuación y funcionamiento del sector público por medios electrónicos",21,JURIDICO,
ESPECIAL,10,"Administración electrónica, expediente y archivo electrónico","Real Decreto 203/2021, de 30 de marzo, por el que se aprueba el Reglamento de actuación y funcionamiento del sector público por medios electrónicos",22,JURIDICO,
ESPECIAL,10,"Administración electrónica, expediente y archivo electrónico","Real Decreto 203/2021, de 30 de marzo, por el que se aprueba el Reglamento de actuación y funcionamiento del sector público por medios electrónicos",23,JURIDICO,
ESPECIAL,10,"Administración electrónica, expediente y archivo electrónico","Real Decreto 203/2021, de 30 de marzo, por el que se aprueba el Reglamento de actuación y funcionamiento del sector público por medios electrónicos",24,JURIDICO,
ESPECIAL,10,"Administración electrónica, expediente y archivo electrónico","Real Decreto 203/2021, de 30 de marzo, por el que se aprueba el Reglamento de actuación y funcionamiento del sector público por medios electrónicos",25,JURIDICO,
ESPECIAL,10,"Administración electrónica, expediente y archivo electrónico","Real Decreto 203/2021, de 30 de marzo, por el que se aprueba el Reglamento de actuación y funcionamiento del sector público por medios electrónicos",26,JURIDICO,
ESPECIAL,10,"Administración electrónica, expediente y archivo electrónico","Real Decreto 203/2021, de 30 de marzo, por el que se aprueba el Reglamento de actuación y funcionamiento del sector público por medios electrónicos",27,JURIDICO,
ESPECIAL,10,"Administración electrónica, expediente y archivo electrónico","Real Decreto 203/2021, de 30 de marzo, por el que se aprueba el Reglamento de actuación y funcionamiento del sector público por medios electrónicos",28,JURIDICO,
ESPECIAL,10,"Administración electrónica, expediente y archivo electrónico","Real Decreto 203/2021, de 30 de marzo, por el que se aprueba el Reglamento de actuación y funcionamiento del sector público por medios electrónicos",29,JURIDICO,
ESPECIAL,10,"Administración electrónica, expediente y archivo electrónico","Real Decreto 203/2021, de 30 de marzo, por el que se aprueba el Reglamento de actuación y funcionamiento del sector público por medios electrónicos",30,JURIDICO,
ESPECIAL,10,"Administración electrónica, expediente y archivo electrónico","Real Decreto 203/2021, de 30 de marzo, por el que se aprueba el Reglamento de actuación y funcionamiento del sector público por medios electrónicos",31,JURIDICO,
ESPECIAL,10,"Administración electrónica, expediente y archivo electrónico","Real Decreto 203/2021, de 30 de marzo, por el que se aprueba el Reglamento de actuación y funcionamiento del sector público por medios electrónicos",43,JURIDICO,
ESPECIAL,10,"Administración electrónica, expediente y archivo electrónico","Real Decreto 203/2021, de 30 de marzo, por el que se aprueba el Reglamento de actuación y funcionamiento del sector público por medios electrónicos",44,JURIDICO,
ESPECIAL,10,"Administración electrónica, expediente y archivo electrónico","Real Decreto 203/2021, de 30 de marzo, por el que se aprueba el Reglamento de actuación y funcionamiento del sector público por medios electrónicos",45,JURIDICO,
ESPECIAL,10,"Administración electrónica, expediente y archivo electrónico","Real Decreto 203/2021, de 30 de marzo, por el que se aprueba el Reglamento de actuación y funcionamiento del sector público por medios electrónicos",46,JURIDICO,
ESPECIAL,10,"Administración electrónica, expediente y archivo electrónico","Real Decreto 203/2021, de 30 de marzo, por el que se aprueba el Reglamento de actuación y funcionamiento del sector público por medios electrónicos",47,JURIDICO,
ESPECIAL,10,"Administración electrónica, expediente y archivo electrónico","Real Decreto 203/2021, de 30 de marzo, por el que se aprueba el Reglamento de actuación y funcionamiento del sector público por medios electrónicos",48,JURIDICO,
ESPECIAL,10,"Administración electrónica, expediente y archivo electrónico","Real Decreto 203/2021, de 30 de marzo, por el que se aprueba el Reglamento de actuación y funcionamiento del sector público por medios electrónicos",49,JURIDICO,
ESPECIAL,10,"Administración electrónica, expediente y archivo electrónico","Real Decreto 203/2021, de 30 de marzo, por el que se aprueba el Reglamento de actuación y funcionamiento del sector público por medios electrónicos",50,JURIDICO,
ESPECIAL,10,"Administración electrónica, expediente y archivo electrónico","Real Decreto 203/2021, de 30 de marzo, por el que se aprueba el Reglamento de actuación y funcionamiento del sector público por medios electrónicos",51,JURIDICO,
ESPECIAL,10,"Administración electrónica, expediente y archivo electrónico","Real Decreto 203/2021, de 30 de marzo, por el que se aprueba el Reglamento de actuación y funcionamiento del sector público por medios electrónicos",52,JURIDICO,
ESPECIAL,10,"Administración electrónica, expediente y archivo electrónico","Real Decreto 203/2021, de 30 de marzo, por el que se aprueba el Reglamento de actuación y funcionamiento del sector público por medios electrónicos",53,JURIDICO,
ESPECIAL,10,"Administración electrónica, expediente y archivo electrónico","Real Decreto 203/2021, de 30 de marzo, por el que se aprueba el Reglamento de actuación y funcionamiento del sector público por medios electrónicos",54,JURIDICO,
ESPECIAL,10,"Administración electrónica, expediente y archivo electrónico","Real Decreto 203/2021, de 30 de marzo, por el que se aprueba el Reglamento de actuación y funcionamiento del sector público por medios electrónicos",55,JURIDICO,
ESPECIAL,10,"Administración electrónica, expediente y archivo electrónico","Real Decreto 203/2021, de 30 de marzo, por el que se aprueba el Reglamento de actuación y funcionamiento del sector público por medios electrónicos",56,JURIDICO,
ESPECIAL,10,"Administración electrónica, expediente y archivo electrónico","Real Decreto 203/2021, de 30 de marzo, por el que se aprueba el Reglamento de actuación y funcionamiento del sector público por medios electrónicos",57,JURIDICO,
ESPECIAL,10,"Administración electrónica, expediente y archivo electrónico","Real Decreto 203/2021, de 30 de marzo, por el que se aprueba el Reglamento de actuación y funcionamiento del sector público por medios electrónicos",58,JURIDICO,
ESPECIAL,10,"Administración electrónica, expediente y archivo electrónico","Real Decreto 203/2021, de 30 de marzo, por el que se aprueba el Reglamento de actuación y funcionamiento del sector público por medios electrónicos",59,JURIDICO,
ESPECIAL,10,"Administración electrónica, expediente y archivo electrónico","Real Decreto 203/2021, de 30 de marzo, por el que se aprueba el Reglamento de actuación y funcionamiento del sector público por medios electrónicos",60,JURIDICO,
ESPECIAL,10,"Administración electrónica, expediente y archivo electrónico","Real Decreto 203/2021, de 30 de marzo, por el que se aprueba el Reglamento de actuación y funcionamiento del sector público por medios electrónicos",61,JURIDICO,
ESPECIAL,11,Transparencia y derecho de acceso a la información pública,"Ley 1/2022, de 13 de abril, de Transparencia y Buen Gobierno de la Comunitat Valenciana",2,JURIDICO,
ESPECIAL,11,Transparencia y derecho de acceso a la información pública,"Ley 1/2022, de 13 de abril, de Transparencia y Buen Gobierno de la Comunitat Valenciana",3,JURIDICO,
ESPECIAL,11,Transparencia y derecho de acceso a la información pública,"Ley 1/2022, de 13 de abril, de Transparencia y Buen Gobierno de la Comunitat Valenciana",4,JURIDICO,
ESPECIAL,11,Transparencia y derecho de acceso a la información pública,"Ley 1/2022, de 13 de abril, de Transparencia y Buen Gobierno de la Comunitat Valenciana",5,JURIDICO,
ESPECIAL,11,Transparencia y derecho de acceso a la información pública,"Ley 1/2022, de 13 de abril, de Transparencia y Buen Gobierno de la Comunitat Valenciana",6,JURIDICO,
ESPECIAL,11,Transparencia y derecho de acceso a la información pública,"Ley 1/2022, de 13 de abril, de Transparencia y Buen Gobierno de la Comunitat Valenciana",7,JURIDICO,
ESPECIAL,11,Transparencia y derecho de acceso a la información pública,"Ley 1/2022, de 13 de abril, de Transparencia y Buen Gobierno de la Comunitat Valenciana",8,JURIDICO,
ESPECIAL,11,Transparencia y derecho de acceso a la información pública,"Ley 1/2022, de 13 de abril, de Transparencia y Buen Gobierno de la Comunitat Valenciana",9,JURIDICO,
ESPECIAL,11,Transparencia y derecho de acceso a la información pública,"Ley 1/2022, de 13 de abril, de Transparencia y Buen Gobierno de la Comunitat Valenciana",10,JURIDICO,
ESPECIAL,11,Transparencia y derecho de acceso a la información pública,"Ley 1/2022, de 13 de abril, de Transparencia y Buen Gobierno de la Comunitat Valenciana",11,JURIDICO,
ESPECIAL,11,Transparencia y derecho de acceso a la información pública,"Ley 1/2022, de 13 de abril, de Transparencia y Buen Gobierno de la Comunitat Valenciana",12,JURIDICO,
ESPECIAL,11,Transparencia y derecho de acceso a la información pública,"Ley 1/2022, de 13 de abril, de Transparencia y Buen Gobierno de la Comunitat Valenciana",13,JURIDICO,
ESPECIAL,11,Transparencia y derecho de acceso a la información pública,"Ley 1/2022, de 13 de abril, de Transparencia y Buen Gobierno de la Comunitat Valenciana",14,JURIDICO,
ESPECIAL,11,Transparencia y derecho de acceso a la información pública,"Ley 1/2022, de 13 de abril, de Transparencia y Buen Gobierno de la Comunitat Valenciana",15,JURIDICO,
ESPECIAL,11,Transparencia y derecho de acceso a la información pública,"Ley 1/2022, de 13 de abril, de Transparencia y Buen Gobierno de la Comunitat Valenciana",16,JURIDICO,
ESPECIAL,11,Transparencia y derecho de acceso a la información pública,"Ley 1/2022, de 13 de abril, de Transparencia y Buen Gobierno de la Comunitat Valenciana",17,JURIDICO,
ESPECIAL,11,Transparencia y derecho de acceso a la información pública,"Ley 1/2022, de 13 de abril, de Transparencia y Buen Gobierno de la Comunitat Valenciana",18,JURIDICO,
ESPECIAL,11,Transparencia y derecho de acceso a la información pública,"Ley 1/2022, de 13 de abril, de Transparencia y Buen Gobierno de la Comunitat Valenciana",19,JURIDICO,
ESPECIAL,11,Transparencia y derecho de acceso a la información pública,"Ley 1/2022, de 13 de abril, de Transparencia y Buen Gobierno de la Comunitat Valenciana",20,JURIDICO,
ESPECIAL,11,Transparencia y derecho de acceso a la información pública,"Ley 1/2022, de 13 de abril, de Transparencia y Buen Gobierno de la Comunitat Valenciana",21,JURIDICO,
ESPECIAL,11,Transparencia y derecho de acceso a la información pública,"Ley 1/2022, de 13 de abril, de Transparencia y Buen Gobierno de la Comunitat Valenciana",22,JURIDICO,
ESPECIAL,11,Transparencia y derecho de acceso a la información pública,"Ley 1/2022, de 13 de abril, de Transparencia y Buen Gobierno de la Comunitat Valenciana",23,JURIDICO,
ESPECIAL,11,Transparencia y derecho de acceso a la información pública,"Ley 1/2022, de 13 de abril, de Transparencia y Buen Gobierno de la Comunitat Valenciana",24,JURIDICO,
ESPECIAL,11,Transparencia y derecho de acceso a la información pública,"Ley 1/2022, de 13 de abril, de Transparencia y Buen Gobierno de la Comunitat Valenciana",25,JURIDICO,
ESPECIAL,12,Protección de datos en la actividad administrativa,"Reglamento (UE) 2016/679, de 27 de abril de 2016, General de Protección de Datos",5,JURIDICO,
ESPECIAL,12,Protección de datos en la actividad administrativa,"Reglamento (UE) 2016/679, de 27 de abril de 2016, General de Protección de Datos",6,JURIDICO,
ESPECIAL,12,Protección de datos en la actividad administrativa,"Reglamento (UE) 2016/679, de 27 de abril de 2016, General de Protección de Datos",12,JURIDICO,
ESPECIAL,12,Protección de datos en la actividad administrativa,"Reglamento (UE) 2016/679, de 27 de abril de 2016, General de Protección de Datos",13,JURIDICO,
ESPECIAL,12,Protección de datos en la actividad administrativa,"Reglamento (UE) 2016/679, de 27 de abril de 2016, General de Protección de Datos",14,JURIDICO,
ESPECIAL,12,Protección de datos en la actividad administrativa,"Reglamento (UE) 2016/679, de 27 de abril de 2016, General de Protección de Datos",15,JURIDICO,
ESPECIAL,12,Protección de datos en la actividad administrativa,"Reglamento (UE) 2016/679, de 27 de abril de 2016, General de Protección de Datos",16,JURIDICO,
ESPECIAL,12,Protección de datos en la actividad administrativa,"Reglamento (UE) 2016/679, de 27 de abril de 2016, General de Protección de Datos",17,JURIDICO,
ESPECIAL,12,Protección de datos en la actividad administrativa,"Reglamento (UE) 2016/679, de 27 de abril de 2016, General de Protección de Datos",18,JURIDICO,
ESPECIAL,12,Protección de datos en la actividad administrativa,"Reglamento (UE) 2016/679, de 27 de abril de 2016, General de Protección de Datos",19,JURIDICO,
ESPECIAL,12,Protección de datos en la actividad administrativa,"Reglamento (UE) 2016/679, de 27 de abril de 2016, General de Protección de Datos",20,JURIDICO,
ESPECIAL,12,Protección de datos en la actividad administrativa,"Reglamento (UE) 2016/679, de 27 de abril de 2016, General de Protección de Datos",21,JURIDICO,
ESPECIAL,12,Protección de datos en la actividad administrativa,"Reglamento (UE) 2016/679, de 27 de abril de 2016, General de Protección de Datos",22,JURIDICO,
ESPECIAL,12,Protección de datos en la actividad administrativa,"Reglamento (UE) 2016/679, de 27 de abril de 2016, General de Protección de Datos",24,JURIDICO,
ESPECIAL,12,Protección de datos en la actividad administrativa,"Reglamento (UE) 2016/679, de 27 de abril de 2016, General de Protección de Datos",25,JURIDICO,
ESPECIAL,12,Protección de datos en la actividad administrativa,"Reglamento (UE) 2016/679, de 27 de abril de 2016, General de Protección de Datos",26,JURIDICO,
ESPECIAL,12,Protección de datos en la actividad administrativa,"Reglamento (UE) 2016/679, de 27 de abril de 2016, General de Protección de Datos",27,JURIDICO,
ESPECIAL,12,Protección de datos en la actividad administrativa,"Reglamento (UE) 2016/679, de 27 de abril de 2016, General de Protección de Datos",28,JURIDICO,
ESPECIAL,12,Protección de datos en la actividad administrativa,"Reglamento (UE) 2016/679, de 27 de abril de 2016, General de Protección de Datos",29,JURIDICO,
ESPECIAL,12,Protección de datos en la actividad administrativa,"Reglamento (UE) 2016/679, de 27 de abril de 2016, General de Protección de Datos",30,JURIDICO,
ESPECIAL,12,Protección de datos en la actividad administrativa,"Reglamento (UE) 2016/679, de 27 de abril de 2016, General de Protección de Datos",31,JURIDICO,
ESPECIAL,12,Protección de datos en la actividad administrativa,"Reglamento (UE) 2016/679, de 27 de abril de 2016, General de Protección de Datos",32,JURIDICO,
ESPECIAL,12,Protección de datos en la actividad administrativa,"Reglamento (UE) 2016/679, de 27 de abril de 2016, General de Protección de Datos",33,JURIDICO,
ESPECIAL,12,Protección de datos en la actividad administrativa,"Reglamento (UE) 2016/679, de 27 de abril de 2016, General de Protección de Datos",34,JURIDICO,
ESPECIAL,12,Protección de datos en la actividad administrativa,"Reglamento (UE) 2016/679, de 27 de abril de 2016, General de Protección de Datos",35,JURIDICO,
ESPECIAL,12,Protección de datos en la actividad administrativa,"Reglamento (UE) 2016/679, de 27 de abril de 2016, General de Protección de Datos",36,JURIDICO,
ESPECIAL,12,Protección de datos en la actividad administrativa,"Reglamento (UE) 2016/679, de 27 de abril de 2016, General de Protección de Datos",37,JURIDICO,
ESPECIAL,12,Protección de datos en la actividad administrativa,"Reglamento (UE) 2016/679, de 27 de abril de 2016, General de Protección de Datos",38,JURIDICO,
ESPECIAL,12,Protección de datos en la actividad administrativa,"Reglamento (UE) 2016/679, de 27 de abril de 2016, General de Protección de Datos",39,JURIDICO,
ESPECIAL,13,"Contratación pública: ámbito, tipos y principios","Ley 9/2017, de 8 de noviembre, de Contratos del Sector Público",1,JURIDICO,
ESPECIAL,13,"Contratación pública: ámbito, tipos y principios","Ley 9/2017, de 8 de noviembre, de Contratos del Sector Público",2,JURIDICO,
ESPECIAL,13,"Contratación pública: ámbito, tipos y principios","Ley 9/2017, de 8 de noviembre, de Contratos del Sector Público",3,JURIDICO,
ESPECIAL,13,"Contratación pública: ámbito, tipos y principios","Ley 9/2017, de 8 de noviembre, de Contratos del Sector Público",4,JURIDICO,
ESPECIAL,13,"Contratación pública: ámbito, tipos y principios","Ley 9/2017, de 8 de noviembre, de Contratos del Sector Público",5,JURIDICO,
ESPECIAL,13,"Contratación pública: ámbito, tipos y principios","Ley 9/2017, de 8 de noviembre, de Contratos del Sector Público",6,JURIDICO,
ESPECIAL,13,"Contratación pública: ámbito, tipos y principios","Ley 9/2017, de 8 de noviembre, de Contratos del Sector Público",7,JURIDICO,
ESPECIAL,13,"Contratación pública: ámbito, tipos y principios","Ley 9/2017, de 8 de noviembre, de Contratos del Sector Público",8,JURIDICO,
ESPECIAL,13,"Contratación pública: ámbito, tipos y principios","Ley 9/2017, de 8 de noviembre, de Contratos del Sector Público",9,JURIDICO,
ESPECIAL,13,"Contratación pública: ámbito, tipos y principios","Ley 9/2017, de 8 de noviembre, de Contratos del Sector Público",10,JURIDICO,
ESPECIAL,13,"Contratación pública: ámbito, tipos y principios","Ley 9/2017, de 8 de noviembre, de Contratos del Sector Público",11,JURIDICO,
ESPECIAL,13,"Contratación pública: ámbito, tipos y principios","Ley 9/2017, de 8 de noviembre, de Contratos del Sector Público",12,JURIDICO,
ESPECIAL,13,"Contratación pública: ámbito, tipos y principios","Ley 9/2017, de 8 de noviembre, de Contratos del Sector Público",13,JURIDICO,
ESPECIAL,13,"Contratación pública: ámbito, tipos y principios","Ley 9/2017, de 8 de noviembre, de Contratos del Sector Público",28,JURIDICO,
ESPECIAL,13,"Contratación pública: ámbito, tipos y principios","Ley 9/2017, de 8 de noviembre, de Contratos del Sector Público",29,JURIDICO,
ESPECIAL,13,"Contratación pública: ámbito, tipos y principios","Ley 9/2017, de 8 de noviembre, de Contratos del Sector Público",30,JURIDICO,
ESPECIAL,14,"Régimen local: autonomía, fuentes y normativa valenciana","Ley 7/1985, de 2 de abril, Reguladora de las Bases del Régimen Local",1,JURIDICO,
ESPECIAL,14,"Régimen local: autonomía, fuentes y normativa valenciana","Ley 7/1985, de 2 de abril, Reguladora de las Bases del Régimen Local",2,JURIDICO,
ESPECIAL,14,"Régimen local: autonomía, fuentes y normativa valenciana","Ley 7/1985, de 2 de abril, Reguladora de las Bases del Régimen Local",3,JURIDICO,
ESPECIAL,14,"Régimen local: autonomía, fuentes y normativa valenciana","Ley 7/1985, de 2 de abril, Reguladora de las Bases del Régimen Local",4,JURIDICO,
ESPECIAL,14,"Régimen local: autonomía, fuentes y normativa valenciana","Ley 8/2010, de 23 de junio, de régimen local de la Comunitat Valenciana",1,JURIDICO,
ESPECIAL,14,"Régimen local: autonomía, fuentes y normativa valenciana","Ley 8/2010, de 23 de junio, de régimen local de la Comunitat Valenciana",2,JURIDICO,
ESPECIAL,14,"Régimen local: autonomía, fuentes y normativa valenciana","Ley 8/2010, de 23 de junio, de régimen local de la Comunitat Valenciana",3,JURIDICO,
ESPECIAL,14,"Régimen local: autonomía, fuentes y normativa valenciana","Ley 8/2010, de 23 de junio, de régimen local de la Comunitat Valenciana",4,JURIDICO,
ESPECIAL,14,"Régimen local: autonomía, fuentes y normativa valenciana","Ley 8/2010, de 23 de junio, de régimen local de la Comunitat Valenciana",5,JURIDICO,
ESPECIAL,14,"Régimen local: autonomía, fuentes y normativa valenciana","Ley 8/2010, de 23 de junio, de régimen local de la Comunitat Valenciana",6,JURIDICO,
ESPECIAL,14,"Régimen local: autonomía, fuentes y normativa valenciana","Ley 8/2010, de 23 de junio, de régimen local de la Comunitat Valenciana",7,JURIDICO,
ESPECIAL,14,"Régimen local: autonomía, fuentes y normativa valenciana","Ley 8/2010, de 23 de junio, de régimen local de la Comunitat Valenciana",8,JURIDICO,
ESPECIAL,14,"Régimen local: autonomía, fuentes y normativa valenciana","Ley 8/2010, de 23 de junio, de régimen local de la Comunitat Valenciana",9,JURIDICO,
ESPECIAL,14,"Régimen local: autonomía, fuentes y normativa valenciana","Ley 8/2010, de 23 de junio, de régimen local de la Comunitat Valenciana",10,JURIDICO,
ESPECIAL,15,"Municipio: territorio, población, padrón y vecindad","Ley 7/1985, de 2 de abril, Reguladora de las Bases del Régimen Local",11,JURIDICO,
ESPECIAL,15,"Municipio: territorio, población, padrón y vecindad","Ley 7/1985, de 2 de abril, Reguladora de las Bases del Régimen Local",12,JURIDICO,
ESPECIAL,15,"Municipio: territorio, población, padrón y vecindad","Ley 7/1985, de 2 de abril, Reguladora de las Bases del Régimen Local",13,JURIDICO,
ESPECIAL,15,"Municipio: territorio, población, padrón y vecindad","Ley 7/1985, de 2 de abril, Reguladora de las Bases del Régimen Local",14,JURIDICO,
ESPECIAL,15,"Municipio: territorio, población, padrón y vecindad","Ley 7/1985, de 2 de abril, Reguladora de las Bases del Régimen Local",15,JURIDICO,
ESPECIAL,15,"Municipio: territorio, población, padrón y vecindad","Ley 7/1985, de 2 de abril, Reguladora de las Bases del Régimen Local",16,JURIDICO,
ESPECIAL,15,"Municipio: territorio, población, padrón y vecindad","Ley 7/1985, de 2 de abril, Reguladora de las Bases del Régimen Local",17,JURIDICO,
ESPECIAL,15,"Municipio: territorio, población, padrón y vecindad","Ley 7/1985, de 2 de abril, Reguladora de las Bases del Régimen Local",18,JURIDICO,
ESPECIAL,16,Organización municipal,"Ley 7/1985, de 2 de abril, Reguladora de las Bases del Régimen Local",19,JURIDICO,
ESPECIAL,16,Organización municipal,"Ley 7/1985, de 2 de abril, Reguladora de las Bases del Régimen Local",20,JURIDICO,
ESPECIAL,16,Organización municipal,"Ley 7/1985, de 2 de abril, Reguladora de las Bases del Régimen Local",21,JURIDICO,
ESPECIAL,16,Organización municipal,"Ley 7/1985, de 2 de abril, Reguladora de las Bases del Régimen Local",22,JURIDICO,
ESPECIAL,16,Organización municipal,"Ley 7/1985, de 2 de abril, Reguladora de las Bases del Régimen Local",23,JURIDICO,
ESPECIAL,16,Organización municipal,"Ley 7/1985, de 2 de abril, Reguladora de las Bases del Régimen Local",24,JURIDICO,
ESPECIAL,16,Organización municipal,"Ley 7/1985, de 2 de abril, Reguladora de las Bases del Régimen Local",122,JURIDICO,
ESPECIAL,16,Organización municipal,"Ley 7/1985, de 2 de abril, Reguladora de las Bases del Régimen Local",123,JURIDICO,
ESPECIAL,17,Estatuto de los miembros de las corporaciones locales,"Ley 7/1985, de 2 de abril, Reguladora de las Bases del Régimen Local",73,JURIDICO,
ESPECIAL,17,Estatuto de los miembros de las corporaciones locales,"Ley 7/1985, de 2 de abril, Reguladora de las Bases del Régimen Local",74,JURIDICO,
ESPECIAL,17,Estatuto de los miembros de las corporaciones locales,"Ley 7/1985, de 2 de abril, Reguladora de las Bases del Régimen Local",75,JURIDICO,
ESPECIAL,17,Estatuto de los miembros de las corporaciones locales,"Ley 7/1985, de 2 de abril, Reguladora de las Bases del Régimen Local",76,JURIDICO,
ESPECIAL,17,Estatuto de los miembros de las corporaciones locales,"Ley 7/1985, de 2 de abril, Reguladora de las Bases del Régimen Local",77,JURIDICO,
ESPECIAL,17,Estatuto de los miembros de las corporaciones locales,"Ley 7/1985, de 2 de abril, Reguladora de las Bases del Régimen Local",78,JURIDICO,
ESPECIAL,17,Estatuto de los miembros de las corporaciones locales,"Ley Orgánica 5/1985, de 19 de junio, del Régimen Electoral General",177,JURIDICO,
ESPECIAL,17,Estatuto de los miembros de las corporaciones locales,"Ley Orgánica 5/1985, de 19 de junio, del Régimen Electoral General",178,JURIDICO,
ESPECIAL,17,Estatuto de los miembros de las corporaciones locales,"Ley Orgánica 5/1985, de 19 de junio, del Régimen Electoral General",179,JURIDICO,
ESPECIAL,17,Estatuto de los miembros de las corporaciones locales,"Ley Orgánica 5/1985, de 19 de junio, del Régimen Electoral General",180,JURIDICO,
ESPECIAL,17,Estatuto de los miembros de las corporaciones locales,"Ley Orgánica 5/1985, de 19 de junio, del Régimen Electoral General",181,JURIDICO,
ESPECIAL,17,Estatuto de los miembros de las corporaciones locales,"Ley Orgánica 5/1985, de 19 de junio, del Régimen Electoral General",182,JURIDICO,
ESPECIAL,17,Estatuto de los miembros de las corporaciones locales,"Ley Orgánica 5/1985, de 19 de junio, del Régimen Electoral General",183,JURIDICO,
ESPECIAL,17,Estatuto de los miembros de las corporaciones locales,"Ley Orgánica 5/1985, de 19 de junio, del Régimen Electoral General",184,JURIDICO,
ESPECIAL,17,Estatuto de los miembros de las corporaciones locales,"Ley Orgánica 5/1985, de 19 de junio, del Régimen Electoral General",185,JURIDICO,
ESPECIAL,17,Estatuto de los miembros de las corporaciones locales,"Ley Orgánica 5/1985, de 19 de junio, del Régimen Electoral General",186,JURIDICO,
ESPECIAL,17,Estatuto de los miembros de las corporaciones locales,"Ley Orgánica 5/1985, de 19 de junio, del Régimen Electoral General",187,JURIDICO,
ESPECIAL,17,Estatuto de los miembros de las corporaciones locales,"Ley Orgánica 5/1985, de 19 de junio, del Régimen Electoral General",188,JURIDICO,
ESPECIAL,17,Estatuto de los miembros de las corporaciones locales,"Ley Orgánica 5/1985, de 19 de junio, del Régimen Electoral General",189,JURIDICO,
ESPECIAL,17,Estatuto de los miembros de las corporaciones locales,"Ley Orgánica 5/1985, de 19 de junio, del Régimen Electoral General",190,JURIDICO,
ESPECIAL,17,Estatuto de los miembros de las corporaciones locales,"Ley Orgánica 5/1985, de 19 de junio, del Régimen Electoral General",191,JURIDICO,
ESPECIAL,17,Estatuto de los miembros de las corporaciones locales,"Ley Orgánica 5/1985, de 19 de junio, del Régimen Electoral General",192,JURIDICO,
ESPECIAL,17,Estatuto de los miembros de las corporaciones locales,"Ley Orgánica 5/1985, de 19 de junio, del Régimen Electoral General",193,JURIDICO,
ESPECIAL,17,Estatuto de los miembros de las corporaciones locales,"Ley Orgánica 5/1985, de 19 de junio, del Régimen Electoral General",194,JURIDICO,
ESPECIAL,17,Estatuto de los miembros de las corporaciones locales,"Ley Orgánica 5/1985, de 19 de junio, del Régimen Electoral General",195,JURIDICO,
ESPECIAL,17,Estatuto de los miembros de las corporaciones locales,"Ley Orgánica 5/1985, de 19 de junio, del Régimen Electoral General",196,JURIDICO,
ESPECIAL,17,Estatuto de los miembros de las corporaciones locales,"Ley Orgánica 5/1985, de 19 de junio, del Régimen Electoral General",197,JURIDICO,
ESPECIAL,17,Estatuto de los miembros de las corporaciones locales,"Ley Orgánica 5/1985, de 19 de junio, del Régimen Electoral General",198,JURIDICO,
ESPECIAL,17,Estatuto de los miembros de las corporaciones locales,"Ley Orgánica 5/1985, de 19 de junio, del Régimen Electoral General",199,JURIDICO,
ESPECIAL,18,Competencias municipales y servicios mínimos,"Ley 7/1985, de 2 de abril, Reguladora de las Bases del Régimen Local",7,JURIDICO,
ESPECIAL,18,Competencias municipales y servicios mínimos,"Ley 7/1985, de 2 de abril, Reguladora de las Bases del Régimen Local",8,JURIDICO,
ESPECIAL,18,Competencias municipales y servicios mínimos,"Ley 7/1985, de 2 de abril, Reguladora de las Bases del Régimen Local",9,JURIDICO,
ESPECIAL,18,Competencias municipales y servicios mínimos,"Ley 7/1985, de 2 de abril, Reguladora de las Bases del Régimen Local",10,JURIDICO,
ESPECIAL,18,Competencias municipales y servicios mínimos,"Ley 7/1985, de 2 de abril, Reguladora de las Bases del Régimen Local",25,JURIDICO,
ESPECIAL,18,Competencias municipales y servicios mínimos,"Ley 7/1985, de 2 de abril, Reguladora de las Bases del Régimen Local",26,JURIDICO,
ESPECIAL,18,Competencias municipales y servicios mínimos,"Ley 7/1985, de 2 de abril, Reguladora de las Bases del Régimen Local",27,JURIDICO,
ESPECIAL,18,Competencias municipales y servicios mínimos,"Ley 7/1985, de 2 de abril, Reguladora de las Bases del Régimen Local",57,JURIDICO,
ESPECIAL,18,Competencias municipales y servicios mínimos,"Ley 7/1985, de 2 de abril, Reguladora de las Bases del Régimen Local",58,JURIDICO,
ESPECIAL,19,Funcionamiento de los órganos colegiados locales,"Ley 7/1985, de 2 de abril, Reguladora de las Bases del Régimen Local",46,JURIDICO,
ESPECIAL,19,Funcionamiento de los órganos colegiados locales,"Ley 7/1985, de 2 de abril, Reguladora de las Bases del Régimen Local",47,JURIDICO,
ESPECIAL,19,Funcionamiento de los órganos colegiados locales,"Ley 7/1985, de 2 de abril, Reguladora de las Bases del Régimen Local",48,JURIDICO,
ESPECIAL,19,Funcionamiento de los órganos colegiados locales,"Ley 7/1985, de 2 de abril, Reguladora de las Bases del Régimen Local",70,JURIDICO,
ESPECIAL,19,Funcionamiento de los órganos colegiados locales,"Ley 7/1985, de 2 de abril, Reguladora de las Bases del Régimen Local",71,JURIDICO,
ESPECIAL,19,Funcionamiento de los órganos colegiados locales,"Ley 7/1985, de 2 de abril, Reguladora de las Bases del Régimen Local",72,JURIDICO,
ESPECIAL,19,Funcionamiento de los órganos colegiados locales,"Ley 7/1985, de 2 de abril, Reguladora de las Bases del Régimen Local",124,JURIDICO,
ESPECIAL,20,"Potestad normativa local: ordenanzas, reglamentos y bandos","Ley 7/1985, de 2 de abril, Reguladora de las Bases del Régimen Local",49,JURIDICO,
ESPECIAL,20,"Potestad normativa local: ordenanzas, reglamentos y bandos","Ley 7/1985, de 2 de abril, Reguladora de las Bases del Régimen Local",50,JURIDICO,
ESPECIAL,20,"Potestad normativa local: ordenanzas, reglamentos y bandos","Ley 7/1985, de 2 de abril, Reguladora de las Bases del Régimen Local",51,JURIDICO,
ESPECIAL,20,"Potestad normativa local: ordenanzas, reglamentos y bandos","Ley 7/1985, de 2 de abril, Reguladora de las Bases del Régimen Local",52,JURIDICO,
ESPECIAL,21,Empleo público: clases de personal y derechos,"Real Decreto Legislativo 5/2015, de 30 de octubre, texto refundido de la Ley del Estatuto Básico del Empleado Público",8,JURIDICO,
ESPECIAL,21,Empleo público: clases de personal y derechos,"Real Decreto Legislativo 5/2015, de 30 de octubre, texto refundido de la Ley del Estatuto Básico del Empleado Público",9,JURIDICO,
ESPECIAL,21,Empleo público: clases de personal y derechos,"Real Decreto Legislativo 5/2015, de 30 de octubre, texto refundido de la Ley del Estatuto Básico del Empleado Público",10,JURIDICO,
ESPECIAL,21,Empleo público: clases de personal y derechos,"Real Decreto Legislativo 5/2015, de 30 de octubre, texto refundido de la Ley del Estatuto Básico del Empleado Público",11,JURIDICO,
ESPECIAL,21,Empleo público: clases de personal y derechos,"Real Decreto Legislativo 5/2015, de 30 de octubre, texto refundido de la Ley del Estatuto Básico del Empleado Público",12,JURIDICO,
ESPECIAL,21,Empleo público: clases de personal y derechos,"Real Decreto Legislativo 5/2015, de 30 de octubre, texto refundido de la Ley del Estatuto Básico del Empleado Público",13,JURIDICO,
ESPECIAL,21,Empleo público: clases de personal y derechos,"Real Decreto Legislativo 5/2015, de 30 de octubre, texto refundido de la Ley del Estatuto Básico del Empleado Público",14,JURIDICO,
ESPECIAL,21,Empleo público: clases de personal y derechos,"Real Decreto Legislativo 5/2015, de 30 de octubre, texto refundido de la Ley del Estatuto Básico del Empleado Público",15,JURIDICO,
ESPECIAL,21,Empleo público: clases de personal y derechos,"Real Decreto Legislativo 5/2015, de 30 de octubre, texto refundido de la Ley del Estatuto Básico del Empleado Público",16,JURIDICO,
ESPECIAL,21,Empleo público: clases de personal y derechos,"Real Decreto Legislativo 5/2015, de 30 de octubre, texto refundido de la Ley del Estatuto Básico del Empleado Público",17,JURIDICO,
ESPECIAL,21,Empleo público: clases de personal y derechos,"Real Decreto Legislativo 5/2015, de 30 de octubre, texto refundido de la Ley del Estatuto Básico del Empleado Público",18,JURIDICO,
ESPECIAL,21,Empleo público: clases de personal y derechos,"Real Decreto Legislativo 5/2015, de 30 de octubre, texto refundido de la Ley del Estatuto Básico del Empleado Público",19,JURIDICO,
ESPECIAL,21,Empleo público: clases de personal y derechos,"Real Decreto Legislativo 5/2015, de 30 de octubre, texto refundido de la Ley del Estatuto Básico del Empleado Público",20,JURIDICO,
ESPECIAL,21,Empleo público: clases de personal y derechos,"Real Decreto Legislativo 5/2015, de 30 de octubre, texto refundido de la Ley del Estatuto Básico del Empleado Público",52,JURIDICO,
ESPECIAL,21,Empleo público: clases de personal y derechos,"Real Decreto Legislativo 5/2015, de 30 de octubre, texto refundido de la Ley del Estatuto Básico del Empleado Público",53,JURIDICO,
ESPECIAL,21,Empleo público: clases de personal y derechos,"Real Decreto Legislativo 5/2015, de 30 de octubre, texto refundido de la Ley del Estatuto Básico del Empleado Público",54,JURIDICO,
ESPECIAL,22,Acceso y selección de empleados públicos,"Real Decreto Legislativo 5/2015, de 30 de octubre, texto refundido de la Ley del Estatuto Básico del Empleado Público",55,JURIDICO,
ESPECIAL,22,Acceso y selección de empleados públicos,"Real Decreto Legislativo 5/2015, de 30 de octubre, texto refundido de la Ley del Estatuto Básico del Empleado Público",56,JURIDICO,
ESPECIAL,22,Acceso y selección de empleados públicos,"Real Decreto Legislativo 5/2015, de 30 de octubre, texto refundido de la Ley del Estatuto Básico del Empleado Público",57,JURIDICO,
ESPECIAL,22,Acceso y selección de empleados públicos,"Real Decreto Legislativo 5/2015, de 30 de octubre, texto refundido de la Ley del Estatuto Básico del Empleado Público",58,JURIDICO,
ESPECIAL,22,Acceso y selección de empleados públicos,"Real Decreto Legislativo 5/2015, de 30 de octubre, texto refundido de la Ley del Estatuto Básico del Empleado Público",59,JURIDICO,
ESPECIAL,22,Acceso y selección de empleados públicos,"Real Decreto Legislativo 5/2015, de 30 de octubre, texto refundido de la Ley del Estatuto Básico del Empleado Público",60,JURIDICO,
ESPECIAL,22,Acceso y selección de empleados públicos,"Real Decreto Legislativo 5/2015, de 30 de octubre, texto refundido de la Ley del Estatuto Básico del Empleado Público",61,JURIDICO,
ESPECIAL,22,Acceso y selección de empleados públicos,"Real Decreto Legislativo 5/2015, de 30 de octubre, texto refundido de la Ley del Estatuto Básico del Empleado Público",62,JURIDICO,
ESPECIAL,22,Acceso y selección de empleados públicos,"Ley 4/2021, de 16 de abril, de la Función Pública Valenciana",63,JURIDICO,
ESPECIAL,22,Acceso y selección de empleados públicos,"Ley 4/2021, de 16 de abril, de la Función Pública Valenciana",64,JURIDICO,
ESPECIAL,22,Acceso y selección de empleados públicos,"Ley 4/2021, de 16 de abril, de la Función Pública Valenciana",65,JURIDICO,
ESPECIAL,22,Acceso y selección de empleados públicos,"Ley 4/2021, de 16 de abril, de la Función Pública Valenciana",66,JURIDICO,
ESPECIAL,22,Acceso y selección de empleados públicos,"Ley 4/2021, de 16 de abril, de la Función Pública Valenciana",67,JURIDICO,
ESPECIAL,22,Acceso y selección de empleados públicos,"Ley 4/2021, de 16 de abril, de la Función Pública Valenciana",68,JURIDICO,
ESPECIAL,23,"Haciendas locales: recursos, potestad tributaria y ordenanzas fiscales","Real Decreto Legislativo 2/2004, de 5 de marzo, texto refundido de la Ley Reguladora de las Haciendas Locales",1,JURIDICO,
ESPECIAL,23,"Haciendas locales: recursos, potestad tributaria y ordenanzas fiscales","Real Decreto Legislativo 2/2004, de 5 de marzo, texto refundido de la Ley Reguladora de las Haciendas Locales",2,JURIDICO,
ESPECIAL,23,"Haciendas locales: recursos, potestad tributaria y ordenanzas fiscales","Real Decreto Legislativo 2/2004, de 5 de marzo, texto refundido de la Ley Reguladora de las Haciendas Locales",3,JURIDICO,
ESPECIAL,23,"Haciendas locales: recursos, potestad tributaria y ordenanzas fiscales","Real Decreto Legislativo 2/2004, de 5 de marzo, texto refundido de la Ley Reguladora de las Haciendas Locales",4,JURIDICO,
ESPECIAL,23,"Haciendas locales: recursos, potestad tributaria y ordenanzas fiscales","Real Decreto Legislativo 2/2004, de 5 de marzo, texto refundido de la Ley Reguladora de las Haciendas Locales",15,JURIDICO,
ESPECIAL,23,"Haciendas locales: recursos, potestad tributaria y ordenanzas fiscales","Real Decreto Legislativo 2/2004, de 5 de marzo, texto refundido de la Ley Reguladora de las Haciendas Locales",16,JURIDICO,
ESPECIAL,23,"Haciendas locales: recursos, potestad tributaria y ordenanzas fiscales","Real Decreto Legislativo 2/2004, de 5 de marzo, texto refundido de la Ley Reguladora de las Haciendas Locales",17,JURIDICO,
ESPECIAL,23,"Haciendas locales: recursos, potestad tributaria y ordenanzas fiscales","Real Decreto Legislativo 2/2004, de 5 de marzo, texto refundido de la Ley Reguladora de las Haciendas Locales",18,JURIDICO,
ESPECIAL,23,"Haciendas locales: recursos, potestad tributaria y ordenanzas fiscales","Real Decreto Legislativo 2/2004, de 5 de marzo, texto refundido de la Ley Reguladora de las Haciendas Locales",19,JURIDICO,
ESPECIAL,23,"Haciendas locales: recursos, potestad tributaria y ordenanzas fiscales","Real Decreto Legislativo 2/2004, de 5 de marzo, texto refundido de la Ley Reguladora de las Haciendas Locales",20,JURIDICO,
ESPECIAL,23,"Haciendas locales: recursos, potestad tributaria y ordenanzas fiscales","Real Decreto Legislativo 2/2004, de 5 de marzo, texto refundido de la Ley Reguladora de las Haciendas Locales",21,JURIDICO,
ESPECIAL,23,"Haciendas locales: recursos, potestad tributaria y ordenanzas fiscales","Real Decreto Legislativo 2/2004, de 5 de marzo, texto refundido de la Ley Reguladora de las Haciendas Locales",22,JURIDICO,
ESPECIAL,23,"Haciendas locales: recursos, potestad tributaria y ordenanzas fiscales","Real Decreto Legislativo 2/2004, de 5 de marzo, texto refundido de la Ley Reguladora de las Haciendas Locales",23,JURIDICO,
ESPECIAL,23,"Haciendas locales: recursos, potestad tributaria y ordenanzas fiscales","Real Decreto Legislativo 2/2004, de 5 de marzo, texto refundido de la Ley Reguladora de las Haciendas Locales",24,JURIDICO,
ESPECIAL,23,"Haciendas locales: recursos, potestad tributaria y ordenanzas fiscales","Real Decreto Legislativo 2/2004, de 5 de marzo, texto refundido de la Ley Reguladora de las Haciendas Locales",25,JURIDICO,
ESPECIAL,23,"Haciendas locales: recursos, potestad tributaria y ordenanzas fiscales","Real Decreto Legislativo 2/2004, de 5 de marzo, texto refundido de la Ley Reguladora de las Haciendas Locales",26,JURIDICO,
ESPECIAL,23,"Haciendas locales: recursos, potestad tributaria y ordenanzas fiscales","Real Decreto Legislativo 2/2004, de 5 de marzo, texto refundido de la Ley Reguladora de las Haciendas Locales",27,JURIDICO,
ESPECIAL,24,Tributos locales y gestión tributaria,"Real Decreto Legislativo 2/2004, de 5 de marzo, texto refundido de la Ley Reguladora de las Haciendas Locales",56,JURIDICO,
ESPECIAL,24,Tributos locales y gestión tributaria,"Real Decreto Legislativo 2/2004, de 5 de marzo, texto refundido de la Ley Reguladora de las Haciendas Locales",57,JURIDICO,
ESPECIAL,24,Tributos locales y gestión tributaria,"Real Decreto Legislativo 2/2004, de 5 de marzo, texto refundido de la Ley Reguladora de las Haciendas Locales",58,JURIDICO,
ESPECIAL,24,Tributos locales y gestión tributaria,"Real Decreto Legislativo 2/2004, de 5 de marzo, texto refundido de la Ley Reguladora de las Haciendas Locales",59,JURIDICO,
ESPECIAL,24,Tributos locales y gestión tributaria,"Real Decreto Legislativo 2/2004, de 5 de marzo, texto refundido de la Ley Reguladora de las Haciendas Locales",60,JURIDICO,
ESPECIAL,24,Tributos locales y gestión tributaria,"Real Decreto Legislativo 2/2004, de 5 de marzo, texto refundido de la Ley Reguladora de las Haciendas Locales",61,JURIDICO,
ESPECIAL,24,Tributos locales y gestión tributaria,"Real Decreto Legislativo 2/2004, de 5 de marzo, texto refundido de la Ley Reguladora de las Haciendas Locales",62,JURIDICO,
ESPECIAL,24,Tributos locales y gestión tributaria,"Real Decreto Legislativo 2/2004, de 5 de marzo, texto refundido de la Ley Reguladora de las Haciendas Locales",63,JURIDICO,
ESPECIAL,24,Tributos locales y gestión tributaria,"Real Decreto Legislativo 2/2004, de 5 de marzo, texto refundido de la Ley Reguladora de las Haciendas Locales",64,JURIDICO,
ESPECIAL,24,Tributos locales y gestión tributaria,"Real Decreto Legislativo 2/2004, de 5 de marzo, texto refundido de la Ley Reguladora de las Haciendas Locales",65,JURIDICO,
ESPECIAL,24,Tributos locales y gestión tributaria,"Real Decreto Legislativo 2/2004, de 5 de marzo, texto refundido de la Ley Reguladora de las Haciendas Locales",66,JURIDICO,
ESPECIAL,24,Tributos locales y gestión tributaria,"Real Decreto Legislativo 2/2004, de 5 de marzo, texto refundido de la Ley Reguladora de las Haciendas Locales",67,JURIDICO,
ESPECIAL,24,Tributos locales y gestión tributaria,"Real Decreto Legislativo 2/2004, de 5 de marzo, texto refundido de la Ley Reguladora de las Haciendas Locales",68,JURIDICO,
ESPECIAL,24,Tributos locales y gestión tributaria,"Real Decreto Legislativo 2/2004, de 5 de marzo, texto refundido de la Ley Reguladora de las Haciendas Locales",69,JURIDICO,
ESPECIAL,24,Tributos locales y gestión tributaria,"Real Decreto Legislativo 2/2004, de 5 de marzo, texto refundido de la Ley Reguladora de las Haciendas Locales",70,JURIDICO,
ESPECIAL,24,Tributos locales y gestión tributaria,"Real Decreto Legislativo 2/2004, de 5 de marzo, texto refundido de la Ley Reguladora de las Haciendas Locales",71,JURIDICO,
ESPECIAL,24,Tributos locales y gestión tributaria,"Real Decreto Legislativo 2/2004, de 5 de marzo, texto refundido de la Ley Reguladora de las Haciendas Locales",72,JURIDICO,
ESPECIAL,24,Tributos locales y gestión tributaria,"Real Decreto Legislativo 2/2004, de 5 de marzo, texto refundido de la Ley Reguladora de las Haciendas Locales",73,JURIDICO,
ESPECIAL,24,Tributos locales y gestión tributaria,"Real Decreto Legislativo 2/2004, de 5 de marzo, texto refundido de la Ley Reguladora de las Haciendas Locales",74,JURIDICO,
ESPECIAL,24,Tributos locales y gestión tributaria,"Real Decreto Legislativo 2/2004, de 5 de marzo, texto refundido de la Ley Reguladora de las Haciendas Locales",75,JURIDICO,
ESPECIAL,24,Tributos locales y gestión tributaria,"Real Decreto Legislativo 2/2004, de 5 de marzo, texto refundido de la Ley Reguladora de las Haciendas Locales",76,JURIDICO,
ESPECIAL,24,Tributos locales y gestión tributaria,"Real Decreto Legislativo 2/2004, de 5 de marzo, texto refundido de la Ley Reguladora de las Haciendas Locales",77,JURIDICO,
ESPECIAL,24,Tributos locales y gestión tributaria,"Real Decreto Legislativo 2/2004, de 5 de marzo, texto refundido de la Ley Reguladora de las Haciendas Locales",78,JURIDICO,
ESPECIAL,24,Tributos locales y gestión tributaria,"Real Decreto Legislativo 2/2004, de 5 de marzo, texto refundido de la Ley Reguladora de las Haciendas Locales",79,JURIDICO,
ESPECIAL,24,Tributos locales y gestión tributaria,"Real Decreto Legislativo 2/2004, de 5 de marzo, texto refundido de la Ley Reguladora de las Haciendas Locales",80,JURIDICO,
ESPECIAL,24,Tributos locales y gestión tributaria,"Real Decreto Legislativo 2/2004, de 5 de marzo, texto refundido de la Ley Reguladora de las Haciendas Locales",81,JURIDICO,
ESPECIAL,24,Tributos locales y gestión tributaria,"Real Decreto Legislativo 2/2004, de 5 de marzo, texto refundido de la Ley Reguladora de las Haciendas Locales",82,JURIDICO,
ESPECIAL,24,Tributos locales y gestión tributaria,"Real Decreto Legislativo 2/2004, de 5 de marzo, texto refundido de la Ley Reguladora de las Haciendas Locales",83,JURIDICO,
ESPECIAL,24,Tributos locales y gestión tributaria,"Real Decreto Legislativo 2/2004, de 5 de marzo, texto refundido de la Ley Reguladora de las Haciendas Locales",84,JURIDICO,
ESPECIAL,24,Tributos locales y gestión tributaria,"Real Decreto Legislativo 2/2004, de 5 de marzo, texto refundido de la Ley Reguladora de las Haciendas Locales",85,JURIDICO,
ESPECIAL,24,Tributos locales y gestión tributaria,"Real Decreto Legislativo 2/2004, de 5 de marzo, texto refundido de la Ley Reguladora de las Haciendas Locales",86,JURIDICO,
ESPECIAL,24,Tributos locales y gestión tributaria,"Real Decreto Legislativo 2/2004, de 5 de marzo, texto refundido de la Ley Reguladora de las Haciendas Locales",87,JURIDICO,
ESPECIAL,24,Tributos locales y gestión tributaria,"Real Decreto Legislativo 2/2004, de 5 de marzo, texto refundido de la Ley Reguladora de las Haciendas Locales",88,JURIDICO,
ESPECIAL,24,Tributos locales y gestión tributaria,"Real Decreto Legislativo 2/2004, de 5 de marzo, texto refundido de la Ley Reguladora de las Haciendas Locales",89,JURIDICO,
ESPECIAL,24,Tributos locales y gestión tributaria,"Real Decreto Legislativo 2/2004, de 5 de marzo, texto refundido de la Ley Reguladora de las Haciendas Locales",90,JURIDICO,
ESPECIAL,24,Tributos locales y gestión tributaria,"Real Decreto Legislativo 2/2004, de 5 de marzo, texto refundido de la Ley Reguladora de las Haciendas Locales",91,JURIDICO,
ESPECIAL,24,Tributos locales y gestión tributaria,"Real Decreto Legislativo 2/2004, de 5 de marzo, texto refundido de la Ley Reguladora de las Haciendas Locales",92,JURIDICO,
ESPECIAL,24,Tributos locales y gestión tributaria,"Real Decreto Legislativo 2/2004, de 5 de marzo, texto refundido de la Ley Reguladora de las Haciendas Locales",93,JURIDICO,
ESPECIAL,24,Tributos locales y gestión tributaria,"Real Decreto Legislativo 2/2004, de 5 de marzo, texto refundido de la Ley Reguladora de las Haciendas Locales",94,JURIDICO,
ESPECIAL,24,Tributos locales y gestión tributaria,"Real Decreto Legislativo 2/2004, de 5 de marzo, texto refundido de la Ley Reguladora de las Haciendas Locales",95,JURIDICO,
ESPECIAL,24,Tributos locales y gestión tributaria,"Real Decreto Legislativo 2/2004, de 5 de marzo, texto refundido de la Ley Reguladora de las Haciendas Locales",96,JURIDICO,
ESPECIAL,24,Tributos locales y gestión tributaria,"Real Decreto Legislativo 2/2004, de 5 de marzo, texto refundido de la Ley Reguladora de las Haciendas Locales",97,JURIDICO,
ESPECIAL,24,Tributos locales y gestión tributaria,"Real Decreto Legislativo 2/2004, de 5 de marzo, texto refundido de la Ley Reguladora de las Haciendas Locales",98,JURIDICO,
ESPECIAL,24,Tributos locales y gestión tributaria,"Real Decreto Legislativo 2/2004, de 5 de marzo, texto refundido de la Ley Reguladora de las Haciendas Locales",99,JURIDICO,
ESPECIAL,24,Tributos locales y gestión tributaria,"Real Decreto Legislativo 2/2004, de 5 de marzo, texto refundido de la Ley Reguladora de las Haciendas Locales",100,JURIDICO,
ESPECIAL,24,Tributos locales y gestión tributaria,"Real Decreto Legislativo 2/2004, de 5 de marzo, texto refundido de la Ley Reguladora de las Haciendas Locales",101,JURIDICO,
ESPECIAL,24,Tributos locales y gestión tributaria,"Real Decreto Legislativo 2/2004, de 5 de marzo, texto refundido de la Ley Reguladora de las Haciendas Locales",102,JURIDICO,
ESPECIAL,24,Tributos locales y gestión tributaria,"Real Decreto Legislativo 2/2004, de 5 de marzo, texto refundido de la Ley Reguladora de las Haciendas Locales",103,JURIDICO,
ESPECIAL,24,Tributos locales y gestión tributaria,"Real Decreto Legislativo 2/2004, de 5 de marzo, texto refundido de la Ley Reguladora de las Haciendas Locales",104,JURIDICO,
ESPECIAL,24,Tributos locales y gestión tributaria,"Real Decreto Legislativo 2/2004, de 5 de marzo, texto refundido de la Ley Reguladora de las Haciendas Locales",105,JURIDICO,
ESPECIAL,24,Tributos locales y gestión tributaria,"Real Decreto Legislativo 2/2004, de 5 de marzo, texto refundido de la Ley Reguladora de las Haciendas Locales",106,JURIDICO,
ESPECIAL,24,Tributos locales y gestión tributaria,"Real Decreto Legislativo 2/2004, de 5 de marzo, texto refundido de la Ley Reguladora de las Haciendas Locales",107,JURIDICO,
ESPECIAL,24,Tributos locales y gestión tributaria,"Real Decreto Legislativo 2/2004, de 5 de marzo, texto refundido de la Ley Reguladora de las Haciendas Locales",108,JURIDICO,
ESPECIAL,24,Tributos locales y gestión tributaria,"Real Decreto Legislativo 2/2004, de 5 de marzo, texto refundido de la Ley Reguladora de las Haciendas Locales",109,JURIDICO,
ESPECIAL,24,Tributos locales y gestión tributaria,"Real Decreto Legislativo 2/2004, de 5 de marzo, texto refundido de la Ley Reguladora de las Haciendas Locales",110,JURIDICO,
ESPECIAL,24,Tributos locales y gestión tributaria,"Real Decreto Legislativo 2/2004, de 5 de marzo, texto refundido de la Ley Reguladora de las Haciendas Locales",111,JURIDICO,
ESPECIAL,24,Tributos locales y gestión tributaria,"Real Decreto Legislativo 2/2004, de 5 de marzo, texto refundido de la Ley Reguladora de las Haciendas Locales",112,JURIDICO,
ESPECIAL,24,Tributos locales y gestión tributaria,"Real Decreto Legislativo 2/2004, de 5 de marzo, texto refundido de la Ley Reguladora de las Haciendas Locales",113,JURIDICO,
ESPECIAL,24,Tributos locales y gestión tributaria,"Real Decreto Legislativo 2/2004, de 5 de marzo, texto refundido de la Ley Reguladora de las Haciendas Locales",114,JURIDICO,
ESPECIAL,24,Tributos locales y gestión tributaria,"Real Decreto Legislativo 2/2004, de 5 de marzo, texto refundido de la Ley Reguladora de las Haciendas Locales",115,JURIDICO,
ESPECIAL,24,Tributos locales y gestión tributaria,"Real Decreto Legislativo 2/2004, de 5 de marzo, texto refundido de la Ley Reguladora de las Haciendas Locales",116,JURIDICO,
ESPECIAL,24,Tributos locales y gestión tributaria,"Real Decreto Legislativo 2/2004, de 5 de marzo, texto refundido de la Ley Reguladora de las Haciendas Locales",117,JURIDICO,
ESPECIAL,25,"Presupuesto general local: elaboración, aprobación y estructura","Real Decreto Legislativo 2/2004, de 5 de marzo, texto refundido de la Ley Reguladora de las Haciendas Locales",162,JURIDICO,
ESPECIAL,25,"Presupuesto general local: elaboración, aprobación y estructura","Real Decreto Legislativo 2/2004, de 5 de marzo, texto refundido de la Ley Reguladora de las Haciendas Locales",163,JURIDICO,
ESPECIAL,25,"Presupuesto general local: elaboración, aprobación y estructura","Real Decreto Legislativo 2/2004, de 5 de marzo, texto refundido de la Ley Reguladora de las Haciendas Locales",164,JURIDICO,
ESPECIAL,25,"Presupuesto general local: elaboración, aprobación y estructura","Real Decreto Legislativo 2/2004, de 5 de marzo, texto refundido de la Ley Reguladora de las Haciendas Locales",165,JURIDICO,
ESPECIAL,25,"Presupuesto general local: elaboración, aprobación y estructura","Real Decreto Legislativo 2/2004, de 5 de marzo, texto refundido de la Ley Reguladora de las Haciendas Locales",166,JURIDICO,
ESPECIAL,25,"Presupuesto general local: elaboración, aprobación y estructura","Real Decreto Legislativo 2/2004, de 5 de marzo, texto refundido de la Ley Reguladora de las Haciendas Locales",167,JURIDICO,
ESPECIAL,25,"Presupuesto general local: elaboración, aprobación y estructura","Real Decreto Legislativo 2/2004, de 5 de marzo, texto refundido de la Ley Reguladora de las Haciendas Locales",168,JURIDICO,
ESPECIAL,25,"Presupuesto general local: elaboración, aprobación y estructura","Real Decreto Legislativo 2/2004, de 5 de marzo, texto refundido de la Ley Reguladora de las Haciendas Locales",169,JURIDICO,
ESPECIAL,25,"Presupuesto general local: elaboración, aprobación y estructura","Real Decreto Legislativo 2/2004, de 5 de marzo, texto refundido de la Ley Reguladora de las Haciendas Locales",170,JURIDICO,
ESPECIAL,25,"Presupuesto general local: elaboración, aprobación y estructura","Real Decreto Legislativo 2/2004, de 5 de marzo, texto refundido de la Ley Reguladora de las Haciendas Locales",171,JURIDICO,
ESPECIAL,26,Créditos presupuestarios y modificaciones de crédito,"Real Decreto Legislativo 2/2004, de 5 de marzo, texto refundido de la Ley Reguladora de las Haciendas Locales",172,JURIDICO,
ESPECIAL,26,Créditos presupuestarios y modificaciones de crédito,"Real Decreto Legislativo 2/2004, de 5 de marzo, texto refundido de la Ley Reguladora de las Haciendas Locales",173,JURIDICO,
ESPECIAL,26,Créditos presupuestarios y modificaciones de crédito,"Real Decreto Legislativo 2/2004, de 5 de marzo, texto refundido de la Ley Reguladora de las Haciendas Locales",174,JURIDICO,
ESPECIAL,26,Créditos presupuestarios y modificaciones de crédito,"Real Decreto Legislativo 2/2004, de 5 de marzo, texto refundido de la Ley Reguladora de las Haciendas Locales",175,JURIDICO,
ESPECIAL,26,Créditos presupuestarios y modificaciones de crédito,"Real Decreto Legislativo 2/2004, de 5 de marzo, texto refundido de la Ley Reguladora de las Haciendas Locales",176,JURIDICO,
ESPECIAL,26,Créditos presupuestarios y modificaciones de crédito,"Real Decreto Legislativo 2/2004, de 5 de marzo, texto refundido de la Ley Reguladora de las Haciendas Locales",177,JURIDICO,
ESPECIAL,26,Créditos presupuestarios y modificaciones de crédito,"Real Decreto Legislativo 2/2004, de 5 de marzo, texto refundido de la Ley Reguladora de las Haciendas Locales",178,JURIDICO,
ESPECIAL,26,Créditos presupuestarios y modificaciones de crédito,"Real Decreto Legislativo 2/2004, de 5 de marzo, texto refundido de la Ley Reguladora de las Haciendas Locales",179,JURIDICO,
ESPECIAL,26,Créditos presupuestarios y modificaciones de crédito,"Real Decreto Legislativo 2/2004, de 5 de marzo, texto refundido de la Ley Reguladora de las Haciendas Locales",180,JURIDICO,
ESPECIAL,26,Créditos presupuestarios y modificaciones de crédito,"Real Decreto Legislativo 2/2004, de 5 de marzo, texto refundido de la Ley Reguladora de las Haciendas Locales",181,JURIDICO,
ESPECIAL,26,Créditos presupuestarios y modificaciones de crédito,"Real Decreto Legislativo 2/2004, de 5 de marzo, texto refundido de la Ley Reguladora de las Haciendas Locales",182,JURIDICO,
ESPECIAL,26,Créditos presupuestarios y modificaciones de crédito,"Real Decreto 500/1990, de 20 de abril, por el que se desarrolla el capítulo primero del título sexto de la Ley reguladora de las Haciendas Locales, en materia de presupuestos",34,JURIDICO,
ESPECIAL,26,Créditos presupuestarios y modificaciones de crédito,"Real Decreto 500/1990, de 20 de abril, por el que se desarrolla el capítulo primero del título sexto de la Ley reguladora de las Haciendas Locales, en materia de presupuestos",35,JURIDICO,
ESPECIAL,26,Créditos presupuestarios y modificaciones de crédito,"Real Decreto 500/1990, de 20 de abril, por el que se desarrolla el capítulo primero del título sexto de la Ley reguladora de las Haciendas Locales, en materia de presupuestos",36,JURIDICO,
ESPECIAL,26,Créditos presupuestarios y modificaciones de crédito,"Real Decreto 500/1990, de 20 de abril, por el que se desarrolla el capítulo primero del título sexto de la Ley reguladora de las Haciendas Locales, en materia de presupuestos",37,JURIDICO,
ESPECIAL,26,Créditos presupuestarios y modificaciones de crédito,"Real Decreto 500/1990, de 20 de abril, por el que se desarrolla el capítulo primero del título sexto de la Ley reguladora de las Haciendas Locales, en materia de presupuestos",38,JURIDICO,
ESPECIAL,26,Créditos presupuestarios y modificaciones de crédito,"Real Decreto 500/1990, de 20 de abril, por el que se desarrolla el capítulo primero del título sexto de la Ley reguladora de las Haciendas Locales, en materia de presupuestos",39,JURIDICO,
ESPECIAL,26,Créditos presupuestarios y modificaciones de crédito,"Real Decreto 500/1990, de 20 de abril, por el que se desarrolla el capítulo primero del título sexto de la Ley reguladora de las Haciendas Locales, en materia de presupuestos",40,JURIDICO,
ESPECIAL,26,Créditos presupuestarios y modificaciones de crédito,"Real Decreto 500/1990, de 20 de abril, por el que se desarrolla el capítulo primero del título sexto de la Ley reguladora de las Haciendas Locales, en materia de presupuestos",41,JURIDICO,
ESPECIAL,26,Créditos presupuestarios y modificaciones de crédito,"Real Decreto 500/1990, de 20 de abril, por el que se desarrolla el capítulo primero del título sexto de la Ley reguladora de las Haciendas Locales, en materia de presupuestos",42,JURIDICO,
ESPECIAL,26,Créditos presupuestarios y modificaciones de crédito,"Real Decreto 500/1990, de 20 de abril, por el que se desarrolla el capítulo primero del título sexto de la Ley reguladora de las Haciendas Locales, en materia de presupuestos",43,JURIDICO,
ESPECIAL,26,Créditos presupuestarios y modificaciones de crédito,"Real Decreto 500/1990, de 20 de abril, por el que se desarrolla el capítulo primero del título sexto de la Ley reguladora de las Haciendas Locales, en materia de presupuestos",44,JURIDICO,
ESPECIAL,26,Créditos presupuestarios y modificaciones de crédito,"Real Decreto 500/1990, de 20 de abril, por el que se desarrolla el capítulo primero del título sexto de la Ley reguladora de las Haciendas Locales, en materia de presupuestos",45,JURIDICO,
ESPECIAL,26,Créditos presupuestarios y modificaciones de crédito,"Real Decreto 500/1990, de 20 de abril, por el que se desarrolla el capítulo primero del título sexto de la Ley reguladora de las Haciendas Locales, en materia de presupuestos",46,JURIDICO,
ESPECIAL,26,Créditos presupuestarios y modificaciones de crédito,"Real Decreto 500/1990, de 20 de abril, por el que se desarrolla el capítulo primero del título sexto de la Ley reguladora de las Haciendas Locales, en materia de presupuestos",47,JURIDICO,
ESPECIAL,26,Créditos presupuestarios y modificaciones de crédito,"Real Decreto 500/1990, de 20 de abril, por el que se desarrolla el capítulo primero del título sexto de la Ley reguladora de las Haciendas Locales, en materia de presupuestos",48,JURIDICO,
ESPECIAL,26,Créditos presupuestarios y modificaciones de crédito,"Real Decreto 500/1990, de 20 de abril, por el que se desarrolla el capítulo primero del título sexto de la Ley reguladora de las Haciendas Locales, en materia de presupuestos",49,JURIDICO,
ESPECIAL,26,Créditos presupuestarios y modificaciones de crédito,"Real Decreto 500/1990, de 20 de abril, por el que se desarrolla el capítulo primero del título sexto de la Ley reguladora de las Haciendas Locales, en materia de presupuestos",50,JURIDICO,
ESPECIAL,26,Créditos presupuestarios y modificaciones de crédito,"Real Decreto 500/1990, de 20 de abril, por el que se desarrolla el capítulo primero del título sexto de la Ley reguladora de las Haciendas Locales, en materia de presupuestos",51,JURIDICO,
ESPECIAL,27,Ejecución presupuestaria de ingresos y gastos,"Real Decreto Legislativo 2/2004, de 5 de marzo, texto refundido de la Ley Reguladora de las Haciendas Locales",183,JURIDICO,
ESPECIAL,27,Ejecución presupuestaria de ingresos y gastos,"Real Decreto Legislativo 2/2004, de 5 de marzo, texto refundido de la Ley Reguladora de las Haciendas Locales",184,JURIDICO,
ESPECIAL,27,Ejecución presupuestaria de ingresos y gastos,"Real Decreto Legislativo 2/2004, de 5 de marzo, texto refundido de la Ley Reguladora de las Haciendas Locales",185,JURIDICO,
ESPECIAL,27,Ejecución presupuestaria de ingresos y gastos,"Real Decreto Legislativo 2/2004, de 5 de marzo, texto refundido de la Ley Reguladora de las Haciendas Locales",186,JURIDICO,
ESPECIAL,27,Ejecución presupuestaria de ingresos y gastos,"Real Decreto Legislativo 2/2004, de 5 de marzo, texto refundido de la Ley Reguladora de las Haciendas Locales",187,JURIDICO,
ESPECIAL,27,Ejecución presupuestaria de ingresos y gastos,"Real Decreto Legislativo 2/2004, de 5 de marzo, texto refundido de la Ley Reguladora de las Haciendas Locales",188,JURIDICO,
ESPECIAL,27,Ejecución presupuestaria de ingresos y gastos,"Real Decreto Legislativo 2/2004, de 5 de marzo, texto refundido de la Ley Reguladora de las Haciendas Locales",189,JURIDICO,
ESPECIAL,27,Ejecución presupuestaria de ingresos y gastos,"Real Decreto Legislativo 2/2004, de 5 de marzo, texto refundido de la Ley Reguladora de las Haciendas Locales",190,JURIDICO,
ESPECIAL,28,"Liquidación, resultado presupuestario y remanente de tesorería","Real Decreto Legislativo 2/2004, de 5 de marzo, texto refundido de la Ley Reguladora de las Haciendas Locales",191,JURIDICO,
ESPECIAL,28,"Liquidación, resultado presupuestario y remanente de tesorería","Real Decreto Legislativo 2/2004, de 5 de marzo, texto refundido de la Ley Reguladora de las Haciendas Locales",192,JURIDICO,
ESPECIAL,28,"Liquidación, resultado presupuestario y remanente de tesorería","Real Decreto Legislativo 2/2004, de 5 de marzo, texto refundido de la Ley Reguladora de las Haciendas Locales",193,JURIDICO,
ESPECIAL,28,"Liquidación, resultado presupuestario y remanente de tesorería","Real Decreto 500/1990, de 20 de abril, por el que se desarrolla el capítulo primero del título sexto de la Ley reguladora de las Haciendas Locales, en materia de presupuestos",89,JURIDICO,
ESPECIAL,28,"Liquidación, resultado presupuestario y remanente de tesorería","Real Decreto 500/1990, de 20 de abril, por el que se desarrolla el capítulo primero del título sexto de la Ley reguladora de las Haciendas Locales, en materia de presupuestos",90,JURIDICO,
ESPECIAL,28,"Liquidación, resultado presupuestario y remanente de tesorería","Real Decreto 500/1990, de 20 de abril, por el que se desarrolla el capítulo primero del título sexto de la Ley reguladora de las Haciendas Locales, en materia de presupuestos",91,JURIDICO,
ESPECIAL,28,"Liquidación, resultado presupuestario y remanente de tesorería","Real Decreto 500/1990, de 20 de abril, por el que se desarrolla el capítulo primero del título sexto de la Ley reguladora de las Haciendas Locales, en materia de presupuestos",92,JURIDICO,
ESPECIAL,28,"Liquidación, resultado presupuestario y remanente de tesorería","Real Decreto 500/1990, de 20 de abril, por el que se desarrolla el capítulo primero del título sexto de la Ley reguladora de las Haciendas Locales, en materia de presupuestos",93,JURIDICO,
ESPECIAL,28,"Liquidación, resultado presupuestario y remanente de tesorería","Real Decreto 500/1990, de 20 de abril, por el que se desarrolla el capítulo primero del título sexto de la Ley reguladora de las Haciendas Locales, en materia de presupuestos",94,JURIDICO,
ESPECIAL,28,"Liquidación, resultado presupuestario y remanente de tesorería","Real Decreto 500/1990, de 20 de abril, por el que se desarrolla el capítulo primero del título sexto de la Ley reguladora de las Haciendas Locales, en materia de presupuestos",95,JURIDICO,
ESPECIAL,28,"Liquidación, resultado presupuestario y remanente de tesorería","Real Decreto 500/1990, de 20 de abril, por el que se desarrolla el capítulo primero del título sexto de la Ley reguladora de las Haciendas Locales, en materia de presupuestos",96,JURIDICO,
ESPECIAL,28,"Liquidación, resultado presupuestario y remanente de tesorería","Real Decreto 500/1990, de 20 de abril, por el que se desarrolla el capítulo primero del título sexto de la Ley reguladora de las Haciendas Locales, en materia de presupuestos",97,JURIDICO,
ESPECIAL,28,"Liquidación, resultado presupuestario y remanente de tesorería","Real Decreto 500/1990, de 20 de abril, por el que se desarrolla el capítulo primero del título sexto de la Ley reguladora de las Haciendas Locales, en materia de presupuestos",98,JURIDICO,
ESPECIAL,28,"Liquidación, resultado presupuestario y remanente de tesorería","Real Decreto 500/1990, de 20 de abril, por el que se desarrolla el capítulo primero del título sexto de la Ley reguladora de las Haciendas Locales, en materia de presupuestos",99,JURIDICO,
ESPECIAL,28,"Liquidación, resultado presupuestario y remanente de tesorería","Real Decreto 500/1990, de 20 de abril, por el que se desarrolla el capítulo primero del título sexto de la Ley reguladora de las Haciendas Locales, en materia de presupuestos",100,JURIDICO,
ESPECIAL,28,"Liquidación, resultado presupuestario y remanente de tesorería","Real Decreto 500/1990, de 20 de abril, por el que se desarrolla el capítulo primero del título sexto de la Ley reguladora de las Haciendas Locales, en materia de presupuestos",101,JURIDICO,
ESPECIAL,28,"Liquidación, resultado presupuestario y remanente de tesorería","Real Decreto 500/1990, de 20 de abril, por el que se desarrolla el capítulo primero del título sexto de la Ley reguladora de las Haciendas Locales, en materia de presupuestos",102,JURIDICO,
ESPECIAL,28,"Liquidación, resultado presupuestario y remanente de tesorería","Real Decreto 500/1990, de 20 de abril, por el que se desarrolla el capítulo primero del título sexto de la Ley reguladora de las Haciendas Locales, en materia de presupuestos",103,JURIDICO,
ESPECIAL,28,"Liquidación, resultado presupuestario y remanente de tesorería","Real Decreto 500/1990, de 20 de abril, por el que se desarrolla el capítulo primero del título sexto de la Ley reguladora de las Haciendas Locales, en materia de presupuestos",104,JURIDICO,
ESPECIAL,28,"Liquidación, resultado presupuestario y remanente de tesorería","Real Decreto 500/1990, de 20 de abril, por el que se desarrolla el capítulo primero del título sexto de la Ley reguladora de las Haciendas Locales, en materia de presupuestos",105,JURIDICO,
ESPECIAL,29,Tesorería local y operaciones de crédito,"Real Decreto Legislativo 2/2004, de 5 de marzo, texto refundido de la Ley Reguladora de las Haciendas Locales",194,JURIDICO,
ESPECIAL,29,Tesorería local y operaciones de crédito,"Real Decreto Legislativo 2/2004, de 5 de marzo, texto refundido de la Ley Reguladora de las Haciendas Locales",195,JURIDICO,
ESPECIAL,29,Tesorería local y operaciones de crédito,"Real Decreto Legislativo 2/2004, de 5 de marzo, texto refundido de la Ley Reguladora de las Haciendas Locales",196,JURIDICO,
ESPECIAL,29,Tesorería local y operaciones de crédito,"Real Decreto Legislativo 2/2004, de 5 de marzo, texto refundido de la Ley Reguladora de las Haciendas Locales",197,JURIDICO,
ESPECIAL,29,Tesorería local y operaciones de crédito,"Real Decreto Legislativo 2/2004, de 5 de marzo, texto refundido de la Ley Reguladora de las Haciendas Locales",198,JURIDICO,
ESPECIAL,29,Tesorería local y operaciones de crédito,"Real Decreto Legislativo 2/2004, de 5 de marzo, texto refundido de la Ley Reguladora de las Haciendas Locales",199,JURIDICO,
ESPECIAL,29,Tesorería local y operaciones de crédito,"Real Decreto Legislativo 2/2004, de 5 de marzo, texto refundido de la Ley Reguladora de las Haciendas Locales",48,JURIDICO,
ESPECIAL,29,Tesorería local y operaciones de crédito,"Real Decreto Legislativo 2/2004, de 5 de marzo, texto refundido de la Ley Reguladora de las Haciendas Locales",49,JURIDICO,
ESPECIAL,29,Tesorería local y operaciones de crédito,"Real Decreto Legislativo 2/2004, de 5 de marzo, texto refundido de la Ley Reguladora de las Haciendas Locales",50,JURIDICO,
ESPECIAL,29,Tesorería local y operaciones de crédito,"Real Decreto Legislativo 2/2004, de 5 de marzo, texto refundido de la Ley Reguladora de las Haciendas Locales",51,JURIDICO,
ESPECIAL,29,Tesorería local y operaciones de crédito,"Real Decreto Legislativo 2/2004, de 5 de marzo, texto refundido de la Ley Reguladora de las Haciendas Locales",52,JURIDICO,
ESPECIAL,29,Tesorería local y operaciones de crédito,"Real Decreto Legislativo 2/2004, de 5 de marzo, texto refundido de la Ley Reguladora de las Haciendas Locales",53,JURIDICO,
ESPECIAL,29,Tesorería local y operaciones de crédito,"Real Decreto Legislativo 2/2004, de 5 de marzo, texto refundido de la Ley Reguladora de las Haciendas Locales",54,JURIDICO,
ESPECIAL,29,Tesorería local y operaciones de crédito,"Real Decreto Legislativo 2/2004, de 5 de marzo, texto refundido de la Ley Reguladora de las Haciendas Locales",55,JURIDICO,
ESPECIAL,30,Estabilidad presupuestaria y sostenibilidad financiera,"Ley Orgánica 2/2012, de 27 de abril, de Estabilidad Presupuestaria y Sostenibilidad Financiera",3,JURIDICO,
ESPECIAL,30,Estabilidad presupuestaria y sostenibilidad financiera,"Ley Orgánica 2/2012, de 27 de abril, de Estabilidad Presupuestaria y Sostenibilidad Financiera",4,JURIDICO,
ESPECIAL,30,Estabilidad presupuestaria y sostenibilidad financiera,"Ley Orgánica 2/2012, de 27 de abril, de Estabilidad Presupuestaria y Sostenibilidad Financiera",5,JURIDICO,
ESPECIAL,30,Estabilidad presupuestaria y sostenibilidad financiera,"Ley Orgánica 2/2012, de 27 de abril, de Estabilidad Presupuestaria y Sostenibilidad Financiera",6,JURIDICO,
ESPECIAL,30,Estabilidad presupuestaria y sostenibilidad financiera,"Ley Orgánica 2/2012, de 27 de abril, de Estabilidad Presupuestaria y Sostenibilidad Financiera",7,JURIDICO,
ESPECIAL,30,Estabilidad presupuestaria y sostenibilidad financiera,"Ley Orgánica 2/2012, de 27 de abril, de Estabilidad Presupuestaria y Sostenibilidad Financiera",8,JURIDICO,
ESPECIAL,30,Estabilidad presupuestaria y sostenibilidad financiera,"Ley Orgánica 2/2012, de 27 de abril, de Estabilidad Presupuestaria y Sostenibilidad Financiera",9,JURIDICO,
ESPECIAL,30,Estabilidad presupuestaria y sostenibilidad financiera,"Ley Orgánica 2/2012, de 27 de abril, de Estabilidad Presupuestaria y Sostenibilidad Financiera",10,JURIDICO,
ESPECIAL,30,Estabilidad presupuestaria y sostenibilidad financiera,"Ley Orgánica 2/2012, de 27 de abril, de Estabilidad Presupuestaria y Sostenibilidad Financiera",11,JURIDICO,
ESPECIAL,30,Estabilidad presupuestaria y sostenibilidad financiera,"Ley Orgánica 2/2012, de 27 de abril, de Estabilidad Presupuestaria y Sostenibilidad Financiera",12,JURIDICO,
ESPECIAL,30,Estabilidad presupuestaria y sostenibilidad financiera,"Ley Orgánica 2/2012, de 27 de abril, de Estabilidad Presupuestaria y Sostenibilidad Financiera",13,JURIDICO,
ESPECIAL,30,Estabilidad presupuestaria y sostenibilidad financiera,"Ley Orgánica 2/2012, de 27 de abril, de Estabilidad Presupuestaria y Sostenibilidad Financiera",21,JURIDICO,
ESPECIAL,30,Estabilidad presupuestaria y sostenibilidad financiera,"Ley Orgánica 2/2012, de 27 de abril, de Estabilidad Presupuestaria y Sostenibilidad Financiera",22,JURIDICO,
ESPECIAL,30,Estabilidad presupuestaria y sostenibilidad financiera,"Ley Orgánica 2/2012, de 27 de abril, de Estabilidad Presupuestaria y Sostenibilidad Financiera",23,JURIDICO,
ESPECIAL,30,Estabilidad presupuestaria y sostenibilidad financiera,"Ley Orgánica 2/2012, de 27 de abril, de Estabilidad Presupuestaria y Sostenibilidad Financiera",24,JURIDICO,
ESPECIAL,30,Estabilidad presupuestaria y sostenibilidad financiera,"Ley Orgánica 2/2012, de 27 de abril, de Estabilidad Presupuestaria y Sostenibilidad Financiera",25,JURIDICO,
ESPECIAL,31,Contabilidad local y Cuenta General,"Real Decreto Legislativo 2/2004, de 5 de marzo, texto refundido de la Ley Reguladora de las Haciendas Locales",200,JURIDICO,
ESPECIAL,31,Contabilidad local y Cuenta General,"Real Decreto Legislativo 2/2004, de 5 de marzo, texto refundido de la Ley Reguladora de las Haciendas Locales",201,JURIDICO,
ESPECIAL,31,Contabilidad local y Cuenta General,"Real Decreto Legislativo 2/2004, de 5 de marzo, texto refundido de la Ley Reguladora de las Haciendas Locales",202,JURIDICO,
ESPECIAL,31,Contabilidad local y Cuenta General,"Real Decreto Legislativo 2/2004, de 5 de marzo, texto refundido de la Ley Reguladora de las Haciendas Locales",203,JURIDICO,
ESPECIAL,31,Contabilidad local y Cuenta General,"Real Decreto Legislativo 2/2004, de 5 de marzo, texto refundido de la Ley Reguladora de las Haciendas Locales",204,JURIDICO,
ESPECIAL,31,Contabilidad local y Cuenta General,"Real Decreto Legislativo 2/2004, de 5 de marzo, texto refundido de la Ley Reguladora de las Haciendas Locales",205,JURIDICO,
ESPECIAL,31,Contabilidad local y Cuenta General,"Real Decreto Legislativo 2/2004, de 5 de marzo, texto refundido de la Ley Reguladora de las Haciendas Locales",206,JURIDICO,
ESPECIAL,31,Contabilidad local y Cuenta General,"Real Decreto Legislativo 2/2004, de 5 de marzo, texto refundido de la Ley Reguladora de las Haciendas Locales",207,JURIDICO,
ESPECIAL,31,Contabilidad local y Cuenta General,"Real Decreto Legislativo 2/2004, de 5 de marzo, texto refundido de la Ley Reguladora de las Haciendas Locales",208,JURIDICO,
ESPECIAL,31,Contabilidad local y Cuenta General,"Real Decreto Legislativo 2/2004, de 5 de marzo, texto refundido de la Ley Reguladora de las Haciendas Locales",209,JURIDICO,
ESPECIAL,31,Contabilidad local y Cuenta General,"Real Decreto Legislativo 2/2004, de 5 de marzo, texto refundido de la Ley Reguladora de las Haciendas Locales",210,JURIDICO,
ESPECIAL,31,Contabilidad local y Cuenta General,"Real Decreto Legislativo 2/2004, de 5 de marzo, texto refundido de la Ley Reguladora de las Haciendas Locales",211,JURIDICO,
ESPECIAL,31,Contabilidad local y Cuenta General,"Real Decreto Legislativo 2/2004, de 5 de marzo, texto refundido de la Ley Reguladora de las Haciendas Locales",212,JURIDICO,
ESPECIAL,32,Control interno y externo de la actividad económico-financiera local,"Real Decreto Legislativo 2/2004, de 5 de marzo, texto refundido de la Ley Reguladora de las Haciendas Locales",213,JURIDICO,
ESPECIAL,32,Control interno y externo de la actividad económico-financiera local,"Real Decreto Legislativo 2/2004, de 5 de marzo, texto refundido de la Ley Reguladora de las Haciendas Locales",214,JURIDICO,
ESPECIAL,32,Control interno y externo de la actividad económico-financiera local,"Real Decreto Legislativo 2/2004, de 5 de marzo, texto refundido de la Ley Reguladora de las Haciendas Locales",215,JURIDICO,
ESPECIAL,32,Control interno y externo de la actividad económico-financiera local,"Real Decreto Legislativo 2/2004, de 5 de marzo, texto refundido de la Ley Reguladora de las Haciendas Locales",216,JURIDICO,
ESPECIAL,32,Control interno y externo de la actividad económico-financiera local,"Real Decreto Legislativo 2/2004, de 5 de marzo, texto refundido de la Ley Reguladora de las Haciendas Locales",217,JURIDICO,
ESPECIAL,32,Control interno y externo de la actividad económico-financiera local,"Real Decreto Legislativo 2/2004, de 5 de marzo, texto refundido de la Ley Reguladora de las Haciendas Locales",218,JURIDICO,
ESPECIAL,32,Control interno y externo de la actividad económico-financiera local,"Real Decreto Legislativo 2/2004, de 5 de marzo, texto refundido de la Ley Reguladora de las Haciendas Locales",219,JURIDICO,
ESPECIAL,32,Control interno y externo de la actividad económico-financiera local,"Real Decreto Legislativo 2/2004, de 5 de marzo, texto refundido de la Ley Reguladora de las Haciendas Locales",220,JURIDICO,
ESPECIAL,32,Control interno y externo de la actividad económico-financiera local,"Real Decreto Legislativo 2/2004, de 5 de marzo, texto refundido de la Ley Reguladora de las Haciendas Locales",221,JURIDICO,
ESPECIAL,32,Control interno y externo de la actividad económico-financiera local,"Real Decreto Legislativo 2/2004, de 5 de marzo, texto refundido de la Ley Reguladora de las Haciendas Locales",222,JURIDICO,
ESPECIAL,32,Control interno y externo de la actividad económico-financiera local,"Real Decreto Legislativo 2/2004, de 5 de marzo, texto refundido de la Ley Reguladora de las Haciendas Locales",223,JURIDICO,
ESPECIAL,33,Procesador de textos: funciones básicas y edición de documentos,,,NO_JURIDICO,Procesador de textos: funciones básicas y edición de documentos
ESPECIAL,34,"Hojas de cálculo: operaciones, fórmulas y gestión de datos",,,NO_JURIDICO,"Hojas de cálculo: operaciones, fórmulas y gestión de datos"
ESPECIAL,35,"Correo electrónico, navegación, seguridad y gestión de archivos",,,NO_JURIDICO,"Correo electrónico, navegación, seguridad y gestión de archivos"
