parte,tema,titulo,LEY,articulo,tipo
GENERAL,1,"La Constitución Española de 1978: estructura, principios y reforma",CONSTITUCIÓN ESPAÑOLA DE 1978,1,JURIDICO
GENERAL,1,"La Constitución Española de 1978: estructura, principios y reforma",CONSTITUCIÓN ESPAÑOLA DE 1978,2,JURIDICO
GENERAL,1,"La Constitución Española de 1978: estructura, principios y reforma",CONSTITUCIÓN ESPAÑOLA DE 1978,3,JURIDICO
GENERAL,1,"La Constitución Española de 1978: estructura, principios y reforma",CONSTITUCIÓN ESPAÑOLA DE 1978,4,JURIDICO
GENERAL,1,"La Constitución Española de 1978: estructura, principios y reforma",CONSTITUCIÓN ESPAÑOLA DE 1978,5,JURIDICO
GENERAL,1,"La Constitución Española de 1978: estructura, principios y reforma",CONSTITUCIÓN ESPAÑOLA DE 1978,6,JURIDICO
GENERAL,1,"La Constitución Española de 1978: estructura, principios y reforma",CONSTITUCIÓN ESPAÑOLA DE 1978,7,JURIDICO
GENERAL,1,"La Constitución Española de 1978: estructura, principios y reforma",CONSTITUCIÓN ESPAÑOLA DE 1978,8,JURIDICO
GENERAL,1,"La Constitución Española de 1978: estructura, principios y reforma",CONSTITUCIÓN ESPAÑOLA DE 1978,9,JURIDICO
GENERAL,1,"La Constitución Española de 1978: estructura, principios y reforma",CONSTITUCIÓN ESPAÑOLA DE 1978,166,JURIDICO
GENERAL,1,"La Constitución Española de 1978: estructura, principios y reforma",CONSTITUCIÓN ESPAÑOLA DE 1978,167,JURIDICO
GENERAL,1,"La Constitución Española de 1978: estructura, principios y reforma",CONSTITUCIÓN ESPAÑOLA DE 1978,168,JURIDICO
GENERAL,1,"La Constitución Española de 1978: estructura, principios y reforma",CONSTITUCIÓN ESPAÑOLA DE 1978,169,JURIDICO
GENERAL,2,"Derechos y deberes fundamentales: garantía, protección y suspensión",CONSTITUCIÓN ESPAÑOLA DE 1978,10,JURIDICO
GENERAL,2,"Derechos y deberes fundamentales: garantía, protección y suspensión",CONSTITUCIÓN ESPAÑOLA DE 1978,11,JURIDICO
GENERAL,2,"Derechos y deberes fundamentales: garantía, protección y suspensión",CONSTITUCIÓN ESPAÑOLA DE 1978,12,JURIDICO
GENERAL,2,"Derechos y deberes fundamentales: garantía, protección y suspensión",CONSTITUCIÓN ESPAÑOLA DE 1978,13,JURIDICO
GENERAL,2,"Derechos y deberes fundamentales: garantía, protección y suspensión",CONSTITUCIÓN ESPAÑOLA DE 1978,14,JURIDICO
GENERAL,2,"Derechos y deberes fundamentales: garantía, protección y suspensión",CONSTITUCIÓN ESPAÑOLA DE 1978,15,JURIDICO
GENERAL,2,"Derechos y deberes fundamentales: garantía, protección y suspensión",CONSTITUCIÓN ESPAÑOLA DE 1978,16,JURIDICO
GENERAL,2,"Derechos y deberes fundamentales: garantía, protección y suspensión",CONSTITUCIÓN ESPAÑOLA DE 1978,17,JURIDICO
GENERAL,2,"Derechos y deberes fundamentales: garantía, protección y suspensión",CONSTITUCIÓN ESPAÑOLA DE 1978,18,JURIDICO
GENERAL,2,"Derechos y deberes fundamentales: garantía, protección y suspensión",CONSTITUCIÓN ESPAÑOLA DE 1978,19,JURIDICO
GENERAL,2,"Derechos y deberes fundamentales: garantía, protección y suspensión",CONSTITUCIÓN ESPAÑOLA DE 1978,20,JURIDICO
GENERAL,2,"Derechos y deberes fundamentales: garantía, protección y suspensión",CONSTITUCIÓN ESPAÑOLA DE 1978,21,JURIDICO
GENERAL,2,"Derechos y deberes fundamentales: garantía, protección y suspensión",CONSTITUCIÓN ESPAÑOLA DE 1978,22,JURIDICO
GENERAL,2,"Derechos y deberes fundamentales: garantía, protección y suspensión",CONSTITUCIÓN ESPAÑOLA DE 1978,23,JURIDICO
GENERAL,2,"Derechos y deberes fundamentales: garantía, protección y suspensión",CONSTITUCIÓN ESPAÑOLA DE 1978,24,JURIDICO
GENERAL,2,"Derechos y deberes fundamentales: garantía, protección y suspensión",CONSTITUCIÓN ESPAÑOLA DE 1978,25,JURIDICO
GENERAL,2,"Derechos y deberes fundamentales: garantía, protección y suspensión",CONSTITUCIÓN ESPAÑOLA DE 1978,26,JURIDICO
GENERAL,2,"Derechos y deberes fundamentales: garantía, protección y suspensión",CONSTITUCIÓN ESPAÑOLA DE 1978,27,JURIDICO
GENERAL,2,"Derechos y deberes fundamentales: garantía, protección y suspensión",CONSTITUCIÓN ESPAÑOLA DE 1978,28,JURIDICO
GENERAL,2,"Derechos y deberes fundamentales: garantía, protección y suspensión",CONSTITUCIÓN ESPAÑOLA DE 1978,29,JURIDICO
GENERAL,2,"Derechos y deberes fundamentales: garantía, protección y suspensión",CONSTITUCIÓN ESPAÑOLA DE 1978,30,JURIDICO
GENERAL,2,"Derechos y deberes fundamentales: garantía, protección y suspensión",CONSTITUCIÓN ESPAÑOLA DE 1978,31,JURIDICO
GENERAL,2,"Derechos y deberes fundamentales: garantía, protección y suspensión",CONSTITUCIÓN ESPAÑOLA DE 1978,32,JURIDICO
GENERAL,2,"Derechos y deberes fundamentales: garantía, protección y suspensión",CONSTITUCIÓN ESPAÑOLA DE 1978,33,JURIDICO
GENERAL,2,"Derechos y deberes fundamentales: garantía, protección y suspensión",CONSTITUCIÓN ESPAÑOLA DE 1978,34,JURIDICO
GENERAL,2,"Derechos y deberes fundamentales: garantía, protección y suspensión",CONSTITUCIÓN ESPAÑOLA DE 1978,35,JURIDICO
GENERAL,2,"Derechos y deberes fundamentales: garantía, protección y suspensión",CONSTITUCIÓN ESPAÑOLA DE 1978,36,JURIDICO
GENERAL,2,"Derechos y deberes fundamentales: garantía, protección y suspensión",CONSTITUCIÓN ESPAÑOLA DE 1978,37,JURIDICO
GENERAL,2,"Derechos y deberes fundamentales: garantía, protección y suspensión",CONSTITUCIÓN ESPAÑOLA DE 1978,38,JURIDICO
GENERAL,2,"Derechos y deberes fundamentales: garantía, protección y suspensión",CONSTITUCIÓN ESPAÑOLA DE 1978,39,JURIDICO
GENERAL,2,"Derechos y deberes fundamentales: garantía, protección y suspensión",CONSTITUCIÓN ESPAÑOLA DE 1978,40,JURIDICO
GENERAL,2,"Derechos y deberes fundamentales: garantía, protección y suspensión",CONSTITUCIÓN ESPAÑOLA DE 1978,41,JURIDICO
GENERAL,2,"Derechos y deberes fundamentales: garantía, protección y suspensión",CONSTITUCIÓN ESPAÑOLA DE 1978,42,JURIDICO
GENERAL,2,"Derechos y deberes fundamentales: garantía, protección y suspensión",CONSTITUCIÓN ESPAÑOLA DE 1978,43,JURIDICO
GENERAL,2,"Derechos y deberes fundamentales: garantía, protección y suspensión",CONSTITUCIÓN ESPAÑOLA DE 1978,44,JURIDICO
GENERAL,2,"Derechos y deberes fundamentales: garantía, protección y suspensión",CONSTITUCIÓN ESPAÑOLA DE 1978,45,JURIDICO
GENERAL,2,"Derechos y deberes fundamentales: garantía, protección y suspensión",CONSTITUCIÓN ESPAÑOLA DE 1978,46,JURIDICO
GENERAL,2,"Derechos y deberes fundamentales: garantía, protección y suspensión",CONSTITUCIÓN ESPAÑOLA DE 1978,47,JURIDICO
GENERAL,2,"Derechos y deberes fundamentales: garantía, protección y suspensión",CONSTITUCIÓN ESPAÑOLA DE 1978,48,JURIDICO
GENERAL,2,"Derechos y deberes fundamentales: garantía, protección y suspensión",CONSTITUCIÓN ESPAÑOLA DE 1978,49,JURIDICO
GENERAL,2,"Derechos y deberes fundamentales: garantía, protección y suspensión",CONSTITUCIÓN ESPAÑOLA DE 1978,50,JURIDICO
GENERAL,2,"Derechos y deberes fundamentales: garantía, protección y suspensión",CONSTITUCIÓN ESPAÑOLA DE 1978,51,JURIDICO
GENERAL,2,"Derechos y deberes fundamentales: garantía, protección y suspensión",CONSTITUCIÓN ESPAÑOLA DE 1978,52,JURIDICO
GENERAL,2,"Derechos y deberes fundamentales: garantía, protección y suspensión",CONSTITUCIÓN ESPAÑOLA DE 1978,53,JURIDICO
GENERAL,2,"Derechos y deberes fundamentales: garantía, protección y suspensión",CONSTITUCIÓN ESPAÑOLA DE 1978,54,JURIDICO
GENERAL,2,"Derechos y deberes fundamentales: garantía, protección y suspensión",CONSTITUCIÓN ESPAÑOLA DE 1978,55,JURIDICO
GENERAL,3,La Corona y las Cortes Generales,CONSTITUCIÓN ESPAÑOLA DE 1978,56,JURIDICO
GENERAL,3,La Corona y las Cortes Generales,CONSTITUCIÓN ESPAÑOLA DE 1978,57,JURIDICO
GENERAL,3,La Corona y las Cortes Generales,CONSTITUCIÓN ESPAÑOLA DE 1978,58,JURIDICO
GENERAL,3,La Corona y las Cortes Generales,CONSTITUCIÓN ESPAÑOLA DE 1978,59,JURIDICO
GENERAL,3,La Corona y las Cortes Generales,CONSTITUCIÓN ESPAÑOLA DE 1978,60,JURIDICO
GENERAL,3,La Corona y las Cortes Generales,CONSTITUCIÓN ESPAÑOLA DE 1978,61,JURIDICO
GENERAL,3,La Corona y las Cortes Generales,CONSTITUCIÓN ESPAÑOLA DE 1978,62,JURIDICO
GENERAL,3,La Corona y las Cortes Generales,CONSTITUCIÓN ESPAÑOLA DE 1978,63,JURIDICO
GENERAL,3,La Corona y las Cortes Generales,CONSTITUCIÓN ESPAÑOLA DE 1978,64,JURIDICO
GENERAL,3,La Corona y las Cortes Generales,CONSTITUCIÓN ESPAÑOLA DE 1978,65,JURIDICO
GENERAL,3,La Corona y las Cortes Generales,CONSTITUCIÓN ESPAÑOLA DE 1978,66,JURIDICO
GENERAL,3,La Corona y las Cortes Generales,CONSTITUCIÓN ESPAÑOLA DE 1978,67,JURIDICO
GENERAL,3,La Corona y las Cortes Generales,CONSTITUCIÓN ESPAÑOLA DE 1978,68,JURIDICO
GENERAL,3,La Corona y las Cortes Generales,CONSTITUCIÓN ESPAÑOLA DE 1978,69,JURIDICO
GENERAL,3,La Corona y las Cortes Generales,CONSTITUCIÓN ESPAÑOLA DE 1978,70,JURIDICO
GENERAL,3,La Corona y las Cortes Generales,CONSTITUCIÓN ESPAÑOLA DE 1978,71,JURIDICO
GENERAL,3,La Corona y las Cortes Generales,CONSTITUCIÓN ESPAÑOLA DE 1978,72,JURIDICO
GENERAL,3,La Corona y las Cortes Generales,CONSTITUCIÓN ESPAÑOLA DE 1978,73,JURIDICO
GENERAL,3,La Corona y las Cortes Generales,CONSTITUCIÓN ESPAÑOLA DE 1978,74,JURIDICO
GENERAL,3,La Corona y las Cortes Generales,CONSTITUCIÓN ESPAÑOLA DE 1978,75,JURIDICO
GENERAL,3,La Corona y las Cortes Generales,CONSTITUCIÓN ESPAÑOLA DE 1978,76,JURIDICO
GENERAL,3,La Corona y las Cortes Generales,CONSTITUCIÓN ESPAÑOLA DE 1978,77,JURIDICO
GENERAL,3,La Corona y las Cortes Generales,CONSTITUCIÓN ESPAÑOLA DE 1978,78,JURIDICO
GENERAL,3,La Corona y las Cortes Generales,CONSTITUCIÓN ESPAÑOLA DE 1978,79,JURIDICO
GENERAL,3,La Corona y las Cortes Generales,CONSTITUCIÓN ESPAÑOLA DE 1978,80,JURIDICO
GENERAL,4,"Gobierno, Administración, Poder Judicial y Tribunal Constitucional",CONSTITUCIÓN ESPAÑOLA DE 1978,97,JURIDICO
GENERAL,4,"Gobierno, Administración, Poder Judicial y Tribunal Constitucional",CONSTITUCIÓN ESPAÑOLA DE 1978,98,JURIDICO
GENERAL,4,"Gobierno, Administración, Poder Judicial y Tribunal Constitucional",CONSTITUCIÓN ESPAÑOLA DE 1978,99,JURIDICO
GENERAL,4,"Gobierno, Administración, Poder Judicial y Tribunal Constitucional",CONSTITUCIÓN ESPAÑOLA DE 1978,100,JURIDICO
GENERAL,4,"Gobierno, Administración, Poder Judicial y Tribunal Constitucional",CONSTITUCIÓN ESPAÑOLA DE 1978,101,JURIDICO
GENERAL,4,"Gobierno, Administración, Poder Judicial y Tribunal Constitucional",CONSTITUCIÓN ESPAÑOLA DE 1978,102,JURIDICO
GENERAL,4,"Gobierno, Administración, Poder Judicial y Tribunal Constitucional",CONSTITUCIÓN ESPAÑOLA DE 1978,103,JURIDICO
GENERAL,4,"Gobierno, Administración, Poder Judicial y Tribunal Constitucional",CONSTITUCIÓN ESPAÑOLA DE 1978,104,JURIDICO
GENERAL,4,"Gobierno, Administración, Poder Judicial y Tribunal Constitucional",CONSTITUCIÓN ESPAÑOLA DE 1978,105,JURIDICO
GENERAL,4,"Gobierno, Administración, Poder Judicial y Tribunal Constitucional",CONSTITUCIÓN ESPAÑOLA DE 1978,106,JURIDICO
GENERAL,4,"Gobierno, Administración, Poder Judicial y Tribunal Constitucional",CONSTITUCIÓN ESPAÑOLA DE 1978,107,JURIDICO
GENERAL,4,"Gobierno, Administración, Poder Judicial y Tribunal Constitucional",CONSTITUCIÓN ESPAÑOLA DE 1978,108,JURIDICO
GENERAL,4,"Gobierno, Administración, Poder Judicial y Tribunal Constitucional",CONSTITUCIÓN ESPAÑOLA DE 1978,109,JURIDICO
GENERAL,4,"Gobierno, Administración, Poder Judicial y Tribunal Constitucional",CONSTITUCIÓN ESPAÑOLA DE 1978,110,JURIDICO
GENERAL,4,"Gobierno, Administración, Poder Judicial y Tribunal Constitucional",CONSTITUCIÓN ESPAÑOLA DE 1978,111,JURIDICO
GENERAL,4,"Gobierno, Administración, Poder Judicial y Tribunal Constitucional",CONSTITUCIÓN ESPAÑOLA DE 1978,112,JURIDICO
GENERAL,4,"Gobierno, Administración, Poder Judicial y Tribunal Constitucional",CONSTITUCIÓN ESPAÑOLA DE 1978,113,JURIDICO
GENERAL,4,"Gobierno, Administración, Poder Judicial y Tribunal Constitucional",CONSTITUCIÓN ESPAÑOLA DE 1978,114,JURIDICO
GENERAL,4,"Gobierno, Administración, Poder Judicial y Tribunal Constitucional",CONSTITUCIÓN ESPAÑOLA DE 1978,115,JURIDICO
GENERAL,4,"Gobierno, Administración, Poder Judicial y Tribunal Constitucional",CONSTITUCIÓN ESPAÑOLA DE 1978,116,JURIDICO
GENERAL,4,"Gobierno, Administración, Poder Judicial y Tribunal Constitucional",CONSTITUCIÓN ESPAÑOLA DE 1978,117,JURIDICO
GENERAL,4,"Gobierno, Administración, Poder Judicial y Tribunal Constitucional",CONSTITUCIÓN ESPAÑOLA DE 1978,118,JURIDICO
GENERAL,4,"Gobierno, Administración, Poder Judicial y Tribunal Constitucional",CONSTITUCIÓN ESPAÑOLA DE 1978,119,JURIDICO
GENERAL,4,"Gobierno, Administración, Poder Judicial y Tribunal Constitucional",CONSTITUCIÓN ESPAÑOLA DE 1978,120,JURIDICO
GENERAL,4,"Gobierno, Administración, Poder Judicial y Tribunal Constitucional",CONSTITUCIÓN ESPAÑOLA DE 1978,121,JURIDICO
GENERAL,4,"Gobierno, Administración, Poder Judicial y Tribunal Constitucional",CONSTITUCIÓN ESPAÑOLA DE 1978,122,JURIDICO
GENERAL,4,"Gobierno, Administración, Poder Judicial y Tribunal Constitucional",CONSTITUCIÓN ESPAÑOLA DE 1978,123,JURIDICO
GENERAL,4,"Gobierno, Administración, Poder Judicial y Tribunal Constitucional",CONSTITUCIÓN ESPAÑOLA DE 1978,124,JURIDICO
GENERAL,4,"Gobierno, Administración, Poder Judicial y Tribunal Constitucional",CONSTITUCIÓN ESPAÑOLA DE 1978,125,JURIDICO
GENERAL,4,"Gobierno, Administración, Poder Judicial y Tribunal Constitucional",CONSTITUCIÓN ESPAÑOLA DE 1978,126,JURIDICO
GENERAL,4,"Gobierno, Administración, Poder Judicial y Tribunal Constitucional",CONSTITUCIÓN ESPAÑOLA DE 1978,127,JURIDICO
GENERAL,4,"Gobierno, Administración, Poder Judicial y Tribunal Constitucional",CONSTITUCIÓN ESPAÑOLA DE 1978,159,JURIDICO
GENERAL,4,"Gobierno, Administración, Poder Judicial y Tribunal Constitucional",CONSTITUCIÓN ESPAÑOLA DE 1978,160,JURIDICO
GENERAL,4,"Gobierno, Administración, Poder Judicial y Tribunal Constitucional",CONSTITUCIÓN ESPAÑOLA DE 1978,161,JURIDICO
GENERAL,4,"Gobierno, Administración, Poder Judicial y Tribunal Constitucional",CONSTITUCIÓN ESPAÑOLA DE 1978,162,JURIDICO
GENERAL,4,"Gobierno, Administración, Poder Judicial y Tribunal Constitucional",CONSTITUCIÓN ESPAÑOLA DE 1978,163,JURIDICO
GENERAL,4,"Gobierno, Administración, Poder Judicial y Tribunal Constitucional",CONSTITUCIÓN ESPAÑOLA DE 1978,164,JURIDICO
GENERAL,4,"Gobierno, Administración, Poder Judicial y Tribunal Constitucional",CONSTITUCIÓN ESPAÑOLA DE 1978,165,JURIDICO
GENERAL,5,Organización territorial del Estado y distribución de competencias,CONSTITUCIÓN ESPAÑOLA DE 1978,137,JURIDICO
GENERAL,5,Organización territorial del Estado y distribución de competencias,CONSTITUCIÓN ESPAÑOLA DE 1978,138,JURIDICO
GENERAL,5,Organización territorial del Estado y distribución de competencias,CONSTITUCIÓN ESPAÑOLA DE 1978,139,JURIDICO
GENERAL,5,Organización territorial del Estado y distribución de competencias,CONSTITUCIÓN ESPAÑOLA DE 1978,140,JURIDICO
GENERAL,5,Organización territorial del Estado y distribución de competencias,CONSTITUCIÓN ESPAÑOLA DE 1978,141,JURIDICO
GENERAL,5,Organización territorial del Estado y distribución de competencias,CONSTITUCIÓN ESPAÑOLA DE 1978,142,JURIDICO
GENERAL,5,Organización territorial del Estado y distribución de competencias,CONSTITUCIÓN ESPAÑOLA DE 1978,143,JURIDICO
GENERAL,5,Organización territorial del Estado y distribución de competencias,CONSTITUCIÓN ESPAÑOLA DE 1978,144,JURIDICO
GENERAL,5,Organización territorial del Estado y distribución de competencias,CONSTITUCIÓN ESPAÑOLA DE 1978,145,JURIDICO
GENERAL,5,Organización territorial del Estado y distribución de competencias,CONSTITUCIÓN ESPAÑOLA DE 1978,146,JURIDICO
GENERAL,5,Organización territorial del Estado y distribución de competencias,CONSTITUCIÓN ESPAÑOLA DE 1978,147,JURIDICO
GENERAL,5,Organización territorial del Estado y distribución de competencias,CONSTITUCIÓN ESPAÑOLA DE 1978,148,JURIDICO
GENERAL,5,Organización territorial del Estado y distribución de competencias,CONSTITUCIÓN ESPAÑOLA DE 1978,149,JURIDICO
GENERAL,5,Organización territorial del Estado y distribución de competencias,CONSTITUCIÓN ESPAÑOLA DE 1978,150,JURIDICO
GENERAL,5,Organización territorial del Estado y distribución de competencias,CONSTITUCIÓN ESPAÑOLA DE 1978,151,JURIDICO
GENERAL,5,Organización territorial del Estado y distribución de competencias,CONSTITUCIÓN ESPAÑOLA DE 1978,152,JURIDICO
GENERAL,5,Organización territorial del Estado y distribución de competencias,CONSTITUCIÓN ESPAÑOLA DE 1978,153,JURIDICO
GENERAL,5,Organización territorial del Estado y distribución de competencias,CONSTITUCIÓN ESPAÑOLA DE 1978,154,JURIDICO
GENERAL,5,Organización territorial del Estado y distribución de competencias,CONSTITUCIÓN ESPAÑOLA DE 1978,155,JURIDICO
GENERAL,5,Organización territorial del Estado y distribución de competencias,CONSTITUCIÓN ESPAÑOLA DE 1978,156,JURIDICO
GENERAL,5,Organización territorial del Estado y distribución de competencias,CONSTITUCIÓN ESPAÑOLA DE 1978,157,JURIDICO
GENERAL,5,Organización territorial del Estado y distribución de competencias,CONSTITUCIÓN ESPAÑOLA DE 1978,158,JURIDICO
GENERAL,6,Estatuto de Autonomía de la Comunitat Valenciana e instituciones de autogobierno,ESTATUTO DE AUTONOMÍA DE LA COMUNITAT VALENCIANA,1,JURIDICO
GENERAL,6,Estatuto de Autonomía de la Comunitat Valenciana e instituciones de autogobierno,ESTATUTO DE AUTONOMÍA DE LA COMUNITAT VALENCIANA,2,JURIDICO
GENERAL,6,Estatuto de Autonomía de la Comunitat Valenciana e instituciones de autogobierno,ESTATUTO DE AUTONOMÍA DE LA COMUNITAT VALENCIANA,3,JURIDICO
GENERAL,6,Estatuto de Autonomía de la Comunitat Valenciana e instituciones de autogobierno,ESTATUTO DE AUTONOMÍA DE LA COMUNITAT VALENCIANA,4,JURIDICO
GENERAL,6,Estatuto de Autonomía de la Comunitat Valenciana e instituciones de autogobierno,ESTATUTO DE AUTONOMÍA DE LA COMUNITAT VALENCIANA,5,JURIDICO
GENERAL,6,Estatuto de Autonomía de la Comunitat Valenciana e instituciones de autogobierno,ESTATUTO DE AUTONOMÍA DE LA COMUNITAT VALENCIANA,6,JURIDICO
GENERAL,6,Estatuto de Autonomía de la Comunitat Valenciana e instituciones de autogobierno,ESTATUTO DE AUTONOMÍA DE LA COMUNITAT VALENCIANA,7,JURIDICO
GENERAL,6,Estatuto de Autonomía de la Comunitat Valenciana e instituciones de autogobierno,ESTATUTO DE AUTONOMÍA DE LA COMUNITAT VALENCIANA,8,JURIDICO
GENERAL,6,Estatuto de Autonomía de la Comunitat Valenciana e instituciones de autogobierno,ESTATUTO DE AUTONOMÍA DE LA COMUNITAT VALENCIANA,9,JURIDICO
GENERAL,6,Estatuto de Autonomía de la Comunitat Valenciana e instituciones de autogobierno,ESTATUTO DE AUTONOMÍA DE LA COMUNITAT VALENCIANA,10,JURIDICO
GENERAL,6,Estatuto de Autonomía de la Comunitat Valenciana e instituciones de autogobierno,ESTATUTO DE AUTONOMÍA DE LA COMUNITAT VALENCIANA,20,JURIDICO
GENERAL,6,Estatuto de Autonomía de la Comunitat Valenciana e instituciones de autogobierno,ESTATUTO DE AUTONOMÍA DE LA COMUNITAT VALENCIANA,21,JURIDICO
GENERAL,6,Estatuto de Autonomía de la Comunitat Valenciana e instituciones de autogobierno,ESTATUTO DE AUTONOMÍA DE LA COMUNITAT VALENCIANA,22,JURIDICO
GENERAL,6,Estatuto de Autonomía de la Comunitat Valenciana e instituciones de autogobierno,ESTATUTO DE AUTONOMÍA DE LA COMUNITAT VALENCIANA,23,JURIDICO
GENERAL,6,Estatuto de Autonomía de la Comunitat Valenciana e instituciones de autogobierno,ESTATUTO DE AUTONOMÍA DE LA COMUNITAT VALENCIANA,24,JURIDICO
GENERAL,6,Estatuto de Autonomía de la Comunitat Valenciana e instituciones de autogobierno,ESTATUTO DE AUTONOMÍA DE LA COMUNITAT VALENCIANA,25,JURIDICO
GENERAL,6,Estatuto de Autonomía de la Comunitat Valenciana e instituciones de autogobierno,ESTATUTO DE AUTONOMÍA DE LA COMUNITAT VALENCIANA,26,JURIDICO
GENERAL,6,Estatuto de Autonomía de la Comunitat Valenciana e instituciones de autogobierno,ESTATUTO DE AUTONOMÍA DE LA COMUNITAT VALENCIANA,27,JURIDICO
GENERAL,6,Estatuto de Autonomía de la Comunitat Valenciana e instituciones de autogobierno,ESTATUTO DE AUTONOMÍA DE LA COMUNITAT VALENCIANA,28,JURIDICO
GENERAL,6,Estatuto de Autonomía de la Comunitat Valenciana e instituciones de autogobierno,ESTATUTO DE AUTONOMÍA DE LA COMUNITAT VALENCIANA,29,JURIDICO
GENERAL,6,Estatuto de Autonomía de la Comunitat Valenciana e instituciones de autogobierno,ESTATUTO DE AUTONOMÍA DE LA COMUNITAT VALENCIANA,59,JURIDICO
GENERAL,6,Estatuto de Autonomía de la Comunitat Valenciana e instituciones de autogobierno,ESTATUTO DE AUTONOMÍA DE LA COMUNITAT VALENCIANA,60,JURIDICO
GENERAL,6,Estatuto de Autonomía de la Comunitat Valenciana e instituciones de autogobierno,ESTATUTO DE AUTONOMÍA DE LA COMUNITAT VALENCIANA,61,JURIDICO
GENERAL,6,Estatuto de Autonomía de la Comunitat Valenciana e instituciones de autogobierno,ESTATUTO DE AUTONOMÍA DE LA COMUNITAT VALENCIANA,62,JURIDICO
GENERAL,6,Estatuto de Autonomía de la Comunitat Valenciana e instituciones de autogobierno,ESTATUTO DE AUTONOMÍA DE LA COMUNITAT VALENCIANA,63,JURIDICO
GENERAL,7,"La Unión Europea: instituciones, fuentes y aplicación del Derecho de la Unión",TRATADO DE LA UNIÓN EUROPEA,13,JURIDICO
GENERAL,7,"La Unión Europea: instituciones, fuentes y aplicación del Derecho de la Unión",TRATADO DE LA UNIÓN EUROPEA,14,JURIDICO
GENERAL,7,"La Unión Europea: instituciones, fuentes y aplicación del Derecho de la Unión",TRATADO DE LA UNIÓN EUROPEA,15,JURIDICO
GENERAL,7,"La Unión Europea: instituciones, fuentes y aplicación del Derecho de la Unión",TRATADO DE LA UNIÓN EUROPEA,16,JURIDICO
GENERAL,7,"La Unión Europea: instituciones, fuentes y aplicación del Derecho de la Unión",TRATADO DE LA UNIÓN EUROPEA,17,JURIDICO
GENERAL,7,"La Unión Europea: instituciones, fuentes y aplicación del Derecho de la Unión",TRATADO DE LA UNIÓN EUROPEA,18,JURIDICO
GENERAL,7,"La Unión Europea: instituciones, fuentes y aplicación del Derecho de la Unión",TRATADO DE LA UNIÓN EUROPEA,19,JURIDICO
GENERAL,7,"La Unión Europea: instituciones, fuentes y aplicación del Derecho de la Unión",TRATADO DE FUNCIONAMIENTO DE LA UNIÓN EUROPEA,288,JURIDICO
GENERAL,7,"La Unión Europea: instituciones, fuentes y aplicación del Derecho de la Unión",TRATADO DE FUNCIONAMIENTO DE LA UNIÓN EUROPEA,289,JURIDICO
GENERAL,7,"La Unión Europea: instituciones, fuentes y aplicación del Derecho de la Unión",TRATADO DE FUNCIONAMIENTO DE LA UNIÓN EUROPEA,290,JURIDICO
GENERAL,7,"La Unión Europea: instituciones, fuentes y aplicación del Derecho de la Unión",TRATADO DE FUNCIONAMIENTO DE LA UNIÓN EUROPEA,291,JURIDICO
GENERAL,8,Igualdad efectiva y no discriminación en la actuación pública,"Ley Orgánica 3/2007, de 22 de marzo, para la igualdad efectiva de mujeres y hombres",1,JURIDICO
GENERAL,8,Igualdad efectiva y no discriminación en la actuación pública,"Ley Orgánica 3/2007, de 22 de marzo, para la igualdad efectiva de mujeres y hombres",2,JURIDICO
GENERAL,8,Igualdad efectiva y no discriminación en la actuación pública,"Ley Orgánica 3/2007, de 22 de marzo, para la igualdad efectiva de mujeres y hombres",3,JURIDICO
GENERAL,8,Igualdad efectiva y no discriminación en la actuación pública,"Ley Orgánica 3/2007, de 22 de marzo, para la igualdad efectiva de mujeres y hombres",4,JURIDICO
GENERAL,8,Igualdad efectiva y no discriminación en la actuación pública,"Ley Orgánica 3/2007, de 22 de marzo, para la igualdad efectiva de mujeres y hombres",5,JURIDICO
GENERAL,8,Igualdad efectiva y no discriminación en la actuación pública,"Ley Orgánica 3/2007, de 22 de marzo, para la igualdad efectiva de mujeres y hombres",6,JURIDICO
GENERAL,8,Igualdad efectiva y no discriminación en la actuación pública,"Ley Orgánica 3/2007, de 22 de marzo, para la igualdad efectiva de mujeres y hombres",7,JURIDICO
GENERAL,8,Igualdad efectiva y no discriminación en la actuación pública,"Ley Orgánica 3/2007, de 22 de marzo, para la igualdad efectiva de mujeres y hombres",8,JURIDICO
GENERAL,8,Igualdad efectiva y no discriminación en la actuación pública,"Ley Orgánica 3/2007, de 22 de marzo, para la igualdad efectiva de mujeres y hombres",9,JURIDICO
GENERAL,8,Igualdad efectiva y no discriminación en la actuación pública,"Ley Orgánica 3/2007, de 22 de marzo, para la igualdad efectiva de mujeres y hombres",10,JURIDICO
GENERAL,8,Igualdad efectiva y no discriminación en la actuación pública,"Ley Orgánica 3/2007, de 22 de marzo, para la igualdad efectiva de mujeres y hombres",11,JURIDICO
GENERAL,8,Igualdad efectiva y no discriminación en la actuación pública,"Ley Orgánica 3/2007, de 22 de marzo, para la igualdad efectiva de mujeres y hombres",12,JURIDICO
GENERAL,8,Igualdad efectiva y no discriminación en la actuación pública,"Ley Orgánica 3/2007, de 22 de marzo, para la igualdad efectiva de mujeres y hombres",13,JURIDICO
GENERAL,8,Igualdad efectiva y no discriminación en la actuación pública,"Ley Orgánica 3/2007, de 22 de marzo, para la igualdad efectiva de mujeres y hombres",14,JURIDICO
GENERAL,8,Igualdad efectiva y no discriminación en la actuación pública,"Ley Orgánica 3/2007, de 22 de marzo, para la igualdad efectiva de mujeres y hombres",15,JURIDICO
GENERAL,8,Igualdad efectiva y no discriminación en la actuación pública,"Ley Orgánica 3/2007, de 22 de marzo, para la igualdad efectiva de mujeres y hombres",45,JURIDICO
GENERAL,8,Igualdad efectiva y no discriminación en la actuación pública,"Ley Orgánica 3/2007, de 22 de marzo, para la igualdad efectiva de mujeres y hombres",46,JURIDICO
GENERAL,8,Igualdad efectiva y no discriminación en la actuación pública,"Ley Orgánica 3/2007, de 22 de marzo, para la igualdad efectiva de mujeres y hombres",47,JURIDICO
GENERAL,8,Igualdad efectiva y no discriminación en la actuación pública,"Ley Orgánica 3/2007, de 22 de marzo, para la igualdad efectiva de mujeres y hombres",48,JURIDICO
GENERAL,8,Igualdad efectiva y no discriminación en la actuación pública,"Ley Orgánica 3/2007, de 22 de marzo, para la igualdad efectiva de mujeres y hombres",49,JURIDICO
GENERAL,8,Igualdad efectiva y no discriminación en la actuación pública,"Ley Orgánica 3/2007, de 22 de marzo, para la igualdad efectiva de mujeres y hombres",50,JURIDICO
GENERAL,8,Igualdad efectiva y no discriminación en la actuación pública,"Ley Orgánica 3/2007, de 22 de marzo, para la igualdad efectiva de mujeres y hombres",51,JURIDICO
GENERAL,8,Igualdad efectiva y no discriminación en la actuación pública,"Ley Orgánica 3/2007, de 22 de marzo, para la igualdad efectiva de mujeres y hombres",64,JURIDICO
GENERAL,8,Igualdad efectiva y no discriminación en la actuación pública,"Ley Orgánica 3/2007, de 22 de marzo, para la igualdad efectiva de mujeres y hombres",65,JURIDICO
GENERAL,8,Igualdad efectiva y no discriminación en la actuación pública,"Ley Orgánica 3/2007, de 22 de marzo, para la igualdad efectiva de mujeres y hombres",66,JURIDICO
GENERAL,8,Igualdad efectiva y no discriminación en la actuación pública,"Ley Orgánica 3/2007, de 22 de marzo, para la igualdad efectiva de mujeres y hombres",67,JURIDICO
GENERAL,8,Igualdad efectiva y no discriminación en la actuación pública,"Ley Orgánica 3/2007, de 22 de marzo, para la igualdad efectiva de mujeres y hombres",68,JURIDICO
GENERAL,8,Igualdad efectiva y no discriminación en la actuación pública,"Ley Orgánica 3/2007, de 22 de marzo, para la igualdad efectiva de mujeres y hombres",69,JURIDICO
GENERAL,8,Igualdad efectiva y no discriminación en la actuación pública,"Ley Orgánica 3/2007, de 22 de marzo, para la igualdad efectiva de mujeres y hombres",70,JURIDICO
GENERAL,8,Igualdad efectiva y no discriminación en la actuación pública,"Ley Orgánica 3/2007, de 22 de marzo, para la igualdad efectiva de mujeres y hombres",71,JURIDICO
GENERAL,8,Igualdad efectiva y no discriminación en la actuación pública,"Ley Orgánica 3/2007, de 22 de marzo, para la igualdad efectiva de mujeres y hombres",72,JURIDICO
GENERAL,8,Igualdad efectiva y no discriminación en la actuación pública,"Ley Orgánica 3/2007, de 22 de marzo, para la igualdad efectiva de mujeres y hombres",73,JURIDICO
GENERAL,8,Igualdad efectiva y no discriminación en la actuación pública,"Ley Orgánica 3/2007, de 22 de marzo, para la igualdad efectiva de mujeres y hombres",74,JURIDICO
GENERAL,8,Igualdad efectiva y no discriminación en la actuación pública,"Ley Orgánica 3/2007, de 22 de marzo, para la igualdad efectiva de mujeres y hombres",75,JURIDICO
GENERAL,8,Igualdad efectiva y no discriminación en la actuación pública,"Ley Orgánica 3/2007, de 22 de marzo, para la igualdad efectiva de mujeres y hombres",76,JURIDICO
GENERAL,8,Igualdad efectiva y no discriminación en la actuación pública,"Ley Orgánica 3/2007, de 22 de marzo, para la igualdad efectiva de mujeres y hombres",77,JURIDICO
GENERAL,8,Igualdad efectiva y no discriminación en la actuación pública,"Ley 9/2003, de 2 de abril, para la igualdad entre mujeres y hombres",1,JURIDICO
GENERAL,8,Igualdad efectiva y no discriminación en la actuación pública,"Ley 9/2003, de 2 de abril, para la igualdad entre mujeres y hombres",2,JURIDICO
GENERAL,8,Igualdad efectiva y no discriminación en la actuación pública,"Ley 9/2003, de 2 de abril, para la igualdad entre mujeres y hombres",3,JURIDICO
GENERAL,8,Igualdad efectiva y no discriminación en la actuación pública,"Ley 9/2003, de 2 de abril, para la igualdad entre mujeres y hombres",4,JURIDICO
GENERAL,8,Igualdad efectiva y no discriminación en la actuación pública,"Ley 9/2003, de 2 de abril, para la igualdad entre mujeres y hombres",5,JURIDICO
GENERAL,8,Igualdad efectiva y no discriminación en la actuación pública,"Ley 9/2003, de 2 de abril, para la igualdad entre mujeres y hombres",6,JURIDICO
GENERAL,8,Igualdad efectiva y no discriminación en la actuación pública,"Ley 9/2003, de 2 de abril, para la igualdad entre mujeres y hombres",7,JURIDICO
GENERAL,8,Igualdad efectiva y no discriminación en la actuación pública,"Ley 9/2003, de 2 de abril, para la igualdad entre mujeres y hombres",8,JURIDICO
GENERAL,8,Igualdad efectiva y no discriminación en la actuación pública,"Ley 9/2003, de 2 de abril, para la igualdad entre mujeres y hombres",9,JURIDICO
GENERAL,8,Igualdad efectiva y no discriminación en la actuación pública,"Ley 9/2003, de 2 de abril, para la igualdad entre mujeres y hombres",10,JURIDICO
GENERAL,8,Igualdad efectiva y no discriminación en la actuación pública,"Ley 9/2003, de 2 de abril, para la igualdad entre mujeres y hombres",11,JURIDICO
GENERAL,8,Igualdad efectiva y no discriminación en la actuación pública,"Ley 9/2003, de 2 de abril, para la igualdad entre mujeres y hombres",12,JURIDICO
GENERAL,8,Igualdad efectiva y no discriminación en la actuación pública,"Ley 9/2003, de 2 de abril, para la igualdad entre mujeres y hombres",13,JURIDICO
GENERAL,8,Igualdad efectiva y no discriminación en la actuación pública,"Ley 9/2003, de 2 de abril, para la igualdad entre mujeres y hombres",14,JURIDICO
GENERAL,9,"Transparencia, acceso a la información pública y buen gobierno","Ley 19/2013, de 9 de diciembre, de transparencia, acceso a la información pública y buen gobierno",1,JURIDICO
GENERAL,9,"Transparencia, acceso a la información pública y buen gobierno","Ley 19/2013, de 9 de diciembre, de transparencia, acceso a la información pública y buen gobierno",2,JURIDICO
GENERAL,9,"Transparencia, acceso a la información pública y buen gobierno","Ley 19/2013, de 9 de diciembre, de transparencia, acceso a la información pública y buen gobierno",3,JURIDICO
GENERAL,9,"Transparencia, acceso a la información pública y buen gobierno","Ley 19/2013, de 9 de diciembre, de transparencia, acceso a la información pública y buen gobierno",4,JURIDICO
GENERAL,9,"Transparencia, acceso a la información pública y buen gobierno","Ley 19/2013, de 9 de diciembre, de transparencia, acceso a la información pública y buen gobierno",5,JURIDICO
GENERAL,9,"Transparencia, acceso a la información pública y buen gobierno","Ley 19/2013, de 9 de diciembre, de transparencia, acceso a la información pública y buen gobierno",6,JURIDICO
GENERAL,9,"Transparencia, acceso a la información pública y buen gobierno","Ley 19/2013, de 9 de diciembre, de transparencia, acceso a la información pública y buen gobierno",7,JURIDICO
GENERAL,9,"Transparencia, acceso a la información pública y buen gobierno","Ley 19/2013, de 9 de diciembre, de transparencia, acceso a la información pública y buen gobierno",8,JURIDICO
GENERAL,9,"Transparencia, acceso a la información pública y buen gobierno","Ley 19/2013, de 9 de diciembre, de transparencia, acceso a la información pública y buen gobierno",9,JURIDICO
GENERAL,9,"Transparencia, acceso a la información pública y buen gobierno","Ley 19/2013, de 9 de diciembre, de transparencia, acceso a la información pública y buen gobierno",10,JURIDICO
GENERAL,9,"Transparencia, acceso a la información pública y buen gobierno","Ley 19/2013, de 9 de diciembre, de transparencia, acceso a la información pública y buen gobierno",11,JURIDICO
GENERAL,9,"Transparencia, acceso a la información pública y buen gobierno","Ley 19/2013, de 9 de diciembre, de transparencia, acceso a la información pública y buen gobierno",12,JURIDICO
GENERAL,9,"Transparencia, acceso a la información pública y buen gobierno","Ley 19/2013, de 9 de diciembre, de transparencia, acceso a la información pública y buen gobierno",13,JURIDICO
GENERAL,9,"Transparencia, acceso a la información pública y buen gobierno","Ley 19/2013, de 9 de diciembre, de transparencia, acceso a la información pública y buen gobierno",14,JURIDICO
GENERAL,9,"Transparencia, acceso a la información pública y buen gobierno","Ley 19/2013, de 9 de diciembre, de transparencia, acceso a la información pública y buen gobierno",15,JURIDICO
GENERAL,9,"Transparencia, acceso a la información pública y buen gobierno","Ley 19/2013, de 9 de diciembre, de transparencia, acceso a la información pública y buen gobierno",16,JURIDICO
GENERAL,9,"Transparencia, acceso a la información pública y buen gobierno","Ley 19/2013, de 9 de diciembre, de transparencia, acceso a la información pública y buen gobierno",17,JURIDICO
GENERAL,9,"Transparencia, acceso a la información pública y buen gobierno","Ley 19/2013, de 9 de diciembre, de transparencia, acceso a la información pública y buen gobierno",18,JURIDICO
GENERAL,9,"Transparencia, acceso a la información pública y buen gobierno","Ley 19/2013, de 9 de diciembre, de transparencia, acceso a la información pública y buen gobierno",19,JURIDICO
GENERAL,9,"Transparencia, acceso a la información pública y buen gobierno","Ley 19/2013, de 9 de diciembre, de transparencia, acceso a la información pública y buen gobierno",20,JURIDICO
GENERAL,9,"Transparencia, acceso a la información pública y buen gobierno","Ley 19/2013, de 9 de diciembre, de transparencia, acceso a la información pública y buen gobierno",21,JURIDICO
GENERAL,9,"Transparencia, acceso a la información pública y buen gobierno","Ley 19/2013, de 9 de diciembre, de transparencia, acceso a la información pública y buen gobierno",22,JURIDICO
GENERAL,9,"Transparencia, acceso a la información pública y buen gobierno","Ley 19/2013, de 9 de diciembre, de transparencia, acceso a la información pública y buen gobierno",23,JURIDICO
GENERAL,9,"Transparencia, acceso a la información pública y buen gobierno","Ley 19/2013, de 9 de diciembre, de transparencia, acceso a la información pública y buen gobierno",24,JURIDICO
GENERAL,10,Protección de datos personales y derechos digitales,"Ley Orgánica 3/2018, de 5 de diciembre, de Protección de Datos Personales y garantía de los derechos digitales",1,JURIDICO
GENERAL,10,Protección de datos personales y derechos digitales,"Ley Orgánica 3/2018, de 5 de diciembre, de Protección de Datos Personales y garantía de los derechos digitales",2,JURIDICO
GENERAL,10,Protección de datos personales y derechos digitales,"Ley Orgánica 3/2018, de 5 de diciembre, de Protección de Datos Personales y garantía de los derechos digitales",3,JURIDICO
GENERAL,10,Protección de datos personales y derechos digitales,"Ley Orgánica 3/2018, de 5 de diciembre, de Protección de Datos Personales y garantía de los derechos digitales",4,JURIDICO
GENERAL,10,Protección de datos personales y derechos digitales,"Ley Orgánica 3/2018, de 5 de diciembre, de Protección de Datos Personales y garantía de los derechos digitales",5,JURIDICO
GENERAL,10,Protección de datos personales y derechos digitales,"Ley Orgánica 3/2018, de 5 de diciembre, de Protección de Datos Personales y garantía de los derechos digitales",6,JURIDICO
GENERAL,10,Protección de datos personales y derechos digitales,"Ley Orgánica 3/2018, de 5 de diciembre, de Protección de Datos Personales y garantía de los derechos digitales",7,JURIDICO
GENERAL,10,Protección de datos personales y derechos digitales,"Ley Orgánica 3/2018, de 5 de diciembre, de Protección de Datos Personales y garantía de los derechos digitales",8,JURIDICO
GENERAL,10,Protección de datos personales y derechos digitales,"Ley Orgánica 3/2018, de 5 de diciembre, de Protección de Datos Personales y garantía de los derechos digitales",9,JURIDICO
GENERAL,10,Protección de datos personales y derechos digitales,"Ley Orgánica 3/2018, de 5 de diciembre, de Protección de Datos Personales y garantía de los derechos digitales",10,JURIDICO
GENERAL,10,Protección de datos personales y derechos digitales,"Ley Orgánica 3/2018, de 5 de diciembre, de Protección de Datos Personales y garantía de los derechos digitales",11,JURIDICO
GENERAL,10,Protección de datos personales y derechos digitales,"Ley Orgánica 3/2018, de 5 de diciembre, de Protección de Datos Personales y garantía de los derechos digitales",12,JURIDICO
GENERAL,10,Protección de datos personales y derechos digitales,"Ley Orgánica 3/2018, de 5 de diciembre, de Protección de Datos Personales y garantía de los derechos digitales",13,JURIDICO
GENERAL,10,Protección de datos personales y derechos digitales,"Ley Orgánica 3/2018, de 5 de diciembre, de Protección de Datos Personales y garantía de los derechos digitales",14,JURIDICO
GENERAL,10,Protección de datos personales y derechos digitales,"Ley Orgánica 3/2018, de 5 de diciembre, de Protección de Datos Personales y garantía de los derechos digitales",15,JURIDICO
GENERAL,10,Protección de datos personales y derechos digitales,"Ley Orgánica 3/2018, de 5 de diciembre, de Protección de Datos Personales y garantía de los derechos digitales",16,JURIDICO
GENERAL,10,Protección de datos personales y derechos digitales,"Ley Orgánica 3/2018, de 5 de diciembre, de Protección de Datos Personales y garantía de los derechos digitales",17,JURIDICO
GENERAL,10,Protección de datos personales y derechos digitales,"Ley Orgánica 3/2018, de 5 de diciembre, de Protección de Datos Personales y garantía de los derechos digitales",18,JURIDICO
GENERAL,10,Protección de datos personales y derechos digitales,"Ley Orgánica 3/2018, de 5 de diciembre, de Protección de Datos Personales y garantía de los derechos digitales",19,JURIDICO
GENERAL,10,Protección de datos personales y derechos digitales,"Ley Orgánica 3/2018, de 5 de diciembre, de Protección de Datos Personales y garantía de los derechos digitales",20,JURIDICO
GENERAL,10,Protección de datos personales y derechos digitales,"Ley Orgánica 3/2018, de 5 de diciembre, de Protección de Datos Personales y garantía de los derechos digitales",21,JURIDICO
GENERAL,10,Protección de datos personales y derechos digitales,"Ley Orgánica 3/2018, de 5 de diciembre, de Protección de Datos Personales y garantía de los derechos digitales",22,JURIDICO
GENERAL,10,Protección de datos personales y derechos digitales,"Ley Orgánica 3/2018, de 5 de diciembre, de Protección de Datos Personales y garantía de los derechos digitales",23,JURIDICO
GENERAL,10,Protección de datos personales y derechos digitales,"Ley Orgánica 3/2018, de 5 de diciembre, de Protección de Datos Personales y garantía de los derechos digitales",24,JURIDICO
GENERAL,10,Protección de datos personales y derechos digitales,"Ley Orgánica 3/2018, de 5 de diciembre, de Protección de Datos Personales y garantía de los derechos digitales",31,JURIDICO
GENERAL,10,Protección de datos personales y derechos digitales,"Ley Orgánica 3/2018, de 5 de diciembre, de Protección de Datos Personales y garantía de los derechos digitales",32,JURIDICO
GENERAL,10,Protección de datos personales y derechos digitales,"Ley Orgánica 3/2018, de 5 de diciembre, de Protección de Datos Personales y garantía de los derechos digitales",33,JURIDICO
GENERAL,10,Protección de datos personales y derechos digitales,"Ley Orgánica 3/2018, de 5 de diciembre, de Protección de Datos Personales y garantía de los derechos digitales",34,JURIDICO
GENERAL,10,Protección de datos personales y derechos digitales,"Ley Orgánica 3/2018, de 5 de diciembre, de Protección de Datos Personales y garantía de los derechos digitales",35,JURIDICO
GENERAL,10,Protección de datos personales y derechos digitales,"Ley Orgánica 3/2018, de 5 de diciembre, de Protección de Datos Personales y garantía de los derechos digitales",36,JURIDICO
GENERAL,10,Protección de datos personales y derechos digitales,"Ley Orgánica 3/2018, de 5 de diciembre, de Protección de Datos Personales y garantía de los derechos digitales",37,JURIDICO
GENERAL,10,Protección de datos personales y derechos digitales,"Ley Orgánica 3/2018, de 5 de diciembre, de Protección de Datos Personales y garantía de los derechos digitales",38,JURIDICO
GENERAL,10,Protección de datos personales y derechos digitales,"Ley Orgánica 3/2018, de 5 de diciembre, de Protección de Datos Personales y garantía de los derechos digitales",70,JURIDICO
GENERAL,10,Protección de datos personales y derechos digitales,"Ley Orgánica 3/2018, de 5 de diciembre, de Protección de Datos Personales y garantía de los derechos digitales",71,JURIDICO
GENERAL,10,Protección de datos personales y derechos digitales,"Ley Orgánica 3/2018, de 5 de diciembre, de Protección de Datos Personales y garantía de los derechos digitales",72,JURIDICO
GENERAL,10,Protección de datos personales y derechos digitales,"Ley Orgánica 3/2018, de 5 de diciembre, de Protección de Datos Personales y garantía de los derechos digitales",73,JURIDICO
GENERAL,10,Protección de datos personales y derechos digitales,"Ley Orgánica 3/2018, de 5 de diciembre, de Protección de Datos Personales y garantía de los derechos digitales",74,JURIDICO
GENERAL,10,Protección de datos personales y derechos digitales,"Ley Orgánica 3/2018, de 5 de diciembre, de Protección de Datos Personales y garantía de los derechos digitales",75,JURIDICO
GENERAL,10,Protección de datos personales y derechos digitales,"Ley Orgánica 3/2018, de 5 de diciembre, de Protección de Datos Personales y garantía de los derechos digitales",76,JURIDICO
GENERAL,10,Protección de datos personales y derechos digitales,"Ley Orgánica 3/2018, de 5 de diciembre, de Protección de Datos Personales y garantía de los derechos digitales",77,JURIDICO
GENERAL,10,Protección de datos personales y derechos digitales,"Ley Orgánica 3/2018, de 5 de diciembre, de Protección de Datos Personales y garantía de los derechos digitales",78,JURIDICO
GENERAL,10,Protección de datos personales y derechos digitales,"Ley Orgánica 3/2018, de 5 de diciembre, de Protección de Datos Personales y garantía de los derechos digitales",79,JURIDICO
GENERAL,10,Protección de datos personales y derechos digitales,"Ley Orgánica 3/2018, de 5 de diciembre, de Protección de Datos Personales y garantía de los derechos digitales",80,JURIDICO
GENERAL,10,Protección de datos personales y derechos digitales,"Ley Orgánica 3/2018, de 5 de diciembre, de Protección de Datos Personales y garantía de los derechos digitales",81,JURIDICO
GENERAL,10,Protección de datos personales y derechos digitales,"Ley Orgánica 3/2018, de 5 de diciembre, de Protección de Datos Personales y garantía de los derechos digitales",82,JURIDICO
GENERAL,10,Protección de datos personales y derechos digitales,"Ley Orgánica 3/2018, de 5 de diciembre, de Protección de Datos Personales y garantía de los derechos digitales",83,JURIDICO
GENERAL,10,Protección de datos personales y derechos digitales,"Ley Orgánica 3/2018, de 5 de diciembre, de Protección de Datos Personales y garantía de los derechos digitales",84,JURIDICO
GENERAL,10,Protección de datos personales y derechos digitales,"Ley Orgánica 3/2018, de 5 de diciembre, de Protección de Datos Personales y garantía de los derechos digitales",85,JURIDICO
GENERAL,10,Protección de datos personales y derechos digitales,"Ley Orgánica 3/2018, de 5 de diciembre, de Protección de Datos Personales y garantía de los derechos digitales",86,JURIDICO
GENERAL,10,Protección de datos personales y derechos digitales,"Ley Orgánica 3/2018, de 5 de diciembre, de Protección de Datos Personales y garantía de los derechos digitales",87,JURIDICO
GENERAL,10,Protección de datos personales y derechos digitales,"Ley Orgánica 3/2018, de 5 de diciembre, de Protección de Datos Personales y garantía de los derechos digitales",88,JURIDICO
GENERAL,10,Protección de datos personales y derechos digitales,"Ley Orgánica 3/2018, de 5 de diciembre, de Protección de Datos Personales y garantía de los derechos digitales",89,JURIDICO
GENERAL,10,Protección de datos personales y derechos digitales,"Ley Orgánica 3/2018, de 5 de diciembre, de Protección de Datos Personales y garantía de los derechos digitales",90,JURIDICO
GENERAL,10,Protección de datos personales y derechos digitales,"Ley Orgánica 3/2018, de 5 de diciembre, de Protección de Datos Personales y garantía de los derechos digitales",91,JURIDICO
GENERAL,10,Protección de datos personales y derechos digitales,"Ley Orgánica 3/2018, de 5 de diciembre, de Protección de Datos Personales y garantía de los derechos digitales",92,JURIDICO
GENERAL,10,Protección de datos personales y derechos digitales,"Ley Orgánica 3/2018, de 5 de diciembre, de Protección de Datos Personales y garantía de los derechos digitales",93,JURIDICO
GENERAL,10,Protección de datos personales y derechos digitales,"Ley Orgánica 3/2018, de 5 de diciembre, de Protección de Datos Personales y garantía de los derechos digitales",94,JURIDICO
GENERAL,10,Protección de datos personales y derechos digitales,"Ley Orgánica 3/2018, de 5 de diciembre, de Protección de Datos Personales y garantía de los derechos digitales",95,JURIDICO
GENERAL,10,Protección de datos personales y derechos digitales,"Ley Orgánica 3/2018, de 5 de diciembre, de Protección de Datos Personales y garantía de los derechos digitales",96,JURIDICO
GENERAL,10,Protección de datos personales y derechos digitales,"Ley Orgánica 3/2018, de 5 de diciembre, de Protección de Datos Personales y garantía de los derechos digitales",97,JURIDICO
ESPECIAL,1,Fuentes del Derecho administrativo y potestad reglamentaria,CONSTITUCIÓN ESPAÑOLA DE 1978,81,JURIDICO
ESPECIAL,1,Fuentes del Derecho administrativo y potestad reglamentaria,CONSTITUCIÓN ESPAÑOLA DE 1978,82,JURIDICO
ESPECIAL,1,Fuentes del Derecho administrativo y potestad reglamentaria,CONSTITUCIÓN ESPAÑOLA DE 1978,83,JURIDICO
ESPECIAL,1,Fuentes del Derecho administrativo y potestad reglamentaria,CONSTITUCIÓN ESPAÑOLA DE 1978,84,JURIDICO
ESPECIAL,1,Fuentes del Derecho administrativo y potestad reglamentaria,CONSTITUCIÓN ESPAÑOLA DE 1978,85,JURIDICO
ESPECIAL,1,Fuentes del Derecho administrativo y potestad reglamentaria,CONSTITUCIÓN ESPAÑOLA DE 1978,86,JURIDICO
ESPECIAL,1,Fuentes del Derecho administrativo y potestad reglamentaria,CONSTITUCIÓN ESPAÑOLA DE 1978,87,JURIDICO
ESPECIAL,1,Fuentes del Derecho administrativo y potestad reglamentaria,CONSTITUCIÓN ESPAÑOLA DE 1978,88,JURIDICO
ESPECIAL,1,Fuentes del Derecho administrativo y potestad reglamentaria,CONSTITUCIÓN ESPAÑOLA DE 1978,89,JURIDICO
ESPECIAL,1,Fuentes del Derecho administrativo y potestad reglamentaria,CONSTITUCIÓN ESPAÑOLA DE 1978,90,JURIDICO
ESPECIAL,1,Fuentes del Derecho administrativo y potestad reglamentaria,CONSTITUCIÓN ESPAÑOLA DE 1978,91,JURIDICO
ESPECIAL,1,Fuentes del Derecho administrativo y potestad reglamentaria,CONSTITUCIÓN ESPAÑOLA DE 1978,92,JURIDICO
ESPECIAL,1,Fuentes del Derecho administrativo y potestad reglamentaria,"Ley 40/2015, de 1 de octubre, de Régimen Jurídico del Sector Público",128,JURIDICO
ESPECIAL,1,Fuentes del Derecho administrativo y potestad reglamentaria,"Ley 40/2015, de 1 de octubre, de Régimen Jurídico del Sector Público",129,JURIDICO
ESPECIAL,1,Fuentes del Derecho administrativo y potestad reglamentaria,"Ley 40/2015, de 1 de octubre, de Régimen Jurídico del Sector Público",130,JURIDICO
ESPECIAL,1,Fuentes del Derecho administrativo y potestad reglamentaria,"Ley 40/2015, de 1 de octubre, de Régimen Jurídico del Sector Público",131,JURIDICO
ESPECIAL,1,Fuentes del Derecho administrativo y potestad reglamentaria,"Ley 40/2015, de 1 de octubre, de Régimen Jurídico del Sector Público",132,JURIDICO
ESPECIAL,1,Fuentes del Derecho administrativo y potestad reglamentaria,"Ley 40/2015, de 1 de octubre, de Régimen Jurídico del Sector Público",133,JURIDICO
ESPECIAL,2,"Organización administrativa, órganos colegiados y competencia","Ley 40/2015, de 1 de octubre, de Régimen Jurídico del Sector Público",5,JURIDICO
ESPECIAL,2,"Organización administrativa, órganos colegiados y competencia","Ley 40/2015, de 1 de octubre, de Régimen Jurídico del Sector Público",6,JURIDICO
ESPECIAL,2,"Organización administrativa, órganos colegiados y competencia","Ley 40/2015, de 1 de octubre, de Régimen Jurídico del Sector Público",7,JURIDICO
ESPECIAL,2,"Organización administrativa, órganos colegiados y competencia","Ley 40/2015, de 1 de octubre, de Régimen Jurídico del Sector Público",8,JURIDICO
ESPECIAL,2,"Organización administrativa, órganos colegiados y competencia","Ley 40/2015, de 1 de octubre, de Régimen Jurídico del Sector Público",9,JURIDICO
ESPECIAL,2,"Organización administrativa, órganos colegiados y competencia","Ley 40/2015, de 1 de octubre, de Régimen Jurídico del Sector Público",10,JURIDICO
ESPECIAL,2,"Organización administrativa, órganos colegiados y competencia","Ley 40/2015, de 1 de octubre, de Régimen Jurídico del Sector Público",11,JURIDICO
ESPECIAL,2,"Organización administrativa, órganos colegiados y competencia","Ley 40/2015, de 1 de octubre, de Régimen Jurídico del Sector Público",12,JURIDICO
ESPECIAL,2,"Organización administrativa, órganos colegiados y competencia","Ley 40/2015, de 1 de octubre, de Régimen Jurídico del Sector Público",13,JURIDICO
ESPECIAL,2,"Organización administrativa, órganos colegiados y competencia","Ley 40/2015, de 1 de octubre, de Régimen Jurídico del Sector Público",14,JURIDICO
ESPECIAL,2,"Organización administrativa, órganos colegiados y competencia","Ley 40/2015, de 1 de octubre, de Régimen Jurídico del Sector Público",15,JURIDICO
ESPECIAL,2,"Organización administrativa, órganos colegiados y competencia","Ley 40/2015, de 1 de octubre, de Régimen Jurídico del Sector Público",16,JURIDICO
ESPECIAL,2,"Organización administrativa, órganos colegiados y competencia","Ley 40/2015, de 1 de octubre, de Régimen Jurídico del Sector Público",17,JURIDICO
ESPECIAL,2,"Organización administrativa, órganos colegiados y competencia","Ley 40/2015, de 1 de octubre, de Régimen Jurídico del Sector Público",18,JURIDICO
ESPECIAL,2,"Organización administrativa, órganos colegiados y competencia","Ley 40/2015, de 1 de octubre, de Régimen Jurídico del Sector Público",19,JURIDICO
ESPECIAL,2,"Organización administrativa, órganos colegiados y competencia","Ley 40/2015, de 1 de octubre, de Régimen Jurídico del Sector Público",20,JURIDICO
ESPECIAL,2,"Organización administrativa, órganos colegiados y competencia","Ley 40/2015, de 1 de octubre, de Régimen Jurídico del Sector Público",21,JURIDICO
ESPECIAL,2,"Organización administrativa, órganos colegiados y competencia","Ley 40/2015, de 1 de octubre, de Régimen Jurídico del Sector Público",22,JURIDICO
ESPECIAL,2,"Organización administrativa, órganos colegiados y competencia","Ley 40/2015, de 1 de octubre, de Régimen Jurídico del Sector Público",23,JURIDICO
ESPECIAL,2,"Organización administrativa, órganos colegiados y competencia","Ley 40/2015, de 1 de octubre, de Régimen Jurídico del Sector Público",24,JURIDICO
ESPECIAL,3,Las personas ante las Administraciones Públicas,"Ley 39/2015, de 1 de octubre, del Procedimiento Administrativo Común de las Administraciones Públicas",3,JURIDICO
ESPECIAL,3,Las personas ante las Administraciones Públicas,"Ley 39/2015, de 1 de octubre, del Procedimiento Administrativo Común de las Administraciones Públicas",4,JURIDICO
ESPECIAL,3,Las personas ante las Administraciones Públicas,"Ley 39/2015, de 1 de octubre, del Procedimiento Administrativo Común de las Administraciones Públicas",5,JURIDICO
ESPECIAL,3,Las personas ante las Administraciones Públicas,"Ley 39/2015, de 1 de octubre, del Procedimiento Administrativo Común de las Administraciones Públicas",6,JURIDICO
ESPECIAL,3,Las personas ante las Administraciones Públicas,"Ley 39/2015, de 1 de octubre, del Procedimiento Administrativo Común de las Administraciones Públicas",7,JURIDICO
ESPECIAL,3,Las personas ante las Administraciones Públicas,"Ley 39/2015, de 1 de octubre, del Procedimiento Administrativo Común de las Administraciones Públicas",8,JURIDICO
ESPECIAL,3,Las personas ante las Administraciones Públicas,"Ley 39/2015, de 1 de octubre, del Procedimiento Administrativo Común de las Administraciones Públicas",9,JURIDICO
ESPECIAL,3,Las personas ante las Administraciones Públicas,"Ley 39/2015, de 1 de octubre, del Procedimiento Administrativo Común de las Administraciones Públicas",10,JURIDICO
ESPECIAL,3,Las personas ante las Administraciones Públicas,"Ley 39/2015, de 1 de octubre, del Procedimiento Administrativo Común de las Administraciones Públicas",11,JURIDICO
ESPECIAL,3,Las personas ante las Administraciones Públicas,"Ley 39/2015, de 1 de octubre, del Procedimiento Administrativo Común de las Administraciones Públicas",12,JURIDICO
ESPECIAL,3,Las personas ante las Administraciones Públicas,"Ley 39/2015, de 1 de octubre, del Procedimiento Administrativo Común de las Administraciones Públicas",13,JURIDICO
ESPECIAL,3,Las personas ante las Administraciones Públicas,"Ley 39/2015, de 1 de octubre, del Procedimiento Administrativo Común de las Administraciones Públicas",14,JURIDICO
ESPECIAL,4,"El acto administrativo: concepto, elementos, forma y motivación","Ley 39/2015, de 1 de octubre, del Procedimiento Administrativo Común de las Administraciones Públicas",34,JURIDICO
ESPECIAL,4,"El acto administrativo: concepto, elementos, forma y motivación","Ley 39/2015, de 1 de octubre, del Procedimiento Administrativo Común de las Administraciones Públicas",35,JURIDICO
ESPECIAL,4,"El acto administrativo: concepto, elementos, forma y motivación","Ley 39/2015, de 1 de octubre, del Procedimiento Administrativo Común de las Administraciones Públicas",36,JURIDICO
ESPECIAL,5,"Eficacia, notificación, publicación y ejecución forzosa","Ley 39/2015, de 1 de octubre, del Procedimiento Administrativo Común de las Administraciones Públicas",38,JURIDICO
ESPECIAL,5,"Eficacia, notificación, publicación y ejecución forzosa","Ley 39/2015, de 1 de octubre, del Procedimiento Administrativo Común de las Administraciones Públicas",39,JURIDICO
ESPECIAL,5,"Eficacia, notificación, publicación y ejecución forzosa","Ley 39/2015, de 1 de octubre, del Procedimiento Administrativo Común de las Administraciones Públicas",40,JURIDICO
ESPECIAL,5,"Eficacia, notificación, publicación y ejecución forzosa","Ley 39/2015, de 1 de octubre, del Procedimiento Administrativo Común de las Administraciones Públicas",41,JURIDICO
ESPECIAL,5,"Eficacia, notificación, publicación y ejecución forzosa","Ley 39/2015, de 1 de octubre, del Procedimiento Administrativo Común de las Administraciones Públicas",42,JURIDICO
ESPECIAL,5,"Eficacia, notificación, publicación y ejecución forzosa","Ley 39/2015, de 1 de octubre, del Procedimiento Administrativo Común de las Administraciones Públicas",43,JURIDICO
ESPECIAL,5,"Eficacia, notificación, publicación y ejecución forzosa","Ley 39/2015, de 1 de octubre, del Procedimiento Administrativo Común de las Administraciones Públicas",44,JURIDICO
ESPECIAL,5,"Eficacia, notificación, publicación y ejecución forzosa","Ley 39/2015, de 1 de octubre, del Procedimiento Administrativo Común de las Administraciones Públicas",45,JURIDICO
ESPECIAL,5,"Eficacia, notificación, publicación y ejecución forzosa","Ley 39/2015, de 1 de octubre, del Procedimiento Administrativo Común de las Administraciones Públicas",46,JURIDICO
ESPECIAL,5,"Eficacia, notificación, publicación y ejecución forzosa","Ley 39/2015, de 1 de octubre, del Procedimiento Administrativo Común de las Administraciones Públicas",97,JURIDICO
ESPECIAL,5,"Eficacia, notificación, publicación y ejecución forzosa","Ley 39/2015, de 1 de octubre, del Procedimiento Administrativo Común de las Administraciones Públicas",98,JURIDICO
ESPECIAL,5,"Eficacia, notificación, publicación y ejecución forzosa","Ley 39/2015, de 1 de octubre, del Procedimiento Administrativo Común de las Administraciones Públicas",99,JURIDICO
ESPECIAL,5,"Eficacia, notificación, publicación y ejecución forzosa","Ley 39/2015, de 1 de octubre, del Procedimiento Administrativo Común de las Administraciones Públicas",100,JURIDICO
ESPECIAL,5,"Eficacia, notificación, publicación y ejecución forzosa","Ley 39/2015, de 1 de octubre, del Procedimiento Administrativo Común de las Administraciones Públicas",101,JURIDICO
ESPECIAL,5,"Eficacia, notificación, publicación y ejecución forzosa","Ley 39/2015, de 1 de octubre, del Procedimiento Administrativo Común de las Administraciones Públicas",102,JURIDICO
ESPECIAL,5,"Eficacia, notificación, publicación y ejecución forzosa","Ley 39/2015, de 1 de octubre, del Procedimiento Administrativo Común de las Administraciones Públicas",103,JURIDICO
ESPECIAL,5,"Eficacia, notificación, publicación y ejecución forzosa","Ley 39/2015, de 1 de octubre, del Procedimiento Administrativo Común de las Administraciones Públicas",104,JURIDICO
ESPECIAL,5,"Eficacia, notificación, publicación y ejecución forzosa","Ley 39/2015, de 1 de octubre, del Procedimiento Administrativo Común de las Administraciones Públicas",105,JURIDICO
ESPECIAL,6,Invalidez de los actos administrativos,"Ley 39/2015, de 1 de octubre, del Procedimiento Administrativo Común de las Administraciones Públicas",47,JURIDICO
ESPECIAL,6,Invalidez de los actos administrativos,"Ley 39/2015, de 1 de octubre, del Procedimiento Administrativo Común de las Administraciones Públicas",48,JURIDICO
ESPECIAL,6,Invalidez de los actos administrativos,"Ley 39/2015, de 1 de octubre, del Procedimiento Administrativo Común de las Administraciones Públicas",49,JURIDICO
ESPECIAL,6,Invalidez de los actos administrativos,"Ley 39/2015, de 1 de octubre, del Procedimiento Administrativo Común de las Administraciones Públicas",50,JURIDICO
ESPECIAL,6,Invalidez de los actos administrativos,"Ley 39/2015, de 1 de octubre, del Procedimiento Administrativo Común de las Administraciones Públicas",51,JURIDICO
ESPECIAL,6,Invalidez de los actos administrativos,"Ley 39/2015, de 1 de octubre, del Procedimiento Administrativo Común de las Administraciones Públicas",52,JURIDICO
ESPECIAL,7,Iniciación del procedimiento administrativo común,"Ley 39/2015, de 1 de octubre, del Procedimiento Administrativo Común de las Administraciones Públicas",54,JURIDICO
ESPECIAL,7,Iniciación del procedimiento administrativo común,"Ley 39/2015, de 1 de octubre, del Procedimiento Administrativo Común de las Administraciones Públicas",55,JURIDICO
ESPECIAL,7,Iniciación del procedimiento administrativo común,"Ley 39/2015, de 1 de octubre, del Procedimiento Administrativo Común de las Administraciones Públicas",56,JURIDICO
ESPECIAL,7,Iniciación del procedimiento administrativo común,"Ley 39/2015, de 1 de octubre, del Procedimiento Administrativo Común de las Administraciones Públicas",57,JURIDICO
ESPECIAL,7,Iniciación del procedimiento administrativo común,"Ley 39/2015, de 1 de octubre, del Procedimiento Administrativo Común de las Administraciones Públicas",58,JURIDICO
ESPECIAL,7,Iniciación del procedimiento administrativo común,"Ley 39/2015, de 1 de octubre, del Procedimiento Administrativo Común de las Administraciones Públicas",59,JURIDICO
ESPECIAL,7,Iniciación del procedimiento administrativo común,"Ley 39/2015, de 1 de octubre, del Procedimiento Administrativo Común de las Administraciones Públicas",60,JURIDICO
ESPECIAL,7,Iniciación del procedimiento administrativo común,"Ley 39/2015, de 1 de octubre, del Procedimiento Administrativo Común de las Administraciones Públicas",61,JURIDICO
ESPECIAL,7,Iniciación del procedimiento administrativo común,"Ley 39/2015, de 1 de octubre, del Procedimiento Administrativo Común de las Administraciones Públicas",62,JURIDICO
ESPECIAL,7,Iniciación del procedimiento administrativo común,"Ley 39/2015, de 1 de octubre, del Procedimiento Administrativo Común de las Administraciones Públicas",63,JURIDICO
ESPECIAL,7,Iniciación del procedimiento administrativo común,"Ley 39/2015, de 1 de octubre, del Procedimiento Administrativo Común de las Administraciones Públicas",64,JURIDICO
ESPECIAL,7,Iniciación del procedimiento administrativo común,"Ley 39/2015, de 1 de octubre, del Procedimiento Administrativo Común de las Administraciones Públicas",65,JURIDICO
ESPECIAL,7,Iniciación del procedimiento administrativo común,"Ley 39/2015, de 1 de octubre, del Procedimiento Administrativo Común de las Administraciones Públicas",66,JURIDICO
ESPECIAL,7,Iniciación del procedimiento administrativo común,"Ley 39/2015, de 1 de octubre, del Procedimiento Administrativo Común de las Administraciones Públicas",67,JURIDICO
ESPECIAL,7,Iniciación del procedimiento administrativo común,"Ley 39/2015, de 1 de octubre, del Procedimiento Administrativo Común de las Administraciones Públicas",68,JURIDICO
ESPECIAL,7,Iniciación del procedimiento administrativo común,"Ley 39/2015, de 1 de octubre, del Procedimiento Administrativo Común de las Administraciones Públicas",69,JURIDICO
ESPECIAL,8,"Ordenación, instrucción y participación de las personas interesadas","Ley 39/2015, de 1 de octubre, del Procedimiento Administrativo Común de las Administraciones Públicas",70,JURIDICO
ESPECIAL,8,"Ordenación, instrucción y participación de las personas interesadas","Ley 39/2015, de 1 de octubre, del Procedimiento Administrativo Común de las Administraciones Públicas",71,JURIDICO
ESPECIAL,8,"Ordenación, instrucción y participación de las personas interesadas","Ley 39/2015, de 1 de octubre, del Procedimiento Administrativo Común de las Administraciones Públicas",72,JURIDICO
ESPECIAL,8,"Ordenación, instrucción y participación de las personas interesadas","Ley 39/2015, de 1 de octubre, del Procedimiento Administrativo Común de las Administraciones Públicas",73,JURIDICO
ESPECIAL,8,"Ordenación, instrucción y participación de las personas interesadas","Ley 39/2015, de 1 de octubre, del Procedimiento Administrativo Común de las Administraciones Públicas",74,JURIDICO
ESPECIAL,8,"Ordenación, instrucción y participación de las personas interesadas","Ley 39/2015, de 1 de octubre, del Procedimiento Administrativo Común de las Administraciones Públicas",75,JURIDICO
ESPECIAL,8,"Ordenación, instrucción y participación de las personas interesadas","Ley 39/2015, de 1 de octubre, del Procedimiento Administrativo Común de las Administraciones Públicas",76,JURIDICO
ESPECIAL,8,"Ordenación, instrucción y participación de las personas interesadas","Ley 39/2015, de 1 de octubre, del Procedimiento Administrativo Común de las Administraciones Públicas",77,JURIDICO
ESPECIAL,8,"Ordenación, instrucción y participación de las personas interesadas","Ley 39/2015, de 1 de octubre, del Procedimiento Administrativo Común de las Administraciones Públicas",78,JURIDICO
ESPECIAL,8,"Ordenación, instrucción y participación de las personas interesadas","Ley 39/2015, de 1 de octubre, del Procedimiento Administrativo Común de las Administraciones Públicas",79,JURIDICO
ESPECIAL,8,"Ordenación, instrucción y participación de las personas interesadas","Ley 39/2015, de 1 de octubre, del Procedimiento Administrativo Común de las Administraciones Públicas",80,JURIDICO
ESPECIAL,8,"Ordenación, instrucción y participación de las personas interesadas","Ley 39/2015, de 1 de octubre, del Procedimiento Administrativo Común de las Administraciones Públicas",81,JURIDICO
ESPECIAL,8,"Ordenación, instrucción y participación de las personas interesadas","Ley 39/2015, de 1 de octubre, del Procedimiento Administrativo Común de las Administraciones Públicas",82,JURIDICO
ESPECIAL,8,"Ordenación, instrucción y participación de las personas interesadas","Ley 39/2015, de 1 de octubre, del Procedimiento Administrativo Común de las Administraciones Públicas",83,JURIDICO
ESPECIAL,9,"Terminación, silencio, desistimiento, renuncia y caducidad","Ley 39/2015, de 1 de octubre, del Procedimiento Administrativo Común de las Administraciones Públicas",84,JURIDICO
ESPECIAL,9,"Terminación, silencio, desistimiento, renuncia y caducidad","Ley 39/2015, de 1 de octubre, del Procedimiento Administrativo Común de las Administraciones Públicas",85,JURIDICO
ESPECIAL,9,"Terminación, silencio, desistimiento, renuncia y caducidad","Ley 39/2015, de 1 de octubre, del Procedimiento Administrativo Común de las Administraciones Públicas",86,JURIDICO
ESPECIAL,9,"Terminación, silencio, desistimiento, renuncia y caducidad","Ley 39/2015, de 1 de octubre, del Procedimiento Administrativo Común de las Administraciones Públicas",87,JURIDICO
ESPECIAL,9,"Terminación, silencio, desistimiento, renuncia y caducidad","Ley 39/2015, de 1 de octubre, del Procedimiento Administrativo Común de las Administraciones Públicas",88,JURIDICO
ESPECIAL,9,"Terminación, silencio, desistimiento, renuncia y caducidad","Ley 39/2015, de 1 de octubre, del Procedimiento Administrativo Común de las Administraciones Públicas",89,JURIDICO
ESPECIAL,9,"Terminación, silencio, desistimiento, renuncia y caducidad","Ley 39/2015, de 1 de octubre, del Procedimiento Administrativo Común de las Administraciones Públicas",90,JURIDICO
ESPECIAL,9,"Terminación, silencio, desistimiento, renuncia y caducidad","Ley 39/2015, de 1 de octubre, del Procedimiento Administrativo Común de las Administraciones Públicas",91,JURIDICO
ESPECIAL,9,"Terminación, silencio, desistimiento, renuncia y caducidad","Ley 39/2015, de 1 de octubre, del Procedimiento Administrativo Común de las Administraciones Públicas",92,JURIDICO
ESPECIAL,9,"Terminación, silencio, desistimiento, renuncia y caducidad","Ley 39/2015, de 1 de octubre, del Procedimiento Administrativo Común de las Administraciones Públicas",93,JURIDICO
ESPECIAL,9,"Terminación, silencio, desistimiento, renuncia y caducidad","Ley 39/2015, de 1 de octubre, del Procedimiento Administrativo Común de las Administraciones Públicas",94,JURIDICO
ESPECIAL,9,"Terminación, silencio, desistimiento, renuncia y caducidad","Ley 39/2015, de 1 de octubre, del Procedimiento Administrativo Común de las Administraciones Públicas",95,JURIDICO
ESPECIAL,10,Revisión de oficio y recursos administrativos,"Ley 39/2015, de 1 de octubre, del Procedimiento Administrativo Común de las Administraciones Públicas",106,JURIDICO
ESPECIAL,10,Revisión de oficio y recursos administrativos,"Ley 39/2015, de 1 de octubre, del Procedimiento Administrativo Común de las Administraciones Públicas",107,JURIDICO
ESPECIAL,10,Revisión de oficio y recursos administrativos,"Ley 39/2015, de 1 de octubre, del Procedimiento Administrativo Común de las Administraciones Públicas",108,JURIDICO
ESPECIAL,10,Revisión de oficio y recursos administrativos,"Ley 39/2015, de 1 de octubre, del Procedimiento Administrativo Común de las Administraciones Públicas",109,JURIDICO
ESPECIAL,10,Revisión de oficio y recursos administrativos,"Ley 39/2015, de 1 de octubre, del Procedimiento Administrativo Común de las Administraciones Públicas",110,JURIDICO
ESPECIAL,10,Revisión de oficio y recursos administrativos,"Ley 39/2015, de 1 de octubre, del Procedimiento Administrativo Común de las Administraciones Públicas",111,JURIDICO
ESPECIAL,10,Revisión de oficio y recursos administrativos,"Ley 39/2015, de 1 de octubre, del Procedimiento Administrativo Común de las Administraciones Públicas",112,JURIDICO
ESPECIAL,10,Revisión de oficio y recursos administrativos,"Ley 39/2015, de 1 de octubre, del Procedimiento Administrativo Común de las Administraciones Públicas",113,JURIDICO
ESPECIAL,10,Revisión de oficio y recursos administrativos,"Ley 39/2015, de 1 de octubre, del Procedimiento Administrativo Común de las Administraciones Públicas",114,JURIDICO
ESPECIAL,10,Revisión de oficio y recursos administrativos,"Ley 39/2015, de 1 de octubre, del Procedimiento Administrativo Común de las Administraciones Públicas",115,JURIDICO
ESPECIAL,10,Revisión de oficio y recursos administrativos,"Ley 39/2015, de 1 de octubre, del Procedimiento Administrativo Común de las Administraciones Públicas",116,JURIDICO
ESPECIAL,10,Revisión de oficio y recursos administrativos,"Ley 39/2015, de 1 de octubre, del Procedimiento Administrativo Común de las Administraciones Públicas",117,JURIDICO
ESPECIAL,10,Revisión de oficio y recursos administrativos,"Ley 39/2015, de 1 de octubre, del Procedimiento Administrativo Común de las Administraciones Públicas",118,JURIDICO
ESPECIAL,10,Revisión de oficio y recursos administrativos,"Ley 39/2015, de 1 de octubre, del Procedimiento Administrativo Común de las Administraciones Públicas",119,JURIDICO
ESPECIAL,10,Revisión de oficio y recursos administrativos,"Ley 39/2015, de 1 de octubre, del Procedimiento Administrativo Común de las Administraciones Públicas",120,JURIDICO
ESPECIAL,10,Revisión de oficio y recursos administrativos,"Ley 39/2015, de 1 de octubre, del Procedimiento Administrativo Común de las Administraciones Públicas",121,JURIDICO
ESPECIAL,10,Revisión de oficio y recursos administrativos,"Ley 39/2015, de 1 de octubre, del Procedimiento Administrativo Común de las Administraciones Públicas",122,JURIDICO
ESPECIAL,10,Revisión de oficio y recursos administrativos,"Ley 39/2015, de 1 de octubre, del Procedimiento Administrativo Común de las Administraciones Públicas",123,JURIDICO
ESPECIAL,10,Revisión de oficio y recursos administrativos,"Ley 39/2015, de 1 de octubre, del Procedimiento Administrativo Común de las Administraciones Públicas",124,JURIDICO
ESPECIAL,10,Revisión de oficio y recursos administrativos,"Ley 39/2015, de 1 de octubre, del Procedimiento Administrativo Común de las Administraciones Públicas",125,JURIDICO
ESPECIAL,10,Revisión de oficio y recursos administrativos,"Ley 39/2015, de 1 de octubre, del Procedimiento Administrativo Común de las Administraciones Públicas",126,JURIDICO
ESPECIAL,11,"Administración electrónica, expediente y archivo electrónico","Ley 39/2015, de 1 de octubre, del Procedimiento Administrativo Común de las Administraciones Públicas",26,JURIDICO
ESPECIAL,11,"Administración electrónica, expediente y archivo electrónico","Ley 39/2015, de 1 de octubre, del Procedimiento Administrativo Común de las Administraciones Públicas",27,JURIDICO
ESPECIAL,11,"Administración electrónica, expediente y archivo electrónico","Ley 39/2015, de 1 de octubre, del Procedimiento Administrativo Común de las Administraciones Públicas",28,JURIDICO
ESPECIAL,11,"Administración electrónica, expediente y archivo electrónico","Real Decreto 203/2021, de 30 de marzo, por el que se aprueba el Reglamento de actuación y funcionamiento del sector público por medios electrónicos",3,JURIDICO
ESPECIAL,11,"Administración electrónica, expediente y archivo electrónico","Real Decreto 203/2021, de 30 de marzo, por el que se aprueba el Reglamento de actuación y funcionamiento del sector público por medios electrónicos",4,JURIDICO
ESPECIAL,11,"Administración electrónica, expediente y archivo electrónico","Real Decreto 203/2021, de 30 de marzo, por el que se aprueba el Reglamento de actuación y funcionamiento del sector público por medios electrónicos",5,JURIDICO
ESPECIAL,11,"Administración electrónica, expediente y archivo electrónico","Real Decreto 203/2021, de 30 de marzo, por el que se aprueba el Reglamento de actuación y funcionamiento del sector público por medios electrónicos",6,JURIDICO
ESPECIAL,11,"Administración electrónica, expediente y archivo electrónico","Real Decreto 203/2021, de 30 de marzo, por el que se aprueba el Reglamento de actuación y funcionamiento del sector público por medios electrónicos",7,JURIDICO
ESPECIAL,11,"Administración electrónica, expediente y archivo electrónico","Real Decreto 203/2021, de 30 de marzo, por el que se aprueba el Reglamento de actuación y funcionamiento del sector público por medios electrónicos",8,JURIDICO
ESPECIAL,11,"Administración electrónica, expediente y archivo electrónico","Real Decreto 203/2021, de 30 de marzo, por el que se aprueba el Reglamento de actuación y funcionamiento del sector público por medios electrónicos",9,JURIDICO
ESPECIAL,11,"Administración electrónica, expediente y archivo electrónico","Real Decreto 203/2021, de 30 de marzo, por el que se aprueba el Reglamento de actuación y funcionamiento del sector público por medios electrónicos",10,JURIDICO
ESPECIAL,11,"Administración electrónica, expediente y archivo electrónico","Real Decreto 203/2021, de 30 de marzo, por el que se aprueba el Reglamento de actuación y funcionamiento del sector público por medios electrónicos",11,JURIDICO
ESPECIAL,11,"Administración electrónica, expediente y archivo electrónico","Real Decreto 203/2021, de 30 de marzo, por el que se aprueba el Reglamento de actuación y funcionamiento del sector público por medios electrónicos",12,JURIDICO
ESPECIAL,11,"Administración electrónica, expediente y archivo electrónico","Real Decreto 203/2021, de 30 de marzo, por el que se aprueba el Reglamento de actuación y funcionamiento del sector público por medios electrónicos",13,JURIDICO
ESPECIAL,11,"Administración electrónica, expediente y archivo electrónico","Real Decreto 203/2021, de 30 de marzo, por el que se aprueba el Reglamento de actuación y funcionamiento del sector público por medios electrónicos",14,JURIDICO
ESPECIAL,11,"Administración electrónica, expediente y archivo electrónico","Real Decreto 203/2021, de 30 de marzo, por el que se aprueba el Reglamento de actuación y funcionamiento del sector público por medios electrónicos",15,JURIDICO
ESPECIAL,11,"Administración electrónica, expediente y archivo electrónico","Real Decreto 203/2021, de 30 de marzo, por el que se aprueba el Reglamento de actuación y funcionamiento del sector público por medios electrónicos",16,JURIDICO
ESPECIAL,11,"Administración electrónica, expediente y archivo electrónico","Real Decreto 203/2021, de 30 de marzo, por el que se aprueba el Reglamento de actuación y funcionamiento del sector público por medios electrónicos",17,JURIDICO
ESPECIAL,11,"Administración electrónica, expediente y archivo electrónico","Real Decreto 203/2021, de 30 de marzo, por el que se aprueba el Reglamento de actuación y funcionamiento del sector público por medios electrónicos",18,JURIDICO
ESPECIAL,11,"Administración electrónica, expediente y archivo electrónico","Real Decreto 203/2021, de 30 de marzo, por el que se aprueba el Reglamento de actuación y funcionamiento del sector público por medios electrónicos",19,JURIDICO
ESPECIAL,11,"Administración electrónica, expediente y archivo electrónico","Real Decreto 203/2021, de 30 de marzo, por el que se aprueba el Reglamento de actuación y funcionamiento del sector público por medios electrónicos",20,JURIDICO
ESPECIAL,11,"Administración electrónica, expediente y archivo electrónico","Real Decreto 203/2021, de 30 de marzo, por el que se aprueba el Reglamento de actuación y funcionamiento del sector público por medios electrónicos",21,JURIDICO
ESPECIAL,11,"Administración electrónica, expediente y archivo electrónico","Real Decreto 203/2021, de 30 de marzo, por el que se aprueba el Reglamento de actuación y funcionamiento del sector público por medios electrónicos",22,JURIDICO
ESPECIAL,11,"Administración electrónica, expediente y archivo electrónico","Real Decreto 203/2021, de 30 de marzo, por el que se aprueba el Reglamento de actuación y funcionamiento del sector público por medios electrónicos",23,JURIDICO
ESPECIAL,11,"Administración electrónica, expediente y archivo electrónico","Real Decreto 203/2021, de 30 de marzo, por el que se aprueba el Reglamento de actuación y funcionamiento del sector público por medios electrónicos",24,JURIDICO
ESPECIAL,11,"Administración electrónica, expediente y archivo electrónico","Real Decreto 203/2021, de 30 de marzo, por el que se aprueba el Reglamento de actuación y funcionamiento del sector público por medios electrónicos",25,JURIDICO
ESPECIAL,11,"Administración electrónica, expediente y archivo electrónico","Real Decreto 203/2021, de 30 de marzo, por el que se aprueba el Reglamento de actuación y funcionamiento del sector público por medios electrónicos",26,JURIDICO
ESPECIAL,11,"Administración electrónica, expediente y archivo electrónico","Real Decreto 203/2021, de 30 de marzo, por el que se aprueba el Reglamento de actuación y funcionamiento del sector público por medios electrónicos",27,JURIDICO
ESPECIAL,11,"Administración electrónica, expediente y archivo electrónico","Real Decreto 203/2021, de 30 de marzo, por el que se aprueba el Reglamento de actuación y funcionamiento del sector público por medios electrónicos",28,JURIDICO
ESPECIAL,11,"Administración electrónica, expediente y archivo electrónico","Real Decreto 203/2021, de 30 de marzo, por el que se aprueba el Reglamento de actuación y funcionamiento del sector público por medios electrónicos",29,JURIDICO
ESPECIAL,11,"Administración electrónica, expediente y archivo electrónico","Real Decreto 203/2021, de 30 de marzo, por el que se aprueba el Reglamento de actuación y funcionamiento del sector público por medios electrónicos",30,JURIDICO
ESPECIAL,11,"Administración electrónica, expediente y archivo electrónico","Real Decreto 203/2021, de 30 de marzo, por el que se aprueba el Reglamento de actuación y funcionamiento del sector público por medios electrónicos",31,JURIDICO
ESPECIAL,11,"Administración electrónica, expediente y archivo electrónico","Real Decreto 203/2021, de 30 de marzo, por el que se aprueba el Reglamento de actuación y funcionamiento del sector público por medios electrónicos",43,JURIDICO
ESPECIAL,11,"Administración electrónica, expediente y archivo electrónico","Real Decreto 203/2021, de 30 de marzo, por el que se aprueba el Reglamento de actuación y funcionamiento del sector público por medios electrónicos",44,JURIDICO
ESPECIAL,11,"Administración electrónica, expediente y archivo electrónico","Real Decreto 203/2021, de 30 de marzo, por el que se aprueba el Reglamento de actuación y funcionamiento del sector público por medios electrónicos",45,JURIDICO
ESPECIAL,11,"Administración electrónica, expediente y archivo electrónico","Real Decreto 203/2021, de 30 de marzo, por el que se aprueba el Reglamento de actuación y funcionamiento del sector público por medios electrónicos",46,JURIDICO
ESPECIAL,11,"Administración electrónica, expediente y archivo electrónico","Real Decreto 203/2021, de 30 de marzo, por el que se aprueba el Reglamento de actuación y funcionamiento del sector público por medios electrónicos",47,JURIDICO
ESPECIAL,11,"Administración electrónica, expediente y archivo electrónico","Real Decreto 203/2021, de 30 de marzo, por el que se aprueba el Reglamento de actuación y funcionamiento del sector público por medios electrónicos",48,JURIDICO
ESPECIAL,11,"Administración electrónica, expediente y archivo electrónico","Real Decreto 203/2021, de 30 de marzo, por el que se aprueba el Reglamento de actuación y funcionamiento del sector público por medios electrónicos",49,JURIDICO
ESPECIAL,11,"Administración electrónica, expediente y archivo electrónico","Real Decreto 203/2021, de 30 de marzo, por el que se aprueba el Reglamento de actuación y funcionamiento del sector público por medios electrónicos",50,JURIDICO
ESPECIAL,11,"Administración electrónica, expediente y archivo electrónico","Real Decreto 203/2021, de 30 de marzo, por el que se aprueba el Reglamento de actuación y funcionamiento del sector público por medios electrónicos",51,JURIDICO
ESPECIAL,11,"Administración electrónica, expediente y archivo electrónico","Real Decreto 203/2021, de 30 de marzo, por el que se aprueba el Reglamento de actuación y funcionamiento del sector público por medios electrónicos",52,JURIDICO
ESPECIAL,11,"Administración electrónica, expediente y archivo electrónico","Real Decreto 203/2021, de 30 de marzo, por el que se aprueba el Reglamento de actuación y funcionamiento del sector público por medios electrónicos",53,JURIDICO
ESPECIAL,11,"Administración electrónica, expediente y archivo electrónico","Real Decreto 203/2021, de 30 de marzo, por el que se aprueba el Reglamento de actuación y funcionamiento del sector público por medios electrónicos",54,JURIDICO
ESPECIAL,11,"Administración electrónica, expediente y archivo electrónico","Real Decreto 203/2021, de 30 de marzo, por el que se aprueba el Reglamento de actuación y funcionamiento del sector público por medios electrónicos",55,JURIDICO
ESPECIAL,11,"Administración electrónica, expediente y archivo electrónico","Real Decreto 203/2021, de 30 de marzo, por el que se aprueba el Reglamento de actuación y funcionamiento del sector público por medios electrónicos",56,JURIDICO
ESPECIAL,11,"Administración electrónica, expediente y archivo electrónico","Real Decreto 203/2021, de 30 de marzo, por el que se aprueba el Reglamento de actuación y funcionamiento del sector público por medios electrónicos",57,JURIDICO
ESPECIAL,11,"Administración electrónica, expediente y archivo electrónico","Real Decreto 203/2021, de 30 de marzo, por el que se aprueba el Reglamento de actuación y funcionamiento del sector público por medios electrónicos",58,JURIDICO
ESPECIAL,11,"Administración electrónica, expediente y archivo electrónico","Real Decreto 203/2021, de 30 de marzo, por el que se aprueba el Reglamento de actuación y funcionamiento del sector público por medios electrónicos",59,JURIDICO
ESPECIAL,11,"Administración electrónica, expediente y archivo electrónico","Real Decreto 203/2021, de 30 de marzo, por el que se aprueba el Reglamento de actuación y funcionamiento del sector público por medios electrónicos",60,JURIDICO
ESPECIAL,11,"Administración electrónica, expediente y archivo electrónico","Real Decreto 203/2021, de 30 de marzo, por el que se aprueba el Reglamento de actuación y funcionamiento del sector público por medios electrónicos",61,JURIDICO
ESPECIAL,12,Transparencia y derecho de acceso a la información pública,"Ley 1/2022, de 13 de abril, de Transparencia y Buen Gobierno de la Comunitat Valenciana",2,JURIDICO
ESPECIAL,12,Transparencia y derecho de acceso a la información pública,"Ley 1/2022, de 13 de abril, de Transparencia y Buen Gobierno de la Comunitat Valenciana",3,JURIDICO
ESPECIAL,12,Transparencia y derecho de acceso a la información pública,"Ley 1/2022, de 13 de abril, de Transparencia y Buen Gobierno de la Comunitat Valenciana",4,JURIDICO
ESPECIAL,12,Transparencia y derecho de acceso a la información pública,"Ley 1/2022, de 13 de abril, de Transparencia y Buen Gobierno de la Comunitat Valenciana",5,JURIDICO
ESPECIAL,12,Transparencia y derecho de acceso a la información pública,"Ley 1/2022, de 13 de abril, de Transparencia y Buen Gobierno de la Comunitat Valenciana",6,JURIDICO
ESPECIAL,12,Transparencia y derecho de acceso a la información pública,"Ley 1/2022, de 13 de abril, de Transparencia y Buen Gobierno de la Comunitat Valenciana",7,JURIDICO
ESPECIAL,12,Transparencia y derecho de acceso a la información pública,"Ley 1/2022, de 13 de abril, de Transparencia y Buen Gobierno de la Comunitat Valenciana",8,JURIDICO
ESPECIAL,12,Transparencia y derecho de acceso a la información pública,"Ley 1/2022, de 13 de abril, de Transparencia y Buen Gobierno de la Comunitat Valenciana",9,JURIDICO
ESPECIAL,12,Transparencia y derecho de acceso a la información pública,"Ley 1/2022, de 13 de abril, de Transparencia y Buen Gobierno de la Comunitat Valenciana",10,JURIDICO
ESPECIAL,12,Transparencia y derecho de acceso a la información pública,"Ley 1/2022, de 13 de abril, de Transparencia y Buen Gobierno de la Comunitat Valenciana",11,JURIDICO
ESPECIAL,12,Transparencia y derecho de acceso a la información pública,"Ley 1/2022, de 13 de abril, de Transparencia y Buen Gobierno de la Comunitat Valenciana",12,JURIDICO
ESPECIAL,12,Transparencia y derecho de acceso a la información pública,"Ley 1/2022, de 13 de abril, de Transparencia y Buen Gobierno de la Comunitat Valenciana",13,JURIDICO
ESPECIAL,12,Transparencia y derecho de acceso a la información pública,"Ley 1/2022, de 13 de abril, de Transparencia y Buen Gobierno de la Comunitat Valenciana",14,JURIDICO
ESPECIAL,12,Transparencia y derecho de acceso a la información pública,"Ley 1/2022, de 13 de abril, de Transparencia y Buen Gobierno de la Comunitat Valenciana",15,JURIDICO
ESPECIAL,12,Transparencia y derecho de acceso a la información pública,"Ley 1/2022, de 13 de abril, de Transparencia y Buen Gobierno de la Comunitat Valenciana",16,JURIDICO
ESPECIAL,12,Transparencia y derecho de acceso a la información pública,"Ley 1/2022, de 13 de abril, de Transparencia y Buen Gobierno de la Comunitat Valenciana",17,JURIDICO
ESPECIAL,12,Transparencia y derecho de acceso a la información pública,"Ley 1/2022, de 13 de abril, de Transparencia y Buen Gobierno de la Comunitat Valenciana",18,JURIDICO
ESPECIAL,12,Transparencia y derecho de acceso a la información pública,"Ley 1/2022, de 13 de abril, de Transparencia y Buen Gobierno de la Comunitat Valenciana",19,JURIDICO
ESPECIAL,12,Transparencia y derecho de acceso a la información pública,"Ley 1/2022, de 13 de abril, de Transparencia y Buen Gobierno de la Comunitat Valenciana",20,JURIDICO
ESPECIAL,12,Transparencia y derecho de acceso a la información pública,"Ley 1/2022, de 13 de abril, de Transparencia y Buen Gobierno de la Comunitat Valenciana",21,JURIDICO
ESPECIAL,12,Transparencia y derecho de acceso a la información pública,"Ley 1/2022, de 13 de abril, de Transparencia y Buen Gobierno de la Comunitat Valenciana",22,JURIDICO
ESPECIAL,12,Transparencia y derecho de acceso a la información pública,"Ley 1/2022, de 13 de abril, de Transparencia y Buen Gobierno de la Comunitat Valenciana",23,JURIDICO
ESPECIAL,12,Transparencia y derecho de acceso a la información pública,"Ley 1/2022, de 13 de abril, de Transparencia y Buen Gobierno de la Comunitat Valenciana",24,JURIDICO
ESPECIAL,12,Transparencia y derecho de acceso a la información pública,"Ley 1/2022, de 13 de abril, de Transparencia y Buen Gobierno de la Comunitat Valenciana",25,JURIDICO
ESPECIAL,13,Protección de datos en la actividad administrativa,"Reglamento (UE) 2016/679, de 27 de abril de 2016, General de Protección de Datos",5,JURIDICO
ESPECIAL,13,Protección de datos en la actividad administrativa,"Reglamento (UE) 2016/679, de 27 de abril de 2016, General de Protección de Datos",6,JURIDICO
ESPECIAL,13,Protección de datos en la actividad administrativa,"Reglamento (UE) 2016/679, de 27 de abril de 2016, General de Protección de Datos",12,JURIDICO
ESPECIAL,13,Protección de datos en la actividad administrativa,"Reglamento (UE) 2016/679, de 27 de abril de 2016, General de Protección de Datos",13,JURIDICO
ESPECIAL,13,Protección de datos en la actividad administrativa,"Reglamento (UE) 2016/679, de 27 de abril de 2016, General de Protección de Datos",14,JURIDICO
ESPECIAL,13,Protección de datos en la actividad administrativa,"Reglamento (UE) 2016/679, de 27 de abril de 2016, General de Protección de Datos",15,JURIDICO
ESPECIAL,13,Protección de datos en la actividad administrativa,"Reglamento (UE) 2016/679, de 27 de abril de 2016, General de Protección de Datos",16,JURIDICO
ESPECIAL,13,Protección de datos en la actividad administrativa,"Reglamento (UE) 2016/679, de 27 de abril de 2016, General de Protección de Datos",17,JURIDICO
ESPECIAL,13,Protección de datos en la actividad administrativa,"Reglamento (UE) 2016/679, de 27 de abril de 2016, General de Protección de Datos",18,JURIDICO
ESPECIAL,13,Protección de datos en la actividad administrativa,"Reglamento (UE) 2016/679, de 27 de abril de 2016, General de Protección de Datos",19,JURIDICO
ESPECIAL,13,Protección de datos en la actividad administrativa,"Reglamento (UE) 2016/679, de 27 de abril de 2016, General de Protección de Datos",20,JURIDICO
ESPECIAL,13,Protección de datos en la actividad administrativa,"Reglamento (UE) 2016/679, de 27 de abril de 2016, General de Protección de Datos",21,JURIDICO
ESPECIAL,13,Protección de datos en la actividad administrativa,"Reglamento (UE) 2016/679, de 27 de abril de 2016, General de Protección de Datos",22,JURIDICO
ESPECIAL,13,Protección de datos en la actividad administrativa,"Reglamento (UE) 2016/679, de 27 de abril de 2016, General de Protección de Datos",24,JURIDICO
ESPECIAL,13,Protección de datos en la actividad administrativa,"Reglamento (UE) 2016/679, de 27 de abril de 2016, General de Protección de Datos",25,JURIDICO
ESPECIAL,13,Protección de datos en la actividad administrativa,"Reglamento (UE) 2016/679, de 27 de abril de 2016, General de Protección de Datos",26,JURIDICO
ESPECIAL,13,Protección de datos en la actividad administrativa,"Reglamento (UE) 2016/679, de 27 de abril de 2016, General de Protección de Datos",27,JURIDICO
ESPECIAL,13,Protección de datos en la actividad administrativa,"Reglamento (UE) 2016/679, de 27 de abril de 2016, General de Protección de Datos",28,JURIDICO
ESPECIAL,13,Protección de datos en la actividad administrativa,"Reglamento (UE) 2016/679, de 27 de abril de 2016, General de Protección de Datos",29,JURIDICO
ESPECIAL,13,Protección de datos en la actividad administrativa,"Reglamento (UE) 2016/679, de 27 de abril de 2016, General de Protección de Datos",30,JURIDICO
ESPECIAL,13,Protección de datos en la actividad administrativa,"Reglamento (UE) 2016/679, de 27 de abril de 2016, General de Protección de Datos",31,JURIDICO
ESPECIAL,13,Protección de datos en la actividad administrativa,"Reglamento (UE) 2016/679, de 27 de abril de 2016, General de Protección de Datos",32,JURIDICO
ESPECIAL,13,Protección de datos en la actividad administrativa,"Reglamento (UE) 2016/679, de 27 de abril de 2016, General de Protección de Datos",33,JURIDICO
ESPECIAL,13,Protección de datos en la actividad administrativa,"Reglamento (UE) 2016/679, de 27 de abril de 2016, General de Protección de Datos",34,JURIDICO
ESPECIAL,13,Protección de datos en la actividad administrativa,"Reglamento (UE) 2016/679, de 27 de abril de 2016, General de Protección de Datos",35,JURIDICO
ESPECIAL,13,Protección de datos en la actividad administrativa,"Reglamento (UE) 2016/679, de 27 de abril de 2016, General de Protección de Datos",36,JURIDICO
ESPECIAL,13,Protección de datos en la actividad administrativa,"Reglamento (UE) 2016/679, de 27 de abril de 2016, General de Protección de Datos",37,JURIDICO
ESPECIAL,13,Protección de datos en la actividad administrativa,"Reglamento (UE) 2016/679, de 27 de abril de 2016, General de Protección de Datos",38,JURIDICO
ESPECIAL,13,Protección de datos en la actividad administrativa,"Reglamento (UE) 2016/679, de 27 de abril de 2016, General de Protección de Datos",39,JURIDICO
ESPECIAL,14,Potestad sancionadora y procedimiento sancionador,"Ley 40/2015, de 1 de octubre, de Régimen Jurídico del Sector Público",25,JURIDICO
ESPECIAL,14,Potestad sancionadora y procedimiento sancionador,"Ley 40/2015, de 1 de octubre, de Régimen Jurídico del Sector Público",26,JURIDICO
ESPECIAL,14,Potestad sancionadora y procedimiento sancionador,"Ley 40/2015, de 1 de octubre, de Régimen Jurídico del Sector Público",27,JURIDICO
ESPECIAL,14,Potestad sancionadora y procedimiento sancionador,"Ley 40/2015, de 1 de octubre, de Régimen Jurídico del Sector Público",28,JURIDICO
ESPECIAL,14,Potestad sancionadora y procedimiento sancionador,"Ley 40/2015, de 1 de octubre, de Régimen Jurídico del Sector Público",29,JURIDICO
ESPECIAL,14,Potestad sancionadora y procedimiento sancionador,"Ley 40/2015, de 1 de octubre, de Régimen Jurídico del Sector Público",30,JURIDICO
ESPECIAL,14,Potestad sancionadora y procedimiento sancionador,"Ley 40/2015, de 1 de octubre, de Régimen Jurídico del Sector Público",31,JURIDICO
ESPECIAL,15,Responsabilidad patrimonial de las Administraciones Públicas,"Ley 40/2015, de 1 de octubre, de Régimen Jurídico del Sector Público",32,JURIDICO
ESPECIAL,15,Responsabilidad patrimonial de las Administraciones Públicas,"Ley 40/2015, de 1 de octubre, de Régimen Jurídico del Sector Público",33,JURIDICO
ESPECIAL,15,Responsabilidad patrimonial de las Administraciones Públicas,"Ley 40/2015, de 1 de octubre, de Régimen Jurídico del Sector Público",34,JURIDICO
ESPECIAL,15,Responsabilidad patrimonial de las Administraciones Públicas,"Ley 40/2015, de 1 de octubre, de Régimen Jurídico del Sector Público",35,JURIDICO
ESPECIAL,15,Responsabilidad patrimonial de las Administraciones Públicas,"Ley 40/2015, de 1 de octubre, de Régimen Jurídico del Sector Público",36,JURIDICO
ESPECIAL,15,Responsabilidad patrimonial de las Administraciones Públicas,"Ley 40/2015, de 1 de octubre, de Régimen Jurídico del Sector Público",37,JURIDICO
ESPECIAL,16,Jurisdicción contencioso-administrativa,"Ley 29/1998, de 13 de julio, reguladora de la Jurisdicción Contencioso-administrativa",1,JURIDICO
ESPECIAL,16,Jurisdicción contencioso-administrativa,"Ley 29/1998, de 13 de julio, reguladora de la Jurisdicción Contencioso-administrativa",2,JURIDICO
ESPECIAL,16,Jurisdicción contencioso-administrativa,"Ley 29/1998, de 13 de julio, reguladora de la Jurisdicción Contencioso-administrativa",3,JURIDICO
ESPECIAL,16,Jurisdicción contencioso-administrativa,"Ley 29/1998, de 13 de julio, reguladora de la Jurisdicción Contencioso-administrativa",4,JURIDICO
ESPECIAL,16,Jurisdicción contencioso-administrativa,"Ley 29/1998, de 13 de julio, reguladora de la Jurisdicción Contencioso-administrativa",5,JURIDICO
ESPECIAL,16,Jurisdicción contencioso-administrativa,"Ley 29/1998, de 13 de julio, reguladora de la Jurisdicción Contencioso-administrativa",6,JURIDICO
ESPECIAL,16,Jurisdicción contencioso-administrativa,"Ley 29/1998, de 13 de julio, reguladora de la Jurisdicción Contencioso-administrativa",7,JURIDICO
ESPECIAL,16,Jurisdicción contencioso-administrativa,"Ley 29/1998, de 13 de julio, reguladora de la Jurisdicción Contencioso-administrativa",8,JURIDICO
ESPECIAL,16,Jurisdicción contencioso-administrativa,"Ley 29/1998, de 13 de julio, reguladora de la Jurisdicción Contencioso-administrativa",9,JURIDICO
ESPECIAL,16,Jurisdicción contencioso-administrativa,"Ley 29/1998, de 13 de julio, reguladora de la Jurisdicción Contencioso-administrativa",10,JURIDICO
ESPECIAL,16,Jurisdicción contencioso-administrativa,"Ley 29/1998, de 13 de julio, reguladora de la Jurisdicción Contencioso-administrativa",11,JURIDICO
ESPECIAL,16,Jurisdicción contencioso-administrativa,"Ley 29/1998, de 13 de julio, reguladora de la Jurisdicción Contencioso-administrativa",12,JURIDICO
ESPECIAL,16,Jurisdicción contencioso-administrativa,"Ley 29/1998, de 13 de julio, reguladora de la Jurisdicción Contencioso-administrativa",13,JURIDICO
ESPECIAL,16,Jurisdicción contencioso-administrativa,"Ley 29/1998, de 13 de julio, reguladora de la Jurisdicción Contencioso-administrativa",14,JURIDICO
ESPECIAL,16,Jurisdicción contencioso-administrativa,"Ley 29/1998, de 13 de julio, reguladora de la Jurisdicción Contencioso-administrativa",15,JURIDICO
ESPECIAL,16,Jurisdicción contencioso-administrativa,"Ley 29/1998, de 13 de julio, reguladora de la Jurisdicción Contencioso-administrativa",16,JURIDICO
ESPECIAL,16,Jurisdicción contencioso-administrativa,"Ley 29/1998, de 13 de julio, reguladora de la Jurisdicción Contencioso-administrativa",17,JURIDICO
ESPECIAL,16,Jurisdicción contencioso-administrativa,"Ley 29/1998, de 13 de julio, reguladora de la Jurisdicción Contencioso-administrativa",18,JURIDICO
ESPECIAL,16,Jurisdicción contencioso-administrativa,"Ley 29/1998, de 13 de julio, reguladora de la Jurisdicción Contencioso-administrativa",19,JURIDICO
ESPECIAL,16,Jurisdicción contencioso-administrativa,"Ley 29/1998, de 13 de julio, reguladora de la Jurisdicción Contencioso-administrativa",20,JURIDICO
ESPECIAL,16,Jurisdicción contencioso-administrativa,"Ley 29/1998, de 13 de julio, reguladora de la Jurisdicción Contencioso-administrativa",21,JURIDICO
ESPECIAL,16,Jurisdicción contencioso-administrativa,"Ley 29/1998, de 13 de julio, reguladora de la Jurisdicción Contencioso-administrativa",22,JURIDICO
ESPECIAL,16,Jurisdicción contencioso-administrativa,"Ley 29/1998, de 13 de julio, reguladora de la Jurisdicción Contencioso-administrativa",23,JURIDICO
ESPECIAL,16,Jurisdicción contencioso-administrativa,"Ley 29/1998, de 13 de julio, reguladora de la Jurisdicción Contencioso-administrativa",24,JURIDICO
ESPECIAL,16,Jurisdicción contencioso-administrativa,"Ley 29/1998, de 13 de julio, reguladora de la Jurisdicción Contencioso-administrativa",25,JURIDICO
ESPECIAL,16,Jurisdicción contencioso-administrativa,"Ley 29/1998, de 13 de julio, reguladora de la Jurisdicción Contencioso-administrativa",45,JURIDICO
ESPECIAL,16,Jurisdicción contencioso-administrativa,"Ley 29/1998, de 13 de julio, reguladora de la Jurisdicción Contencioso-administrativa",46,JURIDICO
ESPECIAL,16,Jurisdicción contencioso-administrativa,"Ley 29/1998, de 13 de julio, reguladora de la Jurisdicción Contencioso-administrativa",47,JURIDICO
ESPECIAL,16,Jurisdicción contencioso-administrativa,"Ley 29/1998, de 13 de julio, reguladora de la Jurisdicción Contencioso-administrativa",48,JURIDICO
ESPECIAL,16,Jurisdicción contencioso-administrativa,"Ley 29/1998, de 13 de julio, reguladora de la Jurisdicción Contencioso-administrativa",49,JURIDICO
ESPECIAL,16,Jurisdicción contencioso-administrativa,"Ley 29/1998, de 13 de julio, reguladora de la Jurisdicción Contencioso-administrativa",50,JURIDICO
ESPECIAL,16,Jurisdicción contencioso-administrativa,"Ley 29/1998, de 13 de julio, reguladora de la Jurisdicción Contencioso-administrativa",51,JURIDICO
ESPECIAL,16,Jurisdicción contencioso-administrativa,"Ley 29/1998, de 13 de julio, reguladora de la Jurisdicción Contencioso-administrativa",52,JURIDICO
ESPECIAL,16,Jurisdicción contencioso-administrativa,"Ley 29/1998, de 13 de julio, reguladora de la Jurisdicción Contencioso-administrativa",53,JURIDICO
ESPECIAL,16,Jurisdicción contencioso-administrativa,"Ley 29/1998, de 13 de julio, reguladora de la Jurisdicción Contencioso-administrativa",54,JURIDICO
ESPECIAL,16,Jurisdicción contencioso-administrativa,"Ley 29/1998, de 13 de julio, reguladora de la Jurisdicción Contencioso-administrativa",55,JURIDICO
ESPECIAL,16,Jurisdicción contencioso-administrativa,"Ley 29/1998, de 13 de julio, reguladora de la Jurisdicción Contencioso-administrativa",56,JURIDICO
ESPECIAL,16,Jurisdicción contencioso-administrativa,"Ley 29/1998, de 13 de julio, reguladora de la Jurisdicción Contencioso-administrativa",57,JURIDICO
ESPECIAL,16,Jurisdicción contencioso-administrativa,"Ley 29/1998, de 13 de julio, reguladora de la Jurisdicción Contencioso-administrativa",58,JURIDICO
ESPECIAL,16,Jurisdicción contencioso-administrativa,"Ley 29/1998, de 13 de julio, reguladora de la Jurisdicción Contencioso-administrativa",59,JURIDICO
ESPECIAL,16,Jurisdicción contencioso-administrativa,"Ley 29/1998, de 13 de julio, reguladora de la Jurisdicción Contencioso-administrativa",60,JURIDICO
ESPECIAL,16,Jurisdicción contencioso-administrativa,"Ley 29/1998, de 13 de julio, reguladora de la Jurisdicción Contencioso-administrativa",61,JURIDICO
ESPECIAL,16,Jurisdicción contencioso-administrativa,"Ley 29/1998, de 13 de julio, reguladora de la Jurisdicción Contencioso-administrativa",62,JURIDICO
ESPECIAL,16,Jurisdicción contencioso-administrativa,"Ley 29/1998, de 13 de julio, reguladora de la Jurisdicción Contencioso-administrativa",63,JURIDICO
ESPECIAL,16,Jurisdicción contencioso-administrativa,"Ley 29/1998, de 13 de julio, reguladora de la Jurisdicción Contencioso-administrativa",64,JURIDICO
ESPECIAL,16,Jurisdicción contencioso-administrativa,"Ley 29/1998, de 13 de julio, reguladora de la Jurisdicción Contencioso-administrativa",65,JURIDICO
ESPECIAL,16,Jurisdicción contencioso-administrativa,"Ley 29/1998, de 13 de julio, reguladora de la Jurisdicción Contencioso-administrativa",66,JURIDICO
ESPECIAL,16,Jurisdicción contencioso-administrativa,"Ley 29/1998, de 13 de julio, reguladora de la Jurisdicción Contencioso-administrativa",67,JURIDICO
ESPECIAL,16,Jurisdicción contencioso-administrativa,"Ley 29/1998, de 13 de julio, reguladora de la Jurisdicción Contencioso-administrativa",68,JURIDICO
ESPECIAL,16,Jurisdicción contencioso-administrativa,"Ley 29/1998, de 13 de julio, reguladora de la Jurisdicción Contencioso-administrativa",69,JURIDICO
ESPECIAL,16,Jurisdicción contencioso-administrativa,"Ley 29/1998, de 13 de julio, reguladora de la Jurisdicción Contencioso-administrativa",70,JURIDICO
ESPECIAL,16,Jurisdicción contencioso-administrativa,"Ley 29/1998, de 13 de julio, reguladora de la Jurisdicción Contencioso-administrativa",71,JURIDICO
ESPECIAL,16,Jurisdicción contencioso-administrativa,"Ley 29/1998, de 13 de julio, reguladora de la Jurisdicción Contencioso-administrativa",72,JURIDICO
ESPECIAL,16,Jurisdicción contencioso-administrativa,"Ley 29/1998, de 13 de julio, reguladora de la Jurisdicción Contencioso-administrativa",73,JURIDICO
ESPECIAL,16,Jurisdicción contencioso-administrativa,"Ley 29/1998, de 13 de julio, reguladora de la Jurisdicción Contencioso-administrativa",74,JURIDICO
ESPECIAL,16,Jurisdicción contencioso-administrativa,"Ley 29/1998, de 13 de julio, reguladora de la Jurisdicción Contencioso-administrativa",75,JURIDICO
ESPECIAL,16,Jurisdicción contencioso-administrativa,"Ley 29/1998, de 13 de julio, reguladora de la Jurisdicción Contencioso-administrativa",76,JURIDICO
ESPECIAL,16,Jurisdicción contencioso-administrativa,"Ley 29/1998, de 13 de julio, reguladora de la Jurisdicción Contencioso-administrativa",77,JURIDICO
ESPECIAL,16,Jurisdicción contencioso-administrativa,"Ley 29/1998, de 13 de julio, reguladora de la Jurisdicción Contencioso-administrativa",78,JURIDICO
ESPECIAL,16,Jurisdicción contencioso-administrativa,"Ley 29/1998, de 13 de julio, reguladora de la Jurisdicción Contencioso-administrativa",129,JURIDICO
ESPECIAL,16,Jurisdicción contencioso-administrativa,"Ley 29/1998, de 13 de julio, reguladora de la Jurisdicción Contencioso-administrativa",130,JURIDICO
ESPECIAL,16,Jurisdicción contencioso-administrativa,"Ley 29/1998, de 13 de julio, reguladora de la Jurisdicción Contencioso-administrativa",131,JURIDICO
ESPECIAL,16,Jurisdicción contencioso-administrativa,"Ley 29/1998, de 13 de julio, reguladora de la Jurisdicción Contencioso-administrativa",132,JURIDICO
ESPECIAL,16,Jurisdicción contencioso-administrativa,"Ley 29/1998, de 13 de julio, reguladora de la Jurisdicción Contencioso-administrativa",133,JURIDICO
ESPECIAL,16,Jurisdicción contencioso-administrativa,"Ley 29/1998, de 13 de julio, reguladora de la Jurisdicción Contencioso-administrativa",134,JURIDICO
ESPECIAL,16,Jurisdicción contencioso-administrativa,"Ley 29/1998, de 13 de julio, reguladora de la Jurisdicción Contencioso-administrativa",135,JURIDICO
ESPECIAL,16,Jurisdicción contencioso-administrativa,"Ley 29/1998, de 13 de julio, reguladora de la Jurisdicción Contencioso-administrativa",136,JURIDICO
ESPECIAL,16,Jurisdicción contencioso-administrativa,"Ley 29/1998, de 13 de julio, reguladora de la Jurisdicción Contencioso-administrativa",137,JURIDICO
ESPECIAL,16,Jurisdicción contencioso-administrativa,"Ley 29/1998, de 13 de julio, reguladora de la Jurisdicción Contencioso-administrativa",138,JURIDICO
ESPECIAL,16,Jurisdicción contencioso-administrativa,"Ley 29/1998, de 13 de julio, reguladora de la Jurisdicción Contencioso-administrativa",139,JURIDICO
ESPECIAL,17,"Actividad subvencional: concesión, gestión, reintegro y control","Ley 38/2003, de 17 de noviembre, General de Subvenciones",1,JURIDICO
ESPECIAL,17,"Actividad subvencional: concesión, gestión, reintegro y control","Ley 38/2003, de 17 de noviembre, General de Subvenciones",2,JURIDICO
ESPECIAL,17,"Actividad subvencional: concesión, gestión, reintegro y control","Ley 38/2003, de 17 de noviembre, General de Subvenciones",3,JURIDICO
ESPECIAL,17,"Actividad subvencional: concesión, gestión, reintegro y control","Ley 38/2003, de 17 de noviembre, General de Subvenciones",4,JURIDICO
ESPECIAL,17,"Actividad subvencional: concesión, gestión, reintegro y control","Ley 38/2003, de 17 de noviembre, General de Subvenciones",5,JURIDICO
ESPECIAL,17,"Actividad subvencional: concesión, gestión, reintegro y control","Ley 38/2003, de 17 de noviembre, General de Subvenciones",6,JURIDICO
ESPECIAL,17,"Actividad subvencional: concesión, gestión, reintegro y control","Ley 38/2003, de 17 de noviembre, General de Subvenciones",7,JURIDICO
ESPECIAL,17,"Actividad subvencional: concesión, gestión, reintegro y control","Ley 38/2003, de 17 de noviembre, General de Subvenciones",8,JURIDICO
ESPECIAL,17,"Actividad subvencional: concesión, gestión, reintegro y control","Ley 38/2003, de 17 de noviembre, General de Subvenciones",9,JURIDICO
ESPECIAL,17,"Actividad subvencional: concesión, gestión, reintegro y control","Ley 38/2003, de 17 de noviembre, General de Subvenciones",10,JURIDICO
ESPECIAL,17,"Actividad subvencional: concesión, gestión, reintegro y control","Ley 38/2003, de 17 de noviembre, General de Subvenciones",11,JURIDICO
ESPECIAL,17,"Actividad subvencional: concesión, gestión, reintegro y control","Ley 38/2003, de 17 de noviembre, General de Subvenciones",12,JURIDICO
ESPECIAL,17,"Actividad subvencional: concesión, gestión, reintegro y control","Ley 38/2003, de 17 de noviembre, General de Subvenciones",13,JURIDICO
ESPECIAL,17,"Actividad subvencional: concesión, gestión, reintegro y control","Ley 38/2003, de 17 de noviembre, General de Subvenciones",14,JURIDICO
ESPECIAL,17,"Actividad subvencional: concesión, gestión, reintegro y control","Ley 38/2003, de 17 de noviembre, General de Subvenciones",15,JURIDICO
ESPECIAL,17,"Actividad subvencional: concesión, gestión, reintegro y control","Ley 38/2003, de 17 de noviembre, General de Subvenciones",16,JURIDICO
ESPECIAL,17,"Actividad subvencional: concesión, gestión, reintegro y control","Ley 38/2003, de 17 de noviembre, General de Subvenciones",17,JURIDICO
ESPECIAL,17,"Actividad subvencional: concesión, gestión, reintegro y control","Ley 38/2003, de 17 de noviembre, General de Subvenciones",22,JURIDICO
ESPECIAL,17,"Actividad subvencional: concesión, gestión, reintegro y control","Ley 38/2003, de 17 de noviembre, General de Subvenciones",23,JURIDICO
ESPECIAL,17,"Actividad subvencional: concesión, gestión, reintegro y control","Ley 38/2003, de 17 de noviembre, General de Subvenciones",24,JURIDICO
ESPECIAL,17,"Actividad subvencional: concesión, gestión, reintegro y control","Ley 38/2003, de 17 de noviembre, General de Subvenciones",25,JURIDICO
ESPECIAL,17,"Actividad subvencional: concesión, gestión, reintegro y control","Ley 38/2003, de 17 de noviembre, General de Subvenciones",26,JURIDICO
ESPECIAL,17,"Actividad subvencional: concesión, gestión, reintegro y control","Ley 38/2003, de 17 de noviembre, General de Subvenciones",27,JURIDICO
ESPECIAL,17,"Actividad subvencional: concesión, gestión, reintegro y control","Ley 38/2003, de 17 de noviembre, General de Subvenciones",28,JURIDICO
ESPECIAL,17,"Actividad subvencional: concesión, gestión, reintegro y control","Ley 38/2003, de 17 de noviembre, General de Subvenciones",29,JURIDICO
ESPECIAL,17,"Actividad subvencional: concesión, gestión, reintegro y control","Ley 38/2003, de 17 de noviembre, General de Subvenciones",30,JURIDICO
ESPECIAL,17,"Actividad subvencional: concesión, gestión, reintegro y control","Ley 38/2003, de 17 de noviembre, General de Subvenciones",31,JURIDICO
ESPECIAL,17,"Actividad subvencional: concesión, gestión, reintegro y control","Ley 38/2003, de 17 de noviembre, General de Subvenciones",32,JURIDICO
ESPECIAL,17,"Actividad subvencional: concesión, gestión, reintegro y control","Ley 38/2003, de 17 de noviembre, General de Subvenciones",33,JURIDICO
ESPECIAL,17,"Actividad subvencional: concesión, gestión, reintegro y control","Ley 38/2003, de 17 de noviembre, General de Subvenciones",34,JURIDICO
ESPECIAL,17,"Actividad subvencional: concesión, gestión, reintegro y control","Ley 38/2003, de 17 de noviembre, General de Subvenciones",35,JURIDICO
ESPECIAL,17,"Actividad subvencional: concesión, gestión, reintegro y control","Ley 38/2003, de 17 de noviembre, General de Subvenciones",36,JURIDICO
ESPECIAL,17,"Actividad subvencional: concesión, gestión, reintegro y control","Ley 38/2003, de 17 de noviembre, General de Subvenciones",37,JURIDICO
ESPECIAL,17,"Actividad subvencional: concesión, gestión, reintegro y control","Ley 38/2003, de 17 de noviembre, General de Subvenciones",42,JURIDICO
ESPECIAL,17,"Actividad subvencional: concesión, gestión, reintegro y control","Ley 38/2003, de 17 de noviembre, General de Subvenciones",43,JURIDICO
ESPECIAL,17,"Actividad subvencional: concesión, gestión, reintegro y control","Ley 38/2003, de 17 de noviembre, General de Subvenciones",44,JURIDICO
ESPECIAL,17,"Actividad subvencional: concesión, gestión, reintegro y control","Ley 38/2003, de 17 de noviembre, General de Subvenciones",45,JURIDICO
ESPECIAL,17,"Actividad subvencional: concesión, gestión, reintegro y control","Ley 38/2003, de 17 de noviembre, General de Subvenciones",46,JURIDICO
ESPECIAL,17,"Actividad subvencional: concesión, gestión, reintegro y control","Ley 38/2003, de 17 de noviembre, General de Subvenciones",47,JURIDICO
ESPECIAL,17,"Actividad subvencional: concesión, gestión, reintegro y control","Ley 38/2003, de 17 de noviembre, General de Subvenciones",48,JURIDICO
ESPECIAL,17,"Actividad subvencional: concesión, gestión, reintegro y control","Ley 38/2003, de 17 de noviembre, General de Subvenciones",49,JURIDICO
ESPECIAL,17,"Actividad subvencional: concesión, gestión, reintegro y control","Ley 38/2003, de 17 de noviembre, General de Subvenciones",50,JURIDICO
ESPECIAL,17,"Actividad subvencional: concesión, gestión, reintegro y control","Ley 38/2003, de 17 de noviembre, General de Subvenciones",51,JURIDICO
ESPECIAL,17,"Actividad subvencional: concesión, gestión, reintegro y control","Ley 38/2003, de 17 de noviembre, General de Subvenciones",52,JURIDICO
ESPECIAL,17,"Actividad subvencional: concesión, gestión, reintegro y control","Ley 38/2003, de 17 de noviembre, General de Subvenciones",53,JURIDICO
ESPECIAL,17,"Actividad subvencional: concesión, gestión, reintegro y control","Ley 38/2003, de 17 de noviembre, General de Subvenciones",55,JURIDICO
ESPECIAL,17,"Actividad subvencional: concesión, gestión, reintegro y control","Ley 38/2003, de 17 de noviembre, General de Subvenciones",56,JURIDICO
ESPECIAL,17,"Actividad subvencional: concesión, gestión, reintegro y control","Ley 38/2003, de 17 de noviembre, General de Subvenciones",57,JURIDICO
ESPECIAL,17,"Actividad subvencional: concesión, gestión, reintegro y control","Ley 38/2003, de 17 de noviembre, General de Subvenciones",58,JURIDICO
ESPECIAL,17,"Actividad subvencional: concesión, gestión, reintegro y control","Ley 38/2003, de 17 de noviembre, General de Subvenciones",59,JURIDICO
ESPECIAL,17,"Actividad subvencional: concesión, gestión, reintegro y control","Ley 38/2003, de 17 de noviembre, General de Subvenciones",60,JURIDICO
ESPECIAL,17,"Actividad subvencional: concesión, gestión, reintegro y control","Ley 38/2003, de 17 de noviembre, General de Subvenciones",61,JURIDICO
ESPECIAL,17,"Actividad subvencional: concesión, gestión, reintegro y control","Ley 38/2003, de 17 de noviembre, General de Subvenciones",62,JURIDICO
ESPECIAL,17,"Actividad subvencional: concesión, gestión, reintegro y control","Ley 38/2003, de 17 de noviembre, General de Subvenciones",63,JURIDICO
ESPECIAL,17,"Actividad subvencional: concesión, gestión, reintegro y control","Ley 38/2003, de 17 de noviembre, General de Subvenciones",64,JURIDICO
ESPECIAL,17,"Actividad subvencional: concesión, gestión, reintegro y control","Ley 38/2003, de 17 de noviembre, General de Subvenciones",65,JURIDICO
ESPECIAL,17,"Actividad subvencional: concesión, gestión, reintegro y control","Ley 38/2003, de 17 de noviembre, General de Subvenciones",66,JURIDICO
ESPECIAL,17,"Actividad subvencional: concesión, gestión, reintegro y control","Ley 38/2003, de 17 de noviembre, General de Subvenciones",67,JURIDICO
ESPECIAL,17,"Actividad subvencional: concesión, gestión, reintegro y control","Ley 38/2003, de 17 de noviembre, General de Subvenciones",68,JURIDICO
ESPECIAL,17,"Actividad subvencional: concesión, gestión, reintegro y control","Ley 38/2003, de 17 de noviembre, General de Subvenciones",69,JURIDICO
ESPECIAL,18,Expropiación forzosa,"Ley de 16 de diciembre de 1954, sobre expropiación forzosa",1,JURIDICO
ESPECIAL,18,Expropiación forzosa,"Ley de 16 de diciembre de 1954, sobre expropiación forzosa",2,JURIDICO
ESPECIAL,18,Expropiación forzosa,"Ley de 16 de diciembre de 1954, sobre expropiación forzosa",3,JURIDICO
ESPECIAL,18,Expropiación forzosa,"Ley de 16 de diciembre de 1954, sobre expropiación forzosa",4,JURIDICO
ESPECIAL,18,Expropiación forzosa,"Ley de 16 de diciembre de 1954, sobre expropiación forzosa",5,JURIDICO
ESPECIAL,18,Expropiación forzosa,"Ley de 16 de diciembre de 1954, sobre expropiación forzosa",6,JURIDICO
ESPECIAL,18,Expropiación forzosa,"Ley de 16 de diciembre de 1954, sobre expropiación forzosa",7,JURIDICO
ESPECIAL,18,Expropiación forzosa,"Ley de 16 de diciembre de 1954, sobre expropiación forzosa",8,JURIDICO
ESPECIAL,18,Expropiación forzosa,"Ley de 16 de diciembre de 1954, sobre expropiación forzosa",9,JURIDICO
ESPECIAL,18,Expropiación forzosa,"Ley de 16 de diciembre de 1954, sobre expropiación forzosa",15,JURIDICO
ESPECIAL,18,Expropiación forzosa,"Ley de 16 de diciembre de 1954, sobre expropiación forzosa",16,JURIDICO
ESPECIAL,18,Expropiación forzosa,"Ley de 16 de diciembre de 1954, sobre expropiación forzosa",17,JURIDICO
ESPECIAL,18,Expropiación forzosa,"Ley de 16 de diciembre de 1954, sobre expropiación forzosa",18,JURIDICO
ESPECIAL,18,Expropiación forzosa,"Ley de 16 de diciembre de 1954, sobre expropiación forzosa",19,JURIDICO
ESPECIAL,18,Expropiación forzosa,"Ley de 16 de diciembre de 1954, sobre expropiación forzosa",20,JURIDICO
ESPECIAL,18,Expropiación forzosa,"Ley de 16 de diciembre de 1954, sobre expropiación forzosa",21,JURIDICO
ESPECIAL,18,Expropiación forzosa,"Ley de 16 de diciembre de 1954, sobre expropiación forzosa",22,JURIDICO
ESPECIAL,18,Expropiación forzosa,"Ley de 16 de diciembre de 1954, sobre expropiación forzosa",23,JURIDICO
ESPECIAL,18,Expropiación forzosa,"Ley de 16 de diciembre de 1954, sobre expropiación forzosa",24,JURIDICO
ESPECIAL,18,Expropiación forzosa,"Ley de 16 de diciembre de 1954, sobre expropiación forzosa",25,JURIDICO
ESPECIAL,18,Expropiación forzosa,"Ley de 16 de diciembre de 1954, sobre expropiación forzosa",26,JURIDICO
ESPECIAL,18,Expropiación forzosa,"Ley de 16 de diciembre de 1954, sobre expropiación forzosa",27,JURIDICO
ESPECIAL,18,Expropiación forzosa,"Ley de 16 de diciembre de 1954, sobre expropiación forzosa",28,JURIDICO
ESPECIAL,18,Expropiación forzosa,"Ley de 16 de diciembre de 1954, sobre expropiación forzosa",29,JURIDICO
ESPECIAL,18,Expropiación forzosa,"Ley de 16 de diciembre de 1954, sobre expropiación forzosa",30,JURIDICO
ESPECIAL,18,Expropiación forzosa,"Ley de 16 de diciembre de 1954, sobre expropiación forzosa",48,JURIDICO
ESPECIAL,18,Expropiación forzosa,"Ley de 16 de diciembre de 1954, sobre expropiación forzosa",49,JURIDICO
ESPECIAL,18,Expropiación forzosa,"Ley de 16 de diciembre de 1954, sobre expropiación forzosa",50,JURIDICO
ESPECIAL,18,Expropiación forzosa,"Ley de 16 de diciembre de 1954, sobre expropiación forzosa",51,JURIDICO
ESPECIAL,18,Expropiación forzosa,"Ley de 16 de diciembre de 1954, sobre expropiación forzosa",52,JURIDICO
ESPECIAL,18,Expropiación forzosa,"Ley de 16 de diciembre de 1954, sobre expropiación forzosa",53,JURIDICO
ESPECIAL,18,Expropiación forzosa,"Ley de 16 de diciembre de 1954, sobre expropiación forzosa",54,JURIDICO
ESPECIAL,18,Expropiación forzosa,"Ley de 16 de diciembre de 1954, sobre expropiación forzosa",55,JURIDICO
ESPECIAL,18,Expropiación forzosa,"Ley de 16 de diciembre de 1954, sobre expropiación forzosa",56,JURIDICO
ESPECIAL,18,Expropiación forzosa,"Ley de 16 de diciembre de 1954, sobre expropiación forzosa",57,JURIDICO
ESPECIAL,18,Expropiación forzosa,"Ley de 16 de diciembre de 1954, sobre expropiación forzosa",58,JURIDICO
ESPECIAL,19,Patrimonio de las Administraciones Públicas,"Ley 33/2003, de 3 de noviembre, del Patrimonio de las Administraciones Públicas",3,JURIDICO
ESPECIAL,19,Patrimonio de las Administraciones Públicas,"Ley 33/2003, de 3 de noviembre, del Patrimonio de las Administraciones Públicas",4,JURIDICO
ESPECIAL,19,Patrimonio de las Administraciones Públicas,"Ley 33/2003, de 3 de noviembre, del Patrimonio de las Administraciones Públicas",5,JURIDICO
ESPECIAL,19,Patrimonio de las Administraciones Públicas,"Ley 33/2003, de 3 de noviembre, del Patrimonio de las Administraciones Públicas",6,JURIDICO
ESPECIAL,19,Patrimonio de las Administraciones Públicas,"Ley 33/2003, de 3 de noviembre, del Patrimonio de las Administraciones Públicas",7,JURIDICO
ESPECIAL,19,Patrimonio de las Administraciones Públicas,"Ley 33/2003, de 3 de noviembre, del Patrimonio de las Administraciones Públicas",8,JURIDICO
ESPECIAL,19,Patrimonio de las Administraciones Públicas,"Ley 33/2003, de 3 de noviembre, del Patrimonio de las Administraciones Públicas",9,JURIDICO
ESPECIAL,19,Patrimonio de las Administraciones Públicas,"Ley 33/2003, de 3 de noviembre, del Patrimonio de las Administraciones Públicas",10,JURIDICO
ESPECIAL,19,Patrimonio de las Administraciones Públicas,"Ley 33/2003, de 3 de noviembre, del Patrimonio de las Administraciones Públicas",11,JURIDICO
ESPECIAL,19,Patrimonio de las Administraciones Públicas,"Ley 33/2003, de 3 de noviembre, del Patrimonio de las Administraciones Públicas",12,JURIDICO
ESPECIAL,19,Patrimonio de las Administraciones Públicas,"Ley 33/2003, de 3 de noviembre, del Patrimonio de las Administraciones Públicas",13,JURIDICO
ESPECIAL,19,Patrimonio de las Administraciones Públicas,"Ley 33/2003, de 3 de noviembre, del Patrimonio de las Administraciones Públicas",14,JURIDICO
ESPECIAL,19,Patrimonio de las Administraciones Públicas,"Ley 33/2003, de 3 de noviembre, del Patrimonio de las Administraciones Públicas",15,JURIDICO
ESPECIAL,19,Patrimonio de las Administraciones Públicas,"Ley 33/2003, de 3 de noviembre, del Patrimonio de las Administraciones Públicas",17,JURIDICO
ESPECIAL,19,Patrimonio de las Administraciones Públicas,"Ley 33/2003, de 3 de noviembre, del Patrimonio de las Administraciones Públicas",18,JURIDICO
ESPECIAL,19,Patrimonio de las Administraciones Públicas,"Ley 33/2003, de 3 de noviembre, del Patrimonio de las Administraciones Públicas",19,JURIDICO
ESPECIAL,19,Patrimonio de las Administraciones Públicas,"Ley 33/2003, de 3 de noviembre, del Patrimonio de las Administraciones Públicas",20,JURIDICO
ESPECIAL,19,Patrimonio de las Administraciones Públicas,"Ley 33/2003, de 3 de noviembre, del Patrimonio de las Administraciones Públicas",21,JURIDICO
ESPECIAL,19,Patrimonio de las Administraciones Públicas,"Ley 33/2003, de 3 de noviembre, del Patrimonio de las Administraciones Públicas",22,JURIDICO
ESPECIAL,19,Patrimonio de las Administraciones Públicas,"Ley 33/2003, de 3 de noviembre, del Patrimonio de las Administraciones Públicas",23,JURIDICO
ESPECIAL,19,Patrimonio de las Administraciones Públicas,"Ley 33/2003, de 3 de noviembre, del Patrimonio de las Administraciones Públicas",24,JURIDICO
ESPECIAL,19,Patrimonio de las Administraciones Públicas,"Ley 33/2003, de 3 de noviembre, del Patrimonio de las Administraciones Públicas",25,JURIDICO
ESPECIAL,19,Patrimonio de las Administraciones Públicas,"Ley 33/2003, de 3 de noviembre, del Patrimonio de las Administraciones Públicas",26,JURIDICO
ESPECIAL,19,Patrimonio de las Administraciones Públicas,"Ley 33/2003, de 3 de noviembre, del Patrimonio de las Administraciones Públicas",27,JURIDICO
ESPECIAL,19,Patrimonio de las Administraciones Públicas,"Ley 33/2003, de 3 de noviembre, del Patrimonio de las Administraciones Públicas",28,JURIDICO
ESPECIAL,19,Patrimonio de las Administraciones Públicas,"Ley 33/2003, de 3 de noviembre, del Patrimonio de las Administraciones Públicas",29,JURIDICO
ESPECIAL,19,Patrimonio de las Administraciones Públicas,"Ley 33/2003, de 3 de noviembre, del Patrimonio de las Administraciones Públicas",30,JURIDICO
ESPECIAL,19,Patrimonio de las Administraciones Públicas,"Ley 33/2003, de 3 de noviembre, del Patrimonio de las Administraciones Públicas",31,JURIDICO
ESPECIAL,19,Patrimonio de las Administraciones Públicas,"Ley 33/2003, de 3 de noviembre, del Patrimonio de las Administraciones Públicas",65,JURIDICO
ESPECIAL,19,Patrimonio de las Administraciones Públicas,"Ley 33/2003, de 3 de noviembre, del Patrimonio de las Administraciones Públicas",66,JURIDICO
ESPECIAL,19,Patrimonio de las Administraciones Públicas,"Ley 33/2003, de 3 de noviembre, del Patrimonio de las Administraciones Públicas",67,JURIDICO
ESPECIAL,19,Patrimonio de las Administraciones Públicas,"Ley 33/2003, de 3 de noviembre, del Patrimonio de las Administraciones Públicas",68,JURIDICO
ESPECIAL,19,Patrimonio de las Administraciones Públicas,"Ley 33/2003, de 3 de noviembre, del Patrimonio de las Administraciones Públicas",69,JURIDICO
ESPECIAL,19,Patrimonio de las Administraciones Públicas,"Ley 33/2003, de 3 de noviembre, del Patrimonio de las Administraciones Públicas",70,JURIDICO
ESPECIAL,19,Patrimonio de las Administraciones Públicas,"Ley 33/2003, de 3 de noviembre, del Patrimonio de las Administraciones Públicas",71,JURIDICO
ESPECIAL,19,Patrimonio de las Administraciones Públicas,"Ley 33/2003, de 3 de noviembre, del Patrimonio de las Administraciones Públicas",72,JURIDICO
ESPECIAL,19,Patrimonio de las Administraciones Públicas,"Ley 33/2003, de 3 de noviembre, del Patrimonio de las Administraciones Públicas",73,JURIDICO
ESPECIAL,19,Patrimonio de las Administraciones Públicas,"Ley 33/2003, de 3 de noviembre, del Patrimonio de las Administraciones Públicas",74,JURIDICO
ESPECIAL,19,Patrimonio de las Administraciones Públicas,"Ley 33/2003, de 3 de noviembre, del Patrimonio de las Administraciones Públicas",75,JURIDICO
ESPECIAL,19,Patrimonio de las Administraciones Públicas,"Ley 33/2003, de 3 de noviembre, del Patrimonio de las Administraciones Públicas",76,JURIDICO
ESPECIAL,19,Patrimonio de las Administraciones Públicas,"Ley 33/2003, de 3 de noviembre, del Patrimonio de las Administraciones Públicas",77,JURIDICO
ESPECIAL,19,Patrimonio de las Administraciones Públicas,"Ley 33/2003, de 3 de noviembre, del Patrimonio de las Administraciones Públicas",78,JURIDICO
ESPECIAL,19,Patrimonio de las Administraciones Públicas,"Ley 33/2003, de 3 de noviembre, del Patrimonio de las Administraciones Públicas",79,JURIDICO
ESPECIAL,19,Patrimonio de las Administraciones Públicas,"Ley 33/2003, de 3 de noviembre, del Patrimonio de las Administraciones Públicas",80,JURIDICO
ESPECIAL,19,Patrimonio de las Administraciones Públicas,"Ley 33/2003, de 3 de noviembre, del Patrimonio de las Administraciones Públicas",81,JURIDICO
ESPECIAL,19,Patrimonio de las Administraciones Públicas,"Ley 33/2003, de 3 de noviembre, del Patrimonio de las Administraciones Públicas",82,JURIDICO
ESPECIAL,19,Patrimonio de las Administraciones Públicas,"Ley 33/2003, de 3 de noviembre, del Patrimonio de las Administraciones Públicas",83,JURIDICO
ESPECIAL,19,Patrimonio de las Administraciones Públicas,"Ley 33/2003, de 3 de noviembre, del Patrimonio de las Administraciones Públicas",84,JURIDICO
ESPECIAL,19,Patrimonio de las Administraciones Públicas,"Ley 33/2003, de 3 de noviembre, del Patrimonio de las Administraciones Públicas",106,JURIDICO
ESPECIAL,19,Patrimonio de las Administraciones Públicas,"Ley 33/2003, de 3 de noviembre, del Patrimonio de las Administraciones Públicas",107,JURIDICO
ESPECIAL,19,Patrimonio de las Administraciones Públicas,"Ley 33/2003, de 3 de noviembre, del Patrimonio de las Administraciones Públicas",108,JURIDICO
ESPECIAL,19,Patrimonio de las Administraciones Públicas,"Ley 33/2003, de 3 de noviembre, del Patrimonio de las Administraciones Públicas",109,JURIDICO
ESPECIAL,19,Patrimonio de las Administraciones Públicas,"Ley 33/2003, de 3 de noviembre, del Patrimonio de las Administraciones Públicas",110,JURIDICO
ESPECIAL,19,Patrimonio de las Administraciones Públicas,"Ley 33/2003, de 3 de noviembre, del Patrimonio de las Administraciones Públicas",111,JURIDICO
ESPECIAL,19,Patrimonio de las Administraciones Públicas,"Ley 33/2003, de 3 de noviembre, del Patrimonio de las Administraciones Públicas",112,JURIDICO
ESPECIAL,19,Patrimonio de las Administraciones Públicas,"Ley 33/2003, de 3 de noviembre, del Patrimonio de las Administraciones Públicas",113,JURIDICO
ESPECIAL,19,Patrimonio de las Administraciones Públicas,"Ley 33/2003, de 3 de noviembre, del Patrimonio de las Administraciones Públicas",114,JURIDICO
ESPECIAL,19,Patrimonio de las Administraciones Públicas,"Ley 33/2003, de 3 de noviembre, del Patrimonio de las Administraciones Públicas",115,JURIDICO
ESPECIAL,19,Patrimonio de las Administraciones Públicas,"Ley 33/2003, de 3 de noviembre, del Patrimonio de las Administraciones Públicas",116,JURIDICO
ESPECIAL,19,Patrimonio de las Administraciones Públicas,"Ley 33/2003, de 3 de noviembre, del Patrimonio de las Administraciones Públicas",117,JURIDICO
ESPECIAL,19,Patrimonio de las Administraciones Públicas,"Ley 33/2003, de 3 de noviembre, del Patrimonio de las Administraciones Públicas",118,JURIDICO
ESPECIAL,19,Patrimonio de las Administraciones Públicas,"Ley 33/2003, de 3 de noviembre, del Patrimonio de las Administraciones Públicas",119,JURIDICO
ESPECIAL,19,Patrimonio de las Administraciones Públicas,"Ley 33/2003, de 3 de noviembre, del Patrimonio de las Administraciones Públicas",120,JURIDICO
ESPECIAL,19,Patrimonio de las Administraciones Públicas,"Ley 33/2003, de 3 de noviembre, del Patrimonio de las Administraciones Públicas",121,JURIDICO
ESPECIAL,19,Patrimonio de las Administraciones Públicas,"Ley 33/2003, de 3 de noviembre, del Patrimonio de las Administraciones Públicas",122,JURIDICO
ESPECIAL,19,Patrimonio de las Administraciones Públicas,"Ley 33/2003, de 3 de noviembre, del Patrimonio de las Administraciones Públicas",123,JURIDICO
ESPECIAL,19,Patrimonio de las Administraciones Públicas,"Ley 33/2003, de 3 de noviembre, del Patrimonio de las Administraciones Públicas",124,JURIDICO
ESPECIAL,19,Patrimonio de las Administraciones Públicas,"Ley 33/2003, de 3 de noviembre, del Patrimonio de las Administraciones Públicas",125,JURIDICO
ESPECIAL,19,Patrimonio de las Administraciones Públicas,"Ley 33/2003, de 3 de noviembre, del Patrimonio de las Administraciones Públicas",126,JURIDICO
ESPECIAL,19,Patrimonio de las Administraciones Públicas,"Ley 33/2003, de 3 de noviembre, del Patrimonio de las Administraciones Públicas",127,JURIDICO
ESPECIAL,19,Patrimonio de las Administraciones Públicas,"Ley 33/2003, de 3 de noviembre, del Patrimonio de las Administraciones Públicas",128,JURIDICO
ESPECIAL,19,Patrimonio de las Administraciones Públicas,"Ley 33/2003, de 3 de noviembre, del Patrimonio de las Administraciones Públicas",129,JURIDICO
ESPECIAL,19,Patrimonio de las Administraciones Públicas,"Ley 33/2003, de 3 de noviembre, del Patrimonio de las Administraciones Públicas",130,JURIDICO
ESPECIAL,19,Patrimonio de las Administraciones Públicas,"Ley 33/2003, de 3 de noviembre, del Patrimonio de las Administraciones Públicas",131,JURIDICO
ESPECIAL,19,Patrimonio de las Administraciones Públicas,"Ley 33/2003, de 3 de noviembre, del Patrimonio de las Administraciones Públicas",132,JURIDICO
ESPECIAL,19,Patrimonio de las Administraciones Públicas,"Ley 33/2003, de 3 de noviembre, del Patrimonio de las Administraciones Públicas",133,JURIDICO
ESPECIAL,19,Patrimonio de las Administraciones Públicas,"Ley 33/2003, de 3 de noviembre, del Patrimonio de las Administraciones Públicas",134,JURIDICO
ESPECIAL,19,Patrimonio de las Administraciones Públicas,"Ley 33/2003, de 3 de noviembre, del Patrimonio de las Administraciones Públicas",135,JURIDICO
ESPECIAL,19,Patrimonio de las Administraciones Públicas,"Ley 33/2003, de 3 de noviembre, del Patrimonio de las Administraciones Públicas",136,JURIDICO
ESPECIAL,19,Patrimonio de las Administraciones Públicas,"Ley 33/2003, de 3 de noviembre, del Patrimonio de las Administraciones Públicas",137,JURIDICO
ESPECIAL,19,Patrimonio de las Administraciones Públicas,"Ley 33/2003, de 3 de noviembre, del Patrimonio de las Administraciones Públicas",138,JURIDICO
ESPECIAL,19,Patrimonio de las Administraciones Públicas,"Ley 33/2003, de 3 de noviembre, del Patrimonio de las Administraciones Públicas",139,JURIDICO
ESPECIAL,19,Patrimonio de las Administraciones Públicas,"Ley 33/2003, de 3 de noviembre, del Patrimonio de las Administraciones Públicas",140,JURIDICO
ESPECIAL,19,Patrimonio de las Administraciones Públicas,"Ley 33/2003, de 3 de noviembre, del Patrimonio de las Administraciones Públicas",141,JURIDICO
ESPECIAL,19,Patrimonio de las Administraciones Públicas,"Ley 33/2003, de 3 de noviembre, del Patrimonio de las Administraciones Públicas",142,JURIDICO
ESPECIAL,19,Patrimonio de las Administraciones Públicas,"Ley 33/2003, de 3 de noviembre, del Patrimonio de las Administraciones Públicas",143,JURIDICO
ESPECIAL,19,Patrimonio de las Administraciones Públicas,"Ley 33/2003, de 3 de noviembre, del Patrimonio de las Administraciones Públicas",144,JURIDICO
ESPECIAL,19,Patrimonio de las Administraciones Públicas,"Ley 33/2003, de 3 de noviembre, del Patrimonio de las Administraciones Públicas",145,JURIDICO
ESPECIAL,20,"Contratación pública: ámbito, tipos y principios","Ley 9/2017, de 8 de noviembre, de Contratos del Sector Público",1,JURIDICO
ESPECIAL,20,"Contratación pública: ámbito, tipos y principios","Ley 9/2017, de 8 de noviembre, de Contratos del Sector Público",2,JURIDICO
ESPECIAL,20,"Contratación pública: ámbito, tipos y principios","Ley 9/2017, de 8 de noviembre, de Contratos del Sector Público",3,JURIDICO
ESPECIAL,20,"Contratación pública: ámbito, tipos y principios","Ley 9/2017, de 8 de noviembre, de Contratos del Sector Público",4,JURIDICO
ESPECIAL,20,"Contratación pública: ámbito, tipos y principios","Ley 9/2017, de 8 de noviembre, de Contratos del Sector Público",5,JURIDICO
ESPECIAL,20,"Contratación pública: ámbito, tipos y principios","Ley 9/2017, de 8 de noviembre, de Contratos del Sector Público",6,JURIDICO
ESPECIAL,20,"Contratación pública: ámbito, tipos y principios","Ley 9/2017, de 8 de noviembre, de Contratos del Sector Público",7,JURIDICO
ESPECIAL,20,"Contratación pública: ámbito, tipos y principios","Ley 9/2017, de 8 de noviembre, de Contratos del Sector Público",8,JURIDICO
ESPECIAL,20,"Contratación pública: ámbito, tipos y principios","Ley 9/2017, de 8 de noviembre, de Contratos del Sector Público",9,JURIDICO
ESPECIAL,20,"Contratación pública: ámbito, tipos y principios","Ley 9/2017, de 8 de noviembre, de Contratos del Sector Público",10,JURIDICO
ESPECIAL,20,"Contratación pública: ámbito, tipos y principios","Ley 9/2017, de 8 de noviembre, de Contratos del Sector Público",11,JURIDICO
ESPECIAL,20,"Contratación pública: ámbito, tipos y principios","Ley 9/2017, de 8 de noviembre, de Contratos del Sector Público",12,JURIDICO
ESPECIAL,20,"Contratación pública: ámbito, tipos y principios","Ley 9/2017, de 8 de noviembre, de Contratos del Sector Público",13,JURIDICO
ESPECIAL,20,"Contratación pública: ámbito, tipos y principios","Ley 9/2017, de 8 de noviembre, de Contratos del Sector Público",28,JURIDICO
ESPECIAL,20,"Contratación pública: ámbito, tipos y principios","Ley 9/2017, de 8 de noviembre, de Contratos del Sector Público",29,JURIDICO
ESPECIAL,20,"Contratación pública: ámbito, tipos y principios","Ley 9/2017, de 8 de noviembre, de Contratos del Sector Público",30,JURIDICO
ESPECIAL,21,"Preparación del contrato, objeto, precio, garantías y expediente","Ley 9/2017, de 8 de noviembre, de Contratos del Sector Público",31,JURIDICO
ESPECIAL,21,"Preparación del contrato, objeto, precio, garantías y expediente","Ley 9/2017, de 8 de noviembre, de Contratos del Sector Público",32,JURIDICO
ESPECIAL,21,"Preparación del contrato, objeto, precio, garantías y expediente","Ley 9/2017, de 8 de noviembre, de Contratos del Sector Público",33,JURIDICO
ESPECIAL,21,"Preparación del contrato, objeto, precio, garantías y expediente","Ley 9/2017, de 8 de noviembre, de Contratos del Sector Público",34,JURIDICO
ESPECIAL,21,"Preparación del contrato, objeto, precio, garantías y expediente","Ley 9/2017, de 8 de noviembre, de Contratos del Sector Público",35,JURIDICO
ESPECIAL,21,"Preparación del contrato, objeto, precio, garantías y expediente","Ley 9/2017, de 8 de noviembre, de Contratos del Sector Público",36,JURIDICO
ESPECIAL,21,"Preparación del contrato, objeto, precio, garantías y expediente","Ley 9/2017, de 8 de noviembre, de Contratos del Sector Público",99,JURIDICO
ESPECIAL,21,"Preparación del contrato, objeto, precio, garantías y expediente","Ley 9/2017, de 8 de noviembre, de Contratos del Sector Público",100,JURIDICO
ESPECIAL,21,"Preparación del contrato, objeto, precio, garantías y expediente","Ley 9/2017, de 8 de noviembre, de Contratos del Sector Público",101,JURIDICO
ESPECIAL,21,"Preparación del contrato, objeto, precio, garantías y expediente","Ley 9/2017, de 8 de noviembre, de Contratos del Sector Público",102,JURIDICO
ESPECIAL,21,"Preparación del contrato, objeto, precio, garantías y expediente","Ley 9/2017, de 8 de noviembre, de Contratos del Sector Público",103,JURIDICO
ESPECIAL,21,"Preparación del contrato, objeto, precio, garantías y expediente","Ley 9/2017, de 8 de noviembre, de Contratos del Sector Público",116,JURIDICO
ESPECIAL,21,"Preparación del contrato, objeto, precio, garantías y expediente","Ley 9/2017, de 8 de noviembre, de Contratos del Sector Público",117,JURIDICO
ESPECIAL,21,"Preparación del contrato, objeto, precio, garantías y expediente","Ley 9/2017, de 8 de noviembre, de Contratos del Sector Público",118,JURIDICO
ESPECIAL,21,"Preparación del contrato, objeto, precio, garantías y expediente","Ley 9/2017, de 8 de noviembre, de Contratos del Sector Público",119,JURIDICO
ESPECIAL,21,"Preparación del contrato, objeto, precio, garantías y expediente","Ley 9/2017, de 8 de noviembre, de Contratos del Sector Público",120,JURIDICO
ESPECIAL,21,"Preparación del contrato, objeto, precio, garantías y expediente","Ley 9/2017, de 8 de noviembre, de Contratos del Sector Público",121,JURIDICO
ESPECIAL,21,"Preparación del contrato, objeto, precio, garantías y expediente","Ley 9/2017, de 8 de noviembre, de Contratos del Sector Público",122,JURIDICO
ESPECIAL,21,"Preparación del contrato, objeto, precio, garantías y expediente","Ley 9/2017, de 8 de noviembre, de Contratos del Sector Público",123,JURIDICO
ESPECIAL,21,"Preparación del contrato, objeto, precio, garantías y expediente","Ley 9/2017, de 8 de noviembre, de Contratos del Sector Público",124,JURIDICO
ESPECIAL,21,"Preparación del contrato, objeto, precio, garantías y expediente","Ley 9/2017, de 8 de noviembre, de Contratos del Sector Público",125,JURIDICO
ESPECIAL,21,"Preparación del contrato, objeto, precio, garantías y expediente","Ley 9/2017, de 8 de noviembre, de Contratos del Sector Público",126,JURIDICO
ESPECIAL,21,"Preparación del contrato, objeto, precio, garantías y expediente","Ley 9/2017, de 8 de noviembre, de Contratos del Sector Público",127,JURIDICO
ESPECIAL,21,"Preparación del contrato, objeto, precio, garantías y expediente","Ley 9/2017, de 8 de noviembre, de Contratos del Sector Público",128,JURIDICO
ESPECIAL,21,"Preparación del contrato, objeto, precio, garantías y expediente","Ley 9/2017, de 8 de noviembre, de Contratos del Sector Público",129,JURIDICO
ESPECIAL,21,"Preparación del contrato, objeto, precio, garantías y expediente","Ley 9/2017, de 8 de noviembre, de Contratos del Sector Público",130,JURIDICO
ESPECIAL,21,"Preparación del contrato, objeto, precio, garantías y expediente","Ley 9/2017, de 8 de noviembre, de Contratos del Sector Público",131,JURIDICO
ESPECIAL,22,"Partes, adjudicación y recursos en contratación pública","Ley 9/2017, de 8 de noviembre, de Contratos del Sector Público",61,JURIDICO
ESPECIAL,22,"Partes, adjudicación y recursos en contratación pública","Ley 9/2017, de 8 de noviembre, de Contratos del Sector Público",62,JURIDICO
ESPECIAL,22,"Partes, adjudicación y recursos en contratación pública","Ley 9/2017, de 8 de noviembre, de Contratos del Sector Público",63,JURIDICO
ESPECIAL,22,"Partes, adjudicación y recursos en contratación pública","Ley 9/2017, de 8 de noviembre, de Contratos del Sector Público",64,JURIDICO
ESPECIAL,22,"Partes, adjudicación y recursos en contratación pública","Ley 9/2017, de 8 de noviembre, de Contratos del Sector Público",65,JURIDICO
ESPECIAL,22,"Partes, adjudicación y recursos en contratación pública","Ley 9/2017, de 8 de noviembre, de Contratos del Sector Público",66,JURIDICO
ESPECIAL,22,"Partes, adjudicación y recursos en contratación pública","Ley 9/2017, de 8 de noviembre, de Contratos del Sector Público",67,JURIDICO
ESPECIAL,22,"Partes, adjudicación y recursos en contratación pública","Ley 9/2017, de 8 de noviembre, de Contratos del Sector Público",68,JURIDICO
ESPECIAL,22,"Partes, adjudicación y recursos en contratación pública","Ley 9/2017, de 8 de noviembre, de Contratos del Sector Público",69,JURIDICO
ESPECIAL,22,"Partes, adjudicación y recursos en contratación pública","Ley 9/2017, de 8 de noviembre, de Contratos del Sector Público",70,JURIDICO
ESPECIAL,22,"Partes, adjudicación y recursos en contratación pública","Ley 9/2017, de 8 de noviembre, de Contratos del Sector Público",71,JURIDICO
ESPECIAL,22,"Partes, adjudicación y recursos en contratación pública","Ley 9/2017, de 8 de noviembre, de Contratos del Sector Público",72,JURIDICO
ESPECIAL,22,"Partes, adjudicación y recursos en contratación pública","Ley 9/2017, de 8 de noviembre, de Contratos del Sector Público",73,JURIDICO
ESPECIAL,22,"Partes, adjudicación y recursos en contratación pública","Ley 9/2017, de 8 de noviembre, de Contratos del Sector Público",74,JURIDICO
ESPECIAL,22,"Partes, adjudicación y recursos en contratación pública","Ley 9/2017, de 8 de noviembre, de Contratos del Sector Público",75,JURIDICO
ESPECIAL,22,"Partes, adjudicación y recursos en contratación pública","Ley 9/2017, de 8 de noviembre, de Contratos del Sector Público",76,JURIDICO
ESPECIAL,22,"Partes, adjudicación y recursos en contratación pública","Ley 9/2017, de 8 de noviembre, de Contratos del Sector Público",77,JURIDICO
ESPECIAL,22,"Partes, adjudicación y recursos en contratación pública","Ley 9/2017, de 8 de noviembre, de Contratos del Sector Público",78,JURIDICO
ESPECIAL,22,"Partes, adjudicación y recursos en contratación pública","Ley 9/2017, de 8 de noviembre, de Contratos del Sector Público",79,JURIDICO
ESPECIAL,22,"Partes, adjudicación y recursos en contratación pública","Ley 9/2017, de 8 de noviembre, de Contratos del Sector Público",80,JURIDICO
ESPECIAL,22,"Partes, adjudicación y recursos en contratación pública","Ley 9/2017, de 8 de noviembre, de Contratos del Sector Público",81,JURIDICO
ESPECIAL,22,"Partes, adjudicación y recursos en contratación pública","Ley 9/2017, de 8 de noviembre, de Contratos del Sector Público",82,JURIDICO
ESPECIAL,22,"Partes, adjudicación y recursos en contratación pública","Ley 9/2017, de 8 de noviembre, de Contratos del Sector Público",83,JURIDICO
ESPECIAL,22,"Partes, adjudicación y recursos en contratación pública","Ley 9/2017, de 8 de noviembre, de Contratos del Sector Público",84,JURIDICO
ESPECIAL,22,"Partes, adjudicación y recursos en contratación pública","Ley 9/2017, de 8 de noviembre, de Contratos del Sector Público",85,JURIDICO
ESPECIAL,22,"Partes, adjudicación y recursos en contratación pública","Ley 9/2017, de 8 de noviembre, de Contratos del Sector Público",86,JURIDICO
ESPECIAL,22,"Partes, adjudicación y recursos en contratación pública","Ley 9/2017, de 8 de noviembre, de Contratos del Sector Público",87,JURIDICO
ESPECIAL,22,"Partes, adjudicación y recursos en contratación pública","Ley 9/2017, de 8 de noviembre, de Contratos del Sector Público",88,JURIDICO
ESPECIAL,22,"Partes, adjudicación y recursos en contratación pública","Ley 9/2017, de 8 de noviembre, de Contratos del Sector Público",89,JURIDICO
ESPECIAL,22,"Partes, adjudicación y recursos en contratación pública","Ley 9/2017, de 8 de noviembre, de Contratos del Sector Público",90,JURIDICO
ESPECIAL,22,"Partes, adjudicación y recursos en contratación pública","Ley 9/2017, de 8 de noviembre, de Contratos del Sector Público",91,JURIDICO
ESPECIAL,22,"Partes, adjudicación y recursos en contratación pública","Ley 9/2017, de 8 de noviembre, de Contratos del Sector Público",92,JURIDICO
ESPECIAL,22,"Partes, adjudicación y recursos en contratación pública","Ley 9/2017, de 8 de noviembre, de Contratos del Sector Público",93,JURIDICO
ESPECIAL,22,"Partes, adjudicación y recursos en contratación pública","Ley 9/2017, de 8 de noviembre, de Contratos del Sector Público",94,JURIDICO
ESPECIAL,22,"Partes, adjudicación y recursos en contratación pública","Ley 9/2017, de 8 de noviembre, de Contratos del Sector Público",95,JURIDICO
ESPECIAL,22,"Partes, adjudicación y recursos en contratación pública","Ley 9/2017, de 8 de noviembre, de Contratos del Sector Público",96,JURIDICO
ESPECIAL,22,"Partes, adjudicación y recursos en contratación pública","Ley 9/2017, de 8 de noviembre, de Contratos del Sector Público",97,JURIDICO
ESPECIAL,22,"Partes, adjudicación y recursos en contratación pública","Ley 9/2017, de 8 de noviembre, de Contratos del Sector Público",98,JURIDICO
ESPECIAL,22,"Partes, adjudicación y recursos en contratación pública","Ley 9/2017, de 8 de noviembre, de Contratos del Sector Público",132,JURIDICO
ESPECIAL,22,"Partes, adjudicación y recursos en contratación pública","Ley 9/2017, de 8 de noviembre, de Contratos del Sector Público",133,JURIDICO
ESPECIAL,22,"Partes, adjudicación y recursos en contratación pública","Ley 9/2017, de 8 de noviembre, de Contratos del Sector Público",134,JURIDICO
ESPECIAL,22,"Partes, adjudicación y recursos en contratación pública","Ley 9/2017, de 8 de noviembre, de Contratos del Sector Público",135,JURIDICO
ESPECIAL,22,"Partes, adjudicación y recursos en contratación pública","Ley 9/2017, de 8 de noviembre, de Contratos del Sector Público",136,JURIDICO
ESPECIAL,22,"Partes, adjudicación y recursos en contratación pública","Ley 9/2017, de 8 de noviembre, de Contratos del Sector Público",137,JURIDICO
ESPECIAL,22,"Partes, adjudicación y recursos en contratación pública","Ley 9/2017, de 8 de noviembre, de Contratos del Sector Público",138,JURIDICO
ESPECIAL,22,"Partes, adjudicación y recursos en contratación pública","Ley 9/2017, de 8 de noviembre, de Contratos del Sector Público",139,JURIDICO
ESPECIAL,22,"Partes, adjudicación y recursos en contratación pública","Ley 9/2017, de 8 de noviembre, de Contratos del Sector Público",140,JURIDICO
ESPECIAL,22,"Partes, adjudicación y recursos en contratación pública","Ley 9/2017, de 8 de noviembre, de Contratos del Sector Público",141,JURIDICO
ESPECIAL,22,"Partes, adjudicación y recursos en contratación pública","Ley 9/2017, de 8 de noviembre, de Contratos del Sector Público",142,JURIDICO
ESPECIAL,22,"Partes, adjudicación y recursos en contratación pública","Ley 9/2017, de 8 de noviembre, de Contratos del Sector Público",143,JURIDICO
ESPECIAL,22,"Partes, adjudicación y recursos en contratación pública","Ley 9/2017, de 8 de noviembre, de Contratos del Sector Público",144,JURIDICO
ESPECIAL,22,"Partes, adjudicación y recursos en contratación pública","Ley 9/2017, de 8 de noviembre, de Contratos del Sector Público",145,JURIDICO
ESPECIAL,22,"Partes, adjudicación y recursos en contratación pública","Ley 9/2017, de 8 de noviembre, de Contratos del Sector Público",146,JURIDICO
ESPECIAL,22,"Partes, adjudicación y recursos en contratación pública","Ley 9/2017, de 8 de noviembre, de Contratos del Sector Público",147,JURIDICO
ESPECIAL,22,"Partes, adjudicación y recursos en contratación pública","Ley 9/2017, de 8 de noviembre, de Contratos del Sector Público",148,JURIDICO
ESPECIAL,22,"Partes, adjudicación y recursos en contratación pública","Ley 9/2017, de 8 de noviembre, de Contratos del Sector Público",149,JURIDICO
ESPECIAL,22,"Partes, adjudicación y recursos en contratación pública","Ley 9/2017, de 8 de noviembre, de Contratos del Sector Público",150,JURIDICO
ESPECIAL,22,"Partes, adjudicación y recursos en contratación pública","Ley 9/2017, de 8 de noviembre, de Contratos del Sector Público",151,JURIDICO
ESPECIAL,22,"Partes, adjudicación y recursos en contratación pública","Ley 9/2017, de 8 de noviembre, de Contratos del Sector Público",152,JURIDICO
ESPECIAL,22,"Partes, adjudicación y recursos en contratación pública","Ley 9/2017, de 8 de noviembre, de Contratos del Sector Público",153,JURIDICO
ESPECIAL,22,"Partes, adjudicación y recursos en contratación pública","Ley 9/2017, de 8 de noviembre, de Contratos del Sector Público",154,JURIDICO
ESPECIAL,22,"Partes, adjudicación y recursos en contratación pública","Ley 9/2017, de 8 de noviembre, de Contratos del Sector Público",155,JURIDICO
ESPECIAL,22,"Partes, adjudicación y recursos en contratación pública","Ley 9/2017, de 8 de noviembre, de Contratos del Sector Público",156,JURIDICO
ESPECIAL,22,"Partes, adjudicación y recursos en contratación pública","Ley 9/2017, de 8 de noviembre, de Contratos del Sector Público",157,JURIDICO
ESPECIAL,22,"Partes, adjudicación y recursos en contratación pública","Ley 9/2017, de 8 de noviembre, de Contratos del Sector Público",158,JURIDICO
ESPECIAL,22,"Partes, adjudicación y recursos en contratación pública","Ley 9/2017, de 8 de noviembre, de Contratos del Sector Público",159,JURIDICO
ESPECIAL,22,"Partes, adjudicación y recursos en contratación pública","Ley 9/2017, de 8 de noviembre, de Contratos del Sector Público",160,JURIDICO
ESPECIAL,22,"Partes, adjudicación y recursos en contratación pública","Ley 9/2017, de 8 de noviembre, de Contratos del Sector Público",161,JURIDICO
ESPECIAL,22,"Partes, adjudicación y recursos en contratación pública","Ley 9/2017, de 8 de noviembre, de Contratos del Sector Público",162,JURIDICO
ESPECIAL,22,"Partes, adjudicación y recursos en contratación pública","Ley 9/2017, de 8 de noviembre, de Contratos del Sector Público",163,JURIDICO
ESPECIAL,22,"Partes, adjudicación y recursos en contratación pública","Ley 9/2017, de 8 de noviembre, de Contratos del Sector Público",164,JURIDICO
ESPECIAL,22,"Partes, adjudicación y recursos en contratación pública","Ley 9/2017, de 8 de noviembre, de Contratos del Sector Público",165,JURIDICO
ESPECIAL,22,"Partes, adjudicación y recursos en contratación pública","Ley 9/2017, de 8 de noviembre, de Contratos del Sector Público",166,JURIDICO
ESPECIAL,22,"Partes, adjudicación y recursos en contratación pública","Ley 9/2017, de 8 de noviembre, de Contratos del Sector Público",167,JURIDICO
ESPECIAL,22,"Partes, adjudicación y recursos en contratación pública","Ley 9/2017, de 8 de noviembre, de Contratos del Sector Público",168,JURIDICO
ESPECIAL,22,"Partes, adjudicación y recursos en contratación pública","Ley 9/2017, de 8 de noviembre, de Contratos del Sector Público",169,JURIDICO
ESPECIAL,22,"Partes, adjudicación y recursos en contratación pública","Ley 9/2017, de 8 de noviembre, de Contratos del Sector Público",170,JURIDICO
ESPECIAL,22,"Partes, adjudicación y recursos en contratación pública","Ley 9/2017, de 8 de noviembre, de Contratos del Sector Público",171,JURIDICO
ESPECIAL,22,"Partes, adjudicación y recursos en contratación pública","Ley 9/2017, de 8 de noviembre, de Contratos del Sector Público",172,JURIDICO
ESPECIAL,22,"Partes, adjudicación y recursos en contratación pública","Ley 9/2017, de 8 de noviembre, de Contratos del Sector Público",173,JURIDICO
ESPECIAL,22,"Partes, adjudicación y recursos en contratación pública","Ley 9/2017, de 8 de noviembre, de Contratos del Sector Público",174,JURIDICO
ESPECIAL,22,"Partes, adjudicación y recursos en contratación pública","Ley 9/2017, de 8 de noviembre, de Contratos del Sector Público",175,JURIDICO
ESPECIAL,22,"Partes, adjudicación y recursos en contratación pública","Ley 9/2017, de 8 de noviembre, de Contratos del Sector Público",176,JURIDICO
ESPECIAL,22,"Partes, adjudicación y recursos en contratación pública","Ley 9/2017, de 8 de noviembre, de Contratos del Sector Público",177,JURIDICO
ESPECIAL,22,"Partes, adjudicación y recursos en contratación pública","Ley 9/2017, de 8 de noviembre, de Contratos del Sector Público",178,JURIDICO
ESPECIAL,22,"Partes, adjudicación y recursos en contratación pública","Ley 9/2017, de 8 de noviembre, de Contratos del Sector Público",179,JURIDICO
ESPECIAL,22,"Partes, adjudicación y recursos en contratación pública","Ley 9/2017, de 8 de noviembre, de Contratos del Sector Público",180,JURIDICO
ESPECIAL,22,"Partes, adjudicación y recursos en contratación pública","Ley 9/2017, de 8 de noviembre, de Contratos del Sector Público",181,JURIDICO
ESPECIAL,22,"Partes, adjudicación y recursos en contratación pública","Ley 9/2017, de 8 de noviembre, de Contratos del Sector Público",182,JURIDICO
ESPECIAL,22,"Partes, adjudicación y recursos en contratación pública","Ley 9/2017, de 8 de noviembre, de Contratos del Sector Público",183,JURIDICO
ESPECIAL,22,"Partes, adjudicación y recursos en contratación pública","Ley 9/2017, de 8 de noviembre, de Contratos del Sector Público",184,JURIDICO
ESPECIAL,22,"Partes, adjudicación y recursos en contratación pública","Ley 9/2017, de 8 de noviembre, de Contratos del Sector Público",185,JURIDICO
ESPECIAL,22,"Partes, adjudicación y recursos en contratación pública","Ley 9/2017, de 8 de noviembre, de Contratos del Sector Público",186,JURIDICO
ESPECIAL,22,"Partes, adjudicación y recursos en contratación pública","Ley 9/2017, de 8 de noviembre, de Contratos del Sector Público",187,JURIDICO
ESPECIAL,22,"Partes, adjudicación y recursos en contratación pública","Ley 9/2017, de 8 de noviembre, de Contratos del Sector Público",44,JURIDICO
ESPECIAL,22,"Partes, adjudicación y recursos en contratación pública","Ley 9/2017, de 8 de noviembre, de Contratos del Sector Público",45,JURIDICO
ESPECIAL,22,"Partes, adjudicación y recursos en contratación pública","Ley 9/2017, de 8 de noviembre, de Contratos del Sector Público",46,JURIDICO
ESPECIAL,22,"Partes, adjudicación y recursos en contratación pública","Ley 9/2017, de 8 de noviembre, de Contratos del Sector Público",47,JURIDICO
ESPECIAL,22,"Partes, adjudicación y recursos en contratación pública","Ley 9/2017, de 8 de noviembre, de Contratos del Sector Público",48,JURIDICO
ESPECIAL,22,"Partes, adjudicación y recursos en contratación pública","Ley 9/2017, de 8 de noviembre, de Contratos del Sector Público",49,JURIDICO
ESPECIAL,22,"Partes, adjudicación y recursos en contratación pública","Ley 9/2017, de 8 de noviembre, de Contratos del Sector Público",50,JURIDICO
ESPECIAL,22,"Partes, adjudicación y recursos en contratación pública","Ley 9/2017, de 8 de noviembre, de Contratos del Sector Público",51,JURIDICO
ESPECIAL,22,"Partes, adjudicación y recursos en contratación pública","Ley 9/2017, de 8 de noviembre, de Contratos del Sector Público",52,JURIDICO
ESPECIAL,22,"Partes, adjudicación y recursos en contratación pública","Ley 9/2017, de 8 de noviembre, de Contratos del Sector Público",53,JURIDICO
ESPECIAL,22,"Partes, adjudicación y recursos en contratación pública","Ley 9/2017, de 8 de noviembre, de Contratos del Sector Público",54,JURIDICO
ESPECIAL,22,"Partes, adjudicación y recursos en contratación pública","Ley 9/2017, de 8 de noviembre, de Contratos del Sector Público",55,JURIDICO
ESPECIAL,22,"Partes, adjudicación y recursos en contratación pública","Ley 9/2017, de 8 de noviembre, de Contratos del Sector Público",56,JURIDICO
ESPECIAL,22,"Partes, adjudicación y recursos en contratación pública","Ley 9/2017, de 8 de noviembre, de Contratos del Sector Público",57,JURIDICO
ESPECIAL,22,"Partes, adjudicación y recursos en contratación pública","Ley 9/2017, de 8 de noviembre, de Contratos del Sector Público",58,JURIDICO
ESPECIAL,22,"Partes, adjudicación y recursos en contratación pública","Ley 9/2017, de 8 de noviembre, de Contratos del Sector Público",59,JURIDICO
ESPECIAL,22,"Partes, adjudicación y recursos en contratación pública","Ley 9/2017, de 8 de noviembre, de Contratos del Sector Público",60,JURIDICO
ESPECIAL,23,"Efectos, ejecución, modificación y extinción de los contratos","Ley 9/2017, de 8 de noviembre, de Contratos del Sector Público",188,JURIDICO
ESPECIAL,23,"Efectos, ejecución, modificación y extinción de los contratos","Ley 9/2017, de 8 de noviembre, de Contratos del Sector Público",189,JURIDICO
ESPECIAL,23,"Efectos, ejecución, modificación y extinción de los contratos","Ley 9/2017, de 8 de noviembre, de Contratos del Sector Público",190,JURIDICO
ESPECIAL,23,"Efectos, ejecución, modificación y extinción de los contratos","Ley 9/2017, de 8 de noviembre, de Contratos del Sector Público",191,JURIDICO
ESPECIAL,23,"Efectos, ejecución, modificación y extinción de los contratos","Ley 9/2017, de 8 de noviembre, de Contratos del Sector Público",192,JURIDICO
ESPECIAL,23,"Efectos, ejecución, modificación y extinción de los contratos","Ley 9/2017, de 8 de noviembre, de Contratos del Sector Público",193,JURIDICO
ESPECIAL,23,"Efectos, ejecución, modificación y extinción de los contratos","Ley 9/2017, de 8 de noviembre, de Contratos del Sector Público",194,JURIDICO
ESPECIAL,23,"Efectos, ejecución, modificación y extinción de los contratos","Ley 9/2017, de 8 de noviembre, de Contratos del Sector Público",195,JURIDICO
ESPECIAL,23,"Efectos, ejecución, modificación y extinción de los contratos","Ley 9/2017, de 8 de noviembre, de Contratos del Sector Público",196,JURIDICO
ESPECIAL,23,"Efectos, ejecución, modificación y extinción de los contratos","Ley 9/2017, de 8 de noviembre, de Contratos del Sector Público",197,JURIDICO
ESPECIAL,23,"Efectos, ejecución, modificación y extinción de los contratos","Ley 9/2017, de 8 de noviembre, de Contratos del Sector Público",198,JURIDICO
ESPECIAL,23,"Efectos, ejecución, modificación y extinción de los contratos","Ley 9/2017, de 8 de noviembre, de Contratos del Sector Público",199,JURIDICO
ESPECIAL,23,"Efectos, ejecución, modificación y extinción de los contratos","Ley 9/2017, de 8 de noviembre, de Contratos del Sector Público",200,JURIDICO
ESPECIAL,23,"Efectos, ejecución, modificación y extinción de los contratos","Ley 9/2017, de 8 de noviembre, de Contratos del Sector Público",201,JURIDICO
ESPECIAL,23,"Efectos, ejecución, modificación y extinción de los contratos","Ley 9/2017, de 8 de noviembre, de Contratos del Sector Público",202,JURIDICO
ESPECIAL,23,"Efectos, ejecución, modificación y extinción de los contratos","Ley 9/2017, de 8 de noviembre, de Contratos del Sector Público",203,JURIDICO
ESPECIAL,23,"Efectos, ejecución, modificación y extinción de los contratos","Ley 9/2017, de 8 de noviembre, de Contratos del Sector Público",204,JURIDICO
ESPECIAL,23,"Efectos, ejecución, modificación y extinción de los contratos","Ley 9/2017, de 8 de noviembre, de Contratos del Sector Público",205,JURIDICO
ESPECIAL,23,"Efectos, ejecución, modificación y extinción de los contratos","Ley 9/2017, de 8 de noviembre, de Contratos del Sector Público",206,JURIDICO
ESPECIAL,23,"Efectos, ejecución, modificación y extinción de los contratos","Ley 9/2017, de 8 de noviembre, de Contratos del Sector Público",207,JURIDICO
ESPECIAL,23,"Efectos, ejecución, modificación y extinción de los contratos","Ley 9/2017, de 8 de noviembre, de Contratos del Sector Público",208,JURIDICO
ESPECIAL,23,"Efectos, ejecución, modificación y extinción de los contratos","Ley 9/2017, de 8 de noviembre, de Contratos del Sector Público",209,JURIDICO
ESPECIAL,23,"Efectos, ejecución, modificación y extinción de los contratos","Ley 9/2017, de 8 de noviembre, de Contratos del Sector Público",210,JURIDICO
ESPECIAL,23,"Efectos, ejecución, modificación y extinción de los contratos","Ley 9/2017, de 8 de noviembre, de Contratos del Sector Público",211,JURIDICO
ESPECIAL,24,"Contratos de obras, concesiones, suministro y servicios","Ley 9/2017, de 8 de noviembre, de Contratos del Sector Público",231,JURIDICO
ESPECIAL,24,"Contratos de obras, concesiones, suministro y servicios","Ley 9/2017, de 8 de noviembre, de Contratos del Sector Público",232,JURIDICO
ESPECIAL,24,"Contratos de obras, concesiones, suministro y servicios","Ley 9/2017, de 8 de noviembre, de Contratos del Sector Público",233,JURIDICO
ESPECIAL,24,"Contratos de obras, concesiones, suministro y servicios","Ley 9/2017, de 8 de noviembre, de Contratos del Sector Público",234,JURIDICO
ESPECIAL,24,"Contratos de obras, concesiones, suministro y servicios","Ley 9/2017, de 8 de noviembre, de Contratos del Sector Público",235,JURIDICO
ESPECIAL,24,"Contratos de obras, concesiones, suministro y servicios","Ley 9/2017, de 8 de noviembre, de Contratos del Sector Público",236,JURIDICO
ESPECIAL,24,"Contratos de obras, concesiones, suministro y servicios","Ley 9/2017, de 8 de noviembre, de Contratos del Sector Público",237,JURIDICO
ESPECIAL,24,"Contratos de obras, concesiones, suministro y servicios","Ley 9/2017, de 8 de noviembre, de Contratos del Sector Público",238,JURIDICO
ESPECIAL,24,"Contratos de obras, concesiones, suministro y servicios","Ley 9/2017, de 8 de noviembre, de Contratos del Sector Público",239,JURIDICO
ESPECIAL,24,"Contratos de obras, concesiones, suministro y servicios","Ley 9/2017, de 8 de noviembre, de Contratos del Sector Público",240,JURIDICO
ESPECIAL,24,"Contratos de obras, concesiones, suministro y servicios","Ley 9/2017, de 8 de noviembre, de Contratos del Sector Público",241,JURIDICO
ESPECIAL,24,"Contratos de obras, concesiones, suministro y servicios","Ley 9/2017, de 8 de noviembre, de Contratos del Sector Público",242,JURIDICO
ESPECIAL,24,"Contratos de obras, concesiones, suministro y servicios","Ley 9/2017, de 8 de noviembre, de Contratos del Sector Público",243,JURIDICO
ESPECIAL,24,"Contratos de obras, concesiones, suministro y servicios","Ley 9/2017, de 8 de noviembre, de Contratos del Sector Público",247,JURIDICO
ESPECIAL,24,"Contratos de obras, concesiones, suministro y servicios","Ley 9/2017, de 8 de noviembre, de Contratos del Sector Público",248,JURIDICO
ESPECIAL,24,"Contratos de obras, concesiones, suministro y servicios","Ley 9/2017, de 8 de noviembre, de Contratos del Sector Público",249,JURIDICO
ESPECIAL,24,"Contratos de obras, concesiones, suministro y servicios","Ley 9/2017, de 8 de noviembre, de Contratos del Sector Público",250,JURIDICO
ESPECIAL,24,"Contratos de obras, concesiones, suministro y servicios","Ley 9/2017, de 8 de noviembre, de Contratos del Sector Público",251,JURIDICO
ESPECIAL,24,"Contratos de obras, concesiones, suministro y servicios","Ley 9/2017, de 8 de noviembre, de Contratos del Sector Público",252,JURIDICO
ESPECIAL,24,"Contratos de obras, concesiones, suministro y servicios","Ley 9/2017, de 8 de noviembre, de Contratos del Sector Público",253,JURIDICO
ESPECIAL,24,"Contratos de obras, concesiones, suministro y servicios","Ley 9/2017, de 8 de noviembre, de Contratos del Sector Público",254,JURIDICO
ESPECIAL,24,"Contratos de obras, concesiones, suministro y servicios","Ley 9/2017, de 8 de noviembre, de Contratos del Sector Público",255,JURIDICO
ESPECIAL,24,"Contratos de obras, concesiones, suministro y servicios","Ley 9/2017, de 8 de noviembre, de Contratos del Sector Público",256,JURIDICO
ESPECIAL,24,"Contratos de obras, concesiones, suministro y servicios","Ley 9/2017, de 8 de noviembre, de Contratos del Sector Público",257,JURIDICO
ESPECIAL,24,"Contratos de obras, concesiones, suministro y servicios","Ley 9/2017, de 8 de noviembre, de Contratos del Sector Público",258,JURIDICO
ESPECIAL,24,"Contratos de obras, concesiones, suministro y servicios","Ley 9/2017, de 8 de noviembre, de Contratos del Sector Público",259,JURIDICO
ESPECIAL,24,"Contratos de obras, concesiones, suministro y servicios","Ley 9/2017, de 8 de noviembre, de Contratos del Sector Público",260,JURIDICO
ESPECIAL,24,"Contratos de obras, concesiones, suministro y servicios","Ley 9/2017, de 8 de noviembre, de Contratos del Sector Público",261,JURIDICO
ESPECIAL,24,"Contratos de obras, concesiones, suministro y servicios","Ley 9/2017, de 8 de noviembre, de Contratos del Sector Público",262,JURIDICO
ESPECIAL,24,"Contratos de obras, concesiones, suministro y servicios","Ley 9/2017, de 8 de noviembre, de Contratos del Sector Público",263,JURIDICO
ESPECIAL,24,"Contratos de obras, concesiones, suministro y servicios","Ley 9/2017, de 8 de noviembre, de Contratos del Sector Público",264,JURIDICO
ESPECIAL,24,"Contratos de obras, concesiones, suministro y servicios","Ley 9/2017, de 8 de noviembre, de Contratos del Sector Público",265,JURIDICO
ESPECIAL,24,"Contratos de obras, concesiones, suministro y servicios","Ley 9/2017, de 8 de noviembre, de Contratos del Sector Público",266,JURIDICO
ESPECIAL,24,"Contratos de obras, concesiones, suministro y servicios","Ley 9/2017, de 8 de noviembre, de Contratos del Sector Público",267,JURIDICO
ESPECIAL,24,"Contratos de obras, concesiones, suministro y servicios","Ley 9/2017, de 8 de noviembre, de Contratos del Sector Público",268,JURIDICO
ESPECIAL,24,"Contratos de obras, concesiones, suministro y servicios","Ley 9/2017, de 8 de noviembre, de Contratos del Sector Público",269,JURIDICO
ESPECIAL,24,"Contratos de obras, concesiones, suministro y servicios","Ley 9/2017, de 8 de noviembre, de Contratos del Sector Público",270,JURIDICO
ESPECIAL,24,"Contratos de obras, concesiones, suministro y servicios","Ley 9/2017, de 8 de noviembre, de Contratos del Sector Público",271,JURIDICO
ESPECIAL,24,"Contratos de obras, concesiones, suministro y servicios","Ley 9/2017, de 8 de noviembre, de Contratos del Sector Público",272,JURIDICO
ESPECIAL,24,"Contratos de obras, concesiones, suministro y servicios","Ley 9/2017, de 8 de noviembre, de Contratos del Sector Público",273,JURIDICO
ESPECIAL,24,"Contratos de obras, concesiones, suministro y servicios","Ley 9/2017, de 8 de noviembre, de Contratos del Sector Público",274,JURIDICO
ESPECIAL,24,"Contratos de obras, concesiones, suministro y servicios","Ley 9/2017, de 8 de noviembre, de Contratos del Sector Público",275,JURIDICO
ESPECIAL,24,"Contratos de obras, concesiones, suministro y servicios","Ley 9/2017, de 8 de noviembre, de Contratos del Sector Público",276,JURIDICO
ESPECIAL,24,"Contratos de obras, concesiones, suministro y servicios","Ley 9/2017, de 8 de noviembre, de Contratos del Sector Público",277,JURIDICO
ESPECIAL,24,"Contratos de obras, concesiones, suministro y servicios","Ley 9/2017, de 8 de noviembre, de Contratos del Sector Público",278,JURIDICO
ESPECIAL,24,"Contratos de obras, concesiones, suministro y servicios","Ley 9/2017, de 8 de noviembre, de Contratos del Sector Público",279,JURIDICO
ESPECIAL,24,"Contratos de obras, concesiones, suministro y servicios","Ley 9/2017, de 8 de noviembre, de Contratos del Sector Público",280,JURIDICO
ESPECIAL,24,"Contratos de obras, concesiones, suministro y servicios","Ley 9/2017, de 8 de noviembre, de Contratos del Sector Público",281,JURIDICO
ESPECIAL,24,"Contratos de obras, concesiones, suministro y servicios","Ley 9/2017, de 8 de noviembre, de Contratos del Sector Público",282,JURIDICO
ESPECIAL,24,"Contratos de obras, concesiones, suministro y servicios","Ley 9/2017, de 8 de noviembre, de Contratos del Sector Público",283,JURIDICO
ESPECIAL,24,"Contratos de obras, concesiones, suministro y servicios","Ley 9/2017, de 8 de noviembre, de Contratos del Sector Público",284,JURIDICO
ESPECIAL,24,"Contratos de obras, concesiones, suministro y servicios","Ley 9/2017, de 8 de noviembre, de Contratos del Sector Público",285,JURIDICO
ESPECIAL,24,"Contratos de obras, concesiones, suministro y servicios","Ley 9/2017, de 8 de noviembre, de Contratos del Sector Público",286,JURIDICO
ESPECIAL,24,"Contratos de obras, concesiones, suministro y servicios","Ley 9/2017, de 8 de noviembre, de Contratos del Sector Público",287,JURIDICO
ESPECIAL,24,"Contratos de obras, concesiones, suministro y servicios","Ley 9/2017, de 8 de noviembre, de Contratos del Sector Público",288,JURIDICO
ESPECIAL,24,"Contratos de obras, concesiones, suministro y servicios","Ley 9/2017, de 8 de noviembre, de Contratos del Sector Público",289,JURIDICO
ESPECIAL,24,"Contratos de obras, concesiones, suministro y servicios","Ley 9/2017, de 8 de noviembre, de Contratos del Sector Público",290,JURIDICO
ESPECIAL,24,"Contratos de obras, concesiones, suministro y servicios","Ley 9/2017, de 8 de noviembre, de Contratos del Sector Público",291,JURIDICO
ESPECIAL,24,"Contratos de obras, concesiones, suministro y servicios","Ley 9/2017, de 8 de noviembre, de Contratos del Sector Público",292,JURIDICO
ESPECIAL,24,"Contratos de obras, concesiones, suministro y servicios","Ley 9/2017, de 8 de noviembre, de Contratos del Sector Público",293,JURIDICO
ESPECIAL,24,"Contratos de obras, concesiones, suministro y servicios","Ley 9/2017, de 8 de noviembre, de Contratos del Sector Público",294,JURIDICO
ESPECIAL,24,"Contratos de obras, concesiones, suministro y servicios","Ley 9/2017, de 8 de noviembre, de Contratos del Sector Público",298,JURIDICO
ESPECIAL,24,"Contratos de obras, concesiones, suministro y servicios","Ley 9/2017, de 8 de noviembre, de Contratos del Sector Público",299,JURIDICO
ESPECIAL,24,"Contratos de obras, concesiones, suministro y servicios","Ley 9/2017, de 8 de noviembre, de Contratos del Sector Público",300,JURIDICO
ESPECIAL,24,"Contratos de obras, concesiones, suministro y servicios","Ley 9/2017, de 8 de noviembre, de Contratos del Sector Público",301,JURIDICO
ESPECIAL,24,"Contratos de obras, concesiones, suministro y servicios","Ley 9/2017, de 8 de noviembre, de Contratos del Sector Público",302,JURIDICO
ESPECIAL,24,"Contratos de obras, concesiones, suministro y servicios","Ley 9/2017, de 8 de noviembre, de Contratos del Sector Público",303,JURIDICO
ESPECIAL,24,"Contratos de obras, concesiones, suministro y servicios","Ley 9/2017, de 8 de noviembre, de Contratos del Sector Público",304,JURIDICO
ESPECIAL,24,"Contratos de obras, concesiones, suministro y servicios","Ley 9/2017, de 8 de noviembre, de Contratos del Sector Público",305,JURIDICO
ESPECIAL,24,"Contratos de obras, concesiones, suministro y servicios","Ley 9/2017, de 8 de noviembre, de Contratos del Sector Público",306,JURIDICO
ESPECIAL,24,"Contratos de obras, concesiones, suministro y servicios","Ley 9/2017, de 8 de noviembre, de Contratos del Sector Público",307,JURIDICO
ESPECIAL,24,"Contratos de obras, concesiones, suministro y servicios","Ley 9/2017, de 8 de noviembre, de Contratos del Sector Público",308,JURIDICO
ESPECIAL,24,"Contratos de obras, concesiones, suministro y servicios","Ley 9/2017, de 8 de noviembre, de Contratos del Sector Público",309,JURIDICO
ESPECIAL,24,"Contratos de obras, concesiones, suministro y servicios","Ley 9/2017, de 8 de noviembre, de Contratos del Sector Público",310,JURIDICO
ESPECIAL,24,"Contratos de obras, concesiones, suministro y servicios","Ley 9/2017, de 8 de noviembre, de Contratos del Sector Público",311,JURIDICO
ESPECIAL,24,"Contratos de obras, concesiones, suministro y servicios","Ley 9/2017, de 8 de noviembre, de Contratos del Sector Público",312,JURIDICO
ESPECIAL,24,"Contratos de obras, concesiones, suministro y servicios","Ley 9/2017, de 8 de noviembre, de Contratos del Sector Público",313,JURIDICO
ESPECIAL,25,"Régimen local: autonomía, fuentes y normativa valenciana","Ley 7/1985, de 2 de abril, Reguladora de las Bases del Régimen Local",1,JURIDICO
ESPECIAL,25,"Régimen local: autonomía, fuentes y normativa valenciana","Ley 7/1985, de 2 de abril, Reguladora de las Bases del Régimen Local",2,JURIDICO
ESPECIAL,25,"Régimen local: autonomía, fuentes y normativa valenciana","Ley 7/1985, de 2 de abril, Reguladora de las Bases del Régimen Local",3,JURIDICO
ESPECIAL,25,"Régimen local: autonomía, fuentes y normativa valenciana","Ley 7/1985, de 2 de abril, Reguladora de las Bases del Régimen Local",4,JURIDICO
ESPECIAL,25,"Régimen local: autonomía, fuentes y normativa valenciana","Ley 8/2010, de 23 de junio, de régimen local de la Comunitat Valenciana",1,JURIDICO
ESPECIAL,25,"Régimen local: autonomía, fuentes y normativa valenciana","Ley 8/2010, de 23 de junio, de régimen local de la Comunitat Valenciana",2,JURIDICO
ESPECIAL,25,"Régimen local: autonomía, fuentes y normativa valenciana","Ley 8/2010, de 23 de junio, de régimen local de la Comunitat Valenciana",3,JURIDICO
ESPECIAL,25,"Régimen local: autonomía, fuentes y normativa valenciana","Ley 8/2010, de 23 de junio, de régimen local de la Comunitat Valenciana",4,JURIDICO
ESPECIAL,25,"Régimen local: autonomía, fuentes y normativa valenciana","Ley 8/2010, de 23 de junio, de régimen local de la Comunitat Valenciana",5,JURIDICO
ESPECIAL,25,"Régimen local: autonomía, fuentes y normativa valenciana","Ley 8/2010, de 23 de junio, de régimen local de la Comunitat Valenciana",6,JURIDICO
ESPECIAL,25,"Régimen local: autonomía, fuentes y normativa valenciana","Ley 8/2010, de 23 de junio, de régimen local de la Comunitat Valenciana",7,JURIDICO
ESPECIAL,25,"Régimen local: autonomía, fuentes y normativa valenciana","Ley 8/2010, de 23 de junio, de régimen local de la Comunitat Valenciana",8,JURIDICO
ESPECIAL,25,"Régimen local: autonomía, fuentes y normativa valenciana","Ley 8/2010, de 23 de junio, de régimen local de la Comunitat Valenciana",9,JURIDICO
ESPECIAL,25,"Régimen local: autonomía, fuentes y normativa valenciana","Ley 8/2010, de 23 de junio, de régimen local de la Comunitat Valenciana",10,JURIDICO
ESPECIAL,26,"Municipio: territorio, población, padrón y vecindad","Ley 7/1985, de 2 de abril, Reguladora de las Bases del Régimen Local",11,JURIDICO
ESPECIAL,26,"Municipio: territorio, población, padrón y vecindad","Ley 7/1985, de 2 de abril, Reguladora de las Bases del Régimen Local",12,JURIDICO
ESPECIAL,26,"Municipio: territorio, población, padrón y vecindad","Ley 7/1985, de 2 de abril, Reguladora de las Bases del Régimen Local",13,JURIDICO
ESPECIAL,26,"Municipio: territorio, población, padrón y vecindad","Ley 7/1985, de 2 de abril, Reguladora de las Bases del Régimen Local",14,JURIDICO
ESPECIAL,26,"Municipio: territorio, población, padrón y vecindad","Ley 7/1985, de 2 de abril, Reguladora de las Bases del Régimen Local",15,JURIDICO
ESPECIAL,26,"Municipio: territorio, población, padrón y vecindad","Ley 7/1985, de 2 de abril, Reguladora de las Bases del Régimen Local",16,JURIDICO
ESPECIAL,26,"Municipio: territorio, población, padrón y vecindad","Ley 7/1985, de 2 de abril, Reguladora de las Bases del Régimen Local",17,JURIDICO
ESPECIAL,26,"Municipio: territorio, población, padrón y vecindad","Ley 7/1985, de 2 de abril, Reguladora de las Bases del Régimen Local",18,JURIDICO
ESPECIAL,27,Organización municipal,"Ley 7/1985, de 2 de abril, Reguladora de las Bases del Régimen Local",19,JURIDICO
ESPECIAL,27,Organización municipal,"Ley 7/1985, de 2 de abril, Reguladora de las Bases del Régimen Local",20,JURIDICO
ESPECIAL,27,Organización municipal,"Ley 7/1985, de 2 de abril, Reguladora de las Bases del Régimen Local",21,JURIDICO
ESPECIAL,27,Organización municipal,"Ley 7/1985, de 2 de abril, Reguladora de las Bases del Régimen Local",22,JURIDICO
ESPECIAL,27,Organización municipal,"Ley 7/1985, de 2 de abril, Reguladora de las Bases del Régimen Local",23,JURIDICO
ESPECIAL,27,Organización municipal,"Ley 7/1985, de 2 de abril, Reguladora de las Bases del Régimen Local",24,JURIDICO
ESPECIAL,27,Organización municipal,"Ley 7/1985, de 2 de abril, Reguladora de las Bases del Régimen Local",122,JURIDICO
ESPECIAL,27,Organización municipal,"Ley 7/1985, de 2 de abril, Reguladora de las Bases del Régimen Local",123,JURIDICO
ESPECIAL,28,Estatuto de los miembros de las corporaciones locales,"Ley 7/1985, de 2 de abril, Reguladora de las Bases del Régimen Local",73,JURIDICO
ESPECIAL,28,Estatuto de los miembros de las corporaciones locales,"Ley 7/1985, de 2 de abril, Reguladora de las Bases del Régimen Local",74,JURIDICO
ESPECIAL,28,Estatuto de los miembros de las corporaciones locales,"Ley 7/1985, de 2 de abril, Reguladora de las Bases del Régimen Local",75,JURIDICO
ESPECIAL,28,Estatuto de los miembros de las corporaciones locales,"Ley 7/1985, de 2 de abril, Reguladora de las Bases del Régimen Local",76,JURIDICO
ESPECIAL,28,Estatuto de los miembros de las corporaciones locales,"Ley 7/1985, de 2 de abril, Reguladora de las Bases del Régimen Local",77,JURIDICO
ESPECIAL,28,Estatuto de los miembros de las corporaciones locales,"Ley 7/1985, de 2 de abril, Reguladora de las Bases del Régimen Local",78,JURIDICO
ESPECIAL,28,Estatuto de los miembros de las corporaciones locales,"Ley Orgánica 5/1985, de 19 de junio, del Régimen Electoral General",177,JURIDICO
ESPECIAL,28,Estatuto de los miembros de las corporaciones locales,"Ley Orgánica 5/1985, de 19 de junio, del Régimen Electoral General",178,JURIDICO
ESPECIAL,28,Estatuto de los miembros de las corporaciones locales,"Ley Orgánica 5/1985, de 19 de junio, del Régimen Electoral General",179,JURIDICO
ESPECIAL,28,Estatuto de los miembros de las corporaciones locales,"Ley Orgánica 5/1985, de 19 de junio, del Régimen Electoral General",180,JURIDICO
ESPECIAL,28,Estatuto de los miembros de las corporaciones locales,"Ley Orgánica 5/1985, de 19 de junio, del Régimen Electoral General",181,JURIDICO
ESPECIAL,28,Estatuto de los miembros de las corporaciones locales,"Ley Orgánica 5/1985, de 19 de junio, del Régimen Electoral General",182,JURIDICO
ESPECIAL,28,Estatuto de los miembros de las corporaciones locales,"Ley Orgánica 5/1985, de 19 de junio, del Régimen Electoral General",183,JURIDICO
ESPECIAL,28,Estatuto de los miembros de las corporaciones locales,"Ley Orgánica 5/1985, de 19 de junio, del Régimen Electoral General",184,JURIDICO
ESPECIAL,28,Estatuto de los miembros de las corporaciones locales,"Ley Orgánica 5/1985, de 19 de junio, del Régimen Electoral General",185,JURIDICO
ESPECIAL,28,Estatuto de los miembros de las corporaciones locales,"Ley Orgánica 5/1985, de 19 de junio, del Régimen Electoral General",186,JURIDICO
ESPECIAL,28,Estatuto de los miembros de las corporaciones locales,"Ley Orgánica 5/1985, de 19 de junio, del Régimen Electoral General",187,JURIDICO
ESPECIAL,28,Estatuto de los miembros de las corporaciones locales,"Ley Orgánica 5/1985, de 19 de junio, del Régimen Electoral General",188,JURIDICO
ESPECIAL,28,Estatuto de los miembros de las corporaciones locales,"Ley Orgánica 5/1985, de 19 de junio, del Régimen Electoral General",189,JURIDICO
ESPECIAL,28,Estatuto de los miembros de las corporaciones locales,"Ley Orgánica 5/1985, de 19 de junio, del Régimen Electoral General",190,JURIDICO
ESPECIAL,28,Estatuto de los miembros de las corporaciones locales,"Ley Orgánica 5/1985, de 19 de junio, del Régimen Electoral General",191,JURIDICO
ESPECIAL,28,Estatuto de los miembros de las corporaciones locales,"Ley Orgánica 5/1985, de 19 de junio, del Régimen Electoral General",192,JURIDICO
ESPECIAL,28,Estatuto de los miembros de las corporaciones locales,"Ley Orgánica 5/1985, de 19 de junio, del Régimen Electoral General",193,JURIDICO
ESPECIAL,28,Estatuto de los miembros de las corporaciones locales,"Ley Orgánica 5/1985, de 19 de junio, del Régimen Electoral General",194,JURIDICO
ESPECIAL,28,Estatuto de los miembros de las corporaciones locales,"Ley Orgánica 5/1985, de 19 de junio, del Régimen Electoral General",195,JURIDICO
ESPECIAL,28,Estatuto de los miembros de las corporaciones locales,"Ley Orgánica 5/1985, de 19 de junio, del Régimen Electoral General",196,JURIDICO
ESPECIAL,28,Estatuto de los miembros de las corporaciones locales,"Ley Orgánica 5/1985, de 19 de junio, del Régimen Electoral General",197,JURIDICO
ESPECIAL,28,Estatuto de los miembros de las corporaciones locales,"Ley Orgánica 5/1985, de 19 de junio, del Régimen Electoral General",198,JURIDICO
ESPECIAL,28,Estatuto de los miembros de las corporaciones locales,"Ley Orgánica 5/1985, de 19 de junio, del Régimen Electoral General",199,JURIDICO
ESPECIAL,29,Competencias municipales y servicios mínimos,"Ley 7/1985, de 2 de abril, Reguladora de las Bases del Régimen Local",7,JURIDICO
ESPECIAL,29,Competencias municipales y servicios mínimos,"Ley 7/1985, de 2 de abril, Reguladora de las Bases del Régimen Local",8,JURIDICO
ESPECIAL,29,Competencias municipales y servicios mínimos,"Ley 7/1985, de 2 de abril, Reguladora de las Bases del Régimen Local",9,JURIDICO
ESPECIAL,29,Competencias municipales y servicios mínimos,"Ley 7/1985, de 2 de abril, Reguladora de las Bases del Régimen Local",10,JURIDICO
ESPECIAL,29,Competencias municipales y servicios mínimos,"Ley 7/1985, de 2 de abril, Reguladora de las Bases del Régimen Local",25,JURIDICO
ESPECIAL,29,Competencias municipales y servicios mínimos,"Ley 7/1985, de 2 de abril, Reguladora de las Bases del Régimen Local",26,JURIDICO
ESPECIAL,29,Competencias municipales y servicios mínimos,"Ley 7/1985, de 2 de abril, Reguladora de las Bases del Régimen Local",27,JURIDICO
ESPECIAL,29,Competencias municipales y servicios mínimos,"Ley 7/1985, de 2 de abril, Reguladora de las Bases del Régimen Local",57,JURIDICO
ESPECIAL,29,Competencias municipales y servicios mínimos,"Ley 7/1985, de 2 de abril, Reguladora de las Bases del Régimen Local",58,JURIDICO
ESPECIAL,30,Funcionamiento de los órganos colegiados locales,"Ley 7/1985, de 2 de abril, Reguladora de las Bases del Régimen Local",46,JURIDICO
ESPECIAL,30,Funcionamiento de los órganos colegiados locales,"Ley 7/1985, de 2 de abril, Reguladora de las Bases del Régimen Local",47,JURIDICO
ESPECIAL,30,Funcionamiento de los órganos colegiados locales,"Ley 7/1985, de 2 de abril, Reguladora de las Bases del Régimen Local",48,JURIDICO
ESPECIAL,30,Funcionamiento de los órganos colegiados locales,"Ley 7/1985, de 2 de abril, Reguladora de las Bases del Régimen Local",70,JURIDICO
ESPECIAL,30,Funcionamiento de los órganos colegiados locales,"Ley 7/1985, de 2 de abril, Reguladora de las Bases del Régimen Local",71,JURIDICO
ESPECIAL,30,Funcionamiento de los órganos colegiados locales,"Ley 7/1985, de 2 de abril, Reguladora de las Bases del Régimen Local",72,JURIDICO
ESPECIAL,30,Funcionamiento de los órganos colegiados locales,"Ley 7/1985, de 2 de abril, Reguladora de las Bases del Régimen Local",124,JURIDICO
ESPECIAL,31,"Potestad normativa local: ordenanzas, reglamentos y bandos","Ley 7/1985, de 2 de abril, Reguladora de las Bases del Régimen Local",49,JURIDICO
ESPECIAL,31,"Potestad normativa local: ordenanzas, reglamentos y bandos","Ley 7/1985, de 2 de abril, Reguladora de las Bases del Régimen Local",50,JURIDICO
ESPECIAL,31,"Potestad normativa local: ordenanzas, reglamentos y bandos","Ley 7/1985, de 2 de abril, Reguladora de las Bases del Régimen Local",51,JURIDICO
ESPECIAL,31,"Potestad normativa local: ordenanzas, reglamentos y bandos","Ley 7/1985, de 2 de abril, Reguladora de las Bases del Régimen Local",52,JURIDICO
ESPECIAL,32,"Actividad local, servicios públicos e iniciativa económica","Ley 7/1985, de 2 de abril, Reguladora de las Bases del Régimen Local",84,JURIDICO
ESPECIAL,32,"Actividad local, servicios públicos e iniciativa económica","Ley 7/1985, de 2 de abril, Reguladora de las Bases del Régimen Local",85,JURIDICO
ESPECIAL,32,"Actividad local, servicios públicos e iniciativa económica","Ley 7/1985, de 2 de abril, Reguladora de las Bases del Régimen Local",86,JURIDICO
ESPECIAL,32,"Actividad local, servicios públicos e iniciativa económica","Ley 7/1985, de 2 de abril, Reguladora de las Bases del Régimen Local",87,JURIDICO
ESPECIAL,32,"Actividad local, servicios públicos e iniciativa económica","Ley 7/1985, de 2 de abril, Reguladora de las Bases del Régimen Local",95,JURIDICO
ESPECIAL,32,"Actividad local, servicios públicos e iniciativa económica","Ley 7/1985, de 2 de abril, Reguladora de las Bases del Régimen Local",96,JURIDICO
ESPECIAL,32,"Actividad local, servicios públicos e iniciativa económica","Ley 7/1985, de 2 de abril, Reguladora de las Bases del Régimen Local",97,JURIDICO
ESPECIAL,32,"Actividad local, servicios públicos e iniciativa económica","Ley 7/1985, de 2 de abril, Reguladora de las Bases del Régimen Local",128,JURIDICO
ESPECIAL,33,Patrimonio de las entidades locales,"Real Decreto Legislativo 781/1986, de 18 de abril, por el que se aprueba el Texto Refundido de las Disposiciones Legales Vigentes en materia de Régimen Local",74,JURIDICO
ESPECIAL,33,Patrimonio de las entidades locales,"Real Decreto Legislativo 781/1986, de 18 de abril, por el que se aprueba el Texto Refundido de las Disposiciones Legales Vigentes en materia de Régimen Local",75,JURIDICO
ESPECIAL,33,Patrimonio de las entidades locales,"Real Decreto Legislativo 781/1986, de 18 de abril, por el que se aprueba el Texto Refundido de las Disposiciones Legales Vigentes en materia de Régimen Local",76,JURIDICO
ESPECIAL,33,Patrimonio de las entidades locales,"Real Decreto Legislativo 781/1986, de 18 de abril, por el que se aprueba el Texto Refundido de las Disposiciones Legales Vigentes en materia de Régimen Local",77,JURIDICO
ESPECIAL,33,Patrimonio de las entidades locales,"Real Decreto Legislativo 781/1986, de 18 de abril, por el que se aprueba el Texto Refundido de las Disposiciones Legales Vigentes en materia de Régimen Local",78,JURIDICO
ESPECIAL,33,Patrimonio de las entidades locales,"Real Decreto Legislativo 781/1986, de 18 de abril, por el que se aprueba el Texto Refundido de las Disposiciones Legales Vigentes en materia de Régimen Local",79,JURIDICO
ESPECIAL,33,Patrimonio de las entidades locales,"Real Decreto Legislativo 781/1986, de 18 de abril, por el que se aprueba el Texto Refundido de las Disposiciones Legales Vigentes en materia de Régimen Local",80,JURIDICO
ESPECIAL,33,Patrimonio de las entidades locales,"Real Decreto Legislativo 781/1986, de 18 de abril, por el que se aprueba el Texto Refundido de las Disposiciones Legales Vigentes en materia de Régimen Local",81,JURIDICO
ESPECIAL,33,Patrimonio de las entidades locales,"Real Decreto Legislativo 781/1986, de 18 de abril, por el que se aprueba el Texto Refundido de las Disposiciones Legales Vigentes en materia de Régimen Local",82,JURIDICO
ESPECIAL,33,Patrimonio de las entidades locales,"Real Decreto Legislativo 781/1986, de 18 de abril, por el que se aprueba el Texto Refundido de las Disposiciones Legales Vigentes en materia de Régimen Local",83,JURIDICO
ESPECIAL,33,Patrimonio de las entidades locales,"Real Decreto Legislativo 781/1986, de 18 de abril, por el que se aprueba el Texto Refundido de las Disposiciones Legales Vigentes en materia de Régimen Local",84,JURIDICO
ESPECIAL,33,Patrimonio de las entidades locales,"Real Decreto Legislativo 781/1986, de 18 de abril, por el que se aprueba el Texto Refundido de las Disposiciones Legales Vigentes en materia de Régimen Local",85,JURIDICO
ESPECIAL,33,Patrimonio de las entidades locales,"Real Decreto Legislativo 781/1986, de 18 de abril, por el que se aprueba el Texto Refundido de las Disposiciones Legales Vigentes en materia de Régimen Local",86,JURIDICO
ESPECIAL,33,Patrimonio de las entidades locales,"Real Decreto Legislativo 781/1986, de 18 de abril, por el que se aprueba el Texto Refundido de las Disposiciones Legales Vigentes en materia de Régimen Local",87,JURIDICO
ESPECIAL,34,Procedimiento administrativo local e impugnación de actos,"Ley 7/1985, de 2 de abril, Reguladora de las Bases del Régimen Local",53,JURIDICO
ESPECIAL,34,Procedimiento administrativo local e impugnación de actos,"Ley 7/1985, de 2 de abril, Reguladora de las Bases del Régimen Local",54,JURIDICO
ESPECIAL,34,Procedimiento administrativo local e impugnación de actos,"Ley 7/1985, de 2 de abril, Reguladora de las Bases del Régimen Local",55,JURIDICO
ESPECIAL,34,Procedimiento administrativo local e impugnación de actos,"Ley 7/1985, de 2 de abril, Reguladora de las Bases del Régimen Local",56,JURIDICO
ESPECIAL,34,Procedimiento administrativo local e impugnación de actos,"Ley 7/1985, de 2 de abril, Reguladora de las Bases del Régimen Local",59,JURIDICO
ESPECIAL,34,Procedimiento administrativo local e impugnación de actos,"Ley 7/1985, de 2 de abril, Reguladora de las Bases del Régimen Local",60,JURIDICO
ESPECIAL,34,Procedimiento administrativo local e impugnación de actos,"Ley 7/1985, de 2 de abril, Reguladora de las Bases del Régimen Local",61,JURIDICO
ESPECIAL,34,Procedimiento administrativo local e impugnación de actos,"Ley 7/1985, de 2 de abril, Reguladora de las Bases del Régimen Local",62,JURIDICO
ESPECIAL,34,Procedimiento administrativo local e impugnación de actos,"Ley 7/1985, de 2 de abril, Reguladora de las Bases del Régimen Local",63,JURIDICO
ESPECIAL,34,Procedimiento administrativo local e impugnación de actos,"Ley 7/1985, de 2 de abril, Reguladora de las Bases del Régimen Local",64,JURIDICO
ESPECIAL,34,Procedimiento administrativo local e impugnación de actos,"Ley 7/1985, de 2 de abril, Reguladora de las Bases del Régimen Local",65,JURIDICO
ESPECIAL,34,Procedimiento administrativo local e impugnación de actos,"Ley 7/1985, de 2 de abril, Reguladora de las Bases del Régimen Local",66,JURIDICO
ESPECIAL,34,Procedimiento administrativo local e impugnación de actos,"Ley 7/1985, de 2 de abril, Reguladora de las Bases del Régimen Local",67,JURIDICO
ESPECIAL,35,Empleo público: clases de personal y derechos,"Real Decreto Legislativo 5/2015, de 30 de octubre, texto refundido de la Ley del Estatuto Básico del Empleado Público",8,JURIDICO
ESPECIAL,35,Empleo público: clases de personal y derechos,"Real Decreto Legislativo 5/2015, de 30 de octubre, texto refundido de la Ley del Estatuto Básico del Empleado Público",9,JURIDICO
ESPECIAL,35,Empleo público: clases de personal y derechos,"Real Decreto Legislativo 5/2015, de 30 de octubre, texto refundido de la Ley del Estatuto Básico del Empleado Público",10,JURIDICO
ESPECIAL,35,Empleo público: clases de personal y derechos,"Real Decreto Legislativo 5/2015, de 30 de octubre, texto refundido de la Ley del Estatuto Básico del Empleado Público",11,JURIDICO
ESPECIAL,35,Empleo público: clases de personal y derechos,"Real Decreto Legislativo 5/2015, de 30 de octubre, texto refundido de la Ley del Estatuto Básico del Empleado Público",12,JURIDICO
ESPECIAL,35,Empleo público: clases de personal y derechos,"Real Decreto Legislativo 5/2015, de 30 de octubre, texto refundido de la Ley del Estatuto Básico del Empleado Público",13,JURIDICO
ESPECIAL,35,Empleo público: clases de personal y derechos,"Real Decreto Legislativo 5/2015, de 30 de octubre, texto refundido de la Ley del Estatuto Básico del Empleado Público",14,JURIDICO
ESPECIAL,35,Empleo público: clases de personal y derechos,"Real Decreto Legislativo 5/2015, de 30 de octubre, texto refundido de la Ley del Estatuto Básico del Empleado Público",15,JURIDICO
ESPECIAL,35,Empleo público: clases de personal y derechos,"Real Decreto Legislativo 5/2015, de 30 de octubre, texto refundido de la Ley del Estatuto Básico del Empleado Público",16,JURIDICO
ESPECIAL,35,Empleo público: clases de personal y derechos,"Real Decreto Legislativo 5/2015, de 30 de octubre, texto refundido de la Ley del Estatuto Básico del Empleado Público",17,JURIDICO
ESPECIAL,35,Empleo público: clases de personal y derechos,"Real Decreto Legislativo 5/2015, de 30 de octubre, texto refundido de la Ley del Estatuto Básico del Empleado Público",18,JURIDICO
ESPECIAL,35,Empleo público: clases de personal y derechos,"Real Decreto Legislativo 5/2015, de 30 de octubre, texto refundido de la Ley del Estatuto Básico del Empleado Público",19,JURIDICO
ESPECIAL,35,Empleo público: clases de personal y derechos,"Real Decreto Legislativo 5/2015, de 30 de octubre, texto refundido de la Ley del Estatuto Básico del Empleado Público",20,JURIDICO
ESPECIAL,35,Empleo público: clases de personal y derechos,"Real Decreto Legislativo 5/2015, de 30 de octubre, texto refundido de la Ley del Estatuto Básico del Empleado Público",52,JURIDICO
ESPECIAL,35,Empleo público: clases de personal y derechos,"Real Decreto Legislativo 5/2015, de 30 de octubre, texto refundido de la Ley del Estatuto Básico del Empleado Público",53,JURIDICO
ESPECIAL,35,Empleo público: clases de personal y derechos,"Real Decreto Legislativo 5/2015, de 30 de octubre, texto refundido de la Ley del Estatuto Básico del Empleado Público",54,JURIDICO
ESPECIAL,36,Ordenación de recursos humanos y función pública valenciana,"Real Decreto Legislativo 5/2015, de 30 de octubre, texto refundido de la Ley del Estatuto Básico del Empleado Público",69,JURIDICO
ESPECIAL,36,Ordenación de recursos humanos y función pública valenciana,"Real Decreto Legislativo 5/2015, de 30 de octubre, texto refundido de la Ley del Estatuto Básico del Empleado Público",70,JURIDICO
ESPECIAL,36,Ordenación de recursos humanos y función pública valenciana,"Real Decreto Legislativo 5/2015, de 30 de octubre, texto refundido de la Ley del Estatuto Básico del Empleado Público",71,JURIDICO
ESPECIAL,36,Ordenación de recursos humanos y función pública valenciana,"Real Decreto Legislativo 5/2015, de 30 de octubre, texto refundido de la Ley del Estatuto Básico del Empleado Público",72,JURIDICO
ESPECIAL,36,Ordenación de recursos humanos y función pública valenciana,"Real Decreto Legislativo 5/2015, de 30 de octubre, texto refundido de la Ley del Estatuto Básico del Empleado Público",73,JURIDICO
ESPECIAL,36,Ordenación de recursos humanos y función pública valenciana,"Real Decreto Legislativo 5/2015, de 30 de octubre, texto refundido de la Ley del Estatuto Básico del Empleado Público",74,JURIDICO
ESPECIAL,36,Ordenación de recursos humanos y función pública valenciana,"Ley 4/2021, de 16 de abril, de la Función Pública Valenciana",1,JURIDICO
ESPECIAL,36,Ordenación de recursos humanos y función pública valenciana,"Ley 4/2021, de 16 de abril, de la Función Pública Valenciana",2,JURIDICO
ESPECIAL,36,Ordenación de recursos humanos y función pública valenciana,"Ley 4/2021, de 16 de abril, de la Función Pública Valenciana",3,JURIDICO
ESPECIAL,36,Ordenación de recursos humanos y función pública valenciana,"Ley 4/2021, de 16 de abril, de la Función Pública Valenciana",4,JURIDICO
ESPECIAL,36,Ordenación de recursos humanos y función pública valenciana,"Ley 4/2021, de 16 de abril, de la Función Pública Valenciana",5,JURIDICO
ESPECIAL,36,Ordenación de recursos humanos y función pública valenciana,"Ley 4/2021, de 16 de abril, de la Función Pública Valenciana",6,JURIDICO
ESPECIAL,36,Ordenación de recursos humanos y función pública valenciana,"Ley 4/2021, de 16 de abril, de la Función Pública Valenciana",7,JURIDICO
ESPECIAL,36,Ordenación de recursos humanos y función pública valenciana,"Ley 4/2021, de 16 de abril, de la Función Pública Valenciana",8,JURIDICO
ESPECIAL,36,Ordenación de recursos humanos y función pública valenciana,"Ley 4/2021, de 16 de abril, de la Función Pública Valenciana",9,JURIDICO
ESPECIAL,36,Ordenación de recursos humanos y función pública valenciana,"Ley 4/2021, de 16 de abril, de la Función Pública Valenciana",10,JURIDICO
ESPECIAL,36,Ordenación de recursos humanos y función pública valenciana,"Ley 4/2021, de 16 de abril, de la Función Pública Valenciana",11,JURIDICO
ESPECIAL,36,Ordenación de recursos humanos y función pública valenciana,"Ley 4/2021, de 16 de abril, de la Función Pública Valenciana",12,JURIDICO
ESPECIAL,36,Ordenación de recursos humanos y función pública valenciana,"Ley 4/2021, de 16 de abril, de la Función Pública Valenciana",13,JURIDICO
ESPECIAL,36,Ordenación de recursos humanos y función pública valenciana,"Ley 4/2021, de 16 de abril, de la Función Pública Valenciana",14,JURIDICO
ESPECIAL,36,Ordenación de recursos humanos y función pública valenciana,"Ley 4/2021, de 16 de abril, de la Función Pública Valenciana",15,JURIDICO
ESPECIAL,36,Ordenación de recursos humanos y función pública valenciana,"Ley 4/2021, de 16 de abril, de la Función Pública Valenciana",40,JURIDICO
ESPECIAL,36,Ordenación de recursos humanos y función pública valenciana,"Ley 4/2021, de 16 de abril, de la Función Pública Valenciana",41,JURIDICO
ESPECIAL,36,Ordenación de recursos humanos y función pública valenciana,"Ley 4/2021, de 16 de abril, de la Función Pública Valenciana",42,JURIDICO
ESPECIAL,36,Ordenación de recursos humanos y función pública valenciana,"Ley 4/2021, de 16 de abril, de la Función Pública Valenciana",43,JURIDICO
ESPECIAL,36,Ordenación de recursos humanos y función pública valenciana,"Ley 4/2021, de 16 de abril, de la Función Pública Valenciana",44,JURIDICO
ESPECIAL,36,Ordenación de recursos humanos y función pública valenciana,"Ley 4/2021, de 16 de abril, de la Función Pública Valenciana",45,JURIDICO
ESPECIAL,36,Ordenación de recursos humanos y función pública valenciana,"Ley 4/2021, de 16 de abril, de la Función Pública Valenciana",46,JURIDICO
ESPECIAL,36,Ordenación de recursos humanos y función pública valenciana,"Ley 4/2021, de 16 de abril, de la Función Pública Valenciana",47,JURIDICO
ESPECIAL,36,Ordenación de recursos humanos y función pública valenciana,"Ley 4/2021, de 16 de abril, de la Función Pública Valenciana",48,JURIDICO
ESPECIAL,36,Ordenación de recursos humanos y función pública valenciana,"Ley 4/2021, de 16 de abril, de la Función Pública Valenciana",49,JURIDICO
ESPECIAL,36,Ordenación de recursos humanos y función pública valenciana,"Ley 4/2021, de 16 de abril, de la Función Pública Valenciana",50,JURIDICO
ESPECIAL,36,Ordenación de recursos humanos y función pública valenciana,"Ley 4/2021, de 16 de abril, de la Función Pública Valenciana",51,JURIDICO
ESPECIAL,36,Ordenación de recursos humanos y función pública valenciana,"Ley 4/2021, de 16 de abril, de la Función Pública Valenciana",52,JURIDICO
ESPECIAL,36,Ordenación de recursos humanos y función pública valenciana,"Ley 4/2021, de 16 de abril, de la Función Pública Valenciana",53,JURIDICO
ESPECIAL,36,Ordenación de recursos humanos y función pública valenciana,"Ley 4/2021, de 16 de abril, de la Función Pública Valenciana",54,JURIDICO
ESPECIAL,36,Ordenación de recursos humanos y función pública valenciana,"Ley 4/2021, de 16 de abril, de la Función Pública Valenciana",55,JURIDICO
ESPECIAL,37,Acceso y selección de empleados públicos,"Real Decreto Legislativo 5/2015, de 30 de octubre, texto refundido de la Ley del Estatuto Básico del Empleado Público",55,JURIDICO
ESPECIAL,37,Acceso y selección de empleados públicos,"Real Decreto Legislativo 5/2015, de 30 de octubre, texto refundido de la Ley del Estatuto Básico del Empleado Público",56,JURIDICO
ESPECIAL,37,Acceso y selección de empleados públicos,"Real Decreto Legislativo 5/2015, de 30 de octubre, texto refundido de la Ley del Estatuto Básico del Empleado Público",57,JURIDICO
ESPECIAL,37,Acceso y selección de empleados públicos,"Real Decreto Legislativo 5/2015, de 30 de octubre, texto refundido de la Ley del Estatuto Básico del Empleado Público",58,JURIDICO
ESPECIAL,37,Acceso y selección de empleados públicos,"Real Decreto Legislativo 5/2015, de 30 de octubre, texto refundido de la Ley del Estatuto Básico del Empleado Público",59,JURIDICO
ESPECIAL,37,Acceso y selección de empleados públicos,"Real Decreto Legislativo 5/2015, de 30 de octubre, texto refundido de la Ley del Estatuto Básico del Empleado Público",60,JURIDICO
ESPECIAL,37,Acceso y selección de empleados públicos,"Real Decreto Legislativo 5/2015, de 30 de octubre, texto refundido de la Ley del Estatuto Básico del Empleado Público",61,JURIDICO
ESPECIAL,37,Acceso y selección de empleados públicos,"Real Decreto Legislativo 5/2015, de 30 de octubre, texto refundido de la Ley del Estatuto Básico del Empleado Público",62,JURIDICO
ESPECIAL,37,Acceso y selección de empleados públicos,"Ley 4/2021, de 16 de abril, de la Función Pública Valenciana",63,JURIDICO
ESPECIAL,37,Acceso y selección de empleados públicos,"Ley 4/2021, de 16 de abril, de la Función Pública Valenciana",64,JURIDICO
ESPECIAL,37,Acceso y selección de empleados públicos,"Ley 4/2021, de 16 de abril, de la Función Pública Valenciana",65,JURIDICO
ESPECIAL,37,Acceso y selección de empleados públicos,"Ley 4/2021, de 16 de abril, de la Función Pública Valenciana",66,JURIDICO
ESPECIAL,37,Acceso y selección de empleados públicos,"Ley 4/2021, de 16 de abril, de la Función Pública Valenciana",67,JURIDICO
ESPECIAL,37,Acceso y selección de empleados públicos,"Ley 4/2021, de 16 de abril, de la Función Pública Valenciana",68,JURIDICO
ESPECIAL,38,"Carrera, provisión y movilidad","Real Decreto Legislativo 5/2015, de 30 de octubre, texto refundido de la Ley del Estatuto Básico del Empleado Público",75,JURIDICO
ESPECIAL,38,"Carrera, provisión y movilidad","Real Decreto Legislativo 5/2015, de 30 de octubre, texto refundido de la Ley del Estatuto Básico del Empleado Público",76,JURIDICO
ESPECIAL,38,"Carrera, provisión y movilidad","Real Decreto Legislativo 5/2015, de 30 de octubre, texto refundido de la Ley del Estatuto Básico del Empleado Público",77,JURIDICO
ESPECIAL,38,"Carrera, provisión y movilidad","Real Decreto Legislativo 5/2015, de 30 de octubre, texto refundido de la Ley del Estatuto Básico del Empleado Público",78,JURIDICO
ESPECIAL,38,"Carrera, provisión y movilidad","Real Decreto Legislativo 5/2015, de 30 de octubre, texto refundido de la Ley del Estatuto Básico del Empleado Público",79,JURIDICO
ESPECIAL,38,"Carrera, provisión y movilidad","Real Decreto Legislativo 5/2015, de 30 de octubre, texto refundido de la Ley del Estatuto Básico del Empleado Público",80,JURIDICO
ESPECIAL,38,"Carrera, provisión y movilidad","Real Decreto Legislativo 5/2015, de 30 de octubre, texto refundido de la Ley del Estatuto Básico del Empleado Público",81,JURIDICO
ESPECIAL,38,"Carrera, provisión y movilidad","Real Decreto Legislativo 5/2015, de 30 de octubre, texto refundido de la Ley del Estatuto Básico del Empleado Público",82,JURIDICO
ESPECIAL,38,"Carrera, provisión y movilidad","Real Decreto Legislativo 5/2015, de 30 de octubre, texto refundido de la Ley del Estatuto Básico del Empleado Público",83,JURIDICO
ESPECIAL,38,"Carrera, provisión y movilidad","Real Decreto Legislativo 5/2015, de 30 de octubre, texto refundido de la Ley del Estatuto Básico del Empleado Público",84,JURIDICO
ESPECIAL,38,"Carrera, provisión y movilidad","Ley 4/2021, de 16 de abril, de la Función Pública Valenciana",89,JURIDICO
ESPECIAL,38,"Carrera, provisión y movilidad","Ley 4/2021, de 16 de abril, de la Función Pública Valenciana",90,JURIDICO
ESPECIAL,38,"Carrera, provisión y movilidad","Ley 4/2021, de 16 de abril, de la Función Pública Valenciana",91,JURIDICO
ESPECIAL,38,"Carrera, provisión y movilidad","Ley 4/2021, de 16 de abril, de la Función Pública Valenciana",92,JURIDICO
ESPECIAL,38,"Carrera, provisión y movilidad","Ley 4/2021, de 16 de abril, de la Función Pública Valenciana",93,JURIDICO
ESPECIAL,38,"Carrera, provisión y movilidad","Ley 4/2021, de 16 de abril, de la Función Pública Valenciana",94,JURIDICO
ESPECIAL,38,"Carrera, provisión y movilidad","Ley 4/2021, de 16 de abril, de la Función Pública Valenciana",95,JURIDICO
ESPECIAL,38,"Carrera, provisión y movilidad","Ley 4/2021, de 16 de abril, de la Función Pública Valenciana",96,JURIDICO
ESPECIAL,38,"Carrera, provisión y movilidad","Ley 4/2021, de 16 de abril, de la Función Pública Valenciana",97,JURIDICO
ESPECIAL,38,"Carrera, provisión y movilidad","Ley 4/2021, de 16 de abril, de la Función Pública Valenciana",98,JURIDICO
ESPECIAL,38,"Carrera, provisión y movilidad","Ley 4/2021, de 16 de abril, de la Función Pública Valenciana",99,JURIDICO
ESPECIAL,38,"Carrera, provisión y movilidad","Ley 4/2021, de 16 de abril, de la Función Pública Valenciana",100,JURIDICO
ESPECIAL,38,"Carrera, provisión y movilidad","Ley 4/2021, de 16 de abril, de la Función Pública Valenciana",101,JURIDICO
ESPECIAL,38,"Carrera, provisión y movilidad","Ley 4/2021, de 16 de abril, de la Función Pública Valenciana",102,JURIDICO
ESPECIAL,38,"Carrera, provisión y movilidad","Ley 4/2021, de 16 de abril, de la Función Pública Valenciana",103,JURIDICO
ESPECIAL,38,"Carrera, provisión y movilidad","Ley 4/2021, de 16 de abril, de la Función Pública Valenciana",104,JURIDICO
ESPECIAL,38,"Carrera, provisión y movilidad","Ley 4/2021, de 16 de abril, de la Función Pública Valenciana",105,JURIDICO
ESPECIAL,38,"Carrera, provisión y movilidad","Ley 4/2021, de 16 de abril, de la Función Pública Valenciana",106,JURIDICO
ESPECIAL,38,"Carrera, provisión y movilidad","Ley 4/2021, de 16 de abril, de la Función Pública Valenciana",107,JURIDICO
ESPECIAL,38,"Carrera, provisión y movilidad","Ley 4/2021, de 16 de abril, de la Función Pública Valenciana",108,JURIDICO
ESPECIAL,38,"Carrera, provisión y movilidad","Ley 4/2021, de 16 de abril, de la Función Pública Valenciana",109,JURIDICO
ESPECIAL,38,"Carrera, provisión y movilidad","Ley 4/2021, de 16 de abril, de la Función Pública Valenciana",110,JURIDICO
ESPECIAL,38,"Carrera, provisión y movilidad","Ley 4/2021, de 16 de abril, de la Función Pública Valenciana",111,JURIDICO
ESPECIAL,38,"Carrera, provisión y movilidad","Ley 4/2021, de 16 de abril, de la Función Pública Valenciana",112,JURIDICO
ESPECIAL,38,"Carrera, provisión y movilidad","Ley 4/2021, de 16 de abril, de la Función Pública Valenciana",113,JURIDICO
ESPECIAL,38,"Carrera, provisión y movilidad","Ley 4/2021, de 16 de abril, de la Función Pública Valenciana",114,JURIDICO
ESPECIAL,38,"Carrera, provisión y movilidad","Ley 4/2021, de 16 de abril, de la Función Pública Valenciana",115,JURIDICO
ESPECIAL,38,"Carrera, provisión y movilidad","Ley 4/2021, de 16 de abril, de la Función Pública Valenciana",116,JURIDICO
ESPECIAL,38,"Carrera, provisión y movilidad","Ley 4/2021, de 16 de abril, de la Función Pública Valenciana",117,JURIDICO
ESPECIAL,38,"Carrera, provisión y movilidad","Ley 4/2021, de 16 de abril, de la Función Pública Valenciana",118,JURIDICO
ESPECIAL,38,"Carrera, provisión y movilidad","Ley 4/2021, de 16 de abril, de la Función Pública Valenciana",119,JURIDICO
ESPECIAL,38,"Carrera, provisión y movilidad","Ley 4/2021, de 16 de abril, de la Función Pública Valenciana",120,JURIDICO
ESPECIAL,38,"Carrera, provisión y movilidad","Ley 4/2021, de 16 de abril, de la Función Pública Valenciana",121,JURIDICO
ESPECIAL,38,"Carrera, provisión y movilidad","Ley 4/2021, de 16 de abril, de la Función Pública Valenciana",122,JURIDICO
ESPECIAL,38,"Carrera, provisión y movilidad","Ley 4/2021, de 16 de abril, de la Función Pública Valenciana",123,JURIDICO
ESPECIAL,38,"Carrera, provisión y movilidad","Ley 4/2021, de 16 de abril, de la Función Pública Valenciana",124,JURIDICO
ESPECIAL,38,"Carrera, provisión y movilidad","Ley 4/2021, de 16 de abril, de la Función Pública Valenciana",125,JURIDICO
ESPECIAL,38,"Carrera, provisión y movilidad","Ley 4/2021, de 16 de abril, de la Función Pública Valenciana",126,JURIDICO
ESPECIAL,38,"Carrera, provisión y movilidad","Ley 4/2021, de 16 de abril, de la Función Pública Valenciana",127,JURIDICO
ESPECIAL,38,"Carrera, provisión y movilidad","Ley 4/2021, de 16 de abril, de la Función Pública Valenciana",128,JURIDICO
ESPECIAL,38,"Carrera, provisión y movilidad","Ley 4/2021, de 16 de abril, de la Función Pública Valenciana",129,JURIDICO
ESPECIAL,39,"Situaciones administrativas, retribuciones e incompatibilidades","Real Decreto Legislativo 5/2015, de 30 de octubre, texto refundido de la Ley del Estatuto Básico del Empleado Público",85,JURIDICO
ESPECIAL,39,"Situaciones administrativas, retribuciones e incompatibilidades","Real Decreto Legislativo 5/2015, de 30 de octubre, texto refundido de la Ley del Estatuto Básico del Empleado Público",86,JURIDICO
ESPECIAL,39,"Situaciones administrativas, retribuciones e incompatibilidades","Real Decreto Legislativo 5/2015, de 30 de octubre, texto refundido de la Ley del Estatuto Básico del Empleado Público",87,JURIDICO
ESPECIAL,39,"Situaciones administrativas, retribuciones e incompatibilidades","Real Decreto Legislativo 5/2015, de 30 de octubre, texto refundido de la Ley del Estatuto Básico del Empleado Público",88,JURIDICO
ESPECIAL,39,"Situaciones administrativas, retribuciones e incompatibilidades","Real Decreto Legislativo 5/2015, de 30 de octubre, texto refundido de la Ley del Estatuto Básico del Empleado Público",89,JURIDICO
ESPECIAL,39,"Situaciones administrativas, retribuciones e incompatibilidades","Real Decreto Legislativo 5/2015, de 30 de octubre, texto refundido de la Ley del Estatuto Básico del Empleado Público",90,JURIDICO
ESPECIAL,39,"Situaciones administrativas, retribuciones e incompatibilidades","Real Decreto Legislativo 5/2015, de 30 de octubre, texto refundido de la Ley del Estatuto Básico del Empleado Público",91,JURIDICO
ESPECIAL,39,"Situaciones administrativas, retribuciones e incompatibilidades","Real Decreto Legislativo 5/2015, de 30 de octubre, texto refundido de la Ley del Estatuto Básico del Empleado Público",92,JURIDICO
ESPECIAL,39,"Situaciones administrativas, retribuciones e incompatibilidades","Ley 53/1984, de 26 de diciembre",1,JURIDICO
ESPECIAL,39,"Situaciones administrativas, retribuciones e incompatibilidades","Ley 53/1984, de 26 de diciembre",2,JURIDICO
ESPECIAL,39,"Situaciones administrativas, retribuciones e incompatibilidades","Ley 53/1984, de 26 de diciembre",3,JURIDICO
ESPECIAL,39,"Situaciones administrativas, retribuciones e incompatibilidades","Ley 53/1984, de 26 de diciembre",4,JURIDICO
ESPECIAL,39,"Situaciones administrativas, retribuciones e incompatibilidades","Ley 53/1984, de 26 de diciembre",5,JURIDICO
ESPECIAL,39,"Situaciones administrativas, retribuciones e incompatibilidades","Ley 53/1984, de 26 de diciembre",6,JURIDICO
ESPECIAL,39,"Situaciones administrativas, retribuciones e incompatibilidades","Ley 53/1984, de 26 de diciembre",7,JURIDICO
ESPECIAL,39,"Situaciones administrativas, retribuciones e incompatibilidades","Ley 53/1984, de 26 de diciembre",8,JURIDICO
ESPECIAL,39,"Situaciones administrativas, retribuciones e incompatibilidades","Ley 53/1984, de 26 de diciembre",9,JURIDICO
ESPECIAL,39,"Situaciones administrativas, retribuciones e incompatibilidades","Ley 53/1984, de 26 de diciembre",10,JURIDICO
ESPECIAL,39,"Situaciones administrativas, retribuciones e incompatibilidades","Ley 53/1984, de 26 de diciembre",11,JURIDICO
ESPECIAL,39,"Situaciones administrativas, retribuciones e incompatibilidades","Ley 53/1984, de 26 de diciembre",12,JURIDICO
ESPECIAL,39,"Situaciones administrativas, retribuciones e incompatibilidades","Ley 53/1984, de 26 de diciembre",13,JURIDICO
ESPECIAL,39,"Situaciones administrativas, retribuciones e incompatibilidades","Ley 53/1984, de 26 de diciembre",14,JURIDICO
ESPECIAL,39,"Situaciones administrativas, retribuciones e incompatibilidades","Ley 53/1984, de 26 de diciembre",15,JURIDICO
ESPECIAL,39,"Situaciones administrativas, retribuciones e incompatibilidades","Ley 53/1984, de 26 de diciembre",16,JURIDICO
ESPECIAL,39,"Situaciones administrativas, retribuciones e incompatibilidades","Ley 53/1984, de 26 de diciembre",17,JURIDICO
ESPECIAL,39,"Situaciones administrativas, retribuciones e incompatibilidades","Ley 53/1984, de 26 de diciembre",18,JURIDICO
ESPECIAL,39,"Situaciones administrativas, retribuciones e incompatibilidades","Ley 53/1984, de 26 de diciembre",19,JURIDICO
ESPECIAL,39,"Situaciones administrativas, retribuciones e incompatibilidades","Ley 53/1984, de 26 de diciembre",20,JURIDICO
ESPECIAL,40,"Deberes, régimen disciplinario y responsabilidad","Real Decreto Legislativo 5/2015, de 30 de octubre, texto refundido de la Ley del Estatuto Básico del Empleado Público",93,JURIDICO
ESPECIAL,40,"Deberes, régimen disciplinario y responsabilidad","Real Decreto Legislativo 5/2015, de 30 de octubre, texto refundido de la Ley del Estatuto Básico del Empleado Público",94,JURIDICO
ESPECIAL,40,"Deberes, régimen disciplinario y responsabilidad","Real Decreto Legislativo 5/2015, de 30 de octubre, texto refundido de la Ley del Estatuto Básico del Empleado Público",95,JURIDICO
ESPECIAL,40,"Deberes, régimen disciplinario y responsabilidad","Real Decreto Legislativo 5/2015, de 30 de octubre, texto refundido de la Ley del Estatuto Básico del Empleado Público",96,JURIDICO
ESPECIAL,40,"Deberes, régimen disciplinario y responsabilidad","Real Decreto Legislativo 5/2015, de 30 de octubre, texto refundido de la Ley del Estatuto Básico del Empleado Público",97,JURIDICO
ESPECIAL,40,"Deberes, régimen disciplinario y responsabilidad","Real Decreto Legislativo 5/2015, de 30 de octubre, texto refundido de la Ley del Estatuto Básico del Empleado Público",98,JURIDICO
ESPECIAL,40,"Deberes, régimen disciplinario y responsabilidad","Ley 4/2021, de 16 de abril, de la Función Pública Valenciana",161,JURIDICO
ESPECIAL,40,"Deberes, régimen disciplinario y responsabilidad","Ley 4/2021, de 16 de abril, de la Función Pública Valenciana",162,JURIDICO
ESPECIAL,40,"Deberes, régimen disciplinario y responsabilidad","Ley 4/2021, de 16 de abril, de la Función Pública Valenciana",163,JURIDICO
ESPECIAL,40,"Deberes, régimen disciplinario y responsabilidad","Ley 4/2021, de 16 de abril, de la Función Pública Valenciana",164,JURIDICO
ESPECIAL,40,"Deberes, régimen disciplinario y responsabilidad","Ley 4/2021, de 16 de abril, de la Función Pública Valenciana",165,JURIDICO
ESPECIAL,40,"Deberes, régimen disciplinario y responsabilidad","Ley 4/2021, de 16 de abril, de la Función Pública Valenciana",166,JURIDICO
ESPECIAL,40,"Deberes, régimen disciplinario y responsabilidad","Ley 4/2021, de 16 de abril, de la Función Pública Valenciana",167,JURIDICO
ESPECIAL,40,"Deberes, régimen disciplinario y responsabilidad","Ley 4/2021, de 16 de abril, de la Función Pública Valenciana",168,JURIDICO
ESPECIAL,40,"Deberes, régimen disciplinario y responsabilidad","Ley 4/2021, de 16 de abril, de la Función Pública Valenciana",169,JURIDICO
ESPECIAL,40,"Deberes, régimen disciplinario y responsabilidad","Ley 4/2021, de 16 de abril, de la Función Pública Valenciana",170,JURIDICO
ESPECIAL,40,"Deberes, régimen disciplinario y responsabilidad","Ley 4/2021, de 16 de abril, de la Función Pública Valenciana",171,JURIDICO
ESPECIAL,40,"Deberes, régimen disciplinario y responsabilidad","Ley 4/2021, de 16 de abril, de la Función Pública Valenciana",172,JURIDICO
ESPECIAL,40,"Deberes, régimen disciplinario y responsabilidad","Ley 4/2021, de 16 de abril, de la Función Pública Valenciana",173,JURIDICO
ESPECIAL,40,"Deberes, régimen disciplinario y responsabilidad","Ley 4/2021, de 16 de abril, de la Función Pública Valenciana",174,JURIDICO
ESPECIAL,40,"Deberes, régimen disciplinario y responsabilidad","Ley 4/2021, de 16 de abril, de la Función Pública Valenciana",175,JURIDICO
ESPECIAL,40,"Deberes, régimen disciplinario y responsabilidad","Ley 4/2021, de 16 de abril, de la Función Pública Valenciana",176,JURIDICO
ESPECIAL,40,"Deberes, régimen disciplinario y responsabilidad","Ley 4/2021, de 16 de abril, de la Función Pública Valenciana",177,JURIDICO
ESPECIAL,40,"Deberes, régimen disciplinario y responsabilidad","Ley 4/2021, de 16 de abril, de la Función Pública Valenciana",178,JURIDICO
ESPECIAL,40,"Deberes, régimen disciplinario y responsabilidad","Ley 4/2021, de 16 de abril, de la Función Pública Valenciana",179,JURIDICO
ESPECIAL,40,"Deberes, régimen disciplinario y responsabilidad","Ley 4/2021, de 16 de abril, de la Función Pública Valenciana",180,JURIDICO
ESPECIAL,40,"Deberes, régimen disciplinario y responsabilidad","Ley 4/2021, de 16 de abril, de la Función Pública Valenciana",181,JURIDICO
ESPECIAL,40,"Deberes, régimen disciplinario y responsabilidad","Ley 4/2021, de 16 de abril, de la Función Pública Valenciana",182,JURIDICO
ESPECIAL,40,"Deberes, régimen disciplinario y responsabilidad","Ley 4/2021, de 16 de abril, de la Función Pública Valenciana",183,JURIDICO
ESPECIAL,40,"Deberes, régimen disciplinario y responsabilidad","Ley 4/2021, de 16 de abril, de la Función Pública Valenciana",184,JURIDICO
ESPECIAL,40,"Deberes, régimen disciplinario y responsabilidad","Ley 4/2021, de 16 de abril, de la Función Pública Valenciana",185,JURIDICO
ESPECIAL,40,"Deberes, régimen disciplinario y responsabilidad","Ley 4/2021, de 16 de abril, de la Función Pública Valenciana",186,JURIDICO
ESPECIAL,40,"Deberes, régimen disciplinario y responsabilidad","Ley 4/2021, de 16 de abril, de la Función Pública Valenciana",187,JURIDICO
ESPECIAL,40,"Deberes, régimen disciplinario y responsabilidad","Ley 4/2021, de 16 de abril, de la Función Pública Valenciana",188,JURIDICO
ESPECIAL,40,"Deberes, régimen disciplinario y responsabilidad","Ley 4/2021, de 16 de abril, de la Función Pública Valenciana",189,JURIDICO
ESPECIAL,40,"Deberes, régimen disciplinario y responsabilidad","Ley 4/2021, de 16 de abril, de la Función Pública Valenciana",190,JURIDICO
ESPECIAL,41,"Haciendas locales: recursos, potestad tributaria y ordenanzas fiscales","Real Decreto Legislativo 2/2004, de 5 de marzo, texto refundido de la Ley Reguladora de las Haciendas Locales",1,JURIDICO
ESPECIAL,41,"Haciendas locales: recursos, potestad tributaria y ordenanzas fiscales","Real Decreto Legislativo 2/2004, de 5 de marzo, texto refundido de la Ley Reguladora de las Haciendas Locales",2,JURIDICO
ESPECIAL,41,"Haciendas locales: recursos, potestad tributaria y ordenanzas fiscales","Real Decreto Legislativo 2/2004, de 5 de marzo, texto refundido de la Ley Reguladora de las Haciendas Locales",3,JURIDICO
ESPECIAL,41,"Haciendas locales: recursos, potestad tributaria y ordenanzas fiscales","Real Decreto Legislativo 2/2004, de 5 de marzo, texto refundido de la Ley Reguladora de las Haciendas Locales",4,JURIDICO
ESPECIAL,41,"Haciendas locales: recursos, potestad tributaria y ordenanzas fiscales","Real Decreto Legislativo 2/2004, de 5 de marzo, texto refundido de la Ley Reguladora de las Haciendas Locales",15,JURIDICO
ESPECIAL,41,"Haciendas locales: recursos, potestad tributaria y ordenanzas fiscales","Real Decreto Legislativo 2/2004, de 5 de marzo, texto refundido de la Ley Reguladora de las Haciendas Locales",16,JURIDICO
ESPECIAL,41,"Haciendas locales: recursos, potestad tributaria y ordenanzas fiscales","Real Decreto Legislativo 2/2004, de 5 de marzo, texto refundido de la Ley Reguladora de las Haciendas Locales",17,JURIDICO
ESPECIAL,41,"Haciendas locales: recursos, potestad tributaria y ordenanzas fiscales","Real Decreto Legislativo 2/2004, de 5 de marzo, texto refundido de la Ley Reguladora de las Haciendas Locales",18,JURIDICO
ESPECIAL,41,"Haciendas locales: recursos, potestad tributaria y ordenanzas fiscales","Real Decreto Legislativo 2/2004, de 5 de marzo, texto refundido de la Ley Reguladora de las Haciendas Locales",19,JURIDICO
ESPECIAL,41,"Haciendas locales: recursos, potestad tributaria y ordenanzas fiscales","Real Decreto Legislativo 2/2004, de 5 de marzo, texto refundido de la Ley Reguladora de las Haciendas Locales",20,JURIDICO
ESPECIAL,41,"Haciendas locales: recursos, potestad tributaria y ordenanzas fiscales","Real Decreto Legislativo 2/2004, de 5 de marzo, texto refundido de la Ley Reguladora de las Haciendas Locales",21,JURIDICO
ESPECIAL,41,"Haciendas locales: recursos, potestad tributaria y ordenanzas fiscales","Real Decreto Legislativo 2/2004, de 5 de marzo, texto refundido de la Ley Reguladora de las Haciendas Locales",22,JURIDICO
ESPECIAL,41,"Haciendas locales: recursos, potestad tributaria y ordenanzas fiscales","Real Decreto Legislativo 2/2004, de 5 de marzo, texto refundido de la Ley Reguladora de las Haciendas Locales",23,JURIDICO
ESPECIAL,41,"Haciendas locales: recursos, potestad tributaria y ordenanzas fiscales","Real Decreto Legislativo 2/2004, de 5 de marzo, texto refundido de la Ley Reguladora de las Haciendas Locales",24,JURIDICO
ESPECIAL,41,"Haciendas locales: recursos, potestad tributaria y ordenanzas fiscales","Real Decreto Legislativo 2/2004, de 5 de marzo, texto refundido de la Ley Reguladora de las Haciendas Locales",25,JURIDICO
ESPECIAL,41,"Haciendas locales: recursos, potestad tributaria y ordenanzas fiscales","Real Decreto Legislativo 2/2004, de 5 de marzo, texto refundido de la Ley Reguladora de las Haciendas Locales",26,JURIDICO
ESPECIAL,41,"Haciendas locales: recursos, potestad tributaria y ordenanzas fiscales","Real Decreto Legislativo 2/2004, de 5 de marzo, texto refundido de la Ley Reguladora de las Haciendas Locales",27,JURIDICO
ESPECIAL,42,Tributos locales y gestión tributaria,"Real Decreto Legislativo 2/2004, de 5 de marzo, texto refundido de la Ley Reguladora de las Haciendas Locales",56,JURIDICO
ESPECIAL,42,Tributos locales y gestión tributaria,"Real Decreto Legislativo 2/2004, de 5 de marzo, texto refundido de la Ley Reguladora de las Haciendas Locales",57,JURIDICO
ESPECIAL,42,Tributos locales y gestión tributaria,"Real Decreto Legislativo 2/2004, de 5 de marzo, texto refundido de la Ley Reguladora de las Haciendas Locales",58,JURIDICO
ESPECIAL,42,Tributos locales y gestión tributaria,"Real Decreto Legislativo 2/2004, de 5 de marzo, texto refundido de la Ley Reguladora de las Haciendas Locales",59,JURIDICO
ESPECIAL,42,Tributos locales y gestión tributaria,"Real Decreto Legislativo 2/2004, de 5 de marzo, texto refundido de la Ley Reguladora de las Haciendas Locales",60,JURIDICO
ESPECIAL,42,Tributos locales y gestión tributaria,"Real Decreto Legislativo 2/2004, de 5 de marzo, texto refundido de la Ley Reguladora de las Haciendas Locales",61,JURIDICO
ESPECIAL,42,Tributos locales y gestión tributaria,"Real Decreto Legislativo 2/2004, de 5 de marzo, texto refundido de la Ley Reguladora de las Haciendas Locales",62,JURIDICO
ESPECIAL,42,Tributos locales y gestión tributaria,"Real Decreto Legislativo 2/2004, de 5 de marzo, texto refundido de la Ley Reguladora de las Haciendas Locales",63,JURIDICO
ESPECIAL,42,Tributos locales y gestión tributaria,"Real Decreto Legislativo 2/2004, de 5 de marzo, texto refundido de la Ley Reguladora de las Haciendas Locales",64,JURIDICO
ESPECIAL,42,Tributos locales y gestión tributaria,"Real Decreto Legislativo 2/2004, de 5 de marzo, texto refundido de la Ley Reguladora de las Haciendas Locales",65,JURIDICO
ESPECIAL,42,Tributos locales y gestión tributaria,"Real Decreto Legislativo 2/2004, de 5 de marzo, texto refundido de la Ley Reguladora de las Haciendas Locales",66,JURIDICO
ESPECIAL,42,Tributos locales y gestión tributaria,"Real Decreto Legislativo 2/2004, de 5 de marzo, texto refundido de la Ley Reguladora de las Haciendas Locales",67,JURIDICO
ESPECIAL,42,Tributos locales y gestión tributaria,"Real Decreto Legislativo 2/2004, de 5 de marzo, texto refundido de la Ley Reguladora de las Haciendas Locales",68,JURIDICO
ESPECIAL,42,Tributos locales y gestión tributaria,"Real Decreto Legislativo 2/2004, de 5 de marzo, texto refundido de la Ley Reguladora de las Haciendas Locales",69,JURIDICO
ESPECIAL,42,Tributos locales y gestión tributaria,"Real Decreto Legislativo 2/2004, de 5 de marzo, texto refundido de la Ley Reguladora de las Haciendas Locales",70,JURIDICO
ESPECIAL,42,Tributos locales y gestión tributaria,"Real Decreto Legislativo 2/2004, de 5 de marzo, texto refundido de la Ley Reguladora de las Haciendas Locales",71,JURIDICO
ESPECIAL,42,Tributos locales y gestión tributaria,"Real Decreto Legislativo 2/2004, de 5 de marzo, texto refundido de la Ley Reguladora de las Haciendas Locales",72,JURIDICO
ESPECIAL,42,Tributos locales y gestión tributaria,"Real Decreto Legislativo 2/2004, de 5 de marzo, texto refundido de la Ley Reguladora de las Haciendas Locales",73,JURIDICO
ESPECIAL,42,Tributos locales y gestión tributaria,"Real Decreto Legislativo 2/2004, de 5 de marzo, texto refundido de la Ley Reguladora de las Haciendas Locales",74,JURIDICO
ESPECIAL,42,Tributos locales y gestión tributaria,"Real Decreto Legislativo 2/2004, de 5 de marzo, texto refundido de la Ley Reguladora de las Haciendas Locales",75,JURIDICO
ESPECIAL,42,Tributos locales y gestión tributaria,"Real Decreto Legislativo 2/2004, de 5 de marzo, texto refundido de la Ley Reguladora de las Haciendas Locales",76,JURIDICO
ESPECIAL,42,Tributos locales y gestión tributaria,"Real Decreto Legislativo 2/2004, de 5 de marzo, texto refundido de la Ley Reguladora de las Haciendas Locales",77,JURIDICO
ESPECIAL,42,Tributos locales y gestión tributaria,"Real Decreto Legislativo 2/2004, de 5 de marzo, texto refundido de la Ley Reguladora de las Haciendas Locales",78,JURIDICO
ESPECIAL,42,Tributos locales y gestión tributaria,"Real Decreto Legislativo 2/2004, de 5 de marzo, texto refundido de la Ley Reguladora de las Haciendas Locales",79,JURIDICO
ESPECIAL,42,Tributos locales y gestión tributaria,"Real Decreto Legislativo 2/2004, de 5 de marzo, texto refundido de la Ley Reguladora de las Haciendas Locales",80,JURIDICO
ESPECIAL,42,Tributos locales y gestión tributaria,"Real Decreto Legislativo 2/2004, de 5 de marzo, texto refundido de la Ley Reguladora de las Haciendas Locales",81,JURIDICO
ESPECIAL,42,Tributos locales y gestión tributaria,"Real Decreto Legislativo 2/2004, de 5 de marzo, texto refundido de la Ley Reguladora de las Haciendas Locales",82,JURIDICO
ESPECIAL,42,Tributos locales y gestión tributaria,"Real Decreto Legislativo 2/2004, de 5 de marzo, texto refundido de la Ley Reguladora de las Haciendas Locales",83,JURIDICO
ESPECIAL,42,Tributos locales y gestión tributaria,"Real Decreto Legislativo 2/2004, de 5 de marzo, texto refundido de la Ley Reguladora de las Haciendas Locales",84,JURIDICO
ESPECIAL,42,Tributos locales y gestión tributaria,"Real Decreto Legislativo 2/2004, de 5 de marzo, texto refundido de la Ley Reguladora de las Haciendas Locales",85,JURIDICO
ESPECIAL,42,Tributos locales y gestión tributaria,"Real Decreto Legislativo 2/2004, de 5 de marzo, texto refundido de la Ley Reguladora de las Haciendas Locales",86,JURIDICO
ESPECIAL,42,Tributos locales y gestión tributaria,"Real Decreto Legislativo 2/2004, de 5 de marzo, texto refundido de la Ley Reguladora de las Haciendas Locales",87,JURIDICO
ESPECIAL,42,Tributos locales y gestión tributaria,"Real Decreto Legislativo 2/2004, de 5 de marzo, texto refundido de la Ley Reguladora de las Haciendas Locales",88,JURIDICO
ESPECIAL,42,Tributos locales y gestión tributaria,"Real Decreto Legislativo 2/2004, de 5 de marzo, texto refundido de la Ley Reguladora de las Haciendas Locales",89,JURIDICO
ESPECIAL,42,Tributos locales y gestión tributaria,"Real Decreto Legislativo 2/2004, de 5 de marzo, texto refundido de la Ley Reguladora de las Haciendas Locales",90,JURIDICO
ESPECIAL,42,Tributos locales y gestión tributaria,"Real Decreto Legislativo 2/2004, de 5 de marzo, texto refundido de la Ley Reguladora de las Haciendas Locales",91,JURIDICO
ESPECIAL,42,Tributos locales y gestión tributaria,"Real Decreto Legislativo 2/2004, de 5 de marzo, texto refundido de la Ley Reguladora de las Haciendas Locales",92,JURIDICO
ESPECIAL,42,Tributos locales y gestión tributaria,"Real Decreto Legislativo 2/2004, de 5 de marzo, texto refundido de la Ley Reguladora de las Haciendas Locales",93,JURIDICO
ESPECIAL,42,Tributos locales y gestión tributaria,"Real Decreto Legislativo 2/2004, de 5 de marzo, texto refundido de la Ley Reguladora de las Haciendas Locales",94,JURIDICO
ESPECIAL,42,Tributos locales y gestión tributaria,"Real Decreto Legislativo 2/2004, de 5 de marzo, texto refundido de la Ley Reguladora de las Haciendas Locales",95,JURIDICO
ESPECIAL,42,Tributos locales y gestión tributaria,"Real Decreto Legislativo 2/2004, de 5 de marzo, texto refundido de la Ley Reguladora de las Haciendas Locales",96,JURIDICO
ESPECIAL,42,Tributos locales y gestión tributaria,"Real Decreto Legislativo 2/2004, de 5 de marzo, texto refundido de la Ley Reguladora de las Haciendas Locales",97,JURIDICO
ESPECIAL,42,Tributos locales y gestión tributaria,"Real Decreto Legislativo 2/2004, de 5 de marzo, texto refundido de la Ley Reguladora de las Haciendas Locales",98,JURIDICO
ESPECIAL,42,Tributos locales y gestión tributaria,"Real Decreto Legislativo 2/2004, de 5 de marzo, texto refundido de la Ley Reguladora de las Haciendas Locales",99,JURIDICO
ESPECIAL,42,Tributos locales y gestión tributaria,"Real Decreto Legislativo 2/2004, de 5 de marzo, texto refundido de la Ley Reguladora de las Haciendas Locales",100,JURIDICO
ESPECIAL,42,Tributos locales y gestión tributaria,"Real Decreto Legislativo 2/2004, de 5 de marzo, texto refundido de la Ley Reguladora de las Haciendas Locales",101,JURIDICO
ESPECIAL,42,Tributos locales y gestión tributaria,"Real Decreto Legislativo 2/2004, de 5 de marzo, texto refundido de la Ley Reguladora de las Haciendas Locales",102,JURIDICO
ESPECIAL,42,Tributos locales y gestión tributaria,"Real Decreto Legislativo 2/2004, de 5 de marzo, texto refundido de la Ley Reguladora de las Haciendas Locales",103,JURIDICO
ESPECIAL,42,Tributos locales y gestión tributaria,"Real Decreto Legislativo 2/2004, de 5 de marzo, texto refundido de la Ley Reguladora de las Haciendas Locales",104,JURIDICO
ESPECIAL,42,Tributos locales y gestión tributaria,"Real Decreto Legislativo 2/2004, de 5 de marzo, texto refundido de la Ley Reguladora de las Haciendas Locales",105,JURIDICO
ESPECIAL,42,Tributos locales y gestión tributaria,"Real Decreto Legislativo 2/2004, de 5 de marzo, texto refundido de la Ley Reguladora de las Haciendas Locales",106,JURIDICO
ESPECIAL,42,Tributos locales y gestión tributaria,"Real Decreto Legislativo 2/2004, de 5 de marzo, texto refundido de la Ley Reguladora de las Haciendas Locales",107,JURIDICO
ESPECIAL,42,Tributos locales y gestión tributaria,"Real Decreto Legislativo 2/2004, de 5 de marzo, texto refundido de la Ley Reguladora de las Haciendas Locales",108,JURIDICO
ESPECIAL,42,Tributos locales y gestión tributaria,"Real Decreto Legislativo 2/2004, de 5 de marzo, texto refundido de la Ley Reguladora de las Haciendas Locales",109,JURIDICO
ESPECIAL,42,Tributos locales y gestión tributaria,"Real Decreto Legislativo 2/2004, de 5 de marzo, texto refundido de la Ley Reguladora de las Haciendas Locales",110,JURIDICO
ESPECIAL,42,Tributos locales y gestión tributaria,"Real Decreto Legislativo 2/2004, de 5 de marzo, texto refundido de la Ley Reguladora de las Haciendas Locales",111,JURIDICO
ESPECIAL,42,Tributos locales y gestión tributaria,"Real Decreto Legislativo 2/2004, de 5 de marzo, texto refundido de la Ley Reguladora de las Haciendas Locales",112,JURIDICO
ESPECIAL,42,Tributos locales y gestión tributaria,"Real Decreto Legislativo 2/2004, de 5 de marzo, texto refundido de la Ley Reguladora de las Haciendas Locales",113,JURIDICO
ESPECIAL,42,Tributos locales y gestión tributaria,"Real Decreto Legislativo 2/2004, de 5 de marzo, texto refundido de la Ley Reguladora de las Haciendas Locales",114,JURIDICO
ESPECIAL,42,Tributos locales y gestión tributaria,"Real Decreto Legislativo 2/2004, de 5 de marzo, texto refundido de la Ley Reguladora de las Haciendas Locales",115,JURIDICO
ESPECIAL,42,Tributos locales y gestión tributaria,"Real Decreto Legislativo 2/2004, de 5 de marzo, texto refundido de la Ley Reguladora de las Haciendas Locales",116,JURIDICO
ESPECIAL,42,Tributos locales y gestión tributaria,"Real Decreto Legislativo 2/2004, de 5 de marzo, texto refundido de la Ley Reguladora de las Haciendas Locales",117,JURIDICO
ESPECIAL,43,"Presupuesto general local: elaboración, aprobación y estructura","Real Decreto Legislativo 2/2004, de 5 de marzo, texto refundido de la Ley Reguladora de las Haciendas Locales",162,JURIDICO
ESPECIAL,43,"Presupuesto general local: elaboración, aprobación y estructura","Real Decreto Legislativo 2/2004, de 5 de marzo, texto refundido de la Ley Reguladora de las Haciendas Locales",163,JURIDICO
ESPECIAL,43,"Presupuesto general local: elaboración, aprobación y estructura","Real Decreto Legislativo 2/2004, de 5 de marzo, texto refundido de la Ley Reguladora de las Haciendas Locales",164,JURIDICO
ESPECIAL,43,"Presupuesto general local: elaboración, aprobación y estructura","Real Decreto Legislativo 2/2004, de 5 de marzo, texto refundido de la Ley Reguladora de las Haciendas Locales",165,JURIDICO
ESPECIAL,43,"Presupuesto general local: elaboración, aprobación y estructura","Real Decreto Legislativo 2/2004, de 5 de marzo, texto refundido de la Ley Reguladora de las Haciendas Locales",166,JURIDICO
ESPECIAL,43,"Presupuesto general local: elaboración, aprobación y estructura","Real Decreto Legislativo 2/2004, de 5 de marzo, texto refundido de la Ley Reguladora de las Haciendas Locales",167,JURIDICO
ESPECIAL,43,"Presupuesto general local: elaboración, aprobación y estructura","Real Decreto Legislativo 2/2004, de 5 de marzo, texto refundido de la Ley Reguladora de las Haciendas Locales",168,JURIDICO
ESPECIAL,43,"Presupuesto general local: elaboración, aprobación y estructura","Real Decreto Legislativo 2/2004, de 5 de marzo, texto refundido de la Ley Reguladora de las Haciendas Locales",169,JURIDICO
ESPECIAL,43,"Presupuesto general local: elaboración, aprobación y estructura","Real Decreto Legislativo 2/2004, de 5 de marzo, texto refundido de la Ley Reguladora de las Haciendas Locales",170,JURIDICO
ESPECIAL,43,"Presupuesto general local: elaboración, aprobación y estructura","Real Decreto Legislativo 2/2004, de 5 de marzo, texto refundido de la Ley Reguladora de las Haciendas Locales",171,JURIDICO
ESPECIAL,44,Créditos presupuestarios y modificaciones de crédito,"Real Decreto Legislativo 2/2004, de 5 de marzo, texto refundido de la Ley Reguladora de las Haciendas Locales",172,JURIDICO
ESPECIAL,44,Créditos presupuestarios y modificaciones de crédito,"Real Decreto Legislativo 2/2004, de 5 de marzo, texto refundido de la Ley Reguladora de las Haciendas Locales",173,JURIDICO
ESPECIAL,44,Créditos presupuestarios y modificaciones de crédito,"Real Decreto Legislativo 2/2004, de 5 de marzo, texto refundido de la Ley Reguladora de las Haciendas Locales",174,JURIDICO
ESPECIAL,44,Créditos presupuestarios y modificaciones de crédito,"Real Decreto Legislativo 2/2004, de 5 de marzo, texto refundido de la Ley Reguladora de las Haciendas Locales",175,JURIDICO
ESPECIAL,44,Créditos presupuestarios y modificaciones de crédito,"Real Decreto Legislativo 2/2004, de 5 de marzo, texto refundido de la Ley Reguladora de las Haciendas Locales",176,JURIDICO
ESPECIAL,44,Créditos presupuestarios y modificaciones de crédito,"Real Decreto Legislativo 2/2004, de 5 de marzo, texto refundido de la Ley Reguladora de las Haciendas Locales",177,JURIDICO
ESPECIAL,44,Créditos presupuestarios y modificaciones de crédito,"Real Decreto Legislativo 2/2004, de 5 de marzo, texto refundido de la Ley Reguladora de las Haciendas Locales",178,JURIDICO
ESPECIAL,44,Créditos presupuestarios y modificaciones de crédito,"Real Decreto Legislativo 2/2004, de 5 de marzo, texto refundido de la Ley Reguladora de las Haciendas Locales",179,JURIDICO
ESPECIAL,44,Créditos presupuestarios y modificaciones de crédito,"Real Decreto Legislativo 2/2004, de 5 de marzo, texto refundido de la Ley Reguladora de las Haciendas Locales",180,JURIDICO
ESPECIAL,44,Créditos presupuestarios y modificaciones de crédito,"Real Decreto Legislativo 2/2004, de 5 de marzo, texto refundido de la Ley Reguladora de las Haciendas Locales",181,JURIDICO
ESPECIAL,44,Créditos presupuestarios y modificaciones de crédito,"Real Decreto Legislativo 2/2004, de 5 de marzo, texto refundido de la Ley Reguladora de las Haciendas Locales",182,JURIDICO
ESPECIAL,44,Créditos presupuestarios y modificaciones de crédito,"Real Decreto 500/1990, de 20 de abril, por el que se desarrolla el capítulo primero del título sexto de la Ley reguladora de las Haciendas Locales, en materia de presupuestos",34,JURIDICO
ESPECIAL,44,Créditos presupuestarios y modificaciones de crédito,"Real Decreto 500/1990, de 20 de abril, por el que se desarrolla el capítulo primero del título sexto de la Ley reguladora de las Haciendas Locales, en materia de presupuestos",35,JURIDICO
ESPECIAL,44,Créditos presupuestarios y modificaciones de crédito,"Real Decreto 500/1990, de 20 de abril, por el que se desarrolla el capítulo primero del título sexto de la Ley reguladora de las Haciendas Locales, en materia de presupuestos",36,JURIDICO
ESPECIAL,44,Créditos presupuestarios y modificaciones de crédito,"Real Decreto 500/1990, de 20 de abril, por el que se desarrolla el capítulo primero del título sexto de la Ley reguladora de las Haciendas Locales, en materia de presupuestos",37,JURIDICO
ESPECIAL,44,Créditos presupuestarios y modificaciones de crédito,"Real Decreto 500/1990, de 20 de abril, por el que se desarrolla el capítulo primero del título sexto de la Ley reguladora de las Haciendas Locales, en materia de presupuestos",38,JURIDICO
ESPECIAL,44,Créditos presupuestarios y modificaciones de crédito,"Real Decreto 500/1990, de 20 de abril, por el que se desarrolla el capítulo primero del título sexto de la Ley reguladora de las Haciendas Locales, en materia de presupuestos",39,JURIDICO
ESPECIAL,44,Créditos presupuestarios y modificaciones de crédito,"Real Decreto 500/1990, de 20 de abril, por el que se desarrolla el capítulo primero del título sexto de la Ley reguladora de las Haciendas Locales, en materia de presupuestos",40,JURIDICO
ESPECIAL,44,Créditos presupuestarios y modificaciones de crédito,"Real Decreto 500/1990, de 20 de abril, por el que se desarrolla el capítulo primero del título sexto de la Ley reguladora de las Haciendas Locales, en materia de presupuestos",41,JURIDICO
ESPECIAL,44,Créditos presupuestarios y modificaciones de crédito,"Real Decreto 500/1990, de 20 de abril, por el que se desarrolla el capítulo primero del título sexto de la Ley reguladora de las Haciendas Locales, en materia de presupuestos",42,JURIDICO
ESPECIAL,44,Créditos presupuestarios y modificaciones de crédito,"Real Decreto 500/1990, de 20 de abril, por el que se desarrolla el capítulo primero del título sexto de la Ley reguladora de las Haciendas Locales, en materia de presupuestos",43,JURIDICO
ESPECIAL,44,Créditos presupuestarios y modificaciones de crédito,"Real Decreto 500/1990, de 20 de abril, por el que se desarrolla el capítulo primero del título sexto de la Ley reguladora de las Haciendas Locales, en materia de presupuestos",44,JURIDICO
ESPECIAL,44,Créditos presupuestarios y modificaciones de crédito,"Real Decreto 500/1990, de 20 de abril, por el que se desarrolla el capítulo primero del título sexto de la Ley reguladora de las Haciendas Locales, en materia de presupuestos",45,JURIDICO
ESPECIAL,44,Créditos presupuestarios y modificaciones de crédito,"Real Decreto 500/1990, de 20 de abril, por el que se desarrolla el capítulo primero del título sexto de la Ley reguladora de las Haciendas Locales, en materia de presupuestos",46,JURIDICO
ESPECIAL,44,Créditos presupuestarios y modificaciones de crédito,"Real Decreto 500/1990, de 20 de abril, por el que se desarrolla el capítulo primero del título sexto de la Ley reguladora de las Haciendas Locales, en materia de presupuestos",47,JURIDICO
ESPECIAL,44,Créditos presupuestarios y modificaciones de crédito,"Real Decreto 500/1990, de 20 de abril, por el que se desarrolla el capítulo primero del título sexto de la Ley reguladora de las Haciendas Locales, en materia de presupuestos",48,JURIDICO
ESPECIAL,44,Créditos presupuestarios y modificaciones de crédito,"Real Decreto 500/1990, de 20 de abril, por el que se desarrolla el capítulo primero del título sexto de la Ley reguladora de las Haciendas Locales, en materia de presupuestos",49,JURIDICO
ESPECIAL,44,Créditos presupuestarios y modificaciones de crédito,"Real Decreto 500/1990, de 20 de abril, por el que se desarrolla el capítulo primero del título sexto de la Ley reguladora de las Haciendas Locales, en materia de presupuestos",50,JURIDICO
ESPECIAL,44,Créditos presupuestarios y modificaciones de crédito,"Real Decreto 500/1990, de 20 de abril, por el que se desarrolla el capítulo primero del título sexto de la Ley reguladora de las Haciendas Locales, en materia de presupuestos",51,JURIDICO
ESPECIAL,45,Ejecución presupuestaria de ingresos y gastos,"Real Decreto Legislativo 2/2004, de 5 de marzo, texto refundido de la Ley Reguladora de las Haciendas Locales",183,JURIDICO
ESPECIAL,45,Ejecución presupuestaria de ingresos y gastos,"Real Decreto Legislativo 2/2004, de 5 de marzo, texto refundido de la Ley Reguladora de las Haciendas Locales",184,JURIDICO
ESPECIAL,45,Ejecución presupuestaria de ingresos y gastos,"Real Decreto Legislativo 2/2004, de 5 de marzo, texto refundido de la Ley Reguladora de las Haciendas Locales",185,JURIDICO
ESPECIAL,45,Ejecución presupuestaria de ingresos y gastos,"Real Decreto Legislativo 2/2004, de 5 de marzo, texto refundido de la Ley Reguladora de las Haciendas Locales",186,JURIDICO
ESPECIAL,45,Ejecución presupuestaria de ingresos y gastos,"Real Decreto Legislativo 2/2004, de 5 de marzo, texto refundido de la Ley Reguladora de las Haciendas Locales",187,JURIDICO
ESPECIAL,45,Ejecución presupuestaria de ingresos y gastos,"Real Decreto Legislativo 2/2004, de 5 de marzo, texto refundido de la Ley Reguladora de las Haciendas Locales",188,JURIDICO
ESPECIAL,45,Ejecución presupuestaria de ingresos y gastos,"Real Decreto Legislativo 2/2004, de 5 de marzo, texto refundido de la Ley Reguladora de las Haciendas Locales",189,JURIDICO
ESPECIAL,45,Ejecución presupuestaria de ingresos y gastos,"Real Decreto Legislativo 2/2004, de 5 de marzo, texto refundido de la Ley Reguladora de las Haciendas Locales",190,JURIDICO
ESPECIAL,46,"Liquidación, resultado presupuestario y remanente de tesorería","Real Decreto Legislativo 2/2004, de 5 de marzo, texto refundido de la Ley Reguladora de las Haciendas Locales",191,JURIDICO
ESPECIAL,46,"Liquidación, resultado presupuestario y remanente de tesorería","Real Decreto Legislativo 2/2004, de 5 de marzo, texto refundido de la Ley Reguladora de las Haciendas Locales",192,JURIDICO
ESPECIAL,46,"Liquidación, resultado presupuestario y remanente de tesorería","Real Decreto Legislativo 2/2004, de 5 de marzo, texto refundido de la Ley Reguladora de las Haciendas Locales",193,JURIDICO
ESPECIAL,46,"Liquidación, resultado presupuestario y remanente de tesorería","Real Decreto 500/1990, de 20 de abril, por el que se desarrolla el capítulo primero del título sexto de la Ley reguladora de las Haciendas Locales, en materia de presupuestos",89,JURIDICO
ESPECIAL,46,"Liquidación, resultado presupuestario y remanente de tesorería","Real Decreto 500/1990, de 20 de abril, por el que se desarrolla el capítulo primero del título sexto de la Ley reguladora de las Haciendas Locales, en materia de presupuestos",90,JURIDICO
ESPECIAL,46,"Liquidación, resultado presupuestario y remanente de tesorería","Real Decreto 500/1990, de 20 de abril, por el que se desarrolla el capítulo primero del título sexto de la Ley reguladora de las Haciendas Locales, en materia de presupuestos",91,JURIDICO
ESPECIAL,46,"Liquidación, resultado presupuestario y remanente de tesorería","Real Decreto 500/1990, de 20 de abril, por el que se desarrolla el capítulo primero del título sexto de la Ley reguladora de las Haciendas Locales, en materia de presupuestos",92,JURIDICO
ESPECIAL,46,"Liquidación, resultado presupuestario y remanente de tesorería","Real Decreto 500/1990, de 20 de abril, por el que se desarrolla el capítulo primero del título sexto de la Ley reguladora de las Haciendas Locales, en materia de presupuestos",93,JURIDICO
ESPECIAL,46,"Liquidación, resultado presupuestario y remanente de tesorería","Real Decreto 500/1990, de 20 de abril, por el que se desarrolla el capítulo primero del título sexto de la Ley reguladora de las Haciendas Locales, en materia de presupuestos",94,JURIDICO
ESPECIAL,46,"Liquidación, resultado presupuestario y remanente de tesorería","Real Decreto 500/1990, de 20 de abril, por el que se desarrolla el capítulo primero del título sexto de la Ley reguladora de las Haciendas Locales, en materia de presupuestos",95,JURIDICO
ESPECIAL,46,"Liquidación, resultado presupuestario y remanente de tesorería","Real Decreto 500/1990, de 20 de abril, por el que se desarrolla el capítulo primero del título sexto de la Ley reguladora de las Haciendas Locales, en materia de presupuestos",96,JURIDICO
ESPECIAL,46,"Liquidación, resultado presupuestario y remanente de tesorería","Real Decreto 500/1990, de 20 de abril, por el que se desarrolla el capítulo primero del título sexto de la Ley reguladora de las Haciendas Locales, en materia de presupuestos",97,JURIDICO
ESPECIAL,46,"Liquidación, resultado presupuestario y remanente de tesorería","Real Decreto 500/1990, de 20 de abril, por el que se desarrolla el capítulo primero del título sexto de la Ley reguladora de las Haciendas Locales, en materia de presupuestos",98,JURIDICO
ESPECIAL,46,"Liquidación, resultado presupuestario y remanente de tesorería","Real Decreto 500/1990, de 20 de abril, por el que se desarrolla el capítulo primero del título sexto de la Ley reguladora de las Haciendas Locales, en materia de presupuestos",99,JURIDICO
ESPECIAL,46,"Liquidación, resultado presupuestario y remanente de tesorería","Real Decreto 500/1990, de 20 de abril, por el que se desarrolla el capítulo primero del título sexto de la Ley reguladora de las Haciendas Locales, en materia de presupuestos",100,JURIDICO
ESPECIAL,46,"Liquidación, resultado presupuestario y remanente de tesorería","Real Decreto 500/1990, de 20 de abril, por el que se desarrolla el capítulo primero del título sexto de la Ley reguladora de las Haciendas Locales, en materia de presupuestos",101,JURIDICO
ESPECIAL,46,"Liquidación, resultado presupuestario y remanente de tesorería","Real Decreto 500/1990, de 20 de abril, por el que se desarrolla el capítulo primero del título sexto de la Ley reguladora de las Haciendas Locales, en materia de presupuestos",102,JURIDICO
ESPECIAL,46,"Liquidación, resultado presupuestario y remanente de tesorería","Real Decreto 500/1990, de 20 de abril, por el que se desarrolla el capítulo primero del título sexto de la Ley reguladora de las Haciendas Locales, en materia de presupuestos",103,JURIDICO
ESPECIAL,46,"Liquidación, resultado presupuestario y remanente de tesorería","Real Decreto 500/1990, de 20 de abril, por el que se desarrolla el capítulo primero del título sexto de la Ley reguladora de las Haciendas Locales, en materia de presupuestos",104,JURIDICO
ESPECIAL,46,"Liquidación, resultado presupuestario y remanente de tesorería","Real Decreto 500/1990, de 20 de abril, por el que se desarrolla el capítulo primero del título sexto de la Ley reguladora de las Haciendas Locales, en materia de presupuestos",105,JURIDICO
ESPECIAL,47,Tesorería local y operaciones de crédito,"Real Decreto Legislativo 2/2004, de 5 de marzo, texto refundido de la Ley Reguladora de las Haciendas Locales",194,JURIDICO
ESPECIAL,47,Tesorería local y operaciones de crédito,"Real Decreto Legislativo 2/2004, de 5 de marzo, texto refundido de la Ley Reguladora de las Haciendas Locales",195,JURIDICO
ESPECIAL,47,Tesorería local y operaciones de crédito,"Real Decreto Legislativo 2/2004, de 5 de marzo, texto refundido de la Ley Reguladora de las Haciendas Locales",196,JURIDICO
ESPECIAL,47,Tesorería local y operaciones de crédito,"Real Decreto Legislativo 2/2004, de 5 de marzo, texto refundido de la Ley Reguladora de las Haciendas Locales",197,JURIDICO
ESPECIAL,47,Tesorería local y operaciones de crédito,"Real Decreto Legislativo 2/2004, de 5 de marzo, texto refundido de la Ley Reguladora de las Haciendas Locales",198,JURIDICO
ESPECIAL,47,Tesorería local y operaciones de crédito,"Real Decreto Legislativo 2/2004, de 5 de marzo, texto refundido de la Ley Reguladora de las Haciendas Locales",199,JURIDICO
ESPECIAL,47,Tesorería local y operaciones de crédito,"Real Decreto Legislativo 2/2004, de 5 de marzo, texto refundido de la Ley Reguladora de las Haciendas Locales",48,JURIDICO
ESPECIAL,47,Tesorería local y operaciones de crédito,"Real Decreto Legislativo 2/2004, de 5 de marzo, texto refundido de la Ley Reguladora de las Haciendas Locales",49,JURIDICO
ESPECIAL,47,Tesorería local y operaciones de crédito,"Real Decreto Legislativo 2/2004, de 5 de marzo, texto refundido de la Ley Reguladora de las Haciendas Locales",50,JURIDICO
ESPECIAL,47,Tesorería local y operaciones de crédito,"Real Decreto Legislativo 2/2004, de 5 de marzo, texto refundido de la Ley Reguladora de las Haciendas Locales",51,JURIDICO
ESPECIAL,47,Tesorería local y operaciones de crédito,"Real Decreto Legislativo 2/2004, de 5 de marzo, texto refundido de la Ley Reguladora de las Haciendas Locales",52,JURIDICO
ESPECIAL,47,Tesorería local y operaciones de crédito,"Real Decreto Legislativo 2/2004, de 5 de marzo, texto refundido de la Ley Reguladora de las Haciendas Locales",53,JURIDICO
ESPECIAL,47,Tesorería local y operaciones de crédito,"Real Decreto Legislativo 2/2004, de 5 de marzo, texto refundido de la Ley Reguladora de las Haciendas Locales",54,JURIDICO
ESPECIAL,47,Tesorería local y operaciones de crédito,"Real Decreto Legislativo 2/2004, de 5 de marzo, texto refundido de la Ley Reguladora de las Haciendas Locales",55,JURIDICO
ESPECIAL,48,Estabilidad presupuestaria y sostenibilidad financiera,"Ley Orgánica 2/2012, de 27 de abril, de Estabilidad Presupuestaria y Sostenibilidad Financiera",3,JURIDICO
ESPECIAL,48,Estabilidad presupuestaria y sostenibilidad financiera,"Ley Orgánica 2/2012, de 27 de abril, de Estabilidad Presupuestaria y Sostenibilidad Financiera",4,JURIDICO
ESPECIAL,48,Estabilidad presupuestaria y sostenibilidad financiera,"Ley Orgánica 2/2012, de 27 de abril, de Estabilidad Presupuestaria y Sostenibilidad Financiera",5,JURIDICO
ESPECIAL,48,Estabilidad presupuestaria y sostenibilidad financiera,"Ley Orgánica 2/2012, de 27 de abril, de Estabilidad Presupuestaria y Sostenibilidad Financiera",6,JURIDICO
ESPECIAL,48,Estabilidad presupuestaria y sostenibilidad financiera,"Ley Orgánica 2/2012, de 27 de abril, de Estabilidad Presupuestaria y Sostenibilidad Financiera",7,JURIDICO
ESPECIAL,48,Estabilidad presupuestaria y sostenibilidad financiera,"Ley Orgánica 2/2012, de 27 de abril, de Estabilidad Presupuestaria y Sostenibilidad Financiera",8,JURIDICO
ESPECIAL,48,Estabilidad presupuestaria y sostenibilidad financiera,"Ley Orgánica 2/2012, de 27 de abril, de Estabilidad Presupuestaria y Sostenibilidad Financiera",9,JURIDICO
ESPECIAL,48,Estabilidad presupuestaria y sostenibilidad financiera,"Ley Orgánica 2/2012, de 27 de abril, de Estabilidad Presupuestaria y Sostenibilidad Financiera",10,JURIDICO
ESPECIAL,48,Estabilidad presupuestaria y sostenibilidad financiera,"Ley Orgánica 2/2012, de 27 de abril, de Estabilidad Presupuestaria y Sostenibilidad Financiera",11,JURIDICO
ESPECIAL,48,Estabilidad presupuestaria y sostenibilidad financiera,"Ley Orgánica 2/2012, de 27 de abril, de Estabilidad Presupuestaria y Sostenibilidad Financiera",12,JURIDICO
ESPECIAL,48,Estabilidad presupuestaria y sostenibilidad financiera,"Ley Orgánica 2/2012, de 27 de abril, de Estabilidad Presupuestaria y Sostenibilidad Financiera",13,JURIDICO
ESPECIAL,48,Estabilidad presupuestaria y sostenibilidad financiera,"Ley Orgánica 2/2012, de 27 de abril, de Estabilidad Presupuestaria y Sostenibilidad Financiera",21,JURIDICO
ESPECIAL,48,Estabilidad presupuestaria y sostenibilidad financiera,"Ley Orgánica 2/2012, de 27 de abril, de Estabilidad Presupuestaria y Sostenibilidad Financiera",22,JURIDICO
ESPECIAL,48,Estabilidad presupuestaria y sostenibilidad financiera,"Ley Orgánica 2/2012, de 27 de abril, de Estabilidad Presupuestaria y Sostenibilidad Financiera",23,JURIDICO
ESPECIAL,48,Estabilidad presupuestaria y sostenibilidad financiera,"Ley Orgánica 2/2012, de 27 de abril, de Estabilidad Presupuestaria y Sostenibilidad Financiera",24,JURIDICO
ESPECIAL,48,Estabilidad presupuestaria y sostenibilidad financiera,"Ley Orgánica 2/2012, de 27 de abril, de Estabilidad Presupuestaria y Sostenibilidad Financiera",25,JURIDICO
ESPECIAL,49,Contabilidad local y Cuenta General,"Real Decreto Legislativo 2/2004, de 5 de marzo, texto refundido de la Ley Reguladora de las Haciendas Locales",200,JURIDICO
ESPECIAL,49,Contabilidad local y Cuenta General,"Real Decreto Legislativo 2/2004, de 5 de marzo, texto refundido de la Ley Reguladora de las Haciendas Locales",201,JURIDICO
ESPECIAL,49,Contabilidad local y Cuenta General,"Real Decreto Legislativo 2/2004, de 5 de marzo, texto refundido de la Ley Reguladora de las Haciendas Locales",202,JURIDICO
ESPECIAL,49,Contabilidad local y Cuenta General,"Real Decreto Legislativo 2/2004, de 5 de marzo, texto refundido de la Ley Reguladora de las Haciendas Locales",203,JURIDICO
ESPECIAL,49,Contabilidad local y Cuenta General,"Real Decreto Legislativo 2/2004, de 5 de marzo, texto refundido de la Ley Reguladora de las Haciendas Locales",204,JURIDICO
ESPECIAL,49,Contabilidad local y Cuenta General,"Real Decreto Legislativo 2/2004, de 5 de marzo, texto refundido de la Ley Reguladora de las Haciendas Locales",205,JURIDICO
ESPECIAL,49,Contabilidad local y Cuenta General,"Real Decreto Legislativo 2/2004, de 5 de marzo, texto refundido de la Ley Reguladora de las Haciendas Locales",206,JURIDICO
ESPECIAL,49,Contabilidad local y Cuenta General,"Real Decreto Legislativo 2/2004, de 5 de marzo, texto refundido de la Ley Reguladora de las Haciendas Locales",207,JURIDICO
ESPECIAL,49,Contabilidad local y Cuenta General,"Real Decreto Legislativo 2/2004, de 5 de marzo, texto refundido de la Ley Reguladora de las Haciendas Locales",208,JURIDICO
ESPECIAL,49,Contabilidad local y Cuenta General,"Real Decreto Legislativo 2/2004, de 5 de marzo, texto refundido de la Ley Reguladora de las Haciendas Locales",209,JURIDICO
ESPECIAL,49,Contabilidad local y Cuenta General,"Real Decreto Legislativo 2/2004, de 5 de marzo, texto refundido de la Ley Reguladora de las Haciendas Locales",210,JURIDICO
ESPECIAL,49,Contabilidad local y Cuenta General,"Real Decreto Legislativo 2/2004, de 5 de marzo, texto refundido de la Ley Reguladora de las Haciendas Locales",211,JURIDICO
ESPECIAL,49,Contabilidad local y Cuenta General,"Real Decreto Legislativo 2/2004, de 5 de marzo, texto refundido de la Ley Reguladora de las Haciendas Locales",212,JURIDICO
ESPECIAL,50,Control interno y externo de la actividad económico-financiera local,"Real Decreto Legislativo 2/2004, de 5 de marzo, texto refundido de la Ley Reguladora de las Haciendas Locales",213,JURIDICO
ESPECIAL,50,Control interno y externo de la actividad económico-financiera local,"Real Decreto Legislativo 2/2004, de 5 de marzo, texto refundido de la Ley Reguladora de las Haciendas Locales",214,JURIDICO
ESPECIAL,50,Control interno y externo de la actividad económico-financiera local,"Real Decreto Legislativo 2/2004, de 5 de marzo, texto refundido de la Ley Reguladora de las Haciendas Locales",215,JURIDICO
ESPECIAL,50,Control interno y externo de la actividad económico-financiera local,"Real Decreto Legislativo 2/2004, de 5 de marzo, texto refundido de la Ley Reguladora de las Haciendas Locales",216,JURIDICO
ESPECIAL,50,Control interno y externo de la actividad económico-financiera local,"Real Decreto Legislativo 2/2004, de 5 de marzo, texto refundido de la Ley Reguladora de las Haciendas Locales",217,JURIDICO
ESPECIAL,50,Control interno y externo de la actividad económico-financiera local,"Real Decreto Legislativo 2/2004, de 5 de marzo, texto refundido de la Ley Reguladora de las Haciendas Locales",218,JURIDICO
ESPECIAL,50,Control interno y externo de la actividad económico-financiera local,"Real Decreto Legislativo 2/2004, de 5 de marzo, texto refundido de la Ley Reguladora de las Haciendas Locales",219,JURIDICO
ESPECIAL,50,Control interno y externo de la actividad económico-financiera local,"Real Decreto Legislativo 2/2004, de 5 de marzo, texto refundido de la Ley Reguladora de las Haciendas Locales",220,JURIDICO
ESPECIAL,50,Control interno y externo de la actividad económico-financiera local,"Real Decreto Legislativo 2/2004, de 5 de marzo, texto refundido de la Ley Reguladora de las Haciendas Locales",221,JURIDICO
ESPECIAL,50,Control interno y externo de la actividad económico-financiera local,"Real Decreto Legislativo 2/2004, de 5 de marzo, texto refundido de la Ley Reguladora de las Haciendas Locales",222,JURIDICO
ESPECIAL,50,Control interno y externo de la actividad económico-financiera local,"Real Decreto Legislativo 2/2004, de 5 de marzo, texto refundido de la Ley Reguladora de las Haciendas Locales",223,JURIDICO
