parte,tema,titulo,LEY,articulo,tipo,
GENERAL,1,La Constitucion espanola de 1978.,Constitucion Espanola,1,JURIDICO,
GENERAL,1,La Constitucion espanola de 1978.,Constitucion Espanola,2,JURIDICO,
GENERAL,1,La Constitucion espanola de 1978.,Constitucion Espanola,3,JURIDICO,
GENERAL,1,La Constitucion espanola de 1978.,Constitucion Espanola,4,JURIDICO,
GENERAL,1,La Constitucion espanola de 1978.,Constitucion Espanola,5,JURIDICO,
GENERAL,1,La Constitucion espanola de 1978.,Constitucion Espanola,6,JURIDICO,
GENERAL,1,La Constitucion espanola de 1978.,Constitucion Espanola,7,JURIDICO,
GENERAL,1,La Constitucion espanola de 1978.,Constitucion Espanola,8,JURIDICO,
GENERAL,1,La Constitucion espanola de 1978.,Constitucion Espanola,9,JURIDICO,
GENERAL,1,La Constitucion espanola de 1978.,Constitucion Espanola,10,JURIDICO,
GENERAL,1,La Constitucion espanola de 1978.,Constitucion Espanola,11,JURIDICO,
GENERAL,1,La Constitucion espanola de 1978.,Constitucion Espanola,12,JURIDICO,
GENERAL,1,La Constitucion espanola de 1978.,Constitucion Espanola,13,JURIDICO,
GENERAL,1,La Constitucion espanola de 1978.,Constitucion Espanola,14,JURIDICO,
GENERAL,1,La Constitucion espanola de 1978.,Constitucion Espanola,15,JURIDICO,
GENERAL,1,La Constitucion espanola de 1978.,Constitucion Espanola,16,JURIDICO,
GENERAL,1,La Constitucion espanola de 1978.,Constitucion Espanola,17,JURIDICO,
GENERAL,1,La Constitucion espanola de 1978.,Constitucion Espanola,18,JURIDICO,
GENERAL,1,La Constitucion espanola de 1978.,Constitucion Espanola,19,JURIDICO,
GENERAL,1,La Constitucion espanola de 1978.,Constitucion Espanola,20,JURIDICO,
GENERAL,1,La Constitucion espanola de 1978.,Constitucion Espanola,21,JURIDICO,
GENERAL,1,La Constitucion espanola de 1978.,Constitucion Espanola,22,JURIDICO,
GENERAL,1,La Constitucion espanola de 1978.,Constitucion Espanola,23,JURIDICO,
GENERAL,1,La Constitucion espanola de 1978.,Constitucion Espanola,24,JURIDICO,
GENERAL,1,La Constitucion espanola de 1978.,Constitucion Espanola,25,JURIDICO,
GENERAL,1,La Constitucion espanola de 1978.,Constitucion Espanola,26,JURIDICO,
GENERAL,1,La Constitucion espanola de 1978.,Constitucion Espanola,27,JURIDICO,
GENERAL,1,La Constitucion espanola de 1978.,Constitucion Espanola,28,JURIDICO,
GENERAL,1,La Constitucion espanola de 1978.,Constitucion Espanola,29,JURIDICO,
GENERAL,1,La Constitucion espanola de 1978.,Constitucion Espanola,30,JURIDICO,
GENERAL,1,La Constitucion espanola de 1978.,Constitucion Espanola,31,JURIDICO,
GENERAL,1,La Constitucion espanola de 1978.,Constitucion Espanola,32,JURIDICO,
GENERAL,1,La Constitucion espanola de 1978.,Constitucion Espanola,33,JURIDICO,
GENERAL,1,La Constitucion espanola de 1978.,Constitucion Espanola,34,JURIDICO,
GENERAL,1,La Constitucion espanola de 1978.,Constitucion Espanola,35,JURIDICO,
GENERAL,1,La Constitucion espanola de 1978.,Constitucion Espanola,36,JURIDICO,
GENERAL,1,La Constitucion espanola de 1978.,Constitucion Espanola,37,JURIDICO,
GENERAL,1,La Constitucion espanola de 1978.,Constitucion Espanola,38,JURIDICO,
GENERAL,1,La Constitucion espanola de 1978.,Constitucion Espanola,39,JURIDICO,
GENERAL,1,La Constitucion espanola de 1978.,Constitucion Espanola,40,JURIDICO,
GENERAL,1,La Constitucion espanola de 1978.,Constitucion Espanola,41,JURIDICO,
GENERAL,1,La Constitucion espanola de 1978.,Constitucion Espanola,42,JURIDICO,
GENERAL,1,La Constitucion espanola de 1978.,Constitucion Espanola,43,JURIDICO,
GENERAL,1,La Constitucion espanola de 1978.,Constitucion Espanola,44,JURIDICO,
GENERAL,1,La Constitucion espanola de 1978.,Constitucion Espanola,45,JURIDICO,
GENERAL,1,La Constitucion espanola de 1978.,Constitucion Espanola,46,JURIDICO,
GENERAL,1,La Constitucion espanola de 1978.,Constitucion Espanola,47,JURIDICO,
GENERAL,1,La Constitucion espanola de 1978.,Constitucion Espanola,48,JURIDICO,
GENERAL,1,La Constitucion espanola de 1978.,Constitucion Espanola,49,JURIDICO,
GENERAL,1,La Constitucion espanola de 1978.,Constitucion Espanola,50,JURIDICO,
GENERAL,1,La Constitucion espanola de 1978.,Constitucion Espanola,51,JURIDICO,
GENERAL,1,La Constitucion espanola de 1978.,Constitucion Espanola,52,JURIDICO,
GENERAL,1,La Constitucion espanola de 1978.,Constitucion Espanola,53,JURIDICO,
GENERAL,1,La Constitucion espanola de 1978.,Constitucion Espanola,54,JURIDICO,
GENERAL,1,La Constitucion espanola de 1978.,Constitucion Espanola,55,JURIDICO,
GENERAL,1,La Constitucion espanola de 1978.,Constitucion Espanola,56,JURIDICO,
GENERAL,1,La Constitucion espanola de 1978.,Constitucion Espanola,57,JURIDICO,
GENERAL,1,La Constitucion espanola de 1978.,Constitucion Espanola,58,JURIDICO,
GENERAL,1,La Constitucion espanola de 1978.,Constitucion Espanola,59,JURIDICO,
GENERAL,1,La Constitucion espanola de 1978.,Constitucion Espanola,60,JURIDICO,
GENERAL,1,La Constitucion espanola de 1978.,Constitucion Espanola,61,JURIDICO,
GENERAL,1,La Constitucion espanola de 1978.,Constitucion Espanola,62,JURIDICO,
GENERAL,1,La Constitucion espanola de 1978.,Constitucion Espanola,63,JURIDICO,
GENERAL,1,La Constitucion espanola de 1978.,Constitucion Espanola,64,JURIDICO,
GENERAL,1,La Constitucion espanola de 1978.,Constitucion Espanola,65,JURIDICO,
GENERAL,1,La Constitucion espanola de 1978.,Constitucion Espanola,66,JURIDICO,
GENERAL,1,La Constitucion espanola de 1978.,Constitucion Espanola,67,JURIDICO,
GENERAL,1,La Constitucion espanola de 1978.,Constitucion Espanola,68,JURIDICO,
GENERAL,1,La Constitucion espanola de 1978.,Constitucion Espanola,69,JURIDICO,
GENERAL,1,La Constitucion espanola de 1978.,Constitucion Espanola,70,JURIDICO,
GENERAL,1,La Constitucion espanola de 1978.,Constitucion Espanola,71,JURIDICO,
GENERAL,1,La Constitucion espanola de 1978.,Constitucion Espanola,72,JURIDICO,
GENERAL,1,La Constitucion espanola de 1978.,Constitucion Espanola,73,JURIDICO,
GENERAL,1,La Constitucion espanola de 1978.,Constitucion Espanola,74,JURIDICO,
GENERAL,1,La Constitucion espanola de 1978.,Constitucion Espanola,75,JURIDICO,
GENERAL,1,La Constitucion espanola de 1978.,Constitucion Espanola,76,JURIDICO,
GENERAL,1,La Constitucion espanola de 1978.,Constitucion Espanola,77,JURIDICO,
GENERAL,1,La Constitucion espanola de 1978.,Constitucion Espanola,78,JURIDICO,
GENERAL,1,La Constitucion espanola de 1978.,Constitucion Espanola,79,JURIDICO,
GENERAL,1,La Constitucion espanola de 1978.,Constitucion Espanola,80,JURIDICO,
GENERAL,1,La Constitucion espanola de 1978.,Constitucion Espanola,81,JURIDICO,
GENERAL,1,La Constitucion espanola de 1978.,Constitucion Espanola,82,JURIDICO,
GENERAL,1,La Constitucion espanola de 1978.,Constitucion Espanola,83,JURIDICO,
GENERAL,1,La Constitucion espanola de 1978.,Constitucion Espanola,84,JURIDICO,
GENERAL,1,La Constitucion espanola de 1978.,Constitucion Espanola,85,JURIDICO,
GENERAL,1,La Constitucion espanola de 1978.,Constitucion Espanola,86,JURIDICO,
GENERAL,1,La Constitucion espanola de 1978.,Constitucion Espanola,87,JURIDICO,
GENERAL,1,La Constitucion espanola de 1978.,Constitucion Espanola,88,JURIDICO,
GENERAL,1,La Constitucion espanola de 1978.,Constitucion Espanola,89,JURIDICO,
GENERAL,1,La Constitucion espanola de 1978.,Constitucion Espanola,90,JURIDICO,
GENERAL,1,La Constitucion espanola de 1978.,Constitucion Espanola,91,JURIDICO,
GENERAL,1,La Constitucion espanola de 1978.,Constitucion Espanola,92,JURIDICO,
GENERAL,1,La Constitucion espanola de 1978.,Constitucion Espanola,93,JURIDICO,
GENERAL,1,La Constitucion espanola de 1978.,Constitucion Espanola,94,JURIDICO,
GENERAL,1,La Constitucion espanola de 1978.,Constitucion Espanola,95,JURIDICO,
GENERAL,1,La Constitucion espanola de 1978.,Constitucion Espanola,96,JURIDICO,
GENERAL,1,La Constitucion espanola de 1978.,Constitucion Espanola,166,JURIDICO,
GENERAL,1,La Constitucion espanola de 1978.,Constitucion Espanola,167,JURIDICO,
GENERAL,1,La Constitucion espanola de 1978.,Constitucion Espanola,168,JURIDICO,
GENERAL,1,La Constitucion espanola de 1978.,Constitucion Espanola,169,JURIDICO,
GENERAL,2,Del Gobierno y de la Administracion.,Constitucion Espanola,97,JURIDICO,
GENERAL,2,Del Gobierno y de la Administracion.,Constitucion Espanola,98,JURIDICO,
GENERAL,2,Del Gobierno y de la Administracion.,Constitucion Espanola,99,JURIDICO,
GENERAL,2,Del Gobierno y de la Administracion.,Constitucion Espanola,100,JURIDICO,
GENERAL,2,Del Gobierno y de la Administracion.,Constitucion Espanola,101,JURIDICO,
GENERAL,2,Del Gobierno y de la Administracion.,Constitucion Espanola,102,JURIDICO,
GENERAL,2,Del Gobierno y de la Administracion.,Constitucion Espanola,104,JURIDICO,
GENERAL,2,Del Gobierno y de la Administracion.,Constitucion Espanola,105,JURIDICO,
GENERAL,2,Del Gobierno y de la Administracion.,Constitucion Espanola,106,JURIDICO,
GENERAL,2,Del Gobierno y de la Administracion.,Constitucion Espanola,107,JURIDICO,
GENERAL,2,Del Gobierno y de la Administracion.,Constitucion Espanola,108,JURIDICO,
GENERAL,2,Del Gobierno y de la Administracion.,Constitucion Espanola,109,JURIDICO,
GENERAL,2,Del Gobierno y de la Administracion.,Constitucion Espanola,110,JURIDICO,
GENERAL,2,Del Gobierno y de la Administracion.,Constitucion Espanola,111,JURIDICO,
GENERAL,2,Del Gobierno y de la Administracion.,Constitucion Espanola,112,JURIDICO,
GENERAL,2,Del Gobierno y de la Administracion.,Constitucion Espanola,113,JURIDICO,
GENERAL,2,Del Gobierno y de la Administracion.,Constitucion Espanola,114,JURIDICO,
GENERAL,2,Del Gobierno y de la Administracion.,Constitucion Espanola,115,JURIDICO,
GENERAL,2,Del Gobierno y de la Administracion.,Constitucion Espanola,116,JURIDICO,
GENERAL,3,La Administracion Publica:,Constitucion Espanola,128,JURIDICO,
GENERAL,3,La Administracion Publica:,Constitucion Espanola,129,JURIDICO,
GENERAL,3,La Administracion Publica:,Constitucion Espanola,130,JURIDICO,
GENERAL,3,La Administracion Publica:,Constitucion Espanola,131,JURIDICO,
GENERAL,3,La Administracion Publica:,Constitucion Espanola,132,JURIDICO,
GENERAL,3,La Administracion Publica:,Constitucion Espanola,133,JURIDICO,
GENERAL,3,La Administracion Publica:,Constitucion Espanola,134,JURIDICO,
GENERAL,3,La Administracion Publica:,Constitucion Espanola,135,JURIDICO,
GENERAL,3,La Administracion Publica:,Constitucion Espanola,136,JURIDICO,
GENERAL,4,El Poder Judicial:,Constitucion Espanola,117,JURIDICO,
GENERAL,4,El Poder Judicial:,Constitucion Espanola,118,JURIDICO,
GENERAL,4,El Poder Judicial:,Constitucion Espanola,119,JURIDICO,
GENERAL,4,El Poder Judicial:,Constitucion Espanola,120,JURIDICO,
GENERAL,4,El Poder Judicial:,Constitucion Espanola,121,JURIDICO,
GENERAL,4,El Poder Judicial:,Constitucion Espanola,122,JURIDICO,
GENERAL,4,El Poder Judicial:,Constitucion Espanola,123,JURIDICO,
GENERAL,4,El Poder Judicial:,Constitucion Espanola,124,JURIDICO,
GENERAL,4,El Poder Judicial:,Constitucion Espanola,125,JURIDICO,
GENERAL,4,El Poder Judicial:,Constitucion Espanola,126,JURIDICO,
GENERAL,4,El Poder Judicial:,Constitucion Espanola,127,JURIDICO,
GENERAL,4,El Poder Judicial:,Constitucion Espanola,159,JURIDICO,
GENERAL,4,El Poder Judicial:,Constitucion Espanola,160,JURIDICO,
GENERAL,4,El Poder Judicial:,Constitucion Espanola,161,JURIDICO,
GENERAL,4,El Poder Judicial:,Constitucion Espanola,162,JURIDICO,
GENERAL,4,El Poder Judicial:,Constitucion Espanola,163,JURIDICO,
GENERAL,4,El Poder Judicial:,Constitucion Espanola,164,JURIDICO,
GENERAL,4,El Poder Judicial:,Constitucion Espanola,165,JURIDICO,
GENERAL,4,El Poder Judicial:,"Ley Organica 3/1981, de 6 de abril [VALIDAR RANGO]",1,JURIDICO,
GENERAL,4,El Poder Judicial:,"Ley Organica 3/1981, de 6 de abril [VALIDAR RANGO]",2,JURIDICO,
GENERAL,4,El Poder Judicial:,"Ley Organica 3/1981, de 6 de abril [VALIDAR RANGO]",3,JURIDICO,
GENERAL,4,El Poder Judicial:,"Ley Organica 3/1981, de 6 de abril [VALIDAR RANGO]",4,JURIDICO,
GENERAL,4,El Poder Judicial:,"Ley Organica 3/1981, de 6 de abril [VALIDAR RANGO]",5,JURIDICO,
GENERAL,4,El Poder Judicial:,"Ley Organica 3/1981, de 6 de abril [VALIDAR RANGO]",6,JURIDICO,
GENERAL,4,El Poder Judicial:,"Ley Organica 3/1981, de 6 de abril [VALIDAR RANGO]",7,JURIDICO,
GENERAL,4,El Poder Judicial:,"Ley Organica 3/1981, de 6 de abril [VALIDAR RANGO]",8,JURIDICO,
GENERAL,4,El Poder Judicial:,"Ley Organica 3/1981, de 6 de abril [VALIDAR RANGO]",9,JURIDICO,
GENERAL,4,El Poder Judicial:,"Ley Organica 3/1981, de 6 de abril [VALIDAR RANGO]",10,JURIDICO,
GENERAL,4,El Poder Judicial:,"Ley Organica 3/1981, de 6 de abril [VALIDAR RANGO]",11,JURIDICO,
GENERAL,4,El Poder Judicial:,"Ley Organica 3/1981, de 6 de abril [VALIDAR RANGO]",12,JURIDICO,
GENERAL,4,El Poder Judicial:,"Ley Organica 3/1981, de 6 de abril [VALIDAR RANGO]",13,JURIDICO,
GENERAL,4,El Poder Judicial:,"Ley Organica 3/1981, de 6 de abril [VALIDAR RANGO]",28,JURIDICO,
GENERAL,4,El Poder Judicial:,"Ley Organica 3/1981, de 6 de abril [VALIDAR RANGO]",29,JURIDICO,
GENERAL,4,El Poder Judicial:,"Ley Organica 3/1981, de 6 de abril [VALIDAR RANGO]",30,JURIDICO,
GENERAL,5,Regulacion constitucional de la organizacion territorial del Estado:,Constitucion Espanola,137,JURIDICO,
GENERAL,5,Regulacion constitucional de la organizacion territorial del Estado:,Constitucion Espanola,138,JURIDICO,
GENERAL,5,Regulacion constitucional de la organizacion territorial del Estado:,Constitucion Espanola,139,JURIDICO,
GENERAL,5,Regulacion constitucional de la organizacion territorial del Estado:,Constitucion Espanola,140,JURIDICO,
GENERAL,5,Regulacion constitucional de la organizacion territorial del Estado:,Constitucion Espanola,141,JURIDICO,
GENERAL,5,Regulacion constitucional de la organizacion territorial del Estado:,Constitucion Espanola,142,JURIDICO,
GENERAL,5,Regulacion constitucional de la organizacion territorial del Estado:,Constitucion Espanola,143,JURIDICO,
GENERAL,5,Regulacion constitucional de la organizacion territorial del Estado:,Constitucion Espanola,144,JURIDICO,
GENERAL,5,Regulacion constitucional de la organizacion territorial del Estado:,Constitucion Espanola,145,JURIDICO,
GENERAL,5,Regulacion constitucional de la organizacion territorial del Estado:,Constitucion Espanola,146,JURIDICO,
GENERAL,5,Regulacion constitucional de la organizacion territorial del Estado:,Constitucion Espanola,147,JURIDICO,
GENERAL,5,Regulacion constitucional de la organizacion territorial del Estado:,Constitucion Espanola,148,JURIDICO,
GENERAL,5,Regulacion constitucional de la organizacion territorial del Estado:,Constitucion Espanola,149,JURIDICO,
GENERAL,5,Regulacion constitucional de la organizacion territorial del Estado:,Constitucion Espanola,150,JURIDICO,
GENERAL,5,Regulacion constitucional de la organizacion territorial del Estado:,Constitucion Espanola,151,JURIDICO,
GENERAL,5,Regulacion constitucional de la organizacion territorial del Estado:,Constitucion Espanola,152,JURIDICO,
GENERAL,5,Regulacion constitucional de la organizacion territorial del Estado:,Constitucion Espanola,153,JURIDICO,
GENERAL,5,Regulacion constitucional de la organizacion territorial del Estado:,Constitucion Espanola,154,JURIDICO,
GENERAL,5,Regulacion constitucional de la organizacion territorial del Estado:,Constitucion Espanola,155,JURIDICO,
GENERAL,5,Regulacion constitucional de la organizacion territorial del Estado:,Constitucion Espanola,156,JURIDICO,
GENERAL,5,Regulacion constitucional de la organizacion territorial del Estado:,Constitucion Espanola,157,JURIDICO,
GENERAL,5,Regulacion constitucional de la organizacion territorial del Estado:,Constitucion Espanola,158,JURIDICO,
GENERAL,6,El Estatuto de Autonomia de la Comunitat Valenciana:,Estatuto de Autonomia CV,1,JURIDICO,
GENERAL,6,El Estatuto de Autonomia de la Comunitat Valenciana:,Estatuto de Autonomia CV,2,JURIDICO,
GENERAL,6,El Estatuto de Autonomia de la Comunitat Valenciana:,Estatuto de Autonomia CV,3,JURIDICO,
GENERAL,6,El Estatuto de Autonomia de la Comunitat Valenciana:,Estatuto de Autonomia CV,4,JURIDICO,
GENERAL,6,El Estatuto de Autonomia de la Comunitat Valenciana:,Estatuto de Autonomia CV,5,JURIDICO,
GENERAL,6,El Estatuto de Autonomia de la Comunitat Valenciana:,Estatuto de Autonomia CV,6,JURIDICO,
GENERAL,6,El Estatuto de Autonomia de la Comunitat Valenciana:,Estatuto de Autonomia CV,7,JURIDICO,
GENERAL,6,El Estatuto de Autonomia de la Comunitat Valenciana:,Estatuto de Autonomia CV,8,JURIDICO,
GENERAL,6,El Estatuto de Autonomia de la Comunitat Valenciana:,Estatuto de Autonomia CV,9,JURIDICO,
GENERAL,6,El Estatuto de Autonomia de la Comunitat Valenciana:,Estatuto de Autonomia CV,10,JURIDICO,
GENERAL,6,El Estatuto de Autonomia de la Comunitat Valenciana:,Estatuto de Autonomia CV,11,JURIDICO,
GENERAL,6,El Estatuto de Autonomia de la Comunitat Valenciana:,Estatuto de Autonomia CV,12,JURIDICO,
GENERAL,6,El Estatuto de Autonomia de la Comunitat Valenciana:,Estatuto de Autonomia CV,13,JURIDICO,
GENERAL,6,El Estatuto de Autonomia de la Comunitat Valenciana:,Estatuto de Autonomia CV,14,JURIDICO,
GENERAL,6,El Estatuto de Autonomia de la Comunitat Valenciana:,Estatuto de Autonomia CV,15,JURIDICO,
GENERAL,6,El Estatuto de Autonomia de la Comunitat Valenciana:,Estatuto de Autonomia CV,16,JURIDICO,
GENERAL,6,El Estatuto de Autonomia de la Comunitat Valenciana:,Estatuto de Autonomia CV,17,JURIDICO,
GENERAL,6,El Estatuto de Autonomia de la Comunitat Valenciana:,Estatuto de Autonomia CV,18,JURIDICO,
GENERAL,6,El Estatuto de Autonomia de la Comunitat Valenciana:,Estatuto de Autonomia CV,19,JURIDICO,
GENERAL,6,El Estatuto de Autonomia de la Comunitat Valenciana:,Estatuto de Autonomia CV,81,JURIDICO,
GENERAL,6,El Estatuto de Autonomia de la Comunitat Valenciana:,Estatuto de Autonomia CV,20,JURIDICO,
GENERAL,6,El Estatuto de Autonomia de la Comunitat Valenciana:,Estatuto de Autonomia CV,21,JURIDICO,
GENERAL,6,El Estatuto de Autonomia de la Comunitat Valenciana:,Estatuto de Autonomia CV,22,JURIDICO,
GENERAL,6,El Estatuto de Autonomia de la Comunitat Valenciana:,Estatuto de Autonomia CV,23,JURIDICO,
GENERAL,6,El Estatuto de Autonomia de la Comunitat Valenciana:,Estatuto de Autonomia CV,24,JURIDICO,
GENERAL,6,El Estatuto de Autonomia de la Comunitat Valenciana:,Estatuto de Autonomia CV,25,JURIDICO,
GENERAL,6,El Estatuto de Autonomia de la Comunitat Valenciana:,Estatuto de Autonomia CV,26,JURIDICO,
GENERAL,6,El Estatuto de Autonomia de la Comunitat Valenciana:,Estatuto de Autonomia CV,27,JURIDICO,
GENERAL,6,El Estatuto de Autonomia de la Comunitat Valenciana:,Estatuto de Autonomia CV,28,JURIDICO,
GENERAL,6,El Estatuto de Autonomia de la Comunitat Valenciana:,Estatuto de Autonomia CV,29,JURIDICO,
GENERAL,6,El Estatuto de Autonomia de la Comunitat Valenciana:,Estatuto de Autonomia CV,30,JURIDICO,
GENERAL,6,El Estatuto de Autonomia de la Comunitat Valenciana:,Estatuto de Autonomia CV,31,JURIDICO,
GENERAL,6,El Estatuto de Autonomia de la Comunitat Valenciana:,Estatuto de Autonomia CV,32,JURIDICO,
GENERAL,6,El Estatuto de Autonomia de la Comunitat Valenciana:,Estatuto de Autonomia CV,33,JURIDICO,
GENERAL,6,El Estatuto de Autonomia de la Comunitat Valenciana:,Estatuto de Autonomia CV,34,JURIDICO,
GENERAL,6,El Estatuto de Autonomia de la Comunitat Valenciana:,Estatuto de Autonomia CV,35,JURIDICO,
GENERAL,6,El Estatuto de Autonomia de la Comunitat Valenciana:,Estatuto de Autonomia CV,36,JURIDICO,
GENERAL,6,El Estatuto de Autonomia de la Comunitat Valenciana:,Estatuto de Autonomia CV,37,JURIDICO,
GENERAL,6,El Estatuto de Autonomia de la Comunitat Valenciana:,Estatuto de Autonomia CV,38,JURIDICO,
GENERAL,6,El Estatuto de Autonomia de la Comunitat Valenciana:,Estatuto de Autonomia CV,39,JURIDICO,
GENERAL,6,El Estatuto de Autonomia de la Comunitat Valenciana:,Estatuto de Autonomia CV,40,JURIDICO,
GENERAL,6,El Estatuto de Autonomia de la Comunitat Valenciana:,Estatuto de Autonomia CV,41,JURIDICO,
GENERAL,6,El Estatuto de Autonomia de la Comunitat Valenciana:,Estatuto de Autonomia CV,42,JURIDICO,
GENERAL,6,El Estatuto de Autonomia de la Comunitat Valenciana:,Estatuto de Autonomia CV,43,JURIDICO,
GENERAL,6,El Estatuto de Autonomia de la Comunitat Valenciana:,Estatuto de Autonomia CV,44,JURIDICO,
GENERAL,6,El Estatuto de Autonomia de la Comunitat Valenciana:,Estatuto de Autonomia CV,45,JURIDICO,
GENERAL,6,El Estatuto de Autonomia de la Comunitat Valenciana:,Estatuto de Autonomia CV,46,JURIDICO,
GENERAL,6,El Estatuto de Autonomia de la Comunitat Valenciana:,Estatuto de Autonomia CV,47,JURIDICO,
GENERAL,6,El Estatuto de Autonomia de la Comunitat Valenciana:,Estatuto de Autonomia CV,48,JURIDICO,
GENERAL,7,El Estatuto de Autonomia de la Comunitat Valenciana:,Estatuto de Autonomia CV,49,JURIDICO,
GENERAL,7,El Estatuto de Autonomia de la Comunitat Valenciana:,Estatuto de Autonomia CV,50,JURIDICO,
GENERAL,7,El Estatuto de Autonomia de la Comunitat Valenciana:,Estatuto de Autonomia CV,51,JURIDICO,
GENERAL,7,El Estatuto de Autonomia de la Comunitat Valenciana:,Estatuto de Autonomia CV,52,JURIDICO,
GENERAL,7,El Estatuto de Autonomia de la Comunitat Valenciana:,Estatuto de Autonomia CV,53,JURIDICO,
GENERAL,7,El Estatuto de Autonomia de la Comunitat Valenciana:,Estatuto de Autonomia CV,54,JURIDICO,
GENERAL,7,El Estatuto de Autonomia de la Comunitat Valenciana:,Estatuto de Autonomia CV,55,JURIDICO,
GENERAL,7,El Estatuto de Autonomia de la Comunitat Valenciana:,Estatuto de Autonomia CV,56,JURIDICO,
GENERAL,7,El Estatuto de Autonomia de la Comunitat Valenciana:,Estatuto de Autonomia CV,57,JURIDICO,
GENERAL,7,El Estatuto de Autonomia de la Comunitat Valenciana:,Estatuto de Autonomia CV,58,JURIDICO,
GENERAL,7,El Estatuto de Autonomia de la Comunitat Valenciana:,Estatuto de Autonomia CV,59,JURIDICO,
GENERAL,7,El Estatuto de Autonomia de la Comunitat Valenciana:,Estatuto de Autonomia CV,60,JURIDICO,
GENERAL,7,El Estatuto de Autonomia de la Comunitat Valenciana:,Estatuto de Autonomia CV,61,JURIDICO,
GENERAL,7,El Estatuto de Autonomia de la Comunitat Valenciana:,Estatuto de Autonomia CV,62,JURIDICO,
GENERAL,7,El Estatuto de Autonomia de la Comunitat Valenciana:,Estatuto de Autonomia CV,63,JURIDICO,
GENERAL,7,El Estatuto de Autonomia de la Comunitat Valenciana:,Estatuto de Autonomia CV,64,JURIDICO,
GENERAL,7,El Estatuto de Autonomia de la Comunitat Valenciana:,Estatuto de Autonomia CV,65,JURIDICO,
GENERAL,7,El Estatuto de Autonomia de la Comunitat Valenciana:,Estatuto de Autonomia CV,66,JURIDICO,
GENERAL,7,El Estatuto de Autonomia de la Comunitat Valenciana:,Estatuto de Autonomia CV,67,JURIDICO,
GENERAL,7,El Estatuto de Autonomia de la Comunitat Valenciana:,Estatuto de Autonomia CV,68,JURIDICO,
GENERAL,7,El Estatuto de Autonomia de la Comunitat Valenciana:,Estatuto de Autonomia CV,69,JURIDICO,
GENERAL,7,El Estatuto de Autonomia de la Comunitat Valenciana:,Estatuto de Autonomia CV,70,JURIDICO,
GENERAL,7,El Estatuto de Autonomia de la Comunitat Valenciana:,Estatuto de Autonomia CV,71,JURIDICO,
GENERAL,7,El Estatuto de Autonomia de la Comunitat Valenciana:,Estatuto de Autonomia CV,72,JURIDICO,
GENERAL,7,El Estatuto de Autonomia de la Comunitat Valenciana:,Estatuto de Autonomia CV,73,JURIDICO,
GENERAL,7,El Estatuto de Autonomia de la Comunitat Valenciana:,Estatuto de Autonomia CV,74,JURIDICO,
GENERAL,7,El Estatuto de Autonomia de la Comunitat Valenciana:,Estatuto de Autonomia CV,75,JURIDICO,
GENERAL,7,El Estatuto de Autonomia de la Comunitat Valenciana:,Estatuto de Autonomia CV,76,JURIDICO,
GENERAL,7,El Estatuto de Autonomia de la Comunitat Valenciana:,Estatuto de Autonomia CV,77,JURIDICO,
GENERAL,7,El Estatuto de Autonomia de la Comunitat Valenciana:,Estatuto de Autonomia CV,78,JURIDICO,
GENERAL,7,El Estatuto de Autonomia de la Comunitat Valenciana:,Estatuto de Autonomia CV,79,JURIDICO,
GENERAL,7,El Estatuto de Autonomia de la Comunitat Valenciana:,Estatuto de Autonomia CV,80,JURIDICO,
GENERAL,9,"Ley 5/1983, de 30 de diciembre, del Consell:","Ley 5/1983, de 30 de diciembre",1,JURIDICO,
GENERAL,9,"Ley 5/1983, de 30 de diciembre, del Consell:","Ley 5/1983, de 30 de diciembre",2,JURIDICO,
GENERAL,9,"Ley 5/1983, de 30 de diciembre, del Consell:","Ley 5/1983, de 30 de diciembre",3,JURIDICO,
GENERAL,9,"Ley 5/1983, de 30 de diciembre, del Consell:","Ley 5/1983, de 30 de diciembre",4,JURIDICO,
GENERAL,9,"Ley 5/1983, de 30 de diciembre, del Consell:","Ley 5/1983, de 30 de diciembre",5,JURIDICO,
GENERAL,9,"Ley 5/1983, de 30 de diciembre, del Consell:","Ley 5/1983, de 30 de diciembre",6,JURIDICO,
GENERAL,9,"Ley 5/1983, de 30 de diciembre, del Consell:","Ley 5/1983, de 30 de diciembre",7,JURIDICO,
GENERAL,9,"Ley 5/1983, de 30 de diciembre, del Consell:","Ley 5/1983, de 30 de diciembre",8,JURIDICO,
GENERAL,9,"Ley 5/1983, de 30 de diciembre, del Consell:","Ley 5/1983, de 30 de diciembre",9,JURIDICO,
GENERAL,9,"Ley 5/1983, de 30 de diciembre, del Consell:","Ley 5/1983, de 30 de diciembre",10,JURIDICO,
GENERAL,9,"Ley 5/1983, de 30 de diciembre, del Consell:","Ley 5/1983, de 30 de diciembre",11,JURIDICO,
GENERAL,9,"Ley 5/1983, de 30 de diciembre, del Consell:","Ley 5/1983, de 30 de diciembre",12,JURIDICO,
GENERAL,9,"Ley 5/1983, de 30 de diciembre, del Consell:","Ley 5/1983, de 30 de diciembre",13,JURIDICO,
GENERAL,9,"Ley 5/1983, de 30 de diciembre, del Consell:","Ley 5/1983, de 30 de diciembre",14,JURIDICO,
GENERAL,9,"Ley 5/1983, de 30 de diciembre, del Consell:","Ley 5/1983, de 30 de diciembre",15,JURIDICO,
GENERAL,9,"Ley 5/1983, de 30 de diciembre, del Consell:","Ley 5/1983, de 30 de diciembre",16,JURIDICO,
GENERAL,9,"Ley 5/1983, de 30 de diciembre, del Consell:","Ley 5/1983, de 30 de diciembre",17,JURIDICO,
GENERAL,9,"Ley 5/1983, de 30 de diciembre, del Consell:","Ley 5/1983, de 30 de diciembre",18,JURIDICO,
GENERAL,9,"Ley 5/1983, de 30 de diciembre, del Consell:","Ley 5/1983, de 30 de diciembre",19,JURIDICO,
GENERAL,9,"Ley 5/1983, de 30 de diciembre, del Consell:","Ley 5/1983, de 30 de diciembre",20,JURIDICO,
GENERAL,9,"Ley 5/1983, de 30 de diciembre, del Consell:","Ley 5/1983, de 30 de diciembre",21,JURIDICO,
GENERAL,9,"Ley 5/1983, de 30 de diciembre, del Consell:","Ley 5/1983, de 30 de diciembre",22,JURIDICO,
GENERAL,9,"Ley 5/1983, de 30 de diciembre, del Consell:","Ley 5/1983, de 30 de diciembre",23,JURIDICO,
GENERAL,9,"Ley 5/1983, de 30 de diciembre, del Consell:","Ley 5/1983, de 30 de diciembre",24,JURIDICO,
GENERAL,9,"Ley 5/1983, de 30 de diciembre, del Consell:","Ley 5/1983, de 30 de diciembre",25,JURIDICO,
GENERAL,9,"Ley 5/1983, de 30 de diciembre, del Consell:","Ley 5/1983, de 30 de diciembre",26,JURIDICO,
GENERAL,9,"Ley 5/1983, de 30 de diciembre, del Consell:","Ley 5/1983, de 30 de diciembre",31,JURIDICO,
GENERAL,9,"Ley 5/1983, de 30 de diciembre, del Consell:","Ley 5/1983, de 30 de diciembre",32,JURIDICO,
GENERAL,9,"Ley 5/1983, de 30 de diciembre, del Consell:","Ley 5/1983, de 30 de diciembre",33,JURIDICO,
GENERAL,9,"Ley 5/1983, de 30 de diciembre, del Consell:","Ley 5/1983, de 30 de diciembre",34,JURIDICO,
GENERAL,9,"Ley 5/1983, de 30 de diciembre, del Consell:","Ley 5/1983, de 30 de diciembre",35,JURIDICO,
GENERAL,9,"Ley 5/1983, de 30 de diciembre, del Consell:","Ley 5/1983, de 30 de diciembre",36,JURIDICO,
GENERAL,9,"Ley 5/1983, de 30 de diciembre, del Consell:","Ley 5/1983, de 30 de diciembre",37,JURIDICO,
GENERAL,9,"Ley 5/1983, de 30 de diciembre, del Consell:","Ley 5/1983, de 30 de diciembre",38,JURIDICO,
GENERAL,9,"Ley 5/1983, de 30 de diciembre, del Consell:","Ley 5/1983, de 30 de diciembre",39,JURIDICO,
GENERAL,9,"Ley 5/1983, de 30 de diciembre, del Consell:","Ley 5/1983, de 30 de diciembre",40,JURIDICO,
GENERAL,9,"Ley 5/1983, de 30 de diciembre, del Consell:","Ley 5/1983, de 30 de diciembre",41,JURIDICO,
GENERAL,9,"Ley 5/1983, de 30 de diciembre, del Consell:","Ley 5/1983, de 30 de diciembre",42,JURIDICO,
GENERAL,9,"Ley 5/1983, de 30 de diciembre, del Consell:","Ley 5/1983, de 30 de diciembre",43,JURIDICO,
GENERAL,9,"Ley 5/1983, de 30 de diciembre, del Consell:","Ley 5/1983, de 30 de diciembre",44,JURIDICO,
GENERAL,9,"Ley 5/1983, de 30 de diciembre, del Consell:","Ley 5/1983, de 30 de diciembre",45,JURIDICO,
GENERAL,9,"Ley 5/1983, de 30 de diciembre, del Consell:","Ley 5/1983, de 30 de diciembre",46,JURIDICO,
GENERAL,9,"Ley 5/1983, de 30 de diciembre, del Consell:","Ley 5/1983, de 30 de diciembre",47,JURIDICO,
GENERAL,9,"Ley 5/1983, de 30 de diciembre, del Consell:","Ley 5/1983, de 30 de diciembre",48,JURIDICO,
GENERAL,9,"Ley 5/1983, de 30 de diciembre, del Consell:","Ley 5/1983, de 30 de diciembre",49,JURIDICO,
GENERAL,9,"Ley 5/1983, de 30 de diciembre, del Consell:","Ley 5/1983, de 30 de diciembre",50,JURIDICO,
GENERAL,9,"Ley 5/1983, de 30 de diciembre, del Consell:","Ley 5/1983, de 30 de diciembre",51,JURIDICO,
GENERAL,9,"Ley 5/1983, de 30 de diciembre, del Consell:","Ley 5/1983, de 30 de diciembre",52,JURIDICO,
GENERAL,9,"Ley 5/1983, de 30 de diciembre, del Consell:","Ley 5/1983, de 30 de diciembre",53,JURIDICO,
GENERAL,9,"Ley 5/1983, de 30 de diciembre, del Consell:","Ley 5/1983, de 30 de diciembre",54,JURIDICO,
GENERAL,9,"Ley 5/1983, de 30 de diciembre, del Consell:","Ley 5/1983, de 30 de diciembre",55,JURIDICO,
GENERAL,9,"Ley 5/1983, de 30 de diciembre, del Consell:","Ley 5/1983, de 30 de diciembre",56,JURIDICO,
GENERAL,9,"Ley 5/1983, de 30 de diciembre, del Consell:","Ley 5/1983, de 30 de diciembre",57,JURIDICO,
GENERAL,9,"Ley 5/1983, de 30 de diciembre, del Consell:","Ley 5/1983, de 30 de diciembre",58,JURIDICO,
GENERAL,9,"Ley 5/1983, de 30 de diciembre, del Consell:","Ley 5/1983, de 30 de diciembre",59,JURIDICO,
GENERAL,10,"Ley 5/1983, de 30 de diciembre, del Consell:","Ley 5/1983, de 30 de diciembre",27,JURIDICO,
GENERAL,10,"Ley 5/1983, de 30 de diciembre, del Consell:","Ley 5/1983, de 30 de diciembre",28,JURIDICO,
GENERAL,10,"Ley 5/1983, de 30 de diciembre, del Consell:","Ley 5/1983, de 30 de diciembre",29,JURIDICO,
GENERAL,10,"Ley 5/1983, de 30 de diciembre, del Consell:","Ley 5/1983, de 30 de diciembre",30,JURIDICO,
GENERAL,10,"Ley 5/1983, de 30 de diciembre, del Consell:","Ley 5/1983, de 30 de diciembre",60,JURIDICO,
GENERAL,10,"Ley 5/1983, de 30 de diciembre, del Consell:","Ley 5/1983, de 30 de diciembre",61,JURIDICO,
GENERAL,10,"Ley 5/1983, de 30 de diciembre, del Consell:","Ley 5/1983, de 30 de diciembre",62,JURIDICO,
GENERAL,10,"Ley 5/1983, de 30 de diciembre, del Consell:","Ley 5/1983, de 30 de diciembre",63,JURIDICO,
GENERAL,10,"Ley 5/1983, de 30 de diciembre, del Consell:","Ley 5/1983, de 30 de diciembre",64,JURIDICO,
GENERAL,10,"Ley 5/1983, de 30 de diciembre, del Consell:","Ley 5/1983, de 30 de diciembre",65,JURIDICO,
GENERAL,10,"Ley 5/1983, de 30 de diciembre, del Consell:","Ley 5/1983, de 30 de diciembre",66,JURIDICO,
GENERAL,10,"Ley 5/1983, de 30 de diciembre, del Consell:","Ley 5/1983, de 30 de diciembre",67,JURIDICO,
GENERAL,10,"Ley 5/1983, de 30 de diciembre, del Consell:","Ley 5/1983, de 30 de diciembre",68,JURIDICO,
GENERAL,10,"Ley 5/1983, de 30 de diciembre, del Consell:","Ley 5/1983, de 30 de diciembre",69,JURIDICO,
GENERAL,10,"Ley 5/1983, de 30 de diciembre, del Consell:","Ley 5/1983, de 30 de diciembre",70,JURIDICO,
GENERAL,10,"Ley 5/1983, de 30 de diciembre, del Consell:","Ley 5/1983, de 30 de diciembre",71,JURIDICO,
GENERAL,10,"Ley 5/1983, de 30 de diciembre, del Consell:","Ley 5/1983, de 30 de diciembre",72,JURIDICO,
GENERAL,10,"Ley 5/1983, de 30 de diciembre, del Consell:","Ley 5/1983, de 30 de diciembre",73,JURIDICO,
GENERAL,10,"Ley 5/1983, de 30 de diciembre, del Consell:","Ley 5/1983, de 30 de diciembre",74,JURIDICO,
GENERAL,10,"Ley 5/1983, de 30 de diciembre, del Consell:","Ley 5/1983, de 30 de diciembre",75,JURIDICO,
GENERAL,10,"Ley 5/1983, de 30 de diciembre, del Consell:","Ley 5/1983, de 30 de diciembre",76,JURIDICO,
GENERAL,10,"Ley 5/1983, de 30 de diciembre, del Consell:","Ley 5/1983, de 30 de diciembre",77,JURIDICO,
GENERAL,10,"Ley 5/1983, de 30 de diciembre, del Consell:","Ley 5/1983, de 30 de diciembre",78,JURIDICO,
GENERAL,10,"Ley 5/1983, de 30 de diciembre, del Consell:","Ley 5/1983, de 30 de diciembre",79,JURIDICO,
GENERAL,12,Las instituciones y organismos de la Union Europea.,TUE,13,JURIDICO,
GENERAL,12,Las instituciones y organismos de la Union Europea.,TUE,14,JURIDICO,
GENERAL,12,Las instituciones y organismos de la Union Europea.,TUE,15,JURIDICO,
GENERAL,12,Las instituciones y organismos de la Union Europea.,TUE,16,JURIDICO,
GENERAL,12,Las instituciones y organismos de la Union Europea.,TUE,17,JURIDICO,
GENERAL,12,Las instituciones y organismos de la Union Europea.,TUE,18,JURIDICO,
GENERAL,12,Las instituciones y organismos de la Union Europea.,TUE,19,JURIDICO,
GENERAL,12,Las instituciones y organismos de la Union Europea.,TFUE,223,JURIDICO,
GENERAL,12,Las instituciones y organismos de la Union Europea.,TFUE,224,JURIDICO,
GENERAL,12,Las instituciones y organismos de la Union Europea.,TFUE,225,JURIDICO,
GENERAL,12,Las instituciones y organismos de la Union Europea.,TFUE,226,JURIDICO,
GENERAL,12,Las instituciones y organismos de la Union Europea.,TFUE,227,JURIDICO,
GENERAL,12,Las instituciones y organismos de la Union Europea.,TFUE,228,JURIDICO,
GENERAL,12,Las instituciones y organismos de la Union Europea.,TFUE,229,JURIDICO,
GENERAL,12,Las instituciones y organismos de la Union Europea.,TFUE,230,JURIDICO,
GENERAL,12,Las instituciones y organismos de la Union Europea.,TFUE,231,JURIDICO,
GENERAL,12,Las instituciones y organismos de la Union Europea.,TFUE,232,JURIDICO,
GENERAL,12,Las instituciones y organismos de la Union Europea.,TFUE,233,JURIDICO,
GENERAL,12,Las instituciones y organismos de la Union Europea.,TFUE,234,JURIDICO,
GENERAL,12,Las instituciones y organismos de la Union Europea.,TFUE,235,JURIDICO,
GENERAL,12,Las instituciones y organismos de la Union Europea.,TFUE,236,JURIDICO,
GENERAL,12,Las instituciones y organismos de la Union Europea.,TFUE,237,JURIDICO,
GENERAL,12,Las instituciones y organismos de la Union Europea.,TFUE,238,JURIDICO,
GENERAL,12,Las instituciones y organismos de la Union Europea.,TFUE,239,JURIDICO,
GENERAL,12,Las instituciones y organismos de la Union Europea.,TFUE,240,JURIDICO,
GENERAL,12,Las instituciones y organismos de la Union Europea.,TFUE,241,JURIDICO,
GENERAL,12,Las instituciones y organismos de la Union Europea.,TFUE,242,JURIDICO,
GENERAL,12,Las instituciones y organismos de la Union Europea.,TFUE,243,JURIDICO,
GENERAL,12,Las instituciones y organismos de la Union Europea.,TFUE,244,JURIDICO,
GENERAL,12,Las instituciones y organismos de la Union Europea.,TFUE,245,JURIDICO,
GENERAL,12,Las instituciones y organismos de la Union Europea.,TFUE,246,JURIDICO,
GENERAL,12,Las instituciones y organismos de la Union Europea.,TFUE,247,JURIDICO,
GENERAL,12,Las instituciones y organismos de la Union Europea.,TFUE,248,JURIDICO,
GENERAL,12,Las instituciones y organismos de la Union Europea.,TFUE,249,JURIDICO,
GENERAL,12,Las instituciones y organismos de la Union Europea.,TFUE,250,JURIDICO,
GENERAL,12,Las instituciones y organismos de la Union Europea.,TFUE,251,JURIDICO,
GENERAL,12,Las instituciones y organismos de la Union Europea.,TFUE,252,JURIDICO,
GENERAL,12,Las instituciones y organismos de la Union Europea.,TFUE,253,JURIDICO,
GENERAL,12,Las instituciones y organismos de la Union Europea.,TFUE,254,JURIDICO,
GENERAL,12,Las instituciones y organismos de la Union Europea.,TFUE,255,JURIDICO,
GENERAL,12,Las instituciones y organismos de la Union Europea.,TFUE,256,JURIDICO,
GENERAL,12,Las instituciones y organismos de la Union Europea.,TFUE,257,JURIDICO,
GENERAL,12,Las instituciones y organismos de la Union Europea.,TFUE,258,JURIDICO,
GENERAL,12,Las instituciones y organismos de la Union Europea.,TFUE,259,JURIDICO,
GENERAL,12,Las instituciones y organismos de la Union Europea.,TFUE,260,JURIDICO,
GENERAL,12,Las instituciones y organismos de la Union Europea.,TFUE,261,JURIDICO,
GENERAL,12,Las instituciones y organismos de la Union Europea.,TFUE,262,JURIDICO,
GENERAL,12,Las instituciones y organismos de la Union Europea.,TFUE,263,JURIDICO,
GENERAL,12,Las instituciones y organismos de la Union Europea.,TFUE,264,JURIDICO,
GENERAL,12,Las instituciones y organismos de la Union Europea.,TFUE,265,JURIDICO,
GENERAL,12,Las instituciones y organismos de la Union Europea.,TFUE,266,JURIDICO,
GENERAL,12,Las instituciones y organismos de la Union Europea.,TFUE,267,JURIDICO,
GENERAL,12,Las instituciones y organismos de la Union Europea.,TFUE,268,JURIDICO,
GENERAL,12,Las instituciones y organismos de la Union Europea.,TFUE,269,JURIDICO,
GENERAL,12,Las instituciones y organismos de la Union Europea.,TFUE,270,JURIDICO,
GENERAL,12,Las instituciones y organismos de la Union Europea.,TFUE,271,JURIDICO,
GENERAL,12,Las instituciones y organismos de la Union Europea.,TFUE,272,JURIDICO,
GENERAL,12,Las instituciones y organismos de la Union Europea.,TFUE,273,JURIDICO,
GENERAL,12,Las instituciones y organismos de la Union Europea.,TFUE,274,JURIDICO,
GENERAL,12,Las instituciones y organismos de la Union Europea.,TFUE,275,JURIDICO,
GENERAL,12,Las instituciones y organismos de la Union Europea.,TFUE,276,JURIDICO,
GENERAL,12,Las instituciones y organismos de la Union Europea.,TFUE,277,JURIDICO,
GENERAL,12,Las instituciones y organismos de la Union Europea.,TFUE,278,JURIDICO,
GENERAL,12,Las instituciones y organismos de la Union Europea.,TFUE,279,JURIDICO,
GENERAL,12,Las instituciones y organismos de la Union Europea.,TFUE,280,JURIDICO,
GENERAL,12,Las instituciones y organismos de la Union Europea.,TFUE,281,JURIDICO,
GENERAL,12,Las instituciones y organismos de la Union Europea.,TFUE,282,JURIDICO,
GENERAL,12,Las instituciones y organismos de la Union Europea.,TFUE,283,JURIDICO,
GENERAL,12,Las instituciones y organismos de la Union Europea.,TFUE,284,JURIDICO,
GENERAL,12,Las instituciones y organismos de la Union Europea.,TFUE,285,JURIDICO,
GENERAL,12,Las instituciones y organismos de la Union Europea.,TFUE,286,JURIDICO,
GENERAL,12,Las instituciones y organismos de la Union Europea.,TFUE,287,JURIDICO,
GENERAL,12,Las instituciones y organismos de la Union Europea.,TFUE,301,JURIDICO,
GENERAL,12,Las instituciones y organismos de la Union Europea.,TFUE,302,JURIDICO,
GENERAL,12,Las instituciones y organismos de la Union Europea.,TFUE,303,JURIDICO,
GENERAL,12,Las instituciones y organismos de la Union Europea.,TFUE,304,JURIDICO,
GENERAL,12,Las instituciones y organismos de la Union Europea.,TFUE,305,JURIDICO,
GENERAL,12,Las instituciones y organismos de la Union Europea.,TFUE,306,JURIDICO,
GENERAL,12,Las instituciones y organismos de la Union Europea.,TFUE,307,JURIDICO,
GENERAL,13,"Naturaleza, valores, finalidades y objetivos de la Union Europea.",TUE,1,JURIDICO,
GENERAL,13,"Naturaleza, valores, finalidades y objetivos de la Union Europea.",TUE,2,JURIDICO,
GENERAL,13,"Naturaleza, valores, finalidades y objetivos de la Union Europea.",TUE,3,JURIDICO,
GENERAL,13,"Naturaleza, valores, finalidades y objetivos de la Union Europea.",TUE,4,JURIDICO,
GENERAL,13,"Naturaleza, valores, finalidades y objetivos de la Union Europea.",TUE,5,JURIDICO,
GENERAL,13,"Naturaleza, valores, finalidades y objetivos de la Union Europea.",TUE,6,JURIDICO,
GENERAL,13,"Naturaleza, valores, finalidades y objetivos de la Union Europea.",TUE,7,JURIDICO,
GENERAL,13,"Naturaleza, valores, finalidades y objetivos de la Union Europea.",TUE,8,JURIDICO,
GENERAL,13,"Naturaleza, valores, finalidades y objetivos de la Union Europea.",TUE,49,JURIDICO,
GENERAL,13,"Naturaleza, valores, finalidades y objetivos de la Union Europea.",TFUE,2,JURIDICO,
GENERAL,13,"Naturaleza, valores, finalidades y objetivos de la Union Europea.",TFUE,3,JURIDICO,
GENERAL,13,"Naturaleza, valores, finalidades y objetivos de la Union Europea.",TFUE,4,JURIDICO,
GENERAL,13,"Naturaleza, valores, finalidades y objetivos de la Union Europea.",TFUE,5,JURIDICO,
GENERAL,13,"Naturaleza, valores, finalidades y objetivos de la Union Europea.",TFUE,6,JURIDICO,
GENERAL,14,"La Ley Organica 3/2007, para la igualdad efectiva de mujeres y hombres.","Ley Organica 3/2007, de 22 de marzo",1,JURIDICO,
GENERAL,14,"La Ley Organica 3/2007, para la igualdad efectiva de mujeres y hombres.","Ley Organica 3/2007, de 22 de marzo",2,JURIDICO,
GENERAL,14,"La Ley Organica 3/2007, para la igualdad efectiva de mujeres y hombres.","Ley Organica 3/2007, de 22 de marzo",3,JURIDICO,
GENERAL,14,"La Ley Organica 3/2007, para la igualdad efectiva de mujeres y hombres.","Ley Organica 3/2007, de 22 de marzo",4,JURIDICO,
GENERAL,14,"La Ley Organica 3/2007, para la igualdad efectiva de mujeres y hombres.","Ley Organica 3/2007, de 22 de marzo",5,JURIDICO,
GENERAL,14,"La Ley Organica 3/2007, para la igualdad efectiva de mujeres y hombres.","Ley Organica 3/2007, de 22 de marzo",6,JURIDICO,
GENERAL,14,"La Ley Organica 3/2007, para la igualdad efectiva de mujeres y hombres.","Ley Organica 3/2007, de 22 de marzo",7,JURIDICO,
GENERAL,14,"La Ley Organica 3/2007, para la igualdad efectiva de mujeres y hombres.","Ley Organica 3/2007, de 22 de marzo",8,JURIDICO,
GENERAL,14,"La Ley Organica 3/2007, para la igualdad efectiva de mujeres y hombres.","Ley Organica 3/2007, de 22 de marzo",9,JURIDICO,
GENERAL,14,"La Ley Organica 3/2007, para la igualdad efectiva de mujeres y hombres.","Ley Organica 3/2007, de 22 de marzo",10,JURIDICO,
GENERAL,14,"La Ley Organica 3/2007, para la igualdad efectiva de mujeres y hombres.","Ley Organica 3/2007, de 22 de marzo",11,JURIDICO,
GENERAL,14,"La Ley Organica 3/2007, para la igualdad efectiva de mujeres y hombres.","Ley Organica 3/2007, de 22 de marzo",12,JURIDICO,
GENERAL,14,"La Ley Organica 3/2007, para la igualdad efectiva de mujeres y hombres.","Ley Organica 3/2007, de 22 de marzo",13,JURIDICO,
GENERAL,14,"La Ley Organica 3/2007, para la igualdad efectiva de mujeres y hombres.","Ley Organica 3/2007, de 22 de marzo",14,JURIDICO,
GENERAL,14,"La Ley Organica 3/2007, para la igualdad efectiva de mujeres y hombres.","Ley Organica 3/2007, de 22 de marzo",15,JURIDICO,
GENERAL,14,"La Ley Organica 3/2007, para la igualdad efectiva de mujeres y hombres.","Ley Organica 3/2007, de 22 de marzo",16,JURIDICO,
GENERAL,14,"La Ley Organica 3/2007, para la igualdad efectiva de mujeres y hombres.","Ley Organica 3/2007, de 22 de marzo",17,JURIDICO,
GENERAL,14,"La Ley Organica 3/2007, para la igualdad efectiva de mujeres y hombres.","Ley Organica 3/2007, de 22 de marzo",18,JURIDICO,
GENERAL,14,"La Ley Organica 3/2007, para la igualdad efectiva de mujeres y hombres.","Ley Organica 3/2007, de 22 de marzo",19,JURIDICO,
GENERAL,14,"La Ley Organica 3/2007, para la igualdad efectiva de mujeres y hombres.","Ley Organica 3/2007, de 22 de marzo",20,JURIDICO,
GENERAL,14,"La Ley Organica 3/2007, para la igualdad efectiva de mujeres y hombres.","Ley Organica 3/2007, de 22 de marzo",21,JURIDICO,
GENERAL,14,"La Ley Organica 3/2007, para la igualdad efectiva de mujeres y hombres.","Ley Organica 3/2007, de 22 de marzo",22,JURIDICO,
GENERAL,14,"La Ley Organica 3/2007, para la igualdad efectiva de mujeres y hombres.","Ley Organica 3/2007, de 22 de marzo",23,JURIDICO,
GENERAL,14,"La Ley Organica 3/2007, para la igualdad efectiva de mujeres y hombres.","Ley Organica 3/2007, de 22 de marzo",24,JURIDICO,
GENERAL,14,"La Ley Organica 3/2007, para la igualdad efectiva de mujeres y hombres.","Ley Organica 3/2007, de 22 de marzo",25,JURIDICO,
GENERAL,14,"La Ley Organica 3/2007, para la igualdad efectiva de mujeres y hombres.","Ley Organica 3/2007, de 22 de marzo",26,JURIDICO,
GENERAL,14,"La Ley Organica 3/2007, para la igualdad efectiva de mujeres y hombres.","Ley Organica 3/2007, de 22 de marzo",27,JURIDICO,
GENERAL,14,"La Ley Organica 3/2007, para la igualdad efectiva de mujeres y hombres.","Ley Organica 3/2007, de 22 de marzo",28,JURIDICO,
GENERAL,14,"La Ley Organica 3/2007, para la igualdad efectiva de mujeres y hombres.","Ley Organica 3/2007, de 22 de marzo",29,JURIDICO,
GENERAL,14,"La Ley Organica 3/2007, para la igualdad efectiva de mujeres y hombres.","Ley Organica 3/2007, de 22 de marzo",30,JURIDICO,
GENERAL,14,"La Ley Organica 3/2007, para la igualdad efectiva de mujeres y hombres.","Ley Organica 3/2007, de 22 de marzo",31,JURIDICO,
GENERAL,14,"La Ley Organica 3/2007, para la igualdad efectiva de mujeres y hombres.","Ley Organica 3/2007, de 22 de marzo",32,JURIDICO,
GENERAL,14,"La Ley Organica 3/2007, para la igualdad efectiva de mujeres y hombres.","Ley Organica 3/2007, de 22 de marzo",33,JURIDICO,
GENERAL,14,"La Ley Organica 3/2007, para la igualdad efectiva de mujeres y hombres.","Ley Organica 3/2007, de 22 de marzo",34,JURIDICO,
GENERAL,14,"La Ley Organica 3/2007, para la igualdad efectiva de mujeres y hombres.","Ley Organica 3/2007, de 22 de marzo",35,JURIDICO,
GENERAL,14,"La Ley Organica 3/2007, para la igualdad efectiva de mujeres y hombres.","Ley 9/2003, de 2 de abril",1,JURIDICO,
GENERAL,14,"La Ley Organica 3/2007, para la igualdad efectiva de mujeres y hombres.","Ley 9/2003, de 2 de abril",2,JURIDICO,
GENERAL,14,"La Ley Organica 3/2007, para la igualdad efectiva de mujeres y hombres.","Ley 9/2003, de 2 de abril",3,JURIDICO,
GENERAL,14,"La Ley Organica 3/2007, para la igualdad efectiva de mujeres y hombres.","Ley 9/2003, de 2 de abril",4,JURIDICO,
GENERAL,14,"La Ley Organica 3/2007, para la igualdad efectiva de mujeres y hombres.","Ley 9/2003, de 2 de abril",42,JURIDICO,
GENERAL,14,"La Ley Organica 3/2007, para la igualdad efectiva de mujeres y hombres.","Ley 9/2003, de 2 de abril",43,JURIDICO,
GENERAL,14,"La Ley Organica 3/2007, para la igualdad efectiva de mujeres y hombres.","Ley 9/2003, de 2 de abril",44,JURIDICO,
GENERAL,14,"La Ley Organica 3/2007, para la igualdad efectiva de mujeres y hombres.","Ley 9/2003, de 2 de abril",45,JURIDICO,
GENERAL,14,"La Ley Organica 3/2007, para la igualdad efectiva de mujeres y hombres.","Ley 9/2003, de 2 de abril",46,JURIDICO,
GENERAL,14,"La Ley Organica 3/2007, para la igualdad efectiva de mujeres y hombres.","Ley 9/2003, de 2 de abril",47,JURIDICO,
GENERAL,14,"La Ley Organica 3/2007, para la igualdad efectiva de mujeres y hombres.","Ley 9/2003, de 2 de abril",48,JURIDICO,
GENERAL,14,"La Ley Organica 3/2007, para la igualdad efectiva de mujeres y hombres.","Ley 9/2003, de 2 de abril",49,JURIDICO,
GENERAL,14,"La Ley Organica 3/2007, para la igualdad efectiva de mujeres y hombres.","Ley 4/2023, de 28 de febrero",4,JURIDICO,
GENERAL,14,"La Ley Organica 3/2007, para la igualdad efectiva de mujeres y hombres.","Ley 4/2023, de 28 de febrero",11,JURIDICO,
GENERAL,14,"La Ley Organica 3/2007, para la igualdad efectiva de mujeres y hombres.","Ley 4/2023, de 28 de febrero",12,JURIDICO,
GENERAL,14,"La Ley Organica 3/2007, para la igualdad efectiva de mujeres y hombres.","Ley 4/2023, de 28 de febrero",13,JURIDICO,
GENERAL,15,"La Ley Organica 1/2004, de medidas de proteccion integral contra la violencia de genero:","Ley Organica 1/2004, de 28 de diciembre",1,JURIDICO,
GENERAL,15,"La Ley Organica 1/2004, de medidas de proteccion integral contra la violencia de genero:","Ley Organica 1/2004, de 28 de diciembre",2,JURIDICO,
GENERAL,15,"La Ley Organica 1/2004, de medidas de proteccion integral contra la violencia de genero:","Ley Organica 1/2004, de 28 de diciembre",3,JURIDICO,
GENERAL,15,"La Ley Organica 1/2004, de medidas de proteccion integral contra la violencia de genero:","Ley Organica 1/2004, de 28 de diciembre",4,JURIDICO,
GENERAL,15,"La Ley Organica 1/2004, de medidas de proteccion integral contra la violencia de genero:","Ley Organica 1/2004, de 28 de diciembre",5,JURIDICO,
GENERAL,15,"La Ley Organica 1/2004, de medidas de proteccion integral contra la violencia de genero:","Ley Organica 1/2004, de 28 de diciembre",6,JURIDICO,
GENERAL,15,"La Ley Organica 1/2004, de medidas de proteccion integral contra la violencia de genero:","Ley Organica 1/2004, de 28 de diciembre",7,JURIDICO,
GENERAL,15,"La Ley Organica 1/2004, de medidas de proteccion integral contra la violencia de genero:","Ley Organica 1/2004, de 28 de diciembre",8,JURIDICO,
GENERAL,15,"La Ley Organica 1/2004, de medidas de proteccion integral contra la violencia de genero:","Ley Organica 1/2004, de 28 de diciembre",9,JURIDICO,
GENERAL,15,"La Ley Organica 1/2004, de medidas de proteccion integral contra la violencia de genero:","Ley Organica 1/2004, de 28 de diciembre",10,JURIDICO,
GENERAL,15,"La Ley Organica 1/2004, de medidas de proteccion integral contra la violencia de genero:","Ley Organica 1/2004, de 28 de diciembre",11,JURIDICO,
GENERAL,15,"La Ley Organica 1/2004, de medidas de proteccion integral contra la violencia de genero:","Ley Organica 1/2004, de 28 de diciembre",12,JURIDICO,
GENERAL,15,"La Ley Organica 1/2004, de medidas de proteccion integral contra la violencia de genero:","Ley Organica 1/2004, de 28 de diciembre",13,JURIDICO,
GENERAL,15,"La Ley Organica 1/2004, de medidas de proteccion integral contra la violencia de genero:","Ley Organica 1/2004, de 28 de diciembre",14,JURIDICO,
GENERAL,15,"La Ley Organica 1/2004, de medidas de proteccion integral contra la violencia de genero:","Ley Organica 1/2004, de 28 de diciembre",15,JURIDICO,
GENERAL,15,"La Ley Organica 1/2004, de medidas de proteccion integral contra la violencia de genero:","Ley Organica 1/2004, de 28 de diciembre",16,JURIDICO,
GENERAL,15,"La Ley Organica 1/2004, de medidas de proteccion integral contra la violencia de genero:","Ley Organica 1/2004, de 28 de diciembre",17,JURIDICO,
GENERAL,15,"La Ley Organica 1/2004, de medidas de proteccion integral contra la violencia de genero:","Ley Organica 1/2004, de 28 de diciembre",18,JURIDICO,
GENERAL,15,"La Ley Organica 1/2004, de medidas de proteccion integral contra la violencia de genero:","Ley Organica 1/2004, de 28 de diciembre",19,JURIDICO,
GENERAL,15,"La Ley Organica 1/2004, de medidas de proteccion integral contra la violencia de genero:","Ley Organica 1/2004, de 28 de diciembre",20,JURIDICO,
GENERAL,15,"La Ley Organica 1/2004, de medidas de proteccion integral contra la violencia de genero:","Ley Organica 1/2004, de 28 de diciembre",21,JURIDICO,
GENERAL,15,"La Ley Organica 1/2004, de medidas de proteccion integral contra la violencia de genero:","Ley Organica 1/2004, de 28 de diciembre",22,JURIDICO,
GENERAL,15,"La Ley Organica 1/2004, de medidas de proteccion integral contra la violencia de genero:","Ley Organica 1/2004, de 28 de diciembre",23,JURIDICO,
GENERAL,15,"La Ley Organica 1/2004, de medidas de proteccion integral contra la violencia de genero:","Ley Organica 1/2004, de 28 de diciembre",24,JURIDICO,
GENERAL,15,"La Ley Organica 1/2004, de medidas de proteccion integral contra la violencia de genero:","Ley Organica 1/2004, de 28 de diciembre",25,JURIDICO,
GENERAL,15,"La Ley Organica 1/2004, de medidas de proteccion integral contra la violencia de genero:","Ley Organica 1/2004, de 28 de diciembre",26,JURIDICO,
GENERAL,15,"La Ley Organica 1/2004, de medidas de proteccion integral contra la violencia de genero:","Ley Organica 1/2004, de 28 de diciembre",27,JURIDICO,
GENERAL,15,"La Ley Organica 1/2004, de medidas de proteccion integral contra la violencia de genero:","Ley Organica 1/2004, de 28 de diciembre",28,JURIDICO,
GENERAL,15,"La Ley Organica 1/2004, de medidas de proteccion integral contra la violencia de genero:","Ley Organica 1/2004, de 28 de diciembre",29,JURIDICO,
GENERAL,15,"La Ley Organica 1/2004, de medidas de proteccion integral contra la violencia de genero:","Ley Organica 1/2004, de 28 de diciembre",30,JURIDICO,
GENERAL,15,"La Ley Organica 1/2004, de medidas de proteccion integral contra la violencia de genero:","Ley Organica 1/2004, de 28 de diciembre",31,JURIDICO,
GENERAL,15,"La Ley Organica 1/2004, de medidas de proteccion integral contra la violencia de genero:","Ley Organica 1/2004, de 28 de diciembre",32,JURIDICO,
GENERAL,11,"La Sindica o el Sindic de Greuges, la Sindicatura de Comptes, el Consell Juridic Consultiu, el Consell Valencia de Cultura, la Academia Valenciana de la Llengua, el Comite Economic i Social.","Ley 2/2021, de 26 de marzo (Sindic de Greuges)",1,JURIDICO,
GENERAL,11,"La Sindica o el Sindic de Greuges, la Sindicatura de Comptes, el Consell Juridic Consultiu, el Consell Valencia de Cultura, la Academia Valenciana de la Llengua, el Comite Economic i Social.","Ley 2/2021, de 26 de marzo (Sindic de Greuges)",2,JURIDICO,
GENERAL,11,"La Sindica o el Sindic de Greuges, la Sindicatura de Comptes, el Consell Juridic Consultiu, el Consell Valencia de Cultura, la Academia Valenciana de la Llengua, el Comite Economic i Social.","Ley 2/2021, de 26 de marzo (Sindic de Greuges)",3,JURIDICO,
GENERAL,11,"La Sindica o el Sindic de Greuges, la Sindicatura de Comptes, el Consell Juridic Consultiu, el Consell Valencia de Cultura, la Academia Valenciana de la Llengua, el Comite Economic i Social.","Ley 2/2021, de 26 de marzo (Sindic de Greuges)",4,JURIDICO,
GENERAL,11,"La Sindica o el Sindic de Greuges, la Sindicatura de Comptes, el Consell Juridic Consultiu, el Consell Valencia de Cultura, la Academia Valenciana de la Llengua, el Comite Economic i Social.","Ley 2/2021, de 26 de marzo (Sindic de Greuges)",5,JURIDICO,
GENERAL,11,"La Sindica o el Sindic de Greuges, la Sindicatura de Comptes, el Consell Juridic Consultiu, el Consell Valencia de Cultura, la Academia Valenciana de la Llengua, el Comite Economic i Social.","Ley 2/2021, de 26 de marzo (Sindic de Greuges)",6,JURIDICO,
GENERAL,11,"La Sindica o el Sindic de Greuges, la Sindicatura de Comptes, el Consell Juridic Consultiu, el Consell Valencia de Cultura, la Academia Valenciana de la Llengua, el Comite Economic i Social.","Ley 2/2021, de 26 de marzo (Sindic de Greuges)",7,JURIDICO,
GENERAL,11,"La Sindica o el Sindic de Greuges, la Sindicatura de Comptes, el Consell Juridic Consultiu, el Consell Valencia de Cultura, la Academia Valenciana de la Llengua, el Comite Economic i Social.","Ley 2/2021, de 26 de marzo (Sindic de Greuges)",8,JURIDICO,
GENERAL,11,"La Sindica o el Sindic de Greuges, la Sindicatura de Comptes, el Consell Juridic Consultiu, el Consell Valencia de Cultura, la Academia Valenciana de la Llengua, el Comite Economic i Social.","Ley 2/2021, de 26 de marzo (Sindic de Greuges)",9,JURIDICO,
GENERAL,11,"La Sindica o el Sindic de Greuges, la Sindicatura de Comptes, el Consell Juridic Consultiu, el Consell Valencia de Cultura, la Academia Valenciana de la Llengua, el Comite Economic i Social.","Ley 2/2021, de 26 de marzo (Sindic de Greuges)",10,JURIDICO,
GENERAL,11,"La Sindica o el Sindic de Greuges, la Sindicatura de Comptes, el Consell Juridic Consultiu, el Consell Valencia de Cultura, la Academia Valenciana de la Llengua, el Comite Economic i Social.","Ley 2/2021, de 26 de marzo (Sindic de Greuges)",11,JURIDICO,
GENERAL,11,"La Sindica o el Sindic de Greuges, la Sindicatura de Comptes, el Consell Juridic Consultiu, el Consell Valencia de Cultura, la Academia Valenciana de la Llengua, el Comite Economic i Social.","Ley 2/2021, de 26 de marzo (Sindic de Greuges)",12,JURIDICO,
GENERAL,11,"La Sindica o el Sindic de Greuges, la Sindicatura de Comptes, el Consell Juridic Consultiu, el Consell Valencia de Cultura, la Academia Valenciana de la Llengua, el Comite Economic i Social.","Ley 2/2021, de 26 de marzo (Sindic de Greuges)",13,JURIDICO,
GENERAL,11,"La Sindica o el Sindic de Greuges, la Sindicatura de Comptes, el Consell Juridic Consultiu, el Consell Valencia de Cultura, la Academia Valenciana de la Llengua, el Comite Economic i Social.","Ley 2/2021, de 26 de marzo (Sindic de Greuges)",14,JURIDICO,
GENERAL,11,"La Sindica o el Sindic de Greuges, la Sindicatura de Comptes, el Consell Juridic Consultiu, el Consell Valencia de Cultura, la Academia Valenciana de la Llengua, el Comite Economic i Social.","Ley 2/2021, de 26 de marzo (Sindic de Greuges)",15,JURIDICO,
GENERAL,11,"La Sindica o el Sindic de Greuges, la Sindicatura de Comptes, el Consell Juridic Consultiu, el Consell Valencia de Cultura, la Academia Valenciana de la Llengua, el Comite Economic i Social.","Ley 2/2021, de 26 de marzo (Sindic de Greuges)",16,JURIDICO,
GENERAL,11,"La Sindica o el Sindic de Greuges, la Sindicatura de Comptes, el Consell Juridic Consultiu, el Consell Valencia de Cultura, la Academia Valenciana de la Llengua, el Comite Economic i Social.","Ley 2/2021, de 26 de marzo (Sindic de Greuges)",17,JURIDICO,
GENERAL,11,"La Sindica o el Sindic de Greuges, la Sindicatura de Comptes, el Consell Juridic Consultiu, el Consell Valencia de Cultura, la Academia Valenciana de la Llengua, el Comite Economic i Social.","Ley 6/1985, de 11 de mayo",1,JURIDICO,
GENERAL,11,"La Sindica o el Sindic de Greuges, la Sindicatura de Comptes, el Consell Juridic Consultiu, el Consell Valencia de Cultura, la Academia Valenciana de la Llengua, el Comite Economic i Social.","Ley 6/1985, de 11 de mayo",2,JURIDICO,
GENERAL,11,"La Sindica o el Sindic de Greuges, la Sindicatura de Comptes, el Consell Juridic Consultiu, el Consell Valencia de Cultura, la Academia Valenciana de la Llengua, el Comite Economic i Social.","Ley 6/1985, de 11 de mayo",3,JURIDICO,
GENERAL,11,"La Sindica o el Sindic de Greuges, la Sindicatura de Comptes, el Consell Juridic Consultiu, el Consell Valencia de Cultura, la Academia Valenciana de la Llengua, el Comite Economic i Social.","Ley 6/1985, de 11 de mayo",4,JURIDICO,
GENERAL,11,"La Sindica o el Sindic de Greuges, la Sindicatura de Comptes, el Consell Juridic Consultiu, el Consell Valencia de Cultura, la Academia Valenciana de la Llengua, el Comite Economic i Social.","Ley 6/1985, de 11 de mayo",5,JURIDICO,
GENERAL,11,"La Sindica o el Sindic de Greuges, la Sindicatura de Comptes, el Consell Juridic Consultiu, el Consell Valencia de Cultura, la Academia Valenciana de la Llengua, el Comite Economic i Social.","Ley 6/1985, de 11 de mayo",6,JURIDICO,
GENERAL,11,"La Sindica o el Sindic de Greuges, la Sindicatura de Comptes, el Consell Juridic Consultiu, el Consell Valencia de Cultura, la Academia Valenciana de la Llengua, el Comite Economic i Social.","Ley 6/1985, de 11 de mayo",7,JURIDICO,
GENERAL,11,"La Sindica o el Sindic de Greuges, la Sindicatura de Comptes, el Consell Juridic Consultiu, el Consell Valencia de Cultura, la Academia Valenciana de la Llengua, el Comite Economic i Social.","Ley 6/1985, de 11 de mayo",8,JURIDICO,
GENERAL,11,"La Sindica o el Sindic de Greuges, la Sindicatura de Comptes, el Consell Juridic Consultiu, el Consell Valencia de Cultura, la Academia Valenciana de la Llengua, el Comite Economic i Social.","Ley 6/1985, de 11 de mayo",9,JURIDICO,
GENERAL,11,"La Sindica o el Sindic de Greuges, la Sindicatura de Comptes, el Consell Juridic Consultiu, el Consell Valencia de Cultura, la Academia Valenciana de la Llengua, el Comite Economic i Social.","Ley 6/1985, de 11 de mayo",10,JURIDICO,
GENERAL,11,"La Sindica o el Sindic de Greuges, la Sindicatura de Comptes, el Consell Juridic Consultiu, el Consell Valencia de Cultura, la Academia Valenciana de la Llengua, el Comite Economic i Social.","Ley 6/1985, de 11 de mayo",11,JURIDICO,
GENERAL,11,"La Sindica o el Sindic de Greuges, la Sindicatura de Comptes, el Consell Juridic Consultiu, el Consell Valencia de Cultura, la Academia Valenciana de la Llengua, el Comite Economic i Social.","Ley 6/1985, de 11 de mayo",12,JURIDICO,
GENERAL,11,"La Sindica o el Sindic de Greuges, la Sindicatura de Comptes, el Consell Juridic Consultiu, el Consell Valencia de Cultura, la Academia Valenciana de la Llengua, el Comite Economic i Social.","Ley 6/1985, de 11 de mayo",13,JURIDICO,
GENERAL,11,"La Sindica o el Sindic de Greuges, la Sindicatura de Comptes, el Consell Juridic Consultiu, el Consell Valencia de Cultura, la Academia Valenciana de la Llengua, el Comite Economic i Social.","Ley 6/1985, de 11 de mayo",14,JURIDICO,
GENERAL,11,"La Sindica o el Sindic de Greuges, la Sindicatura de Comptes, el Consell Juridic Consultiu, el Consell Valencia de Cultura, la Academia Valenciana de la Llengua, el Comite Economic i Social.","Ley 6/1985, de 11 de mayo",15,JURIDICO,
GENERAL,11,"La Sindica o el Sindic de Greuges, la Sindicatura de Comptes, el Consell Juridic Consultiu, el Consell Valencia de Cultura, la Academia Valenciana de la Llengua, el Comite Economic i Social.","Ley 6/1985, de 11 de mayo",16,JURIDICO,
GENERAL,11,"La Sindica o el Sindic de Greuges, la Sindicatura de Comptes, el Consell Juridic Consultiu, el Consell Valencia de Cultura, la Academia Valenciana de la Llengua, el Comite Economic i Social.","Ley 10/1994, de 19 de diciembre",1,JURIDICO,
GENERAL,11,"La Sindica o el Sindic de Greuges, la Sindicatura de Comptes, el Consell Juridic Consultiu, el Consell Valencia de Cultura, la Academia Valenciana de la Llengua, el Comite Economic i Social.","Ley 10/1994, de 19 de diciembre",2,JURIDICO,
GENERAL,11,"La Sindica o el Sindic de Greuges, la Sindicatura de Comptes, el Consell Juridic Consultiu, el Consell Valencia de Cultura, la Academia Valenciana de la Llengua, el Comite Economic i Social.","Ley 10/1994, de 19 de diciembre",9,JURIDICO,
GENERAL,11,"La Sindica o el Sindic de Greuges, la Sindicatura de Comptes, el Consell Juridic Consultiu, el Consell Valencia de Cultura, la Academia Valenciana de la Llengua, el Comite Economic i Social.","Ley 10/1994, de 19 de diciembre",10,JURIDICO,
GENERAL,11,"La Sindica o el Sindic de Greuges, la Sindicatura de Comptes, el Consell Juridic Consultiu, el Consell Valencia de Cultura, la Academia Valenciana de la Llengua, el Comite Economic i Social.","Ley 10/1994, de 19 de diciembre",11,JURIDICO,
GENERAL,11,"La Sindica o el Sindic de Greuges, la Sindicatura de Comptes, el Consell Juridic Consultiu, el Consell Valencia de Cultura, la Academia Valenciana de la Llengua, el Comite Economic i Social.","Ley 10/1994, de 19 de diciembre",12,JURIDICO,
GENERAL,11,"La Sindica o el Sindic de Greuges, la Sindicatura de Comptes, el Consell Juridic Consultiu, el Consell Valencia de Cultura, la Academia Valenciana de la Llengua, el Comite Economic i Social.","Ley 12/1985, de 30 de octubre ",1,JURIDICO,
GENERAL,11,"La Sindica o el Sindic de Greuges, la Sindicatura de Comptes, el Consell Juridic Consultiu, el Consell Valencia de Cultura, la Academia Valenciana de la Llengua, el Comite Economic i Social.","Ley 12/1985, de 30 de octubre ",2,JURIDICO,
GENERAL,11,"La Sindica o el Sindic de Greuges, la Sindicatura de Comptes, el Consell Juridic Consultiu, el Consell Valencia de Cultura, la Academia Valenciana de la Llengua, el Comite Economic i Social.","Ley 12/1985, de 30 de octubre ",3,JURIDICO,
GENERAL,11,"La Sindica o el Sindic de Greuges, la Sindicatura de Comptes, el Consell Juridic Consultiu, el Consell Valencia de Cultura, la Academia Valenciana de la Llengua, el Comite Economic i Social.","Ley 12/1985, de 30 de octubre ",4,JURIDICO,
GENERAL,11,"La Sindica o el Sindic de Greuges, la Sindicatura de Comptes, el Consell Juridic Consultiu, el Consell Valencia de Cultura, la Academia Valenciana de la Llengua, el Comite Economic i Social.","Ley 12/1985, de 30 de octubre ",5,JURIDICO,
GENERAL,11,"La Sindica o el Sindic de Greuges, la Sindicatura de Comptes, el Consell Juridic Consultiu, el Consell Valencia de Cultura, la Academia Valenciana de la Llengua, el Comite Economic i Social.","Ley 12/1985, de 30 de octubre ",6,JURIDICO,
GENERAL,11,"La Sindica o el Sindic de Greuges, la Sindicatura de Comptes, el Consell Juridic Consultiu, el Consell Valencia de Cultura, la Academia Valenciana de la Llengua, el Comite Economic i Social.","Ley 12/1985, de 30 de octubre ",7,JURIDICO,
GENERAL,11,"La Sindica o el Sindic de Greuges, la Sindicatura de Comptes, el Consell Juridic Consultiu, el Consell Valencia de Cultura, la Academia Valenciana de la Llengua, el Comite Economic i Social.","Ley 7/1998, de 16 de septiembre",1,JURIDICO,
GENERAL,11,"La Sindica o el Sindic de Greuges, la Sindicatura de Comptes, el Consell Juridic Consultiu, el Consell Valencia de Cultura, la Academia Valenciana de la Llengua, el Comite Economic i Social.","Ley 7/1998, de 16 de septiembre",2,JURIDICO,
GENERAL,11,"La Sindica o el Sindic de Greuges, la Sindicatura de Comptes, el Consell Juridic Consultiu, el Consell Valencia de Cultura, la Academia Valenciana de la Llengua, el Comite Economic i Social.","Ley 7/1998, de 16 de septiembre",3,JURIDICO,
GENERAL,11,"La Sindica o el Sindic de Greuges, la Sindicatura de Comptes, el Consell Juridic Consultiu, el Consell Valencia de Cultura, la Academia Valenciana de la Llengua, el Comite Economic i Social.","Ley 7/1998, de 16 de septiembre",4,JURIDICO,
GENERAL,11,"La Sindica o el Sindic de Greuges, la Sindicatura de Comptes, el Consell Juridic Consultiu, el Consell Valencia de Cultura, la Academia Valenciana de la Llengua, el Comite Economic i Social.","Ley 7/1998, de 16 de septiembre",5,JURIDICO,
GENERAL,11,"La Sindica o el Sindic de Greuges, la Sindicatura de Comptes, el Consell Juridic Consultiu, el Consell Valencia de Cultura, la Academia Valenciana de la Llengua, el Comite Economic i Social.","Ley 7/1998, de 16 de septiembre",6,JURIDICO,
GENERAL,11,"La Sindica o el Sindic de Greuges, la Sindicatura de Comptes, el Consell Juridic Consultiu, el Consell Valencia de Cultura, la Academia Valenciana de la Llengua, el Comite Economic i Social.","Ley 7/1998, de 16 de septiembre",7,JURIDICO,
GENERAL,11,"La Sindica o el Sindic de Greuges, la Sindicatura de Comptes, el Consell Juridic Consultiu, el Consell Valencia de Cultura, la Academia Valenciana de la Llengua, el Comite Economic i Social.","Ley 1/2014, de 28 de febrero ",1,JURIDICO,
GENERAL,11,"La Sindica o el Sindic de Greuges, la Sindicatura de Comptes, el Consell Juridic Consultiu, el Consell Valencia de Cultura, la Academia Valenciana de la Llengua, el Comite Economic i Social.","Ley 1/2014, de 28 de febrero ",2,JURIDICO,
GENERAL,11,"La Sindica o el Sindic de Greuges, la Sindicatura de Comptes, el Consell Juridic Consultiu, el Consell Valencia de Cultura, la Academia Valenciana de la Llengua, el Comite Economic i Social.","Ley 1/2014, de 28 de febrero ",3,JURIDICO,
GENERAL,11,"La Sindica o el Sindic de Greuges, la Sindicatura de Comptes, el Consell Juridic Consultiu, el Consell Valencia de Cultura, la Academia Valenciana de la Llengua, el Comite Economic i Social.","Ley 1/2014, de 28 de febrero ",4,JURIDICO,
GENERAL,11,"La Sindica o el Sindic de Greuges, la Sindicatura de Comptes, el Consell Juridic Consultiu, el Consell Valencia de Cultura, la Academia Valenciana de la Llengua, el Comite Economic i Social.","Ley 1/2014, de 28 de febrero ",5,JURIDICO,
GENERAL,11,"La Sindica o el Sindic de Greuges, la Sindicatura de Comptes, el Consell Juridic Consultiu, el Consell Valencia de Cultura, la Academia Valenciana de la Llengua, el Comite Economic i Social.","Ley 1/2014, de 28 de febrero ",6,JURIDICO,
GENERAL,8,Les Corts: el procedimiento legislativo. Control de las disposiciones del Consell con fuerza de Ley. El sistema electoral valenciano.,Reglamento de Les Corts,111,JURIDICO,
GENERAL,8,Les Corts: el procedimiento legislativo. Control de las disposiciones del Consell con fuerza de Ley. El sistema electoral valenciano.,Reglamento de Les Corts,112,JURIDICO,
GENERAL,8,Les Corts: el procedimiento legislativo. Control de las disposiciones del Consell con fuerza de Ley. El sistema electoral valenciano.,Reglamento de Les Corts,113,JURIDICO,
GENERAL,8,Les Corts: el procedimiento legislativo. Control de las disposiciones del Consell con fuerza de Ley. El sistema electoral valenciano.,Reglamento de Les Corts,114,JURIDICO,
GENERAL,8,Les Corts: el procedimiento legislativo. Control de las disposiciones del Consell con fuerza de Ley. El sistema electoral valenciano.,Reglamento de Les Corts,115,JURIDICO,
GENERAL,8,Les Corts: el procedimiento legislativo. Control de las disposiciones del Consell con fuerza de Ley. El sistema electoral valenciano.,Reglamento de Les Corts,116,JURIDICO,
GENERAL,8,Les Corts: el procedimiento legislativo. Control de las disposiciones del Consell con fuerza de Ley. El sistema electoral valenciano.,Reglamento de Les Corts,117,JURIDICO,
GENERAL,8,Les Corts: el procedimiento legislativo. Control de las disposiciones del Consell con fuerza de Ley. El sistema electoral valenciano.,Reglamento de Les Corts,118,JURIDICO,
GENERAL,8,Les Corts: el procedimiento legislativo. Control de las disposiciones del Consell con fuerza de Ley. El sistema electoral valenciano.,Reglamento de Les Corts,119,JURIDICO,
GENERAL,8,Les Corts: el procedimiento legislativo. Control de las disposiciones del Consell con fuerza de Ley. El sistema electoral valenciano.,Reglamento de Les Corts,120,JURIDICO,
GENERAL,8,Les Corts: el procedimiento legislativo. Control de las disposiciones del Consell con fuerza de Ley. El sistema electoral valenciano.,Reglamento de Les Corts,121,JURIDICO,
GENERAL,8,Les Corts: el procedimiento legislativo. Control de las disposiciones del Consell con fuerza de Ley. El sistema electoral valenciano.,Reglamento de Les Corts,122,JURIDICO,
GENERAL,8,Les Corts: el procedimiento legislativo. Control de las disposiciones del Consell con fuerza de Ley. El sistema electoral valenciano.,Reglamento de Les Corts,123,JURIDICO,
GENERAL,8,Les Corts: el procedimiento legislativo. Control de las disposiciones del Consell con fuerza de Ley. El sistema electoral valenciano.,Reglamento de Les Corts,124,JURIDICO,
GENERAL,8,Les Corts: el procedimiento legislativo. Control de las disposiciones del Consell con fuerza de Ley. El sistema electoral valenciano.,Reglamento de Les Corts,125,JURIDICO,
GENERAL,8,Les Corts: el procedimiento legislativo. Control de las disposiciones del Consell con fuerza de Ley. El sistema electoral valenciano.,Reglamento de Les Corts,126,JURIDICO,
GENERAL,8,Les Corts: el procedimiento legislativo. Control de las disposiciones del Consell con fuerza de Ley. El sistema electoral valenciano.,Reglamento de Les Corts,127,JURIDICO,
GENERAL,8,Les Corts: el procedimiento legislativo. Control de las disposiciones del Consell con fuerza de Ley. El sistema electoral valenciano.,Reglamento de Les Corts,128,JURIDICO,
GENERAL,8,Les Corts: el procedimiento legislativo. Control de las disposiciones del Consell con fuerza de Ley. El sistema electoral valenciano.,Reglamento de Les Corts,129,JURIDICO,
GENERAL,8,Les Corts: el procedimiento legislativo. Control de las disposiciones del Consell con fuerza de Ley. El sistema electoral valenciano.,Reglamento de Les Corts,130,JURIDICO,
GENERAL,8,Les Corts: el procedimiento legislativo. Control de las disposiciones del Consell con fuerza de Ley. El sistema electoral valenciano.,Reglamento de Les Corts,131,JURIDICO,
GENERAL,8,Les Corts: el procedimiento legislativo. Control de las disposiciones del Consell con fuerza de Ley. El sistema electoral valenciano.,Reglamento de Les Corts,132,JURIDICO,
GENERAL,8,Les Corts: el procedimiento legislativo. Control de las disposiciones del Consell con fuerza de Ley. El sistema electoral valenciano.,Reglamento de Les Corts,133,JURIDICO,
GENERAL,8,Les Corts: el procedimiento legislativo. Control de las disposiciones del Consell con fuerza de Ley. El sistema electoral valenciano.,Reglamento de Les Corts,134,JURIDICO,
GENERAL,8,Les Corts: el procedimiento legislativo. Control de las disposiciones del Consell con fuerza de Ley. El sistema electoral valenciano.,Reglamento de Les Corts,135,JURIDICO,
GENERAL,8,Les Corts: el procedimiento legislativo. Control de las disposiciones del Consell con fuerza de Ley. El sistema electoral valenciano.,Reglamento de Les Corts,136,JURIDICO,
GENERAL,8,Les Corts: el procedimiento legislativo. Control de las disposiciones del Consell con fuerza de Ley. El sistema electoral valenciano.,Reglamento de Les Corts,137,JURIDICO,
GENERAL,8,Les Corts: el procedimiento legislativo. Control de las disposiciones del Consell con fuerza de Ley. El sistema electoral valenciano.,Reglamento de Les Corts,138,JURIDICO,
GENERAL,8,Les Corts: el procedimiento legislativo. Control de las disposiciones del Consell con fuerza de Ley. El sistema electoral valenciano.,Reglamento de Les Corts,139,JURIDICO,
GENERAL,8,Les Corts: el procedimiento legislativo. Control de las disposiciones del Consell con fuerza de Ley. El sistema electoral valenciano.,"PENDIENTE DE INVESTIGAR: Ley Electoral Valenciana (Ley 1/1987, de 31 de marzo) - norma distinta del Reglamento de Les Corts",,PENDIENTE,
GENERAL,3,La Administracion Publica: principios constitucionales.,"NOTA: la organizacion de la AGE (ministerios, organos territoriales) se deja unicamente en ESPECIAL tema 14, que cita literalmente ""La Ley 40/2015"" en el enunciado",,NOTA,
ESPECIAL,1,Las fuentes del derecho administrativo (I):,Codigo Civil,1,JURIDICO,
ESPECIAL,1,Las fuentes del derecho administrativo (I):,Codigo Civil,3,JURIDICO,
ESPECIAL,1,Las fuentes del derecho administrativo (I):,Codigo Civil,4,JURIDICO,
ESPECIAL,1,Las fuentes del derecho administrativo (I):,Codigo Civil,5,JURIDICO,
ESPECIAL,1,Las fuentes del derecho administrativo (I):,Codigo Civil,6,JURIDICO,
ESPECIAL,1,Las fuentes del derecho administrativo (I):,Codigo Civil,7,JURIDICO,
ESPECIAL,1,Las fuentes del derecho administrativo (I):,"NOTA: CE arts.81-83/93-96/147/150 y EACV ya asignados en Parte General (temas 1,5,6,7); UE/primacia sin anclaje de articulo disponible sin duplicar (ver tema 42)",,NOTA,
ESPECIAL,2,Las fuentes del derecho administrativo (II):,DOCTRINAL/CONCEPTUAL - sin articulo asignable (para evitar duplicados con otros temas): concepto/clases/naturaleza del reglamento y fundamento de la potestad reglamentaria (CE art.97 ya asignado en General tema2, control judicial CE art.106 idem),,DOCTRINAL
ESPECIAL,4,Los actos juridicos de la Administracion:,"DOCTRINAL/CONCEPTUAL - sin articulo asignable (para evitar duplicados con otros temas): concepto doctrinal de acto administrativo y su clasificacion (los arts. de requisitos/eficacia se asignan al tema 10, que los cita expresamente; 'actos que ponen fin a la via administrativa' es el art.114, ya asignado al tema 12)",,DOCTRINAL,
ESPECIAL,5,La eficacia temporal de las normas.,Codigo Civil,2,JURIDICO,
ESPECIAL,5,La eficacia temporal de las normas.,NOTA: irretroactividad (CE art.9.3) ya asignado al tema 1 de esta misma parte para evitar duplicado,,NOTA,
ESPECIAL,6,La iniciativa legislativa y la potestad para dictar reglamentos y otras disposiciones.,"Ley 39/2015, de 1 de octubre",127,JURIDICO,
ESPECIAL,6,La iniciativa legislativa y la potestad para dictar reglamentos y otras disposiciones.,"Ley 39/2015, de 1 de octubre",128,JURIDICO,
ESPECIAL,6,La iniciativa legislativa y la potestad para dictar reglamentos y otras disposiciones.,"Ley 39/2015, de 1 de octubre",129,JURIDICO,
ESPECIAL,6,La iniciativa legislativa y la potestad para dictar reglamentos y otras disposiciones.,"Ley 39/2015, de 1 de octubre",130,JURIDICO,
ESPECIAL,6,La iniciativa legislativa y la potestad para dictar reglamentos y otras disposiciones.,"Ley 39/2015, de 1 de octubre",131,JURIDICO,
ESPECIAL,6,La iniciativa legislativa y la potestad para dictar reglamentos y otras disposiciones.,"Ley 39/2015, de 1 de octubre",132,JURIDICO,
ESPECIAL,6,La iniciativa legislativa y la potestad para dictar reglamentos y otras disposiciones.,"Ley 39/2015, de 1 de octubre",133,JURIDICO,
ESPECIAL,6,La iniciativa legislativa y la potestad para dictar reglamentos y otras disposiciones.,PENDIENTE DE INVESTIGAR: normativa valenciana especifica de calidad normativa / hiperregulacion (posible Ley 6/2024 u otra), Ley 5/1983 arts.31-43 ya asignados en Parte General tema 9,,PENDIENTE
ESPECIAL,9,La Ley 39/2015:,"Ley 39/2015, de 1 de octubre",1,JURIDICO,
ESPECIAL,9,La Ley 39/2015:,"Ley 39/2015, de 1 de octubre",2,JURIDICO,
ESPECIAL,9,La Ley 39/2015:,"Ley 39/2015, de 1 de octubre",3,JURIDICO,
ESPECIAL,9,La Ley 39/2015:,"Ley 39/2015, de 1 de octubre",4,JURIDICO,
ESPECIAL,9,La Ley 39/2015:,"Ley 39/2015, de 1 de octubre",5,JURIDICO,
ESPECIAL,9,La Ley 39/2015:,"Ley 39/2015, de 1 de octubre",6,JURIDICO,
ESPECIAL,9,La Ley 39/2015:,"Ley 39/2015, de 1 de octubre",7,JURIDICO,
ESPECIAL,9,La Ley 39/2015:,"Ley 39/2015, de 1 de octubre",8,JURIDICO,
ESPECIAL,9,La Ley 39/2015:,"Ley 39/2015, de 1 de octubre",9,JURIDICO,
ESPECIAL,9,La Ley 39/2015:,"Ley 39/2015, de 1 de octubre",10,JURIDICO,
ESPECIAL,9,La Ley 39/2015:,"Ley 39/2015, de 1 de octubre",11,JURIDICO,
ESPECIAL,9,La Ley 39/2015:,"Ley 39/2015, de 1 de octubre",12,JURIDICO,
ESPECIAL,9,La Ley 39/2015:,"Ley 39/2015, de 1 de octubre",13,JURIDICO,
ESPECIAL,9,La Ley 39/2015:,"Ley 39/2015, de 1 de octubre",14,JURIDICO,
ESPECIAL,9,La Ley 39/2015:,"Ley 39/2015, de 1 de octubre",15,JURIDICO,
ESPECIAL,9,La Ley 39/2015:,"Ley 39/2015, de 1 de octubre",16,JURIDICO,
ESPECIAL,9,La Ley 39/2015:,"Ley 39/2015, de 1 de octubre",17,JURIDICO,
ESPECIAL,9,La Ley 39/2015:,"Ley 39/2015, de 1 de octubre",18,JURIDICO,
ESPECIAL,9,La Ley 39/2015:,"Ley 39/2015, de 1 de octubre",19,JURIDICO,
ESPECIAL,9,La Ley 39/2015:,"Ley 39/2015, de 1 de octubre",20,JURIDICO,
ESPECIAL,9,La Ley 39/2015:,"Ley 39/2015, de 1 de octubre",21,JURIDICO,
ESPECIAL,9,La Ley 39/2015:,"Ley 39/2015, de 1 de octubre",22,JURIDICO,
ESPECIAL,9,La Ley 39/2015:,"Ley 39/2015, de 1 de octubre",23,JURIDICO,
ESPECIAL,9,La Ley 39/2015:,"Ley 39/2015, de 1 de octubre",24,JURIDICO,
ESPECIAL,9,La Ley 39/2015:,"Ley 39/2015, de 1 de octubre",25,JURIDICO,
ESPECIAL,9,La Ley 39/2015:,"Ley 39/2015, de 1 de octubre",26,JURIDICO,
ESPECIAL,9,La Ley 39/2015:,"Ley 39/2015, de 1 de octubre",27,JURIDICO,
ESPECIAL,9,La Ley 39/2015:,"Ley 39/2015, de 1 de octubre",28,JURIDICO,
ESPECIAL,9,La Ley 39/2015:,"Ley 39/2015, de 1 de octubre",29,JURIDICO,
ESPECIAL,9,La Ley 39/2015:,"Ley 39/2015, de 1 de octubre",30,JURIDICO,
ESPECIAL,9,La Ley 39/2015:,"Ley 39/2015, de 1 de octubre",31,JURIDICO,
ESPECIAL,9,La Ley 39/2015:,"Ley 39/2015, de 1 de octubre",32,JURIDICO,
ESPECIAL,9,La Ley 39/2015:,"Ley 39/2015, de 1 de octubre",33,JURIDICO,
ESPECIAL,10,La Ley 39/2015:,"Ley 39/2015, de 1 de octubre",34,JURIDICO,
ESPECIAL,10,La Ley 39/2015:,"Ley 39/2015, de 1 de octubre",35,JURIDICO,
ESPECIAL,10,La Ley 39/2015:,"Ley 39/2015, de 1 de octubre",36,JURIDICO,
ESPECIAL,10,La Ley 39/2015:,"Ley 39/2015, de 1 de octubre",37,JURIDICO,
ESPECIAL,10,La Ley 39/2015:,"Ley 39/2015, de 1 de octubre",38,JURIDICO,
ESPECIAL,10,La Ley 39/2015:,"Ley 39/2015, de 1 de octubre",39,JURIDICO,
ESPECIAL,10,La Ley 39/2015:,"Ley 39/2015, de 1 de octubre",40,JURIDICO,
ESPECIAL,10,La Ley 39/2015:,"Ley 39/2015, de 1 de octubre",41,JURIDICO,
ESPECIAL,10,La Ley 39/2015:,"Ley 39/2015, de 1 de octubre",42,JURIDICO,
ESPECIAL,10,La Ley 39/2015:,"Ley 39/2015, de 1 de octubre",43,JURIDICO,
ESPECIAL,10,La Ley 39/2015:,"Ley 39/2015, de 1 de octubre",44,JURIDICO,
ESPECIAL,10,La Ley 39/2015:,"Ley 39/2015, de 1 de octubre",45,JURIDICO,
ESPECIAL,10,La Ley 39/2015:,"Ley 39/2015, de 1 de octubre",46,JURIDICO,
ESPECIAL,10,La Ley 39/2015:,"Ley 39/2015, de 1 de octubre",47,JURIDICO,
ESPECIAL,10,La Ley 39/2015:,"Ley 39/2015, de 1 de octubre",48,JURIDICO,
ESPECIAL,10,La Ley 39/2015:,"Ley 39/2015, de 1 de octubre",49,JURIDICO,
ESPECIAL,10,La Ley 39/2015:,"Ley 39/2015, de 1 de octubre",50,JURIDICO,
ESPECIAL,10,La Ley 39/2015:,"Ley 39/2015, de 1 de octubre",51,JURIDICO,
ESPECIAL,10,La Ley 39/2015:,"Ley 39/2015, de 1 de octubre",52,JURIDICO,
ESPECIAL,11,La Ley 39/2015:,"Ley 39/2015, de 1 de octubre",53,JURIDICO,
ESPECIAL,11,La Ley 39/2015:,"Ley 39/2015, de 1 de octubre",54,JURIDICO,
ESPECIAL,11,La Ley 39/2015:,"Ley 39/2015, de 1 de octubre",55,JURIDICO,
ESPECIAL,11,La Ley 39/2015:,"Ley 39/2015, de 1 de octubre",56,JURIDICO,
ESPECIAL,11,La Ley 39/2015:,"Ley 39/2015, de 1 de octubre",57,JURIDICO,
ESPECIAL,11,La Ley 39/2015:,"Ley 39/2015, de 1 de octubre",58,JURIDICO,
ESPECIAL,11,La Ley 39/2015:,"Ley 39/2015, de 1 de octubre",59,JURIDICO,
ESPECIAL,11,La Ley 39/2015:,"Ley 39/2015, de 1 de octubre",60,JURIDICO,
ESPECIAL,11,La Ley 39/2015:,"Ley 39/2015, de 1 de octubre",61,JURIDICO,
ESPECIAL,11,La Ley 39/2015:,"Ley 39/2015, de 1 de octubre",62,JURIDICO,
ESPECIAL,11,La Ley 39/2015:,"Ley 39/2015, de 1 de octubre",63,JURIDICO,
ESPECIAL,11,La Ley 39/2015:,"Ley 39/2015, de 1 de octubre",64,JURIDICO,
ESPECIAL,11,La Ley 39/2015:,"Ley 39/2015, de 1 de octubre",65,JURIDICO,
ESPECIAL,11,La Ley 39/2015:,"Ley 39/2015, de 1 de octubre",66,JURIDICO,
ESPECIAL,11,La Ley 39/2015:,"Ley 39/2015, de 1 de octubre",67,JURIDICO,
ESPECIAL,11,La Ley 39/2015:,"Ley 39/2015, de 1 de octubre",68,JURIDICO,
ESPECIAL,11,La Ley 39/2015:,"Ley 39/2015, de 1 de octubre",69,JURIDICO,
ESPECIAL,11,La Ley 39/2015:,"Ley 39/2015, de 1 de octubre",70,JURIDICO,
ESPECIAL,11,La Ley 39/2015:,"Ley 39/2015, de 1 de octubre",71,JURIDICO,
ESPECIAL,11,La Ley 39/2015:,"Ley 39/2015, de 1 de octubre",72,JURIDICO,
ESPECIAL,11,La Ley 39/2015:,"Ley 39/2015, de 1 de octubre",73,JURIDICO,
ESPECIAL,11,La Ley 39/2015:,"Ley 39/2015, de 1 de octubre",74,JURIDICO,
ESPECIAL,11,La Ley 39/2015:,"Ley 39/2015, de 1 de octubre",75,JURIDICO,
ESPECIAL,11,La Ley 39/2015:,"Ley 39/2015, de 1 de octubre",76,JURIDICO,
ESPECIAL,11,La Ley 39/2015:,"Ley 39/2015, de 1 de octubre",77,JURIDICO,
ESPECIAL,11,La Ley 39/2015:,"Ley 39/2015, de 1 de octubre",78,JURIDICO,
ESPECIAL,11,La Ley 39/2015:,"Ley 39/2015, de 1 de octubre",79,JURIDICO,
ESPECIAL,11,La Ley 39/2015:,"Ley 39/2015, de 1 de octubre",80,JURIDICO,
ESPECIAL,11,La Ley 39/2015:,"Ley 39/2015, de 1 de octubre",81,JURIDICO,
ESPECIAL,11,La Ley 39/2015:,"Ley 39/2015, de 1 de octubre",82,JURIDICO,
ESPECIAL,11,La Ley 39/2015:,"Ley 39/2015, de 1 de octubre",83,JURIDICO,
ESPECIAL,11,La Ley 39/2015:,"Ley 39/2015, de 1 de octubre",84,JURIDICO,
ESPECIAL,11,La Ley 39/2015:,"Ley 39/2015, de 1 de octubre",85,JURIDICO,
ESPECIAL,11,La Ley 39/2015:,"Ley 39/2015, de 1 de octubre",86,JURIDICO,
ESPECIAL,11,La Ley 39/2015:,"Ley 39/2015, de 1 de octubre",87,JURIDICO,
ESPECIAL,11,La Ley 39/2015:,"Ley 39/2015, de 1 de octubre",88,JURIDICO,
ESPECIAL,11,La Ley 39/2015:,"Ley 39/2015, de 1 de octubre",89,JURIDICO,
ESPECIAL,11,La Ley 39/2015:,"Ley 39/2015, de 1 de octubre",90,JURIDICO,
ESPECIAL,11,La Ley 39/2015:,"Ley 39/2015, de 1 de octubre",91,JURIDICO,
ESPECIAL,11,La Ley 39/2015:,"Ley 39/2015, de 1 de octubre",92,JURIDICO,
ESPECIAL,11,La Ley 39/2015:,"Ley 39/2015, de 1 de octubre",93,JURIDICO,
ESPECIAL,11,La Ley 39/2015:,"Ley 39/2015, de 1 de octubre",94,JURIDICO,
ESPECIAL,11,La Ley 39/2015:,"Ley 39/2015, de 1 de octubre",95,JURIDICO,
ESPECIAL,11,La Ley 39/2015:,"Ley 39/2015, de 1 de octubre",96,JURIDICO,
ESPECIAL,11,La Ley 39/2015:,"Ley 39/2015, de 1 de octubre",97,JURIDICO,
ESPECIAL,11,La Ley 39/2015:,"Ley 39/2015, de 1 de octubre",98,JURIDICO,
ESPECIAL,11,La Ley 39/2015:,"Ley 39/2015, de 1 de octubre",99,JURIDICO,
ESPECIAL,11,La Ley 39/2015:,"Ley 39/2015, de 1 de octubre",100,JURIDICO,
ESPECIAL,11,La Ley 39/2015:,"Ley 39/2015, de 1 de octubre",101,JURIDICO,
ESPECIAL,11,La Ley 39/2015:,"Ley 39/2015, de 1 de octubre",102,JURIDICO,
ESPECIAL,11,La Ley 39/2015:,"Ley 39/2015, de 1 de octubre",103,JURIDICO,
ESPECIAL,11,La Ley 39/2015:,"Ley 39/2015, de 1 de octubre",104,JURIDICO,
ESPECIAL,11,La Ley 39/2015:,"Ley 39/2015, de 1 de octubre",105,JURIDICO,
ESPECIAL,12,La Ley 39/2015:,"Ley 39/2015, de 1 de octubre",106,JURIDICO,
ESPECIAL,12,La Ley 39/2015:,"Ley 39/2015, de 1 de octubre",107,JURIDICO,
ESPECIAL,12,La Ley 39/2015:,"Ley 39/2015, de 1 de octubre",108,JURIDICO,
ESPECIAL,12,La Ley 39/2015:,"Ley 39/2015, de 1 de octubre",109,JURIDICO,
ESPECIAL,12,La Ley 39/2015:,"Ley 39/2015, de 1 de octubre",110,JURIDICO,
ESPECIAL,12,La Ley 39/2015:,"Ley 39/2015, de 1 de octubre",111,JURIDICO,
ESPECIAL,12,La Ley 39/2015:,"Ley 39/2015, de 1 de octubre",112,JURIDICO,
ESPECIAL,12,La Ley 39/2015:,"Ley 39/2015, de 1 de octubre",113,JURIDICO,
ESPECIAL,12,La Ley 39/2015:,"Ley 39/2015, de 1 de octubre",114,JURIDICO,
ESPECIAL,12,La Ley 39/2015:,"Ley 39/2015, de 1 de octubre",115,JURIDICO,
ESPECIAL,12,La Ley 39/2015:,"Ley 39/2015, de 1 de octubre",116,JURIDICO,
ESPECIAL,12,La Ley 39/2015:,"Ley 39/2015, de 1 de octubre",117,JURIDICO,
ESPECIAL,12,La Ley 39/2015:,"Ley 39/2015, de 1 de octubre",118,JURIDICO,
ESPECIAL,12,La Ley 39/2015:,"Ley 39/2015, de 1 de octubre",119,JURIDICO,
ESPECIAL,12,La Ley 39/2015:,"Ley 39/2015, de 1 de octubre",120,JURIDICO,
ESPECIAL,12,La Ley 39/2015:,"Ley 39/2015, de 1 de octubre",121,JURIDICO,
ESPECIAL,12,La Ley 39/2015:,"Ley 39/2015, de 1 de octubre",122,JURIDICO,
ESPECIAL,12,La Ley 39/2015:,"Ley 39/2015, de 1 de octubre",123,JURIDICO,
ESPECIAL,12,La Ley 39/2015:,"Ley 39/2015, de 1 de octubre",124,JURIDICO,
ESPECIAL,12,La Ley 39/2015:,"Ley 39/2015, de 1 de octubre",125,JURIDICO,
ESPECIAL,12,La Ley 39/2015:,"Ley 39/2015, de 1 de octubre",126,JURIDICO,
ESPECIAL,13,La Ley 40/2015:,"Ley 40/2015, de 1 de octubre",1,JURIDICO,
ESPECIAL,13,La Ley 40/2015:,"Ley 40/2015, de 1 de octubre",2,JURIDICO,
ESPECIAL,13,La Ley 40/2015:,"Ley 40/2015, de 1 de octubre",3,JURIDICO,
ESPECIAL,13,La Ley 40/2015:,"Ley 40/2015, de 1 de octubre",4,JURIDICO,
ESPECIAL,13,La Ley 40/2015:,"Ley 40/2015, de 1 de octubre",5,JURIDICO,
ESPECIAL,13,La Ley 40/2015:,"Ley 40/2015, de 1 de octubre",6,JURIDICO,
ESPECIAL,13,La Ley 40/2015:,"Ley 40/2015, de 1 de octubre",7,JURIDICO,
ESPECIAL,13,La Ley 40/2015:,"Ley 40/2015, de 1 de octubre",8,JURIDICO,
ESPECIAL,13,La Ley 40/2015:,"Ley 40/2015, de 1 de octubre",9,JURIDICO,
ESPECIAL,13,La Ley 40/2015:,"Ley 40/2015, de 1 de octubre",10,JURIDICO,
ESPECIAL,13,La Ley 40/2015:,"Ley 40/2015, de 1 de octubre",11,JURIDICO,
ESPECIAL,13,La Ley 40/2015:,"Ley 40/2015, de 1 de octubre",12,JURIDICO,
ESPECIAL,13,La Ley 40/2015:,"Ley 40/2015, de 1 de octubre",13,JURIDICO,
ESPECIAL,13,La Ley 40/2015:,"Ley 40/2015, de 1 de octubre",14,JURIDICO,
ESPECIAL,13,La Ley 40/2015:,"Ley 40/2015, de 1 de octubre",15,JURIDICO,
ESPECIAL,13,La Ley 40/2015:,"Ley 40/2015, de 1 de octubre",16,JURIDICO,
ESPECIAL,13,La Ley 40/2015:,"Ley 40/2015, de 1 de octubre",17,JURIDICO,
ESPECIAL,13,La Ley 40/2015:,"Ley 40/2015, de 1 de octubre",18,JURIDICO,
ESPECIAL,13,La Ley 40/2015:,"Ley 40/2015, de 1 de octubre",19,JURIDICO,
ESPECIAL,13,La Ley 40/2015:,"Ley 40/2015, de 1 de octubre",20,JURIDICO,
ESPECIAL,13,La Ley 40/2015:,"Ley 40/2015, de 1 de octubre",21,JURIDICO,
ESPECIAL,13,La Ley 40/2015:,"Ley 40/2015, de 1 de octubre",22,JURIDICO,
ESPECIAL,13,La Ley 40/2015:,"Ley 40/2015, de 1 de octubre",23,JURIDICO,
ESPECIAL,13,La Ley 40/2015:,"Ley 40/2015, de 1 de octubre",24,JURIDICO,
ESPECIAL,13,La Ley 40/2015:,"Ley 40/2015, de 1 de octubre",38,JURIDICO,
ESPECIAL,13,La Ley 40/2015:,"Ley 40/2015, de 1 de octubre",39,JURIDICO,
ESPECIAL,13,La Ley 40/2015:,"Ley 40/2015, de 1 de octubre",40,JURIDICO,
ESPECIAL,13,La Ley 40/2015:,"Ley 40/2015, de 1 de octubre",41,JURIDICO,
ESPECIAL,13,La Ley 40/2015:,"Ley 40/2015, de 1 de octubre",42,JURIDICO,
ESPECIAL,13,La Ley 40/2015:,"Ley 40/2015, de 1 de octubre",43,JURIDICO,
ESPECIAL,13,La Ley 40/2015:,"Ley 40/2015, de 1 de octubre",44,JURIDICO,
ESPECIAL,13,La Ley 40/2015:,"Ley 40/2015, de 1 de octubre",45,JURIDICO,
ESPECIAL,13,La Ley 40/2015:,"Ley 40/2015, de 1 de octubre",46,JURIDICO,
ESPECIAL,13,La Ley 40/2015:,"Ley 40/2015, de 1 de octubre",47,JURIDICO,
ESPECIAL,13,La Ley 40/2015:,"Ley 40/2015, de 1 de octubre",48,JURIDICO,
ESPECIAL,13,La Ley 40/2015:,"Ley 40/2015, de 1 de octubre",49,JURIDICO,
ESPECIAL,13,La Ley 40/2015:,"Ley 40/2015, de 1 de octubre",50,JURIDICO,
ESPECIAL,13,La Ley 40/2015:,"Ley 40/2015, de 1 de octubre",51,JURIDICO,
ESPECIAL,13,La Ley 40/2015:,"Ley 40/2015, de 1 de octubre",52,JURIDICO,
ESPECIAL,13,La Ley 40/2015:,"Ley 40/2015, de 1 de octubre",53,JURIDICO,
ESPECIAL,13,La Ley 40/2015:,"Ley 40/2015, de 1 de octubre",140,JURIDICO,
ESPECIAL,13,La Ley 40/2015:,"Ley 40/2015, de 1 de octubre",141,JURIDICO,
ESPECIAL,13,La Ley 40/2015:,"Ley 40/2015, de 1 de octubre",142,JURIDICO,
ESPECIAL,13,La Ley 40/2015:,"Ley 40/2015, de 1 de octubre",143,JURIDICO,
ESPECIAL,13,La Ley 40/2015:,"Ley 40/2015, de 1 de octubre",144,JURIDICO,
ESPECIAL,13,La Ley 40/2015:,"Ley 40/2015, de 1 de octubre",145,JURIDICO,
ESPECIAL,13,La Ley 40/2015:,"Ley 40/2015, de 1 de octubre",146,JURIDICO,
ESPECIAL,13,La Ley 40/2015:,"Ley 40/2015, de 1 de octubre",147,JURIDICO,
ESPECIAL,13,La Ley 40/2015:,"Ley 40/2015, de 1 de octubre",148,JURIDICO,
ESPECIAL,13,La Ley 40/2015:,"Ley 40/2015, de 1 de octubre",149,JURIDICO,
ESPECIAL,13,La Ley 40/2015:,"Ley 40/2015, de 1 de octubre",150,JURIDICO,
ESPECIAL,13,La Ley 40/2015:,"Ley 40/2015, de 1 de octubre",151,JURIDICO,
ESPECIAL,13,La Ley 40/2015:,"Ley 40/2015, de 1 de octubre",152,JURIDICO,
ESPECIAL,13,La Ley 40/2015:,"Ley 40/2015, de 1 de octubre",153,JURIDICO,
ESPECIAL,13,La Ley 40/2015:,"Ley 40/2015, de 1 de octubre",154,JURIDICO,
ESPECIAL,13,La Ley 40/2015:,"Ley 40/2015, de 1 de octubre",155,JURIDICO,
ESPECIAL,13,La Ley 40/2015:,"Ley 40/2015, de 1 de octubre",156,JURIDICO,
ESPECIAL,13,La Ley 40/2015:,"Ley 40/2015, de 1 de octubre",157,JURIDICO,
ESPECIAL,13,La Ley 40/2015:,"Ley 40/2015, de 1 de octubre",158,JURIDICO,
ESPECIAL,13,La Ley 40/2015:,"PENDIENTE DE INVESTIGAR: Decreto 176/2014, de 10 de octubre, del Consell (convenios)",,PENDIENTE,
ESPECIAL,14,La Ley 40/2015:,"Ley 40/2015, de 1 de octubre",54,JURIDICO,
ESPECIAL,14,La Ley 40/2015:,"Ley 40/2015, de 1 de octubre",55,JURIDICO,
ESPECIAL,14,La Ley 40/2015:,"Ley 40/2015, de 1 de octubre",56,JURIDICO,
ESPECIAL,14,La Ley 40/2015:,"Ley 40/2015, de 1 de octubre",57,JURIDICO,
ESPECIAL,14,La Ley 40/2015:,"Ley 40/2015, de 1 de octubre",58,JURIDICO,
ESPECIAL,14,La Ley 40/2015:,"Ley 40/2015, de 1 de octubre",59,JURIDICO,
ESPECIAL,14,La Ley 40/2015:,"Ley 40/2015, de 1 de octubre",60,JURIDICO,
ESPECIAL,14,La Ley 40/2015:,"Ley 40/2015, de 1 de octubre",61,JURIDICO,
ESPECIAL,14,La Ley 40/2015:,"Ley 40/2015, de 1 de octubre",62,JURIDICO,
ESPECIAL,14,La Ley 40/2015:,"Ley 40/2015, de 1 de octubre",63,JURIDICO,
ESPECIAL,14,La Ley 40/2015:,"Ley 40/2015, de 1 de octubre",64,JURIDICO,
ESPECIAL,14,La Ley 40/2015:,"Ley 40/2015, de 1 de octubre",65,JURIDICO,
ESPECIAL,14,La Ley 40/2015:,"Ley 40/2015, de 1 de octubre",66,JURIDICO,
ESPECIAL,14,La Ley 40/2015:,"Ley 40/2015, de 1 de octubre",67,JURIDICO,
ESPECIAL,14,La Ley 40/2015:,"Ley 40/2015, de 1 de octubre",68,JURIDICO,
ESPECIAL,14,La Ley 40/2015:,"Ley 40/2015, de 1 de octubre",69,JURIDICO,
ESPECIAL,14,La Ley 40/2015:,"Ley 40/2015, de 1 de octubre",70,JURIDICO,
ESPECIAL,14,La Ley 40/2015:,"Ley 40/2015, de 1 de octubre",71,JURIDICO,
ESPECIAL,14,La Ley 40/2015:,"Ley 40/2015, de 1 de octubre",72,JURIDICO,
ESPECIAL,14,La Ley 40/2015:,"Ley 40/2015, de 1 de octubre",73,JURIDICO,
ESPECIAL,14,La Ley 40/2015:,"Ley 40/2015, de 1 de octubre",74,JURIDICO,
ESPECIAL,14,La Ley 40/2015:,"Ley 40/2015, de 1 de octubre",75,JURIDICO,
ESPECIAL,14,La Ley 40/2015:,"Ley 40/2015, de 1 de octubre",76,JURIDICO,
ESPECIAL,14,La Ley 40/2015:,"Ley 40/2015, de 1 de octubre",77,JURIDICO,
ESPECIAL,14,La Ley 40/2015:,"Ley 40/2015, de 1 de octubre",78,JURIDICO,
ESPECIAL,14,La Ley 40/2015:,"Ley 40/2015, de 1 de octubre",79,JURIDICO,
ESPECIAL,14,La Ley 40/2015:,"Ley 40/2015, de 1 de octubre",80,JURIDICO,
ESPECIAL,14,La Ley 40/2015:,"Ley 40/2015, de 1 de octubre",81,JURIDICO,
ESPECIAL,14,La Ley 40/2015:,"Ley 40/2015, de 1 de octubre",82,JURIDICO,
ESPECIAL,14,La Ley 40/2015:,"Ley 40/2015, de 1 de octubre",83,JURIDICO,
ESPECIAL,14,La Ley 40/2015:,"Ley 40/2015, de 1 de octubre",84,JURIDICO,
ESPECIAL,14,La Ley 40/2015:,"Ley 40/2015, de 1 de octubre",85,JURIDICO,
ESPECIAL,14,La Ley 40/2015:,"Ley 40/2015, de 1 de octubre",86,JURIDICO,
ESPECIAL,14,La Ley 40/2015:,"Ley 40/2015, de 1 de octubre",87,JURIDICO,
ESPECIAL,14,La Ley 40/2015:,"Ley 40/2015, de 1 de octubre",88,JURIDICO,
ESPECIAL,14,La Ley 40/2015:,"Ley 40/2015, de 1 de octubre",89,JURIDICO,
ESPECIAL,14,La Ley 40/2015:,"Ley 40/2015, de 1 de octubre",90,JURIDICO,
ESPECIAL,14,La Ley 40/2015:,"Ley 40/2015, de 1 de octubre",91,JURIDICO,
ESPECIAL,14,La Ley 40/2015:,"Ley 40/2015, de 1 de octubre",92,JURIDICO,
ESPECIAL,14,La Ley 40/2015:,"Ley 40/2015, de 1 de octubre",93,JURIDICO,
ESPECIAL,14,La Ley 40/2015:,"Ley 40/2015, de 1 de octubre",94,JURIDICO,
ESPECIAL,14,La Ley 40/2015:,"Ley 40/2015, de 1 de octubre",95,JURIDICO,
ESPECIAL,14,La Ley 40/2015:,"Ley 40/2015, de 1 de octubre",96,JURIDICO,
ESPECIAL,14,La Ley 40/2015:,"Ley 40/2015, de 1 de octubre",97,JURIDICO,
ESPECIAL,14,La Ley 40/2015:,"Ley 40/2015, de 1 de octubre",98,JURIDICO,
ESPECIAL,14,La Ley 40/2015:,"Ley 40/2015, de 1 de octubre",99,JURIDICO,
ESPECIAL,14,La Ley 40/2015:,"Ley 40/2015, de 1 de octubre",100,JURIDICO,
ESPECIAL,14,La Ley 40/2015:,"Ley 40/2015, de 1 de octubre",101,JURIDICO,
ESPECIAL,14,La Ley 40/2015:,"Ley 40/2015, de 1 de octubre",102,JURIDICO,
ESPECIAL,14,La Ley 40/2015:,"Ley 40/2015, de 1 de octubre",103,JURIDICO,
ESPECIAL,14,La Ley 40/2015:,"Ley 40/2015, de 1 de octubre",104,JURIDICO,
ESPECIAL,14,La Ley 40/2015:,"Ley 40/2015, de 1 de octubre",105,JURIDICO,
ESPECIAL,14,La Ley 40/2015:,"Ley 40/2015, de 1 de octubre",106,JURIDICO,
ESPECIAL,14,La Ley 40/2015:,"Ley 40/2015, de 1 de octubre",107,JURIDICO,
ESPECIAL,14,La Ley 40/2015:,"Ley 40/2015, de 1 de octubre",108,JURIDICO,
ESPECIAL,14,La Ley 40/2015:,"Ley 40/2015, de 1 de octubre",109,JURIDICO,
ESPECIAL,14,La Ley 40/2015:,"Ley 40/2015, de 1 de octubre",110,JURIDICO,
ESPECIAL,14,La Ley 40/2015:,"Ley 40/2015, de 1 de octubre",111,JURIDICO,
ESPECIAL,14,La Ley 40/2015:,"Ley 40/2015, de 1 de octubre",112,JURIDICO,
ESPECIAL,14,La Ley 40/2015:,"Ley 40/2015, de 1 de octubre",113,JURIDICO,
ESPECIAL,14,La Ley 40/2015:,"Ley 40/2015, de 1 de octubre",114,JURIDICO,
ESPECIAL,14,La Ley 40/2015:,"Ley 40/2015, de 1 de octubre",115,JURIDICO,
ESPECIAL,14,La Ley 40/2015:,"Ley 40/2015, de 1 de octubre",116,JURIDICO,
ESPECIAL,14,La Ley 40/2015:,"Ley 40/2015, de 1 de octubre",117,JURIDICO,
ESPECIAL,14,La Ley 40/2015:,"Ley 40/2015, de 1 de octubre",118,JURIDICO,
ESPECIAL,14,La Ley 40/2015:,"Ley 40/2015, de 1 de octubre",119,JURIDICO,
ESPECIAL,14,La Ley 40/2015:,"Ley 40/2015, de 1 de octubre",120,JURIDICO,
ESPECIAL,14,La Ley 40/2015:,"Ley 40/2015, de 1 de octubre",121,JURIDICO,
ESPECIAL,14,La Ley 40/2015:,"Ley 40/2015, de 1 de octubre",122,JURIDICO,
ESPECIAL,14,La Ley 40/2015:,"Ley 40/2015, de 1 de octubre",123,JURIDICO,
ESPECIAL,14,La Ley 40/2015:,"Ley 40/2015, de 1 de octubre",124,JURIDICO,
ESPECIAL,14,La Ley 40/2015:,"Ley 40/2015, de 1 de octubre",125,JURIDICO,
ESPECIAL,14,La Ley 40/2015:,"Ley 40/2015, de 1 de octubre",126,JURIDICO,
ESPECIAL,14,La Ley 40/2015:,"Ley 40/2015, de 1 de octubre",127,JURIDICO,
ESPECIAL,14,La Ley 40/2015:,"Ley 40/2015, de 1 de octubre",128,JURIDICO,
ESPECIAL,14,La Ley 40/2015:,"Ley 40/2015, de 1 de octubre",129,JURIDICO,
ESPECIAL,14,La Ley 40/2015:,"Ley 40/2015, de 1 de octubre",130,JURIDICO,
ESPECIAL,14,La Ley 40/2015:,"Ley 40/2015, de 1 de octubre",131,JURIDICO,
ESPECIAL,14,La Ley 40/2015:,"Ley 40/2015, de 1 de octubre",132,JURIDICO,
ESPECIAL,14,La Ley 40/2015:,"Ley 40/2015, de 1 de octubre",133,JURIDICO,
ESPECIAL,14,La Ley 40/2015:,"Ley 40/2015, de 1 de octubre",134,JURIDICO,
ESPECIAL,14,La Ley 40/2015:,"Ley 40/2015, de 1 de octubre",135,JURIDICO,
ESPECIAL,14,La Ley 40/2015:,"Ley 40/2015, de 1 de octubre",136,JURIDICO,
ESPECIAL,14,La Ley 40/2015:,"Ley 40/2015, de 1 de octubre",137,JURIDICO,
ESPECIAL,14,La Ley 40/2015:,"Ley 40/2015, de 1 de octubre",138,JURIDICO,
ESPECIAL,14,La Ley 40/2015:,"Ley 40/2015, de 1 de octubre",139,JURIDICO,
ESPECIAL,15,La potestad sancionadora de la Administracion.,"Ley 40/2015, de 1 de octubre [VALIDAR RANGO]",25,JURIDICO,
ESPECIAL,15,La potestad sancionadora de la Administracion.,"Ley 40/2015, de 1 de octubre [VALIDAR RANGO]",26,JURIDICO,
ESPECIAL,15,La potestad sancionadora de la Administracion.,"Ley 40/2015, de 1 de octubre [VALIDAR RANGO]",27,JURIDICO,
ESPECIAL,15,La potestad sancionadora de la Administracion.,"Ley 40/2015, de 1 de octubre [VALIDAR RANGO]",28,JURIDICO,
ESPECIAL,15,La potestad sancionadora de la Administracion.,"Ley 40/2015, de 1 de octubre [VALIDAR RANGO]",29,JURIDICO,
ESPECIAL,15,La potestad sancionadora de la Administracion.,"Ley 40/2015, de 1 de octubre [VALIDAR RANGO]",30,JURIDICO,
ESPECIAL,15,La potestad sancionadora de la Administracion.,"Ley 40/2015, de 1 de octubre [VALIDAR RANGO]",31,JURIDICO,
ESPECIAL,16,La responsabilidad patrimonial de la Administracion Publica.,"Ley 40/2015, de 1 de octubre [VALIDAR RANGO]",32,JURIDICO,
ESPECIAL,16,La responsabilidad patrimonial de la Administracion Publica.,"Ley 40/2015, de 1 de octubre [VALIDAR RANGO]",33,JURIDICO,
ESPECIAL,16,La responsabilidad patrimonial de la Administracion Publica.,"Ley 40/2015, de 1 de octubre [VALIDAR RANGO]",34,JURIDICO,
ESPECIAL,16,La responsabilidad patrimonial de la Administracion Publica.,"Ley 40/2015, de 1 de octubre [VALIDAR RANGO]",35,JURIDICO,
ESPECIAL,16,La responsabilidad patrimonial de la Administracion Publica.,"Ley 40/2015, de 1 de octubre [VALIDAR RANGO]",36,JURIDICO,
ESPECIAL,16,La responsabilidad patrimonial de la Administracion Publica.,"Ley 40/2015, de 1 de octubre [VALIDAR RANGO]",37,JURIDICO,
ESPECIAL,18,Las formas de actividad administrativa.,"DOCTRINAL/CONCEPTUAL - sin articulo asignable (para evitar duplicados con otros temas): doctrinal, sin ley unica de referencia",,DOCTRINAL,
ESPECIAL,19,La Administracion electronica.,PENDIENTE DE INVESTIGAR: Real Decreto 203/2021 + Decreto 54/2025 del Consell - estructura por verificar (arts.14-17 Ley 39/2015 ya asignados en tema 9),,PENDIENTE,
ESPECIAL,20,"Ley 38/2003, general de subvenciones.","Ley 38/2003, de 17 de noviembre",1,JURIDICO,
ESPECIAL,20,"Ley 38/2003, general de subvenciones.","Ley 38/2003, de 17 de noviembre",2,JURIDICO,
ESPECIAL,20,"Ley 38/2003, general de subvenciones.","Ley 38/2003, de 17 de noviembre",3,JURIDICO,
ESPECIAL,20,"Ley 38/2003, general de subvenciones.","Ley 38/2003, de 17 de noviembre",4,JURIDICO,
ESPECIAL,20,"Ley 38/2003, general de subvenciones.","Ley 38/2003, de 17 de noviembre",5,JURIDICO,
ESPECIAL,20,"Ley 38/2003, general de subvenciones.","Ley 38/2003, de 17 de noviembre",6,JURIDICO,
ESPECIAL,20,"Ley 38/2003, general de subvenciones.","Ley 38/2003, de 17 de noviembre",7,JURIDICO,
ESPECIAL,20,"Ley 38/2003, general de subvenciones.","Ley 38/2003, de 17 de noviembre",8,JURIDICO,
ESPECIAL,20,"Ley 38/2003, general de subvenciones.","Ley 38/2003, de 17 de noviembre",9,JURIDICO,
ESPECIAL,20,"Ley 38/2003, general de subvenciones.","Ley 38/2003, de 17 de noviembre",10,JURIDICO,
ESPECIAL,20,"Ley 38/2003, general de subvenciones.","Ley 38/2003, de 17 de noviembre",11,JURIDICO,
ESPECIAL,20,"Ley 38/2003, general de subvenciones.","Ley 38/2003, de 17 de noviembre",12,JURIDICO,
ESPECIAL,20,"Ley 38/2003, general de subvenciones.","Ley 38/2003, de 17 de noviembre",13,JURIDICO,
ESPECIAL,20,"Ley 38/2003, general de subvenciones.","Ley 38/2003, de 17 de noviembre",14,JURIDICO,
ESPECIAL,20,"Ley 38/2003, general de subvenciones.","Ley 38/2003, de 17 de noviembre",15,JURIDICO,
ESPECIAL,20,"Ley 38/2003, general de subvenciones.","Ley 38/2003, de 17 de noviembre",16,JURIDICO,
ESPECIAL,20,"Ley 38/2003, general de subvenciones.","Ley 38/2003, de 17 de noviembre",17,JURIDICO,
ESPECIAL,20,"Ley 38/2003, general de subvenciones.","Ley 38/2003, de 17 de noviembre",18,JURIDICO,
ESPECIAL,20,"Ley 38/2003, general de subvenciones.","Ley 38/2003, de 17 de noviembre",19,JURIDICO,
ESPECIAL,20,"Ley 38/2003, general de subvenciones.","Ley 38/2003, de 17 de noviembre",20,JURIDICO,
ESPECIAL,20,"Ley 38/2003, general de subvenciones.","Ley 38/2003, de 17 de noviembre",21,JURIDICO,
ESPECIAL,20,"Ley 38/2003, general de subvenciones.","Ley 38/2003, de 17 de noviembre",22,JURIDICO,
ESPECIAL,20,"Ley 38/2003, general de subvenciones.","Ley 38/2003, de 17 de noviembre",23,JURIDICO,
ESPECIAL,20,"Ley 38/2003, general de subvenciones.","Ley 38/2003, de 17 de noviembre",24,JURIDICO,
ESPECIAL,20,"Ley 38/2003, general de subvenciones.","Ley 38/2003, de 17 de noviembre",25,JURIDICO,
ESPECIAL,20,"Ley 38/2003, general de subvenciones.","Ley 38/2003, de 17 de noviembre",26,JURIDICO,
ESPECIAL,20,"Ley 38/2003, general de subvenciones.","Ley 38/2003, de 17 de noviembre",27,JURIDICO,
ESPECIAL,20,"Ley 38/2003, general de subvenciones.","Ley 38/2003, de 17 de noviembre",28,JURIDICO,
ESPECIAL,20,"Ley 38/2003, general de subvenciones.","Ley 38/2003, de 17 de noviembre",29,JURIDICO,
ESPECIAL,20,"Ley 38/2003, general de subvenciones.","Ley 38/2003, de 17 de noviembre",30,JURIDICO,
ESPECIAL,20,"Ley 38/2003, general de subvenciones.","Ley 38/2003, de 17 de noviembre",31,JURIDICO,
ESPECIAL,20,"Ley 38/2003, general de subvenciones.","Ley 38/2003, de 17 de noviembre",32,JURIDICO,
ESPECIAL,20,"Ley 38/2003, general de subvenciones.","Ley 38/2003, de 17 de noviembre",33,JURIDICO,
ESPECIAL,20,"Ley 38/2003, general de subvenciones.","Ley 38/2003, de 17 de noviembre",34,JURIDICO,
ESPECIAL,20,"Ley 38/2003, general de subvenciones.","Ley 38/2003, de 17 de noviembre",35,JURIDICO,
ESPECIAL,20,"Ley 38/2003, general de subvenciones.","Ley 1/2015, de 6 de febrero [VALIDAR TITULO X]",159,JURIDICO,
ESPECIAL,20,"Ley 38/2003, general de subvenciones.","Ley 1/2015, de 6 de febrero [VALIDAR TITULO X]",160,JURIDICO,
ESPECIAL,20,"Ley 38/2003, general de subvenciones.","Ley 1/2015, de 6 de febrero [VALIDAR TITULO X]",161,JURIDICO,
ESPECIAL,20,"Ley 38/2003, general de subvenciones.","Ley 1/2015, de 6 de febrero [VALIDAR TITULO X]",162,JURIDICO,
ESPECIAL,20,"Ley 38/2003, general de subvenciones.","Ley 1/2015, de 6 de febrero [VALIDAR TITULO X]",163,JURIDICO,
ESPECIAL,20,"Ley 38/2003, general de subvenciones.","Ley 1/2015, de 6 de febrero [VALIDAR TITULO X]",164,JURIDICO,
ESPECIAL,20,"Ley 38/2003, general de subvenciones.","Ley 1/2015, de 6 de febrero [VALIDAR TITULO X]",165,JURIDICO,
ESPECIAL,20,"Ley 38/2003, general de subvenciones.","Ley 1/2015, de 6 de febrero [VALIDAR TITULO X]",166,JURIDICO,
ESPECIAL,20,"Ley 38/2003, general de subvenciones.","Ley 1/2015, de 6 de febrero [VALIDAR TITULO X]",167,JURIDICO,
ESPECIAL,20,"Ley 38/2003, general de subvenciones.","Ley 1/2015, de 6 de febrero [VALIDAR TITULO X]",168,JURIDICO,
ESPECIAL,20,"Ley 38/2003, general de subvenciones.","Ley 1/2015, de 6 de febrero [VALIDAR TITULO X]",169,JURIDICO,
ESPECIAL,20,"Ley 38/2003, general de subvenciones.","Ley 1/2015, de 6 de febrero [VALIDAR TITULO X]",170,JURIDICO,
ESPECIAL,20,"Ley 38/2003, general de subvenciones.","Ley 1/2015, de 6 de febrero [VALIDAR TITULO X]",171,JURIDICO,
ESPECIAL,20,"Ley 38/2003, general de subvenciones.","Ley 1/2015, de 6 de febrero [VALIDAR TITULO X]",172,JURIDICO,
ESPECIAL,20,"Ley 38/2003, general de subvenciones.","Ley 1/2015, de 6 de febrero [VALIDAR TITULO X]",173,JURIDICO,
ESPECIAL,20,"Ley 38/2003, general de subvenciones.","Ley 1/2015, de 6 de febrero [VALIDAR TITULO X]",174,JURIDICO,
ESPECIAL,20,"Ley 38/2003, general de subvenciones.","Ley 1/2015, de 6 de febrero [VALIDAR TITULO X]",175,JURIDICO,
ESPECIAL,20,"Ley 38/2003, general de subvenciones.","Ley 1/2015, de 6 de febrero [VALIDAR TITULO X]",176,JURIDICO,
ESPECIAL,20,"Ley 38/2003, general de subvenciones.","Ley 1/2015, de 6 de febrero [VALIDAR TITULO X]",177,JURIDICO,
ESPECIAL,20,"Ley 38/2003, general de subvenciones.","Ley 1/2015, de 6 de febrero [VALIDAR TITULO X]",178,JURIDICO,
ESPECIAL,20,"Ley 38/2003, general de subvenciones.","PENDIENTE DE INVESTIGAR: Decreto 128/2017, de 29 de septiembre, del Consell",,PENDIENTE,
ESPECIAL,21,Los contratos del sector publico (I):,"Ley 9/2017, de 8 de noviembre [VALIDAR RANGO LIBRO I]",1,JURIDICO,
ESPECIAL,21,Los contratos del sector publico (I):,"Ley 9/2017, de 8 de noviembre [VALIDAR RANGO LIBRO I]",2,JURIDICO,
ESPECIAL,21,Los contratos del sector publico (I):,"Ley 9/2017, de 8 de noviembre [VALIDAR RANGO LIBRO I]",3,JURIDICO,
ESPECIAL,21,Los contratos del sector publico (I):,"Ley 9/2017, de 8 de noviembre [VALIDAR RANGO LIBRO I]",4,JURIDICO,
ESPECIAL,21,Los contratos del sector publico (I):,"Ley 9/2017, de 8 de noviembre [VALIDAR RANGO LIBRO I]",5,JURIDICO,
ESPECIAL,21,Los contratos del sector publico (I):,"Ley 9/2017, de 8 de noviembre [VALIDAR RANGO LIBRO I]",6,JURIDICO,
ESPECIAL,21,Los contratos del sector publico (I):,"Ley 9/2017, de 8 de noviembre [VALIDAR RANGO LIBRO I]",7,JURIDICO,
ESPECIAL,21,Los contratos del sector publico (I):,"Ley 9/2017, de 8 de noviembre [VALIDAR RANGO LIBRO I]",8,JURIDICO,
ESPECIAL,21,Los contratos del sector publico (I):,"Ley 9/2017, de 8 de noviembre [VALIDAR RANGO LIBRO I]",9,JURIDICO,
ESPECIAL,21,Los contratos del sector publico (I):,"Ley 9/2017, de 8 de noviembre [VALIDAR RANGO LIBRO I]",10,JURIDICO,
ESPECIAL,21,Los contratos del sector publico (I):,"Ley 9/2017, de 8 de noviembre [VALIDAR RANGO LIBRO I]",11,JURIDICO,
ESPECIAL,21,Los contratos del sector publico (I):,"Ley 9/2017, de 8 de noviembre [VALIDAR RANGO LIBRO I]",12,JURIDICO,
ESPECIAL,21,Los contratos del sector publico (I):,"Ley 9/2017, de 8 de noviembre [VALIDAR RANGO LIBRO I]",13,JURIDICO,
ESPECIAL,21,Los contratos del sector publico (I):,"Ley 9/2017, de 8 de noviembre [VALIDAR RANGO LIBRO I]",14,JURIDICO,
ESPECIAL,21,Los contratos del sector publico (I):,"Ley 9/2017, de 8 de noviembre [VALIDAR RANGO LIBRO I]",15,JURIDICO,
ESPECIAL,21,Los contratos del sector publico (I):,"Ley 9/2017, de 8 de noviembre [VALIDAR RANGO LIBRO I]",16,JURIDICO,
ESPECIAL,21,Los contratos del sector publico (I):,"Ley 9/2017, de 8 de noviembre [VALIDAR RANGO LIBRO I]",17,JURIDICO,
ESPECIAL,21,Los contratos del sector publico (I):,"Ley 9/2017, de 8 de noviembre [VALIDAR RANGO LIBRO I]",18,JURIDICO,
ESPECIAL,21,Los contratos del sector publico (I):,"Ley 9/2017, de 8 de noviembre [VALIDAR RANGO LIBRO I]",19,JURIDICO,
ESPECIAL,21,Los contratos del sector publico (I):,"Ley 9/2017, de 8 de noviembre [VALIDAR RANGO LIBRO I]",20,JURIDICO,
ESPECIAL,21,Los contratos del sector publico (I):,"Ley 9/2017, de 8 de noviembre [VALIDAR RANGO LIBRO I]",21,JURIDICO,
ESPECIAL,21,Los contratos del sector publico (I):,"Ley 9/2017, de 8 de noviembre [VALIDAR RANGO LIBRO I]",22,JURIDICO,
ESPECIAL,21,Los contratos del sector publico (I):,"Ley 9/2017, de 8 de noviembre [VALIDAR RANGO LIBRO I]",23,JURIDICO,
ESPECIAL,21,Los contratos del sector publico (I):,"Ley 9/2017, de 8 de noviembre [VALIDAR RANGO LIBRO I]",24,JURIDICO,
ESPECIAL,21,Los contratos del sector publico (I):,"Ley 9/2017, de 8 de noviembre [VALIDAR RANGO LIBRO I]",25,JURIDICO,
ESPECIAL,21,Los contratos del sector publico (I):,"Ley 9/2017, de 8 de noviembre [VALIDAR RANGO LIBRO I]",26,JURIDICO,
ESPECIAL,21,Los contratos del sector publico (I):,"Ley 9/2017, de 8 de noviembre [VALIDAR RANGO LIBRO I]",27,JURIDICO,
ESPECIAL,21,Los contratos del sector publico (I):,"Ley 9/2017, de 8 de noviembre [VALIDAR RANGO LIBRO I]",28,JURIDICO,
ESPECIAL,21,Los contratos del sector publico (I):,"Ley 9/2017, de 8 de noviembre [VALIDAR RANGO LIBRO I]",29,JURIDICO,
ESPECIAL,21,Los contratos del sector publico (I):,"Ley 9/2017, de 8 de noviembre [VALIDAR RANGO LIBRO I]",30,JURIDICO,
ESPECIAL,21,Los contratos del sector publico (I):,"Ley 9/2017, de 8 de noviembre [VALIDAR RANGO LIBRO I]",31,JURIDICO,
ESPECIAL,21,Los contratos del sector publico (I):,"Ley 9/2017, de 8 de noviembre [VALIDAR RANGO LIBRO I]",32,JURIDICO,
ESPECIAL,21,Los contratos del sector publico (I):,"Ley 9/2017, de 8 de noviembre [VALIDAR RANGO LIBRO I]",33,JURIDICO,
ESPECIAL,21,Los contratos del sector publico (I):,"Ley 9/2017, de 8 de noviembre [VALIDAR RANGO LIBRO I]",34,JURIDICO,
ESPECIAL,21,Los contratos del sector publico (I):,"Ley 9/2017, de 8 de noviembre [VALIDAR RANGO LIBRO I]",35,JURIDICO,
ESPECIAL,21,Los contratos del sector publico (I):,"Ley 9/2017, de 8 de noviembre [VALIDAR RANGO LIBRO I]",36,JURIDICO,
ESPECIAL,21,Los contratos del sector publico (I):,"Ley 9/2017, de 8 de noviembre [VALIDAR RANGO LIBRO I]",37,JURIDICO,
ESPECIAL,21,Los contratos del sector publico (I):,"Ley 9/2017, de 8 de noviembre [VALIDAR RANGO LIBRO I]",38,JURIDICO,
ESPECIAL,21,Los contratos del sector publico (I):,"Ley 9/2017, de 8 de noviembre [VALIDAR RANGO LIBRO I]",39,JURIDICO,
ESPECIAL,21,Los contratos del sector publico (I):,"Ley 9/2017, de 8 de noviembre [VALIDAR RANGO LIBRO I]",40,JURIDICO,
ESPECIAL,21,Los contratos del sector publico (I):,"Ley 9/2017, de 8 de noviembre [VALIDAR RANGO LIBRO I]",41,JURIDICO,
ESPECIAL,21,Los contratos del sector publico (I):,"Ley 9/2017, de 8 de noviembre [VALIDAR RANGO LIBRO I]",42,JURIDICO,
ESPECIAL,21,Los contratos del sector publico (I):,"Ley 9/2017, de 8 de noviembre [VALIDAR RANGO LIBRO I]",43,JURIDICO,
ESPECIAL,21,Los contratos del sector publico (I):,"Ley 9/2017, de 8 de noviembre [VALIDAR RANGO LIBRO I]",44,JURIDICO,
ESPECIAL,21,Los contratos del sector publico (I):,"Ley 9/2017, de 8 de noviembre [VALIDAR RANGO LIBRO I]",45,JURIDICO,
ESPECIAL,21,Los contratos del sector publico (I):,"Ley 9/2017, de 8 de noviembre [VALIDAR RANGO LIBRO I]",46,JURIDICO,
ESPECIAL,21,Los contratos del sector publico (I):,"Ley 9/2017, de 8 de noviembre [VALIDAR RANGO LIBRO I]",47,JURIDICO,
ESPECIAL,21,Los contratos del sector publico (I):,"Ley 9/2017, de 8 de noviembre [VALIDAR RANGO LIBRO I]",48,JURIDICO,
ESPECIAL,21,Los contratos del sector publico (I):,"Ley 9/2017, de 8 de noviembre [VALIDAR RANGO LIBRO I]",49,JURIDICO,
ESPECIAL,21,Los contratos del sector publico (I):,"Ley 9/2017, de 8 de noviembre [VALIDAR RANGO LIBRO I]",50,JURIDICO,
ESPECIAL,21,Los contratos del sector publico (I):,"Ley 9/2017, de 8 de noviembre [VALIDAR RANGO LIBRO I]",51,JURIDICO,
ESPECIAL,21,Los contratos del sector publico (I):,"Ley 9/2017, de 8 de noviembre [VALIDAR RANGO LIBRO I]",52,JURIDICO,
ESPECIAL,21,Los contratos del sector publico (I):,"Ley 9/2017, de 8 de noviembre [VALIDAR RANGO LIBRO I]",53,JURIDICO,
ESPECIAL,21,Los contratos del sector publico (I):,"Ley 9/2017, de 8 de noviembre [VALIDAR RANGO LIBRO I]",54,JURIDICO,
ESPECIAL,21,Los contratos del sector publico (I):,"Ley 9/2017, de 8 de noviembre [VALIDAR RANGO LIBRO I]",55,JURIDICO,
ESPECIAL,21,Los contratos del sector publico (I):,"Ley 9/2017, de 8 de noviembre [VALIDAR RANGO LIBRO I]",56,JURIDICO,
ESPECIAL,21,Los contratos del sector publico (I):,"Ley 9/2017, de 8 de noviembre [VALIDAR RANGO LIBRO I]",57,JURIDICO,
ESPECIAL,21,Los contratos del sector publico (I):,"Ley 9/2017, de 8 de noviembre [VALIDAR RANGO LIBRO I]",58,JURIDICO,
ESPECIAL,21,Los contratos del sector publico (I):,"Ley 9/2017, de 8 de noviembre [VALIDAR RANGO LIBRO I]",59,JURIDICO,
ESPECIAL,21,Los contratos del sector publico (I):,"Ley 9/2017, de 8 de noviembre [VALIDAR RANGO LIBRO I]",60,JURIDICO,
ESPECIAL,21,Los contratos del sector publico (I):,"Ley 9/2017, de 8 de noviembre [VALIDAR RANGO LIBRO I]",61,JURIDICO,
ESPECIAL,21,Los contratos del sector publico (I):,"Ley 9/2017, de 8 de noviembre [VALIDAR RANGO LIBRO I]",62,JURIDICO,
ESPECIAL,21,Los contratos del sector publico (I):,"Ley 9/2017, de 8 de noviembre [VALIDAR RANGO LIBRO I]",63,JURIDICO,
ESPECIAL,21,Los contratos del sector publico (I):,"Ley 9/2017, de 8 de noviembre [VALIDAR RANGO LIBRO I]",64,JURIDICO,
ESPECIAL,21,Los contratos del sector publico (I):,"Ley 9/2017, de 8 de noviembre [VALIDAR RANGO LIBRO I]",65,JURIDICO,
ESPECIAL,21,Los contratos del sector publico (I):,"Ley 9/2017, de 8 de noviembre [VALIDAR RANGO LIBRO I]",66,JURIDICO,
ESPECIAL,21,Los contratos del sector publico (I):,"Ley 9/2017, de 8 de noviembre [VALIDAR RANGO LIBRO I]",67,JURIDICO,
ESPECIAL,21,Los contratos del sector publico (I):,"Ley 9/2017, de 8 de noviembre [VALIDAR RANGO LIBRO I]",68,JURIDICO,
ESPECIAL,21,Los contratos del sector publico (I):,"Ley 9/2017, de 8 de noviembre [VALIDAR RANGO LIBRO I]",69,JURIDICO,
ESPECIAL,21,Los contratos del sector publico (I):,"Ley 9/2017, de 8 de noviembre [VALIDAR RANGO LIBRO I]",70,JURIDICO,
ESPECIAL,21,Los contratos del sector publico (I):,"Ley 9/2017, de 8 de noviembre [VALIDAR RANGO LIBRO I]",71,JURIDICO,
ESPECIAL,21,Los contratos del sector publico (I):,"Ley 9/2017, de 8 de noviembre [VALIDAR RANGO LIBRO I]",72,JURIDICO,
ESPECIAL,21,Los contratos del sector publico (I):,"Ley 9/2017, de 8 de noviembre [VALIDAR RANGO LIBRO I]",73,JURIDICO,
ESPECIAL,21,Los contratos del sector publico (I):,"Ley 9/2017, de 8 de noviembre [VALIDAR RANGO LIBRO I]",74,JURIDICO,
ESPECIAL,21,Los contratos del sector publico (I):,"Ley 9/2017, de 8 de noviembre [VALIDAR RANGO LIBRO I]",75,JURIDICO,
ESPECIAL,21,Los contratos del sector publico (I):,"Ley 9/2017, de 8 de noviembre [VALIDAR RANGO LIBRO I]",76,JURIDICO,
ESPECIAL,21,Los contratos del sector publico (I):,"Ley 9/2017, de 8 de noviembre [VALIDAR RANGO LIBRO I]",77,JURIDICO,
ESPECIAL,21,Los contratos del sector publico (I):,"Ley 9/2017, de 8 de noviembre [VALIDAR RANGO LIBRO I]",78,JURIDICO,
ESPECIAL,21,Los contratos del sector publico (I):,"Ley 9/2017, de 8 de noviembre [VALIDAR RANGO LIBRO I]",79,JURIDICO,
ESPECIAL,21,Los contratos del sector publico (I):,"Ley 9/2017, de 8 de noviembre [VALIDAR RANGO LIBRO I]",80,JURIDICO,
ESPECIAL,21,Los contratos del sector publico (I):,"Ley 9/2017, de 8 de noviembre [VALIDAR RANGO LIBRO I]",81,JURIDICO,
ESPECIAL,21,Los contratos del sector publico (I):,"Ley 9/2017, de 8 de noviembre [VALIDAR RANGO LIBRO I]",82,JURIDICO,
ESPECIAL,21,Los contratos del sector publico (I):,"Ley 9/2017, de 8 de noviembre [VALIDAR RANGO LIBRO I]",83,JURIDICO,
ESPECIAL,21,Los contratos del sector publico (I):,"Ley 9/2017, de 8 de noviembre [VALIDAR RANGO LIBRO I]",84,JURIDICO,
ESPECIAL,21,Los contratos del sector publico (I):,"Ley 9/2017, de 8 de noviembre [VALIDAR RANGO LIBRO I]",85,JURIDICO,
ESPECIAL,21,Los contratos del sector publico (I):,"Ley 9/2017, de 8 de noviembre [VALIDAR RANGO LIBRO I]",86,JURIDICO,
ESPECIAL,21,Los contratos del sector publico (I):,"Ley 9/2017, de 8 de noviembre [VALIDAR RANGO LIBRO I]",87,JURIDICO,
ESPECIAL,21,Los contratos del sector publico (I):,"Ley 9/2017, de 8 de noviembre [VALIDAR RANGO LIBRO I]",88,JURIDICO,
ESPECIAL,21,Los contratos del sector publico (I):,"Ley 9/2017, de 8 de noviembre [VALIDAR RANGO LIBRO I]",89,JURIDICO,
ESPECIAL,21,Los contratos del sector publico (I):,"Ley 9/2017, de 8 de noviembre [VALIDAR RANGO LIBRO I]",90,JURIDICO,
ESPECIAL,21,Los contratos del sector publico (I):,"Ley 9/2017, de 8 de noviembre [VALIDAR RANGO LIBRO I]",91,JURIDICO,
ESPECIAL,21,Los contratos del sector publico (I):,"Ley 9/2017, de 8 de noviembre [VALIDAR RANGO LIBRO I]",92,JURIDICO,
ESPECIAL,21,Los contratos del sector publico (I):,"Ley 9/2017, de 8 de noviembre [VALIDAR RANGO LIBRO I]",93,JURIDICO,
ESPECIAL,21,Los contratos del sector publico (I):,"Ley 9/2017, de 8 de noviembre [VALIDAR RANGO LIBRO I]",94,JURIDICO,
ESPECIAL,21,Los contratos del sector publico (I):,"Ley 9/2017, de 8 de noviembre [VALIDAR RANGO LIBRO I]",95,JURIDICO,
ESPECIAL,21,Los contratos del sector publico (I):,"Ley 9/2017, de 8 de noviembre [VALIDAR RANGO LIBRO I]",96,JURIDICO,
ESPECIAL,21,Los contratos del sector publico (I):,"Ley 9/2017, de 8 de noviembre [VALIDAR RANGO LIBRO I]",97,JURIDICO,
ESPECIAL,21,Los contratos del sector publico (I):,"Ley 9/2017, de 8 de noviembre [VALIDAR RANGO LIBRO I]",98,JURIDICO,
ESPECIAL,21,Los contratos del sector publico (I):,"Ley 9/2017, de 8 de noviembre [VALIDAR RANGO LIBRO I]",99,JURIDICO,
ESPECIAL,21,Los contratos del sector publico (I):,"Ley 9/2017, de 8 de noviembre [VALIDAR RANGO LIBRO I]",100,JURIDICO,
ESPECIAL,21,Los contratos del sector publico (I):,"Ley 9/2017, de 8 de noviembre [VALIDAR RANGO LIBRO I]",101,JURIDICO,
ESPECIAL,21,Los contratos del sector publico (I):,"Ley 9/2017, de 8 de noviembre [VALIDAR RANGO LIBRO I]",102,JURIDICO,
ESPECIAL,21,Los contratos del sector publico (I):,"Ley 9/2017, de 8 de noviembre [VALIDAR RANGO LIBRO I]",103,JURIDICO,
ESPECIAL,21,Los contratos del sector publico (I):,"Ley 9/2017, de 8 de noviembre [VALIDAR RANGO LIBRO I]",104,JURIDICO,
ESPECIAL,21,Los contratos del sector publico (I):,"Ley 9/2017, de 8 de noviembre [VALIDAR RANGO LIBRO I]",105,JURIDICO,
ESPECIAL,21,Los contratos del sector publico (I):,"Ley 9/2017, de 8 de noviembre [VALIDAR RANGO LIBRO I]",106,JURIDICO,
ESPECIAL,21,Los contratos del sector publico (I):,"Ley 9/2017, de 8 de noviembre [VALIDAR RANGO LIBRO I]",107,JURIDICO,
ESPECIAL,21,Los contratos del sector publico (I):,"Ley 9/2017, de 8 de noviembre [VALIDAR RANGO LIBRO I]",108,JURIDICO,
ESPECIAL,21,Los contratos del sector publico (I):,"Ley 9/2017, de 8 de noviembre [VALIDAR RANGO LIBRO I]",109,JURIDICO,
ESPECIAL,21,Los contratos del sector publico (I):,"Ley 9/2017, de 8 de noviembre [VALIDAR RANGO LIBRO I]",110,JURIDICO,
ESPECIAL,21,Los contratos del sector publico (I):,"Ley 9/2017, de 8 de noviembre [VALIDAR RANGO LIBRO I]",111,JURIDICO,
ESPECIAL,21,Los contratos del sector publico (I):,"Ley 9/2017, de 8 de noviembre [VALIDAR RANGO LIBRO I]",112,JURIDICO,
ESPECIAL,21,Los contratos del sector publico (I):,"Ley 9/2017, de 8 de noviembre [VALIDAR RANGO LIBRO I]",113,JURIDICO,
ESPECIAL,21,Los contratos del sector publico (I):,"Ley 9/2017, de 8 de noviembre [VALIDAR RANGO LIBRO I]",114,JURIDICO,
ESPECIAL,22,Los contratos del sector publico (II):,"Ley 9/2017, de 8 de noviembre [VALIDAR RANGO LIBRO II]",115,JURIDICO,
ESPECIAL,22,Los contratos del sector publico (II):,"Ley 9/2017, de 8 de noviembre [VALIDAR RANGO LIBRO II]",116,JURIDICO,
ESPECIAL,22,Los contratos del sector publico (II):,"Ley 9/2017, de 8 de noviembre [VALIDAR RANGO LIBRO II]",117,JURIDICO,
ESPECIAL,22,Los contratos del sector publico (II):,"Ley 9/2017, de 8 de noviembre [VALIDAR RANGO LIBRO II]",118,JURIDICO,
ESPECIAL,22,Los contratos del sector publico (II):,"Ley 9/2017, de 8 de noviembre [VALIDAR RANGO LIBRO II]",119,JURIDICO,
ESPECIAL,22,Los contratos del sector publico (II):,"Ley 9/2017, de 8 de noviembre [VALIDAR RANGO LIBRO II]",120,JURIDICO,
ESPECIAL,22,Los contratos del sector publico (II):,"Ley 9/2017, de 8 de noviembre [VALIDAR RANGO LIBRO II]",121,JURIDICO,
ESPECIAL,22,Los contratos del sector publico (II):,"Ley 9/2017, de 8 de noviembre [VALIDAR RANGO LIBRO II]",122,JURIDICO,
ESPECIAL,22,Los contratos del sector publico (II):,"Ley 9/2017, de 8 de noviembre [VALIDAR RANGO LIBRO II]",123,JURIDICO,
ESPECIAL,22,Los contratos del sector publico (II):,"Ley 9/2017, de 8 de noviembre [VALIDAR RANGO LIBRO II]",124,JURIDICO,
ESPECIAL,22,Los contratos del sector publico (II):,"Ley 9/2017, de 8 de noviembre [VALIDAR RANGO LIBRO II]",125,JURIDICO,
ESPECIAL,22,Los contratos del sector publico (II):,"Ley 9/2017, de 8 de noviembre [VALIDAR RANGO LIBRO II]",126,JURIDICO,
ESPECIAL,22,Los contratos del sector publico (II):,"Ley 9/2017, de 8 de noviembre [VALIDAR RANGO LIBRO II]",127,JURIDICO,
ESPECIAL,22,Los contratos del sector publico (II):,"Ley 9/2017, de 8 de noviembre [VALIDAR RANGO LIBRO II]",128,JURIDICO,
ESPECIAL,22,Los contratos del sector publico (II):,"Ley 9/2017, de 8 de noviembre [VALIDAR RANGO LIBRO II]",129,JURIDICO,
ESPECIAL,22,Los contratos del sector publico (II):,"Ley 9/2017, de 8 de noviembre [VALIDAR RANGO LIBRO II]",130,JURIDICO,
ESPECIAL,22,Los contratos del sector publico (II):,"Ley 9/2017, de 8 de noviembre [VALIDAR RANGO LIBRO II]",131,JURIDICO,
ESPECIAL,22,Los contratos del sector publico (II):,"Ley 9/2017, de 8 de noviembre [VALIDAR RANGO LIBRO II]",132,JURIDICO,
ESPECIAL,22,Los contratos del sector publico (II):,"Ley 9/2017, de 8 de noviembre [VALIDAR RANGO LIBRO II]",133,JURIDICO,
ESPECIAL,22,Los contratos del sector publico (II):,"Ley 9/2017, de 8 de noviembre [VALIDAR RANGO LIBRO II]",134,JURIDICO,
ESPECIAL,22,Los contratos del sector publico (II):,"Ley 9/2017, de 8 de noviembre [VALIDAR RANGO LIBRO II]",135,JURIDICO,
ESPECIAL,22,Los contratos del sector publico (II):,"Ley 9/2017, de 8 de noviembre [VALIDAR RANGO LIBRO II]",136,JURIDICO,
ESPECIAL,22,Los contratos del sector publico (II):,"Ley 9/2017, de 8 de noviembre [VALIDAR RANGO LIBRO II]",137,JURIDICO,
ESPECIAL,22,Los contratos del sector publico (II):,"Ley 9/2017, de 8 de noviembre [VALIDAR RANGO LIBRO II]",138,JURIDICO,
ESPECIAL,22,Los contratos del sector publico (II):,"Ley 9/2017, de 8 de noviembre [VALIDAR RANGO LIBRO II]",139,JURIDICO,
ESPECIAL,22,Los contratos del sector publico (II):,"Ley 9/2017, de 8 de noviembre [VALIDAR RANGO LIBRO II]",140,JURIDICO,
ESPECIAL,22,Los contratos del sector publico (II):,"Ley 9/2017, de 8 de noviembre [VALIDAR RANGO LIBRO II]",141,JURIDICO,
ESPECIAL,22,Los contratos del sector publico (II):,"Ley 9/2017, de 8 de noviembre [VALIDAR RANGO LIBRO II]",142,JURIDICO,
ESPECIAL,22,Los contratos del sector publico (II):,"Ley 9/2017, de 8 de noviembre [VALIDAR RANGO LIBRO II]",143,JURIDICO,
ESPECIAL,22,Los contratos del sector publico (II):,"Ley 9/2017, de 8 de noviembre [VALIDAR RANGO LIBRO II]",144,JURIDICO,
ESPECIAL,22,Los contratos del sector publico (II):,"Ley 9/2017, de 8 de noviembre [VALIDAR RANGO LIBRO II]",145,JURIDICO,
ESPECIAL,22,Los contratos del sector publico (II):,"Ley 9/2017, de 8 de noviembre [VALIDAR RANGO LIBRO II]",146,JURIDICO,
ESPECIAL,22,Los contratos del sector publico (II):,"Ley 9/2017, de 8 de noviembre [VALIDAR RANGO LIBRO II]",147,JURIDICO,
ESPECIAL,22,Los contratos del sector publico (II):,"Ley 9/2017, de 8 de noviembre [VALIDAR RANGO LIBRO II]",148,JURIDICO,
ESPECIAL,22,Los contratos del sector publico (II):,"Ley 9/2017, de 8 de noviembre [VALIDAR RANGO LIBRO II]",149,JURIDICO,
ESPECIAL,22,Los contratos del sector publico (II):,"Ley 9/2017, de 8 de noviembre [VALIDAR RANGO LIBRO II]",150,JURIDICO,
ESPECIAL,22,Los contratos del sector publico (II):,"Ley 9/2017, de 8 de noviembre [VALIDAR RANGO LIBRO II]",151,JURIDICO,
ESPECIAL,22,Los contratos del sector publico (II):,"Ley 9/2017, de 8 de noviembre [VALIDAR RANGO LIBRO II]",152,JURIDICO,
ESPECIAL,22,Los contratos del sector publico (II):,"Ley 9/2017, de 8 de noviembre [VALIDAR RANGO LIBRO II]",153,JURIDICO,
ESPECIAL,22,Los contratos del sector publico (II):,"Ley 9/2017, de 8 de noviembre [VALIDAR RANGO LIBRO II]",154,JURIDICO,
ESPECIAL,22,Los contratos del sector publico (II):,"Ley 9/2017, de 8 de noviembre [VALIDAR RANGO LIBRO II]",155,JURIDICO,
ESPECIAL,22,Los contratos del sector publico (II):,"Ley 9/2017, de 8 de noviembre [VALIDAR RANGO LIBRO II]",156,JURIDICO,
ESPECIAL,22,Los contratos del sector publico (II):,"Ley 9/2017, de 8 de noviembre [VALIDAR RANGO LIBRO II]",157,JURIDICO,
ESPECIAL,22,Los contratos del sector publico (II):,"Ley 9/2017, de 8 de noviembre [VALIDAR RANGO LIBRO II]",158,JURIDICO,
ESPECIAL,22,Los contratos del sector publico (II):,"Ley 9/2017, de 8 de noviembre [VALIDAR RANGO LIBRO II]",159,JURIDICO,
ESPECIAL,22,Los contratos del sector publico (II):,"Ley 9/2017, de 8 de noviembre [VALIDAR RANGO LIBRO II]",160,JURIDICO,
ESPECIAL,22,Los contratos del sector publico (II):,"Ley 9/2017, de 8 de noviembre [VALIDAR RANGO LIBRO II]",161,JURIDICO,
ESPECIAL,22,Los contratos del sector publico (II):,"Ley 9/2017, de 8 de noviembre [VALIDAR RANGO LIBRO II]",162,JURIDICO,
ESPECIAL,22,Los contratos del sector publico (II):,"Ley 9/2017, de 8 de noviembre [VALIDAR RANGO LIBRO II]",163,JURIDICO,
ESPECIAL,22,Los contratos del sector publico (II):,"Ley 9/2017, de 8 de noviembre [VALIDAR RANGO LIBRO II]",164,JURIDICO,
ESPECIAL,22,Los contratos del sector publico (II):,"Ley 9/2017, de 8 de noviembre [VALIDAR RANGO LIBRO II]",165,JURIDICO,
ESPECIAL,22,Los contratos del sector publico (II):,"Ley 9/2017, de 8 de noviembre [VALIDAR RANGO LIBRO II]",166,JURIDICO,
ESPECIAL,22,Los contratos del sector publico (II):,"Ley 9/2017, de 8 de noviembre [VALIDAR RANGO LIBRO II]",167,JURIDICO,
ESPECIAL,22,Los contratos del sector publico (II):,"Ley 9/2017, de 8 de noviembre [VALIDAR RANGO LIBRO II]",168,JURIDICO,
ESPECIAL,22,Los contratos del sector publico (II):,"Ley 9/2017, de 8 de noviembre [VALIDAR RANGO LIBRO II]",169,JURIDICO,
ESPECIAL,22,Los contratos del sector publico (II):,"Ley 9/2017, de 8 de noviembre [VALIDAR RANGO LIBRO II]",170,JURIDICO,
ESPECIAL,22,Los contratos del sector publico (II):,"Ley 9/2017, de 8 de noviembre [VALIDAR RANGO LIBRO II]",171,JURIDICO,
ESPECIAL,22,Los contratos del sector publico (II):,"Ley 9/2017, de 8 de noviembre [VALIDAR RANGO LIBRO II]",172,JURIDICO,
ESPECIAL,22,Los contratos del sector publico (II):,"Ley 9/2017, de 8 de noviembre [VALIDAR RANGO LIBRO II]",173,JURIDICO,
ESPECIAL,22,Los contratos del sector publico (II):,"Ley 9/2017, de 8 de noviembre [VALIDAR RANGO LIBRO II]",174,JURIDICO,
ESPECIAL,22,Los contratos del sector publico (II):,"Ley 9/2017, de 8 de noviembre [VALIDAR RANGO LIBRO II]",175,JURIDICO,
ESPECIAL,22,Los contratos del sector publico (II):,"Ley 9/2017, de 8 de noviembre [VALIDAR RANGO LIBRO II]",176,JURIDICO,
ESPECIAL,22,Los contratos del sector publico (II):,"Ley 9/2017, de 8 de noviembre [VALIDAR RANGO LIBRO II]",177,JURIDICO,
ESPECIAL,22,Los contratos del sector publico (II):,"Ley 9/2017, de 8 de noviembre [VALIDAR RANGO LIBRO II]",178,JURIDICO,
ESPECIAL,22,Los contratos del sector publico (II):,"Ley 9/2017, de 8 de noviembre [VALIDAR RANGO LIBRO II]",179,JURIDICO,
ESPECIAL,22,Los contratos del sector publico (II):,"Ley 9/2017, de 8 de noviembre [VALIDAR RANGO LIBRO II]",180,JURIDICO,
ESPECIAL,22,Los contratos del sector publico (II):,"Ley 9/2017, de 8 de noviembre [VALIDAR RANGO LIBRO II]",181,JURIDICO,
ESPECIAL,22,Los contratos del sector publico (II):,"Ley 9/2017, de 8 de noviembre [VALIDAR RANGO LIBRO II]",182,JURIDICO,
ESPECIAL,22,Los contratos del sector publico (II):,"Ley 9/2017, de 8 de noviembre [VALIDAR RANGO LIBRO II]",183,JURIDICO,
ESPECIAL,22,Los contratos del sector publico (II):,"Ley 9/2017, de 8 de noviembre [VALIDAR RANGO LIBRO II]",184,JURIDICO,
ESPECIAL,22,Los contratos del sector publico (II):,"Ley 9/2017, de 8 de noviembre [VALIDAR RANGO LIBRO II]",185,JURIDICO,
ESPECIAL,22,Los contratos del sector publico (II):,"Ley 9/2017, de 8 de noviembre [VALIDAR RANGO LIBRO II]",186,JURIDICO,
ESPECIAL,22,Los contratos del sector publico (II):,"Ley 9/2017, de 8 de noviembre [VALIDAR RANGO LIBRO II]",187,JURIDICO,
ESPECIAL,22,Los contratos del sector publico (II):,"Ley 9/2017, de 8 de noviembre [VALIDAR RANGO LIBRO II]",188,JURIDICO,
ESPECIAL,22,Los contratos del sector publico (II):,"Ley 9/2017, de 8 de noviembre [VALIDAR RANGO LIBRO II]",189,JURIDICO,
ESPECIAL,22,Los contratos del sector publico (II):,"Ley 9/2017, de 8 de noviembre [VALIDAR RANGO LIBRO II]",190,JURIDICO,
ESPECIAL,22,Los contratos del sector publico (II):,"Ley 9/2017, de 8 de noviembre [VALIDAR RANGO LIBRO II]",191,JURIDICO,
ESPECIAL,22,Los contratos del sector publico (II):,"Ley 9/2017, de 8 de noviembre [VALIDAR RANGO LIBRO II]",192,JURIDICO,
ESPECIAL,22,Los contratos del sector publico (II):,"Ley 9/2017, de 8 de noviembre [VALIDAR RANGO LIBRO II]",193,JURIDICO,
ESPECIAL,22,Los contratos del sector publico (II):,"Ley 9/2017, de 8 de noviembre [VALIDAR RANGO LIBRO II]",194,JURIDICO,
ESPECIAL,22,Los contratos del sector publico (II):,"Ley 9/2017, de 8 de noviembre [VALIDAR RANGO LIBRO II]",195,JURIDICO,
ESPECIAL,22,Los contratos del sector publico (II):,"Ley 9/2017, de 8 de noviembre [VALIDAR RANGO LIBRO II]",196,JURIDICO,
ESPECIAL,22,Los contratos del sector publico (II):,"Ley 9/2017, de 8 de noviembre [VALIDAR RANGO LIBRO II]",197,JURIDICO,
ESPECIAL,22,Los contratos del sector publico (II):,"Ley 9/2017, de 8 de noviembre [VALIDAR RANGO LIBRO II]",198,JURIDICO,
ESPECIAL,22,Los contratos del sector publico (II):,"Ley 9/2017, de 8 de noviembre [VALIDAR RANGO LIBRO II]",199,JURIDICO,
ESPECIAL,22,Los contratos del sector publico (II):,"Ley 9/2017, de 8 de noviembre [VALIDAR RANGO LIBRO II]",200,JURIDICO,
ESPECIAL,22,Los contratos del sector publico (II):,"Ley 9/2017, de 8 de noviembre [VALIDAR RANGO LIBRO II]",201,JURIDICO,
ESPECIAL,22,Los contratos del sector publico (II):,"Ley 9/2017, de 8 de noviembre [VALIDAR RANGO LIBRO II]",202,JURIDICO,
ESPECIAL,22,Los contratos del sector publico (II):,"Ley 9/2017, de 8 de noviembre [VALIDAR RANGO LIBRO II]",203,JURIDICO,
ESPECIAL,22,Los contratos del sector publico (II):,"Ley 9/2017, de 8 de noviembre [VALIDAR RANGO LIBRO II]",204,JURIDICO,
ESPECIAL,22,Los contratos del sector publico (II):,"Ley 9/2017, de 8 de noviembre [VALIDAR RANGO LIBRO II]",205,JURIDICO,
ESPECIAL,22,Los contratos del sector publico (II):,"Ley 9/2017, de 8 de noviembre [VALIDAR RANGO LIBRO II]",206,JURIDICO,
ESPECIAL,22,Los contratos del sector publico (II):,"Ley 9/2017, de 8 de noviembre [VALIDAR RANGO LIBRO II]",207,JURIDICO,
ESPECIAL,22,Los contratos del sector publico (II):,"Ley 9/2017, de 8 de noviembre [VALIDAR RANGO LIBRO II]",208,JURIDICO,
ESPECIAL,22,Los contratos del sector publico (II):,"Ley 9/2017, de 8 de noviembre [VALIDAR RANGO LIBRO II]",209,JURIDICO,
ESPECIAL,22,Los contratos del sector publico (II):,"Ley 9/2017, de 8 de noviembre [VALIDAR RANGO LIBRO II]",210,JURIDICO,
ESPECIAL,22,Los contratos del sector publico (II):,"Ley 9/2017, de 8 de noviembre [VALIDAR RANGO LIBRO II]",211,JURIDICO,
ESPECIAL,22,Los contratos del sector publico (II):,"Ley 9/2017, de 8 de noviembre [VALIDAR RANGO LIBRO II]",212,JURIDICO,
ESPECIAL,22,Los contratos del sector publico (II):,"Ley 9/2017, de 8 de noviembre [VALIDAR RANGO LIBRO II]",213,JURIDICO,
ESPECIAL,22,Los contratos del sector publico (II):,"Ley 9/2017, de 8 de noviembre [VALIDAR RANGO LIBRO II]",214,JURIDICO,
ESPECIAL,22,Los contratos del sector publico (II):,"Ley 9/2017, de 8 de noviembre [VALIDAR RANGO LIBRO II]",215,JURIDICO,
ESPECIAL,22,Los contratos del sector publico (II):,"Ley 9/2017, de 8 de noviembre [VALIDAR RANGO LIBRO II]",216,JURIDICO,
ESPECIAL,22,Los contratos del sector publico (II):,"Ley 9/2017, de 8 de noviembre [VALIDAR RANGO LIBRO II]",217,JURIDICO,
ESPECIAL,22,Los contratos del sector publico (II):,"Ley 9/2017, de 8 de noviembre [VALIDAR RANGO LIBRO II]",218,JURIDICO,
ESPECIAL,22,Los contratos del sector publico (II):,"Ley 9/2017, de 8 de noviembre [VALIDAR RANGO LIBRO II]",219,JURIDICO,
ESPECIAL,22,Los contratos del sector publico (II):,"Ley 9/2017, de 8 de noviembre [VALIDAR RANGO LIBRO II]",220,JURIDICO,
ESPECIAL,22,Los contratos del sector publico (II):,"Ley 9/2017, de 8 de noviembre [VALIDAR RANGO LIBRO II]",221,JURIDICO,
ESPECIAL,22,Los contratos del sector publico (II):,"Ley 9/2017, de 8 de noviembre [VALIDAR RANGO LIBRO II]",222,JURIDICO,
ESPECIAL,22,Los contratos del sector publico (II):,"Ley 9/2017, de 8 de noviembre [VALIDAR RANGO LIBRO II]",223,JURIDICO,
ESPECIAL,22,Los contratos del sector publico (II):,"Ley 9/2017, de 8 de noviembre [VALIDAR RANGO LIBRO II]",224,JURIDICO,
ESPECIAL,22,Los contratos del sector publico (II):,"Ley 9/2017, de 8 de noviembre [VALIDAR RANGO LIBRO II]",225,JURIDICO,
ESPECIAL,22,Los contratos del sector publico (II):,"Ley 9/2017, de 8 de noviembre [VALIDAR RANGO LIBRO II]",226,JURIDICO,
ESPECIAL,22,Los contratos del sector publico (II):,"Ley 9/2017, de 8 de noviembre [VALIDAR RANGO LIBRO II]",227,JURIDICO,
ESPECIAL,22,Los contratos del sector publico (II):,"Ley 9/2017, de 8 de noviembre [VALIDAR RANGO LIBRO II]",228,JURIDICO,
ESPECIAL,22,Los contratos del sector publico (II):,"Ley 9/2017, de 8 de noviembre [VALIDAR RANGO LIBRO II]",229,JURIDICO,
ESPECIAL,22,Los contratos del sector publico (II):,"Ley 9/2017, de 8 de noviembre [VALIDAR RANGO LIBRO II]",230,JURIDICO,
ESPECIAL,22,Los contratos del sector publico (II):,"Ley 9/2017, de 8 de noviembre [VALIDAR RANGO LIBRO II]",231,JURIDICO,
ESPECIAL,22,Los contratos del sector publico (II):,"Ley 9/2017, de 8 de noviembre [VALIDAR RANGO LIBRO II]",232,JURIDICO,
ESPECIAL,22,Los contratos del sector publico (II):,"Ley 9/2017, de 8 de noviembre [VALIDAR RANGO LIBRO II]",233,JURIDICO,
ESPECIAL,22,Los contratos del sector publico (II):,"Ley 9/2017, de 8 de noviembre [VALIDAR RANGO LIBRO II]",234,JURIDICO,
ESPECIAL,22,Los contratos del sector publico (II):,"Ley 9/2017, de 8 de noviembre [VALIDAR RANGO LIBRO II]",235,JURIDICO,
ESPECIAL,22,Los contratos del sector publico (II):,"Ley 9/2017, de 8 de noviembre [VALIDAR RANGO LIBRO II]",236,JURIDICO,
ESPECIAL,22,Los contratos del sector publico (II):,"Ley 9/2017, de 8 de noviembre [VALIDAR RANGO LIBRO II]",237,JURIDICO,
ESPECIAL,22,Los contratos del sector publico (II):,"Ley 9/2017, de 8 de noviembre [VALIDAR RANGO LIBRO II]",238,JURIDICO,
ESPECIAL,22,Los contratos del sector publico (II):,"Ley 9/2017, de 8 de noviembre [VALIDAR RANGO LIBRO II]",239,JURIDICO,
ESPECIAL,22,Los contratos del sector publico (II):,"Ley 9/2017, de 8 de noviembre [VALIDAR RANGO LIBRO II]",240,JURIDICO,
ESPECIAL,22,Los contratos del sector publico (II):,"Ley 9/2017, de 8 de noviembre [VALIDAR RANGO LIBRO II]",241,JURIDICO,
ESPECIAL,22,Los contratos del sector publico (II):,"Ley 9/2017, de 8 de noviembre [VALIDAR RANGO LIBRO II]",242,JURIDICO,
ESPECIAL,22,Los contratos del sector publico (II):,"Ley 9/2017, de 8 de noviembre [VALIDAR RANGO LIBRO II]",243,JURIDICO,
ESPECIAL,22,Los contratos del sector publico (II):,"Ley 9/2017, de 8 de noviembre [VALIDAR RANGO LIBRO II]",244,JURIDICO,
ESPECIAL,22,Los contratos del sector publico (II):,"Ley 9/2017, de 8 de noviembre [VALIDAR RANGO LIBRO II]",245,JURIDICO,
ESPECIAL,22,Los contratos del sector publico (II):,"Ley 9/2017, de 8 de noviembre [VALIDAR RANGO LIBRO II]",246,JURIDICO,
ESPECIAL,22,Los contratos del sector publico (II):,"Ley 9/2017, de 8 de noviembre [VALIDAR RANGO LIBRO II]",247,JURIDICO,
ESPECIAL,22,Los contratos del sector publico (II):,"Ley 9/2017, de 8 de noviembre [VALIDAR RANGO LIBRO II]",248,JURIDICO,
ESPECIAL,22,Los contratos del sector publico (II):,"Ley 9/2017, de 8 de noviembre [VALIDAR RANGO LIBRO II]",249,JURIDICO,
ESPECIAL,22,Los contratos del sector publico (II):,"Ley 9/2017, de 8 de noviembre [VALIDAR RANGO LIBRO II]",250,JURIDICO,
ESPECIAL,22,Los contratos del sector publico (II):,"Ley 9/2017, de 8 de noviembre [VALIDAR RANGO LIBRO II]",251,JURIDICO,
ESPECIAL,22,Los contratos del sector publico (II):,"Ley 9/2017, de 8 de noviembre [VALIDAR RANGO LIBRO II]",252,JURIDICO,
ESPECIAL,22,Los contratos del sector publico (II):,"Ley 9/2017, de 8 de noviembre [VALIDAR RANGO LIBRO II]",253,JURIDICO,
ESPECIAL,22,Los contratos del sector publico (II):,"Ley 9/2017, de 8 de noviembre [VALIDAR RANGO LIBRO II]",254,JURIDICO,
ESPECIAL,22,Los contratos del sector publico (II):,"Ley 9/2017, de 8 de noviembre [VALIDAR RANGO LIBRO II]",255,JURIDICO,
ESPECIAL,22,Los contratos del sector publico (II):,"Ley 9/2017, de 8 de noviembre [VALIDAR RANGO LIBRO II]",256,JURIDICO,
ESPECIAL,22,Los contratos del sector publico (II):,"Ley 9/2017, de 8 de noviembre [VALIDAR RANGO LIBRO II]",257,JURIDICO,
ESPECIAL,22,Los contratos del sector publico (II):,"Ley 9/2017, de 8 de noviembre [VALIDAR RANGO LIBRO II]",258,JURIDICO,
ESPECIAL,22,Los contratos del sector publico (II):,"Ley 9/2017, de 8 de noviembre [VALIDAR RANGO LIBRO II]",259,JURIDICO,
ESPECIAL,22,Los contratos del sector publico (II):,"Ley 9/2017, de 8 de noviembre [VALIDAR RANGO LIBRO II]",260,JURIDICO,
ESPECIAL,22,Los contratos del sector publico (II):,"Ley 9/2017, de 8 de noviembre [VALIDAR RANGO LIBRO II]",261,JURIDICO,
ESPECIAL,22,Los contratos del sector publico (II):,"Ley 9/2017, de 8 de noviembre [VALIDAR RANGO LIBRO II]",262,JURIDICO,
ESPECIAL,22,Los contratos del sector publico (II):,"Ley 9/2017, de 8 de noviembre [VALIDAR RANGO LIBRO II]",263,JURIDICO,
ESPECIAL,22,Los contratos del sector publico (II):,"Ley 9/2017, de 8 de noviembre [VALIDAR RANGO LIBRO II]",264,JURIDICO,
ESPECIAL,22,Los contratos del sector publico (II):,"Ley 9/2017, de 8 de noviembre [VALIDAR RANGO LIBRO II]",265,JURIDICO,
ESPECIAL,22,Los contratos del sector publico (II):,"Ley 9/2017, de 8 de noviembre [VALIDAR RANGO LIBRO II]",266,JURIDICO,
ESPECIAL,22,Los contratos del sector publico (II):,"Ley 9/2017, de 8 de noviembre [VALIDAR RANGO LIBRO II]",267,JURIDICO,
ESPECIAL,22,Los contratos del sector publico (II):,"Ley 9/2017, de 8 de noviembre [VALIDAR RANGO LIBRO II]",268,JURIDICO,
ESPECIAL,22,Los contratos del sector publico (II):,"Ley 9/2017, de 8 de noviembre [VALIDAR RANGO LIBRO II]",269,JURIDICO,
ESPECIAL,22,Los contratos del sector publico (II):,"Ley 9/2017, de 8 de noviembre [VALIDAR RANGO LIBRO II]",270,JURIDICO,
ESPECIAL,22,Los contratos del sector publico (II):,"Ley 9/2017, de 8 de noviembre [VALIDAR RANGO LIBRO II]",271,JURIDICO,
ESPECIAL,22,Los contratos del sector publico (II):,"Ley 9/2017, de 8 de noviembre [VALIDAR RANGO LIBRO II]",272,JURIDICO,
ESPECIAL,22,Los contratos del sector publico (II):,"Ley 9/2017, de 8 de noviembre [VALIDAR RANGO LIBRO II]",273,JURIDICO,
ESPECIAL,22,Los contratos del sector publico (II):,"Ley 9/2017, de 8 de noviembre [VALIDAR RANGO LIBRO II]",274,JURIDICO,
ESPECIAL,22,Los contratos del sector publico (II):,"Ley 9/2017, de 8 de noviembre [VALIDAR RANGO LIBRO II]",275,JURIDICO,
ESPECIAL,22,Los contratos del sector publico (II):,"Ley 9/2017, de 8 de noviembre [VALIDAR RANGO LIBRO II]",276,JURIDICO,
ESPECIAL,22,Los contratos del sector publico (II):,"Ley 9/2017, de 8 de noviembre [VALIDAR RANGO LIBRO II]",277,JURIDICO,
ESPECIAL,22,Los contratos del sector publico (II):,"Ley 9/2017, de 8 de noviembre [VALIDAR RANGO LIBRO II]",278,JURIDICO,
ESPECIAL,22,Los contratos del sector publico (II):,"Ley 9/2017, de 8 de noviembre [VALIDAR RANGO LIBRO II]",279,JURIDICO,
ESPECIAL,22,Los contratos del sector publico (II):,"Ley 9/2017, de 8 de noviembre [VALIDAR RANGO LIBRO II]",280,JURIDICO,
ESPECIAL,22,Los contratos del sector publico (II):,"Ley 9/2017, de 8 de noviembre [VALIDAR RANGO LIBRO II]",281,JURIDICO,
ESPECIAL,22,Los contratos del sector publico (II):,"Ley 9/2017, de 8 de noviembre [VALIDAR RANGO LIBRO II]",282,JURIDICO,
ESPECIAL,22,Los contratos del sector publico (II):,"Ley 9/2017, de 8 de noviembre [VALIDAR RANGO LIBRO II]",283,JURIDICO,
ESPECIAL,22,Los contratos del sector publico (II):,"Ley 9/2017, de 8 de noviembre [VALIDAR RANGO LIBRO II]",284,JURIDICO,
ESPECIAL,22,Los contratos del sector publico (II):,"Ley 9/2017, de 8 de noviembre [VALIDAR RANGO LIBRO II]",285,JURIDICO,
ESPECIAL,22,Los contratos del sector publico (II):,"Ley 9/2017, de 8 de noviembre [VALIDAR RANGO LIBRO II]",286,JURIDICO,
ESPECIAL,22,Los contratos del sector publico (II):,"Ley 9/2017, de 8 de noviembre [VALIDAR RANGO LIBRO II]",287,JURIDICO,
ESPECIAL,22,Los contratos del sector publico (II):,"Ley 9/2017, de 8 de noviembre [VALIDAR RANGO LIBRO II]",288,JURIDICO,
ESPECIAL,22,Los contratos del sector publico (II):,"Ley 9/2017, de 8 de noviembre [VALIDAR RANGO LIBRO II]",289,JURIDICO,
ESPECIAL,22,Los contratos del sector publico (II):,"Ley 9/2017, de 8 de noviembre [VALIDAR RANGO LIBRO II]",290,JURIDICO,
ESPECIAL,22,Los contratos del sector publico (II):,"Ley 9/2017, de 8 de noviembre [VALIDAR RANGO LIBRO II]",291,JURIDICO,
ESPECIAL,22,Los contratos del sector publico (II):,"Ley 9/2017, de 8 de noviembre [VALIDAR RANGO LIBRO II]",292,JURIDICO,
ESPECIAL,22,Los contratos del sector publico (II):,"Ley 9/2017, de 8 de noviembre [VALIDAR RANGO LIBRO II]",293,JURIDICO,
ESPECIAL,22,Los contratos del sector publico (II):,"Ley 9/2017, de 8 de noviembre [VALIDAR RANGO LIBRO II]",294,JURIDICO,
ESPECIAL,22,Los contratos del sector publico (II):,"Ley 9/2017, de 8 de noviembre [VALIDAR RANGO LIBRO II]",295,JURIDICO,
ESPECIAL,22,Los contratos del sector publico (II):,"Ley 9/2017, de 8 de noviembre [VALIDAR RANGO LIBRO II]",296,JURIDICO,
ESPECIAL,22,Los contratos del sector publico (II):,"Ley 9/2017, de 8 de noviembre [VALIDAR RANGO LIBRO II]",297,JURIDICO,
ESPECIAL,22,Los contratos del sector publico (II):,"Ley 9/2017, de 8 de noviembre [VALIDAR RANGO LIBRO II]",298,JURIDICO,
ESPECIAL,22,Los contratos del sector publico (II):,"Ley 9/2017, de 8 de noviembre [VALIDAR RANGO LIBRO II]",299,JURIDICO,
ESPECIAL,22,Los contratos del sector publico (II):,"Ley 9/2017, de 8 de noviembre [VALIDAR RANGO LIBRO II]",300,JURIDICO,
ESPECIAL,22,Los contratos del sector publico (II):,"Ley 9/2017, de 8 de noviembre [VALIDAR RANGO LIBRO II]",301,JURIDICO,
ESPECIAL,22,Los contratos del sector publico (II):,"Ley 9/2017, de 8 de noviembre [VALIDAR RANGO LIBRO II]",302,JURIDICO,
ESPECIAL,22,Los contratos del sector publico (II):,"Ley 9/2017, de 8 de noviembre [VALIDAR RANGO LIBRO II]",303,JURIDICO,
ESPECIAL,22,Los contratos del sector publico (II):,"Ley 9/2017, de 8 de noviembre [VALIDAR RANGO LIBRO II]",304,JURIDICO,
ESPECIAL,22,Los contratos del sector publico (II):,"Ley 9/2017, de 8 de noviembre [VALIDAR RANGO LIBRO II]",305,JURIDICO,
ESPECIAL,22,Los contratos del sector publico (II):,"Ley 9/2017, de 8 de noviembre [VALIDAR RANGO LIBRO II]",306,JURIDICO,
ESPECIAL,22,Los contratos del sector publico (II):,"Ley 9/2017, de 8 de noviembre [VALIDAR RANGO LIBRO II]",307,JURIDICO,
ESPECIAL,22,Los contratos del sector publico (II):,"Ley 9/2017, de 8 de noviembre [VALIDAR RANGO LIBRO II]",308,JURIDICO,
ESPECIAL,22,Los contratos del sector publico (II):,"Ley 9/2017, de 8 de noviembre [VALIDAR RANGO LIBRO II]",309,JURIDICO,
ESPECIAL,22,Los contratos del sector publico (II):,"Ley 9/2017, de 8 de noviembre [VALIDAR RANGO LIBRO II]",310,JURIDICO,
ESPECIAL,22,Los contratos del sector publico (II):,"Ley 9/2017, de 8 de noviembre [VALIDAR RANGO LIBRO II]",311,JURIDICO,
ESPECIAL,22,Los contratos del sector publico (II):,"Ley 9/2017, de 8 de noviembre [VALIDAR RANGO LIBRO II]",312,JURIDICO,
ESPECIAL,22,Los contratos del sector publico (II):,"Ley 9/2017, de 8 de noviembre [VALIDAR RANGO LIBRO II]",313,JURIDICO,
ESPECIAL,22,Los contratos del sector publico (II):,"Ley 9/2017, de 8 de noviembre [VALIDAR RANGO LIBRO II]",314,JURIDICO,
ESPECIAL,22,Los contratos del sector publico (II):,"Ley 9/2017, de 8 de noviembre [VALIDAR RANGO LIBRO II]",315,JURIDICO,
ESPECIAL,22,Los contratos del sector publico (II):,"Ley 9/2017, de 8 de noviembre [VALIDAR RANGO LIBRO II]",316,JURIDICO,
ESPECIAL,22,Los contratos del sector publico (II):,"Ley 9/2017, de 8 de noviembre [VALIDAR RANGO LIBRO II]",317,JURIDICO,
ESPECIAL,22,Los contratos del sector publico (II):,"Ley 9/2017, de 8 de noviembre [VALIDAR RANGO LIBRO III]",318,JURIDICO,
ESPECIAL,22,Los contratos del sector publico (II):,"Ley 9/2017, de 8 de noviembre [VALIDAR RANGO LIBRO III]",319,JURIDICO,
ESPECIAL,22,Los contratos del sector publico (II):,"Ley 9/2017, de 8 de noviembre [VALIDAR RANGO LIBRO III]",320,JURIDICO,
ESPECIAL,22,Los contratos del sector publico (II):,"Ley 9/2017, de 8 de noviembre [VALIDAR RANGO LIBRO III]",321,JURIDICO,
ESPECIAL,22,Los contratos del sector publico (II):,"Ley 9/2017, de 8 de noviembre [VALIDAR RANGO LIBRO IV]",322,JURIDICO,
ESPECIAL,22,Los contratos del sector publico (II):,"Ley 9/2017, de 8 de noviembre [VALIDAR RANGO LIBRO IV]",323,JURIDICO,
ESPECIAL,22,Los contratos del sector publico (II):,"Ley 9/2017, de 8 de noviembre [VALIDAR RANGO LIBRO IV]",324,JURIDICO,
ESPECIAL,22,Los contratos del sector publico (II):,"Ley 9/2017, de 8 de noviembre [VALIDAR RANGO LIBRO IV]",325,JURIDICO,
ESPECIAL,22,Los contratos del sector publico (II):,"Ley 9/2017, de 8 de noviembre [VALIDAR RANGO LIBRO IV]",326,JURIDICO,
ESPECIAL,22,Los contratos del sector publico (II):,"Ley 9/2017, de 8 de noviembre [VALIDAR RANGO LIBRO IV]",327,JURIDICO,
ESPECIAL,22,Los contratos del sector publico (II):,"Ley 9/2017, de 8 de noviembre [VALIDAR RANGO LIBRO IV]",328,JURIDICO,
ESPECIAL,22,Los contratos del sector publico (II):,"Ley 9/2017, de 8 de noviembre [VALIDAR RANGO LIBRO IV]",329,JURIDICO,
ESPECIAL,22,Los contratos del sector publico (II):,"Ley 9/2017, de 8 de noviembre [VALIDAR RANGO LIBRO IV]",330,JURIDICO,
ESPECIAL,22,Los contratos del sector publico (II):,"Ley 9/2017, de 8 de noviembre [VALIDAR RANGO LIBRO IV]",331,JURIDICO,
ESPECIAL,22,Los contratos del sector publico (II):,"Ley 9/2017, de 8 de noviembre [VALIDAR RANGO LIBRO IV]",332,JURIDICO,
ESPECIAL,22,Los contratos del sector publico (II):,"Ley 9/2017, de 8 de noviembre [VALIDAR RANGO LIBRO IV]",333,JURIDICO,
ESPECIAL,22,Los contratos del sector publico (II):,"Ley 9/2017, de 8 de noviembre [VALIDAR RANGO LIBRO IV]",334,JURIDICO,
ESPECIAL,24,"La Ley 7/1985, bases del regimen local.","Ley 7/1985, de 2 de abril",1,JURIDICO,
ESPECIAL,24,"La Ley 7/1985, bases del regimen local.","Ley 7/1985, de 2 de abril",2,JURIDICO,
ESPECIAL,24,"La Ley 7/1985, bases del regimen local.","Ley 7/1985, de 2 de abril",3,JURIDICO,
ESPECIAL,24,"La Ley 7/1985, bases del regimen local.","Ley 7/1985, de 2 de abril",4,JURIDICO,
ESPECIAL,24,"La Ley 7/1985, bases del regimen local.","Ley 7/1985, de 2 de abril",5,JURIDICO,
ESPECIAL,24,"La Ley 7/1985, bases del regimen local.","Ley 7/1985, de 2 de abril",6,JURIDICO,
ESPECIAL,24,"La Ley 7/1985, bases del regimen local.","Ley 7/1985, de 2 de abril",7,JURIDICO,
ESPECIAL,24,"La Ley 7/1985, bases del regimen local.","Ley 7/1985, de 2 de abril",8,JURIDICO,
ESPECIAL,24,"La Ley 7/1985, bases del regimen local.","Ley 7/1985, de 2 de abril",9,JURIDICO,
ESPECIAL,24,"La Ley 7/1985, bases del regimen local.","Ley 7/1985, de 2 de abril",10,JURIDICO,
ESPECIAL,24,"La Ley 7/1985, bases del regimen local.","Ley 7/1985, de 2 de abril",11,JURIDICO,
ESPECIAL,24,"La Ley 7/1985, bases del regimen local.","Ley 7/1985, de 2 de abril",12,JURIDICO,
ESPECIAL,24,"La Ley 7/1985, bases del regimen local.","Ley 7/1985, de 2 de abril",13,JURIDICO,
ESPECIAL,24,"La Ley 7/1985, bases del regimen local.","Ley 7/1985, de 2 de abril",14,JURIDICO,
ESPECIAL,24,"La Ley 7/1985, bases del regimen local.","Ley 7/1985, de 2 de abril",15,JURIDICO,
ESPECIAL,24,"La Ley 7/1985, bases del regimen local.","Ley 7/1985, de 2 de abril",16,JURIDICO,
ESPECIAL,24,"La Ley 7/1985, bases del regimen local.","Ley 7/1985, de 2 de abril",17,JURIDICO,
ESPECIAL,24,"La Ley 7/1985, bases del regimen local.","Ley 7/1985, de 2 de abril",18,JURIDICO,
ESPECIAL,24,"La Ley 7/1985, bases del regimen local.","Ley 7/1985, de 2 de abril",19,JURIDICO,
ESPECIAL,24,"La Ley 7/1985, bases del regimen local.","Ley 7/1985, de 2 de abril",20,JURIDICO,
ESPECIAL,24,"La Ley 7/1985, bases del regimen local.","Ley 7/1985, de 2 de abril",21,JURIDICO,
ESPECIAL,24,"La Ley 7/1985, bases del regimen local.","Ley 7/1985, de 2 de abril",22,JURIDICO,
ESPECIAL,24,"La Ley 7/1985, bases del regimen local.","Ley 7/1985, de 2 de abril",23,JURIDICO,
ESPECIAL,24,"La Ley 7/1985, bases del regimen local.","Ley 7/1985, de 2 de abril",24,JURIDICO,
ESPECIAL,24,"La Ley 7/1985, bases del regimen local.","Ley 7/1985, de 2 de abril",25,JURIDICO,
ESPECIAL,24,"La Ley 7/1985, bases del regimen local.","Ley 7/1985, de 2 de abril",26,JURIDICO,
ESPECIAL,24,"La Ley 7/1985, bases del regimen local.","Ley 7/1985, de 2 de abril",27,JURIDICO,
ESPECIAL,24,"La Ley 7/1985, bases del regimen local.","Ley 7/1985, de 2 de abril",28,JURIDICO,
ESPECIAL,24,"La Ley 7/1985, bases del regimen local.","Ley 7/1985, de 2 de abril",29,JURIDICO,
ESPECIAL,24,"La Ley 7/1985, bases del regimen local.","Ley 7/1985, de 2 de abril",30,JURIDICO,
ESPECIAL,24,"La Ley 7/1985, bases del regimen local.","Ley 7/1985, de 2 de abril",31,JURIDICO,
ESPECIAL,24,"La Ley 7/1985, bases del regimen local.","Ley 7/1985, de 2 de abril",32,JURIDICO,
ESPECIAL,24,"La Ley 7/1985, bases del regimen local.","Ley 7/1985, de 2 de abril",33,JURIDICO,
ESPECIAL,24,"La Ley 7/1985, bases del regimen local.","Ley 7/1985, de 2 de abril",34,JURIDICO,
ESPECIAL,24,"La Ley 7/1985, bases del regimen local.","Ley 7/1985, de 2 de abril",35,JURIDICO,
ESPECIAL,24,"La Ley 7/1985, bases del regimen local.","Ley 7/1985, de 2 de abril",36,JURIDICO,
ESPECIAL,24,"La Ley 7/1985, bases del regimen local.","Ley 7/1985, de 2 de abril",37,JURIDICO,
ESPECIAL,24,"La Ley 7/1985, bases del regimen local.","Ley 7/1985, de 2 de abril",38,JURIDICO,
ESPECIAL,24,"La Ley 7/1985, bases del regimen local.","Ley 7/1985, de 2 de abril",39,JURIDICO,
ESPECIAL,24,"La Ley 7/1985, bases del regimen local.","Ley 7/1985, de 2 de abril",40,JURIDICO,
ESPECIAL,24,"La Ley 7/1985, bases del regimen local.","Ley 7/1985, de 2 de abril",41,JURIDICO,
ESPECIAL,24,"La Ley 7/1985, bases del regimen local.","Ley 7/1985, de 2 de abril",55,JURIDICO,
ESPECIAL,24,"La Ley 7/1985, bases del regimen local.","Ley 7/1985, de 2 de abril",56,JURIDICO,
ESPECIAL,24,"La Ley 7/1985, bases del regimen local.","Ley 7/1985, de 2 de abril",57,JURIDICO,
ESPECIAL,24,"La Ley 7/1985, bases del regimen local.","Ley 7/1985, de 2 de abril",58,JURIDICO,
ESPECIAL,24,"La Ley 7/1985, bases del regimen local.","Ley 7/1985, de 2 de abril",59,JURIDICO,
ESPECIAL,24,"La Ley 7/1985, bases del regimen local.","Ley 7/1985, de 2 de abril",60,JURIDICO,
ESPECIAL,24,"La Ley 7/1985, bases del regimen local.","Ley 7/1985, de 2 de abril",61,JURIDICO,
ESPECIAL,24,"La Ley 7/1985, bases del regimen local.","Ley 7/1985, de 2 de abril",62,JURIDICO,
ESPECIAL,24,"La Ley 7/1985, bases del regimen local.","Ley 7/1985, de 2 de abril",63,JURIDICO,
ESPECIAL,24,"La Ley 7/1985, bases del regimen local.","Ley 7/1985, de 2 de abril",64,JURIDICO,
ESPECIAL,24,"La Ley 7/1985, bases del regimen local.","Ley 7/1985, de 2 de abril",65,JURIDICO,
ESPECIAL,24,"La Ley 7/1985, bases del regimen local.","Ley 7/1985, de 2 de abril",66,JURIDICO,
ESPECIAL,24,"La Ley 7/1985, bases del regimen local.","Ley 7/1985, de 2 de abril",67,JURIDICO,
ESPECIAL,24,"La Ley 7/1985, bases del regimen local.","Ley 7/1985, de 2 de abril",68,JURIDICO,
ESPECIAL,29,La regulacion constitucional de la funcion publica.,Constitucion Espanola,103,JURIDICO,
ESPECIAL,29,La regulacion constitucional de la funcion publica.,Real Decreto Legislativo 5/2015,1,JURIDICO,
ESPECIAL,29,La regulacion constitucional de la funcion publica.,Real Decreto Legislativo 5/2015,2,JURIDICO,
ESPECIAL,29,La regulacion constitucional de la funcion publica.,Real Decreto Legislativo 5/2015,3,JURIDICO,
ESPECIAL,29,La regulacion constitucional de la funcion publica.,Real Decreto Legislativo 5/2015,4,JURIDICO,
ESPECIAL,29,La regulacion constitucional de la funcion publica.,Real Decreto Legislativo 5/2015,5,JURIDICO,
ESPECIAL,29,La regulacion constitucional de la funcion publica.,Real Decreto Legislativo 5/2015,6,JURIDICO,
ESPECIAL,29,La regulacion constitucional de la funcion publica.,Real Decreto Legislativo 5/2015,7,JURIDICO,
ESPECIAL,39,El control interno de la gestion economico-financiera efectuado por la Intervencion Genera...,PENDIENTE DE INVESTIGAR: Ley 1/2015 (Titulo control) + Ley Organica 2/1982 Tribunal Cuentas + Ley 6/1985 Sindicatura Comptes,,PENDIENTE,
ESPECIAL,40,Caracteristicas del ordenamiento juridico UE.,TFUE,288,JURIDICO,
ESPECIAL,40,Caracteristicas del ordenamiento juridico UE.,TFUE,289,JURIDICO,
ESPECIAL,40,Caracteristicas del ordenamiento juridico UE.,TFUE,290,JURIDICO,
ESPECIAL,40,Caracteristicas del ordenamiento juridico UE.,TFUE,291,JURIDICO,
ESPECIAL,40,Caracteristicas del ordenamiento juridico UE.,TFUE,292,JURIDICO,
ESPECIAL,41,Derechos fundamentales y ciudadania de la Union.,TFUE [VALIDAR RANGO],20,JURIDICO,
ESPECIAL,41,Derechos fundamentales y ciudadania de la Union.,TFUE [VALIDAR RANGO],21,JURIDICO,
ESPECIAL,41,Derechos fundamentales y ciudadania de la Union.,TFUE [VALIDAR RANGO],22,JURIDICO,
ESPECIAL,41,Derechos fundamentales y ciudadania de la Union.,TFUE [VALIDAR RANGO],23,JURIDICO,
ESPECIAL,41,Derechos fundamentales y ciudadania de la Union.,TFUE [VALIDAR RANGO],24,JURIDICO,
ESPECIAL,41,Derechos fundamentales y ciudadania de la Union.,TFUE [VALIDAR RANGO],25,JURIDICO,
ESPECIAL,41,Derechos fundamentales y ciudadania de la Union.,TFUE [VALIDAR RANGO],28,JURIDICO,
ESPECIAL,41,Derechos fundamentales y ciudadania de la Union.,TFUE [VALIDAR RANGO],29,JURIDICO,
ESPECIAL,41,Derechos fundamentales y ciudadania de la Union.,TFUE [VALIDAR RANGO],30,JURIDICO,
ESPECIAL,41,Derechos fundamentales y ciudadania de la Union.,TFUE [VALIDAR RANGO],31,JURIDICO,
ESPECIAL,41,Derechos fundamentales y ciudadania de la Union.,TFUE [VALIDAR RANGO],32,JURIDICO,
ESPECIAL,41,Derechos fundamentales y ciudadania de la Union.,TFUE [VALIDAR RANGO],33,JURIDICO,
ESPECIAL,41,Derechos fundamentales y ciudadania de la Union.,TFUE [VALIDAR RANGO],34,JURIDICO,
ESPECIAL,41,Derechos fundamentales y ciudadania de la Union.,TFUE [VALIDAR RANGO],35,JURIDICO,
ESPECIAL,41,Derechos fundamentales y ciudadania de la Union.,TFUE [VALIDAR RANGO],36,JURIDICO,
ESPECIAL,41,Derechos fundamentales y ciudadania de la Union.,TFUE [VALIDAR RANGO],37,JURIDICO,
ESPECIAL,41,Derechos fundamentales y ciudadania de la Union.,TFUE [VALIDAR RANGO],38,JURIDICO,
ESPECIAL,41,Derechos fundamentales y ciudadania de la Union.,TFUE [VALIDAR RANGO],39,JURIDICO,
ESPECIAL,41,Derechos fundamentales y ciudadania de la Union.,TFUE [VALIDAR RANGO],40,JURIDICO,
ESPECIAL,41,Derechos fundamentales y ciudadania de la Union.,TFUE [VALIDAR RANGO],41,JURIDICO,
ESPECIAL,41,Derechos fundamentales y ciudadania de la Union.,TFUE [VALIDAR RANGO],42,JURIDICO,
ESPECIAL,41,Derechos fundamentales y ciudadania de la Union.,TFUE [VALIDAR RANGO],43,JURIDICO,
ESPECIAL,41,Derechos fundamentales y ciudadania de la Union.,TFUE [VALIDAR RANGO],44,JURIDICO,
ESPECIAL,41,Derechos fundamentales y ciudadania de la Union.,TFUE [VALIDAR RANGO],45,JURIDICO,
ESPECIAL,41,Derechos fundamentales y ciudadania de la Union.,TFUE [VALIDAR RANGO],46,JURIDICO,
ESPECIAL,41,Derechos fundamentales y ciudadania de la Union.,TFUE [VALIDAR RANGO],47,JURIDICO,
ESPECIAL,41,Derechos fundamentales y ciudadania de la Union.,TFUE [VALIDAR RANGO],48,JURIDICO,
ESPECIAL,41,Derechos fundamentales y ciudadania de la Union.,TFUE [VALIDAR RANGO],49,JURIDICO,
ESPECIAL,41,Derechos fundamentales y ciudadania de la Union.,TFUE [VALIDAR RANGO],50,JURIDICO,
ESPECIAL,41,Derechos fundamentales y ciudadania de la Union.,TFUE [VALIDAR RANGO],51,JURIDICO,
ESPECIAL,41,Derechos fundamentales y ciudadania de la Union.,TFUE [VALIDAR RANGO],52,JURIDICO,
ESPECIAL,41,Derechos fundamentales y ciudadania de la Union.,TFUE [VALIDAR RANGO],53,JURIDICO,
ESPECIAL,41,Derechos fundamentales y ciudadania de la Union.,TFUE [VALIDAR RANGO],54,JURIDICO,
ESPECIAL,41,Derechos fundamentales y ciudadania de la Union.,TFUE [VALIDAR RANGO],55,JURIDICO,
ESPECIAL,41,Derechos fundamentales y ciudadania de la Union.,TFUE [VALIDAR RANGO],56,JURIDICO,
ESPECIAL,41,Derechos fundamentales y ciudadania de la Union.,TFUE [VALIDAR RANGO],57,JURIDICO,
ESPECIAL,41,Derechos fundamentales y ciudadania de la Union.,TFUE [VALIDAR RANGO],58,JURIDICO,
ESPECIAL,41,Derechos fundamentales y ciudadania de la Union.,TFUE [VALIDAR RANGO],59,JURIDICO,
ESPECIAL,41,Derechos fundamentales y ciudadania de la Union.,TFUE [VALIDAR RANGO],60,JURIDICO,
ESPECIAL,41,Derechos fundamentales y ciudadania de la Union.,TFUE [VALIDAR RANGO],61,JURIDICO,
ESPECIAL,41,Derechos fundamentales y ciudadania de la Union.,TFUE [VALIDAR RANGO],62,JURIDICO,
ESPECIAL,41,Derechos fundamentales y ciudadania de la Union.,TFUE [VALIDAR RANGO],63,JURIDICO,
ESPECIAL,41,Derechos fundamentales y ciudadania de la Union.,TFUE [VALIDAR RANGO],64,JURIDICO,
ESPECIAL,41,Derechos fundamentales y ciudadania de la Union.,TFUE [VALIDAR RANGO],65,JURIDICO,
ESPECIAL,41,Derechos fundamentales y ciudadania de la Union.,TFUE [VALIDAR RANGO],66,JURIDICO,
ESPECIAL,41,Derechos fundamentales y ciudadania de la Union.,TFUE [VALIDAR RANGO],67,JURIDICO,
ESPECIAL,41,Derechos fundamentales y ciudadania de la Union.,TFUE [VALIDAR RANGO],68,JURIDICO,
ESPECIAL,41,Derechos fundamentales y ciudadania de la Union.,TFUE [VALIDAR RANGO],69,JURIDICO,
ESPECIAL,41,Derechos fundamentales y ciudadania de la Union.,TFUE [VALIDAR RANGO],70,JURIDICO,
ESPECIAL,41,Derechos fundamentales y ciudadania de la Union.,TFUE [VALIDAR RANGO],71,JURIDICO,
ESPECIAL,41,Derechos fundamentales y ciudadania de la Union.,TFUE [VALIDAR RANGO],72,JURIDICO,
ESPECIAL,41,Derechos fundamentales y ciudadania de la Union.,TFUE [VALIDAR RANGO],73,JURIDICO,
ESPECIAL,41,Derechos fundamentales y ciudadania de la Union.,TFUE [VALIDAR RANGO],74,JURIDICO,
ESPECIAL,41,Derechos fundamentales y ciudadania de la Union.,TFUE [VALIDAR RANGO],75,JURIDICO,
ESPECIAL,41,Derechos fundamentales y ciudadania de la Union.,TFUE [VALIDAR RANGO],76,JURIDICO,
ESPECIAL,41,Derechos fundamentales y ciudadania de la Union.,TFUE [VALIDAR RANGO],77,JURIDICO,
ESPECIAL,41,Derechos fundamentales y ciudadania de la Union.,TFUE [VALIDAR RANGO],78,JURIDICO,
ESPECIAL,41,Derechos fundamentales y ciudadania de la Union.,TFUE [VALIDAR RANGO],79,JURIDICO,
ESPECIAL,41,Derechos fundamentales y ciudadania de la Union.,TFUE [VALIDAR RANGO],80,JURIDICO,
ESPECIAL,41,Derechos fundamentales y ciudadania de la Union.,TFUE [VALIDAR RANGO],81,JURIDICO,
ESPECIAL,41,Derechos fundamentales y ciudadania de la Union.,TFUE [VALIDAR RANGO],82,JURIDICO,
ESPECIAL,41,Derechos fundamentales y ciudadania de la Union.,TFUE [VALIDAR RANGO],83,JURIDICO,
ESPECIAL,41,Derechos fundamentales y ciudadania de la Union.,TFUE [VALIDAR RANGO],84,JURIDICO,
ESPECIAL,41,Derechos fundamentales y ciudadania de la Union.,TFUE [VALIDAR RANGO],85,JURIDICO,
ESPECIAL,41,Derechos fundamentales y ciudadania de la Union.,TFUE [VALIDAR RANGO],86,JURIDICO,
ESPECIAL,41,Derechos fundamentales y ciudadania de la Union.,TFUE [VALIDAR RANGO],87,JURIDICO,
ESPECIAL,41,Derechos fundamentales y ciudadania de la Union.,TFUE [VALIDAR RANGO],88,JURIDICO,
ESPECIAL,41,Derechos fundamentales y ciudadania de la Union.,TFUE [VALIDAR RANGO],89,JURIDICO,
ESPECIAL,42,Derecho de la Union Europea.,"NOTA: TUE arts.4-5 ya asignados en General tema13; TFUE art.288 ya asignado en tema 40. Sin anclaje de articulo disponible sin duplicar (jerarquia/primacia es doctrina jurisprudencial TJUE, no un articulo concreto)",,NOTA,
ESPECIAL,42,Derecho de la Union Europea.,"PENDIENTE DE INVESTIGAR: mecanismos de participacion autonomica en asuntos UE (Ley 2/1997, normativa valenciana)",,PENDIENTE,
ESPECIAL,43,"Las competencias de la Generalitat en materia de politicas de prestacion social, (...)",EPIGRAFE TEMATICO - el enunciado no pide articulos concretos sino normas sectoriales, pendiente listado por materia,,PENDIENTE
ESPECIAL,44,"Las competencias de la Generalitat en materia de Regimen Local, (...)",EPIGRAFE TEMATICO - el enunciado no pide articulos concretos sino normas sectoriales, pendiente listado por materia,,PENDIENTE
ESPECIAL,45,"Las competencias de la Generalitat en materia de educacion, (...)",EPIGRAFE TEMATICO - el enunciado no pide articulos concretos sino normas sectoriales, pendiente listado por materia,,PENDIENTE
ESPECIAL,46,"Las competencias de la Generalitat en materia de sanidad, salud publica, farmacia.",EPIGRAFE TEMATICO - el enunciado no pide articulos concretos sino normas sectoriales, pendiente listado por materia,,PENDIENTE
ESPECIAL,47,"Las competencias de la Generalitat en materia de economia social, (...)",EPIGRAFE TEMATICO - el enunciado no pide articulos concretos sino normas sectoriales, pendiente listado por materia,,PENDIENTE
ESPECIAL,48,"Las competencias de la Generalitat en materia de industria, (...)",EPIGRAFE TEMATICO - el enunciado no pide articulos concretos sino normas sectoriales, pendiente listado por materia,,PENDIENTE
ESPECIAL,49,"Las competencias de la Generalitat en materia de agricultura, (...)",EPIGRAFE TEMATICO - el enunciado no pide articulos concretos sino normas sectoriales, pendiente listado por materia,,PENDIENTE
ESPECIAL,50,"Las competencias de la Generalitat en materia de medio ambiente, (...)",EPIGRAFE TEMATICO - el enunciado no pide articulos concretos sino normas sectoriales, pendiente listado por materia,,PENDIENTE
ESPECIAL,51,"Las competencias de la Generalitat en materia de ordenacion territorio y litoral, (...)",EPIGRAFE TEMATICO - el enunciado no pide articulos concretos sino normas sectoriales, pendiente listado por materia,,PENDIENTE
ESPECIAL,52,"Las competencias de la Generalitat en materia de cultura, (...)",EPIGRAFE TEMATICO - el enunciado no pide articulos concretos sino normas sectoriales, pendiente listado por materia,,PENDIENTE
ESPECIAL,53,Gobierno abierto:,"DOCTRINAL/CONCEPTUAL - sin articulo asignable (para evitar duplicados con otros temas): doctrinal/normativa dispersa, sin ley unica de referencia clara",,DOCTRINAL,
ESPECIAL,55,La planificacion estrategica.,"DOCTRINAL/CONCEPTUAL - sin articulo asignable (para evitar duplicados con otros temas): doctrinal/normativa de planificacion de la Generalitat, sin ley unica identificada",,DOCTRINAL,
ESPECIAL,1,Las fuentes del derecho administrativo (I).,"NOTA FINAL: CE art.9 retirado de aqui; queda en General tema1 (cita literal ""Titulo Preliminar""). Este tema 1 Especial queda sin anclaje constitucional propio.",,NOTA,
ESPECIAL,2,Las fuentes del derecho administrativo (II):,"NOTA FINAL: art.37 retirado de aqui; queda en tema 10 (rango 34-52 explicito). Tema 2 queda integramente doctrinal, sin articulos propios.",,NOTA,
ESPECIAL,31,La Funcion Publica en la Generalitat (I),"Ley 4/2021, de 16 de abril",1,JURIDICO,
ESPECIAL,31,La Funcion Publica en la Generalitat (I),"Ley 4/2021, de 16 de abril",2,JURIDICO,
ESPECIAL,31,La Funcion Publica en la Generalitat (I),"Ley 4/2021, de 16 de abril",3,JURIDICO,
ESPECIAL,31,La Funcion Publica en la Generalitat (I),"Ley 4/2021, de 16 de abril",4,JURIDICO,
ESPECIAL,31,La Funcion Publica en la Generalitat (I),"Ley 4/2021, de 16 de abril",5,JURIDICO,
ESPECIAL,31,La Funcion Publica en la Generalitat (I),"Ley 4/2021, de 16 de abril",6,JURIDICO,
ESPECIAL,31,La Funcion Publica en la Generalitat (I),"Ley 4/2021, de 16 de abril",7,JURIDICO,
ESPECIAL,31,La Funcion Publica en la Generalitat (I),"Ley 4/2021, de 16 de abril",8,JURIDICO,
ESPECIAL,31,La Funcion Publica en la Generalitat (I),"Ley 4/2021, de 16 de abril",9,JURIDICO,
ESPECIAL,31,La Funcion Publica en la Generalitat (I),"Ley 4/2021, de 16 de abril",10,JURIDICO,
ESPECIAL,31,La Funcion Publica en la Generalitat (I),"Ley 4/2021, de 16 de abril",11,JURIDICO,
ESPECIAL,31,La Funcion Publica en la Generalitat (I),"Ley 4/2021, de 16 de abril",12,JURIDICO,
ESPECIAL,31,La Funcion Publica en la Generalitat (I),"Ley 4/2021, de 16 de abril",13,JURIDICO,
ESPECIAL,31,La Funcion Publica en la Generalitat (I),"Ley 4/2021, de 16 de abril",14,JURIDICO,
ESPECIAL,31,La Funcion Publica en la Generalitat (I),"Ley 4/2021, de 16 de abril",15,JURIDICO,
ESPECIAL,31,La Funcion Publica en la Generalitat (I),"Ley 4/2021, de 16 de abril",16,JURIDICO,
ESPECIAL,31,La Funcion Publica en la Generalitat (I),"Ley 4/2021, de 16 de abril",17,JURIDICO,
ESPECIAL,31,La Funcion Publica en la Generalitat (I),"Ley 4/2021, de 16 de abril",18,JURIDICO,
ESPECIAL,31,La Funcion Publica en la Generalitat (I),"Ley 4/2021, de 16 de abril",19,JURIDICO,
ESPECIAL,31,La Funcion Publica en la Generalitat (I),"Ley 4/2021, de 16 de abril",20,JURIDICO,
ESPECIAL,31,La Funcion Publica en la Generalitat (I),"Ley 4/2021, de 16 de abril",21,JURIDICO,
ESPECIAL,31,La Funcion Publica en la Generalitat (I),"Ley 4/2021, de 16 de abril",22,JURIDICO,
ESPECIAL,31,La Funcion Publica en la Generalitat (I),"Ley 4/2021, de 16 de abril",23,JURIDICO,
ESPECIAL,31,La Funcion Publica en la Generalitat (I),"Ley 4/2021, de 16 de abril",24,JURIDICO,
ESPECIAL,31,La Funcion Publica en la Generalitat (I),"Ley 4/2021, de 16 de abril",25,JURIDICO,
ESPECIAL,31,La Funcion Publica en la Generalitat (I),"Ley 4/2021, de 16 de abril",26,JURIDICO,
ESPECIAL,31,La Funcion Publica en la Generalitat (I),"Ley 4/2021, de 16 de abril",27,JURIDICO,
ESPECIAL,32,La Funcion Publica en la Generalitat (II),"Ley 4/2021, de 16 de abril",28,JURIDICO,
ESPECIAL,32,La Funcion Publica en la Generalitat (II),"Ley 4/2021, de 16 de abril",29,JURIDICO,
ESPECIAL,32,La Funcion Publica en la Generalitat (II),"Ley 4/2021, de 16 de abril",30,JURIDICO,
ESPECIAL,32,La Funcion Publica en la Generalitat (II),"Ley 4/2021, de 16 de abril",31,JURIDICO,
ESPECIAL,32,La Funcion Publica en la Generalitat (II),"Ley 4/2021, de 16 de abril",32,JURIDICO,
ESPECIAL,32,La Funcion Publica en la Generalitat (II),"Ley 4/2021, de 16 de abril",33,JURIDICO,
ESPECIAL,32,La Funcion Publica en la Generalitat (II),"Ley 4/2021, de 16 de abril",34,JURIDICO,
ESPECIAL,32,La Funcion Publica en la Generalitat (II),"Ley 4/2021, de 16 de abril",35,JURIDICO,
ESPECIAL,32,La Funcion Publica en la Generalitat (II),"Ley 4/2021, de 16 de abril",36,JURIDICO,
ESPECIAL,32,La Funcion Publica en la Generalitat (II),"Ley 4/2021, de 16 de abril",37,JURIDICO,
ESPECIAL,32,La Funcion Publica en la Generalitat (II),"Ley 4/2021, de 16 de abril",38,JURIDICO,
ESPECIAL,32,La Funcion Publica en la Generalitat (II),"Ley 4/2021, de 16 de abril",39,JURIDICO,
ESPECIAL,32,La Funcion Publica en la Generalitat (II),"Ley 4/2021, de 16 de abril",40,JURIDICO,
ESPECIAL,32,La Funcion Publica en la Generalitat (II),"Ley 4/2021, de 16 de abril",41,JURIDICO,
ESPECIAL,32,La Funcion Publica en la Generalitat (II),"Ley 4/2021, de 16 de abril",42,JURIDICO,
ESPECIAL,32,La Funcion Publica en la Generalitat (II),"Ley 4/2021, de 16 de abril",43,JURIDICO,
ESPECIAL,32,La Funcion Publica en la Generalitat (II),"Ley 4/2021, de 16 de abril",44,JURIDICO,
ESPECIAL,32,La Funcion Publica en la Generalitat (II),"Ley 4/2021, de 16 de abril",45,JURIDICO,
ESPECIAL,32,La Funcion Publica en la Generalitat (II),"Ley 4/2021, de 16 de abril",46,JURIDICO,
ESPECIAL,32,La Funcion Publica en la Generalitat (II),"Ley 4/2021, de 16 de abril",47,JURIDICO,
ESPECIAL,32,La Funcion Publica en la Generalitat (II),"Ley 4/2021, de 16 de abril",48,JURIDICO,
ESPECIAL,32,La Funcion Publica en la Generalitat (II),"Ley 4/2021, de 16 de abril",49,JURIDICO,
ESPECIAL,32,La Funcion Publica en la Generalitat (II),"Ley 4/2021, de 16 de abril",50,JURIDICO,
ESPECIAL,32,La Funcion Publica en la Generalitat (II),"Ley 4/2021, de 16 de abril",51,JURIDICO,
ESPECIAL,32,La Funcion Publica en la Generalitat (II),"Ley 4/2021, de 16 de abril",52,JURIDICO,
ESPECIAL,32,La Funcion Publica en la Generalitat (II),"Ley 4/2021, de 16 de abril",53,JURIDICO,
ESPECIAL,32,La Funcion Publica en la Generalitat (II),"Ley 4/2021, de 16 de abril",54,JURIDICO,
ESPECIAL,32,La Funcion Publica en la Generalitat (II),"Ley 4/2021, de 16 de abril",55,JURIDICO,
ESPECIAL,32,La Funcion Publica en la Generalitat (II),"Ley 4/2021, de 16 de abril",56,JURIDICO,
ESPECIAL,32,La Funcion Publica en la Generalitat (II),"Ley 4/2021, de 16 de abril",57,JURIDICO,
ESPECIAL,32,La Funcion Publica en la Generalitat (II),"Ley 4/2021, de 16 de abril",58,JURIDICO,
ESPECIAL,32,La Funcion Publica en la Generalitat (II),"Ley 4/2021, de 16 de abril",59,JURIDICO,
ESPECIAL,7,La jurisdiccion contencioso-administrativa. Naturaleza. Cuestiones a las que se extiende. Organos y competencias. Partes y objeto del recurso. Ejecucion de sentencias.,"Ley 29/1998, de 13 de julio (LJCA)",1,JURIDICO,
ESPECIAL,7,La jurisdiccion contencioso-administrativa. Naturaleza. Cuestiones a las que se extiende. Organos y competencias. Partes y objeto del recurso. Ejecucion de sentencias.,"Ley 29/1998, de 13 de julio (LJCA)",2,JURIDICO,
ESPECIAL,7,La jurisdiccion contencioso-administrativa. Naturaleza. Cuestiones a las que se extiende. Organos y competencias. Partes y objeto del recurso. Ejecucion de sentencias.,"Ley 29/1998, de 13 de julio (LJCA)",3,JURIDICO,
ESPECIAL,7,La jurisdiccion contencioso-administrativa. Naturaleza. Cuestiones a las que se extiende. Organos y competencias. Partes y objeto del recurso. Ejecucion de sentencias.,"Ley 29/1998, de 13 de julio (LJCA)",4,JURIDICO,
ESPECIAL,7,La jurisdiccion contencioso-administrativa. Naturaleza. Cuestiones a las que se extiende. Organos y competencias. Partes y objeto del recurso. Ejecucion de sentencias.,"Ley 29/1998, de 13 de julio (LJCA)",5,JURIDICO,
ESPECIAL,7,La jurisdiccion contencioso-administrativa. Naturaleza. Cuestiones a las que se extiende. Organos y competencias. Partes y objeto del recurso. Ejecucion de sentencias.,"Ley 29/1998, de 13 de julio (LJCA)",6,JURIDICO,
ESPECIAL,7,La jurisdiccion contencioso-administrativa. Naturaleza. Cuestiones a las que se extiende. Organos y competencias. Partes y objeto del recurso. Ejecucion de sentencias.,"Ley 29/1998, de 13 de julio (LJCA)",7,JURIDICO,
ESPECIAL,7,La jurisdiccion contencioso-administrativa. Naturaleza. Cuestiones a las que se extiende. Organos y competencias. Partes y objeto del recurso. Ejecucion de sentencias.,"Ley 29/1998, de 13 de julio (LJCA)",8,JURIDICO,
ESPECIAL,7,La jurisdiccion contencioso-administrativa. Naturaleza. Cuestiones a las que se extiende. Organos y competencias. Partes y objeto del recurso. Ejecucion de sentencias.,"Ley 29/1998, de 13 de julio (LJCA)",9,JURIDICO,
ESPECIAL,7,La jurisdiccion contencioso-administrativa. Naturaleza. Cuestiones a las que se extiende. Organos y competencias. Partes y objeto del recurso. Ejecucion de sentencias.,"Ley 29/1998, de 13 de julio (LJCA)",10,JURIDICO,
ESPECIAL,7,La jurisdiccion contencioso-administrativa. Naturaleza. Cuestiones a las que se extiende. Organos y competencias. Partes y objeto del recurso. Ejecucion de sentencias.,"Ley 29/1998, de 13 de julio (LJCA)",11,JURIDICO,
ESPECIAL,7,La jurisdiccion contencioso-administrativa. Naturaleza. Cuestiones a las que se extiende. Organos y competencias. Partes y objeto del recurso. Ejecucion de sentencias.,"Ley 29/1998, de 13 de julio (LJCA)",12,JURIDICO,
ESPECIAL,7,La jurisdiccion contencioso-administrativa. Naturaleza. Cuestiones a las que se extiende. Organos y competencias. Partes y objeto del recurso. Ejecucion de sentencias.,"Ley 29/1998, de 13 de julio (LJCA)",13,JURIDICO,
ESPECIAL,7,La jurisdiccion contencioso-administrativa. Naturaleza. Cuestiones a las que se extiende. Organos y competencias. Partes y objeto del recurso. Ejecucion de sentencias.,"Ley 29/1998, de 13 de julio (LJCA)",14,JURIDICO,
ESPECIAL,7,La jurisdiccion contencioso-administrativa. Naturaleza. Cuestiones a las que se extiende. Organos y competencias. Partes y objeto del recurso. Ejecucion de sentencias.,"Ley 29/1998, de 13 de julio (LJCA)",15,JURIDICO,
ESPECIAL,7,La jurisdiccion contencioso-administrativa. Naturaleza. Cuestiones a las que se extiende. Organos y competencias. Partes y objeto del recurso. Ejecucion de sentencias.,"Ley 29/1998, de 13 de julio (LJCA)",16,JURIDICO,
ESPECIAL,7,La jurisdiccion contencioso-administrativa. Naturaleza. Cuestiones a las que se extiende. Organos y competencias. Partes y objeto del recurso. Ejecucion de sentencias.,"Ley 29/1998, de 13 de julio (LJCA)",17,JURIDICO,
ESPECIAL,7,La jurisdiccion contencioso-administrativa. Naturaleza. Cuestiones a las que se extiende. Organos y competencias. Partes y objeto del recurso. Ejecucion de sentencias.,"Ley 29/1998, de 13 de julio (LJCA)",18,JURIDICO,
ESPECIAL,7,La jurisdiccion contencioso-administrativa. Naturaleza. Cuestiones a las que se extiende. Organos y competencias. Partes y objeto del recurso. Ejecucion de sentencias.,"Ley 29/1998, de 13 de julio (LJCA)",19,JURIDICO,
ESPECIAL,7,La jurisdiccion contencioso-administrativa. Naturaleza. Cuestiones a las que se extiende. Organos y competencias. Partes y objeto del recurso. Ejecucion de sentencias.,"Ley 29/1998, de 13 de julio (LJCA)",20,JURIDICO,
ESPECIAL,7,La jurisdiccion contencioso-administrativa. Naturaleza. Cuestiones a las que se extiende. Organos y competencias. Partes y objeto del recurso. Ejecucion de sentencias.,"Ley 29/1998, de 13 de julio (LJCA)",21,JURIDICO,
ESPECIAL,7,La jurisdiccion contencioso-administrativa. Naturaleza. Cuestiones a las que se extiende. Organos y competencias. Partes y objeto del recurso. Ejecucion de sentencias.,"Ley 29/1998, de 13 de julio (LJCA)",22,JURIDICO,
ESPECIAL,7,La jurisdiccion contencioso-administrativa. Naturaleza. Cuestiones a las que se extiende. Organos y competencias. Partes y objeto del recurso. Ejecucion de sentencias.,"Ley 29/1998, de 13 de julio (LJCA)",23,JURIDICO,
ESPECIAL,7,La jurisdiccion contencioso-administrativa. Naturaleza. Cuestiones a las que se extiende. Organos y competencias. Partes y objeto del recurso. Ejecucion de sentencias.,"Ley 29/1998, de 13 de julio (LJCA)",24,JURIDICO,
ESPECIAL,7,La jurisdiccion contencioso-administrativa. Naturaleza. Cuestiones a las que se extiende. Organos y competencias. Partes y objeto del recurso. Ejecucion de sentencias.,"Ley 29/1998, de 13 de julio (LJCA) [VALIDAR EXTREMO SUPERIOR]",25,JURIDICO,
ESPECIAL,7,La jurisdiccion contencioso-administrativa. Naturaleza. Cuestiones a las que se extiende. Organos y competencias. Partes y objeto del recurso. Ejecucion de sentencias.,"Ley 29/1998, de 13 de julio (LJCA) [VALIDAR EXTREMO SUPERIOR]",26,JURIDICO,
ESPECIAL,7,La jurisdiccion contencioso-administrativa. Naturaleza. Cuestiones a las que se extiende. Organos y competencias. Partes y objeto del recurso. Ejecucion de sentencias.,"Ley 29/1998, de 13 de julio (LJCA) [VALIDAR EXTREMO SUPERIOR]",27,JURIDICO,
ESPECIAL,7,La jurisdiccion contencioso-administrativa. Naturaleza. Cuestiones a las que se extiende. Organos y competencias. Partes y objeto del recurso. Ejecucion de sentencias.,"Ley 29/1998, de 13 de julio (LJCA) [VALIDAR EXTREMO SUPERIOR]",28,JURIDICO,
ESPECIAL,7,La jurisdiccion contencioso-administrativa. Naturaleza. Cuestiones a las que se extiende. Organos y competencias. Partes y objeto del recurso. Ejecucion de sentencias.,"Ley 29/1998, de 13 de julio (LJCA) [VALIDAR EXTREMO SUPERIOR]",29,JURIDICO,
ESPECIAL,7,La jurisdiccion contencioso-administrativa. Naturaleza. Cuestiones a las que se extiende. Organos y competencias. Partes y objeto del recurso. Ejecucion de sentencias.,"Ley 29/1998, de 13 de julio (LJCA) [VALIDAR EXTREMO SUPERIOR]",30,JURIDICO,
ESPECIAL,7,La jurisdiccion contencioso-administrativa. Naturaleza. Cuestiones a las que se extiende. Organos y competencias. Partes y objeto del recurso. Ejecucion de sentencias.,"Ley 29/1998, de 13 de julio (LJCA) [VALIDAR EXTREMO SUPERIOR]",31,JURIDICO,
ESPECIAL,7,La jurisdiccion contencioso-administrativa. Naturaleza. Cuestiones a las que se extiende. Organos y competencias. Partes y objeto del recurso. Ejecucion de sentencias.,"Ley 29/1998, de 13 de julio (LJCA) [VALIDAR EXTREMO SUPERIOR]",32,JURIDICO,
ESPECIAL,7,La jurisdiccion contencioso-administrativa. Naturaleza. Cuestiones a las que se extiende. Organos y competencias. Partes y objeto del recurso. Ejecucion de sentencias.,"Ley 29/1998, de 13 de julio (LJCA) [VALIDAR EXTREMO SUPERIOR]",33,JURIDICO,
ESPECIAL,7,La jurisdiccion contencioso-administrativa. Naturaleza. Cuestiones a las que se extiende. Organos y competencias. Partes y objeto del recurso. Ejecucion de sentencias.,"Ley 29/1998, de 13 de julio (LJCA) [VALIDAR EXTREMO SUPERIOR]",34,JURIDICO,
ESPECIAL,7,La jurisdiccion contencioso-administrativa. Naturaleza. Cuestiones a las que se extiende. Organos y competencias. Partes y objeto del recurso. Ejecucion de sentencias.,"Ley 29/1998, de 13 de julio (LJCA) [VALIDAR EXTREMO SUPERIOR]",35,JURIDICO,
ESPECIAL,7,La jurisdiccion contencioso-administrativa. Naturaleza. Cuestiones a las que se extiende. Organos y competencias. Partes y objeto del recurso. Ejecucion de sentencias.,"Ley 29/1998, de 13 de julio (LJCA) [VALIDAR EXTREMO SUPERIOR]",36,JURIDICO,
ESPECIAL,7,La jurisdiccion contencioso-administrativa. Naturaleza. Cuestiones a las que se extiende. Organos y competencias. Partes y objeto del recurso. Ejecucion de sentencias.,"Ley 29/1998, de 13 de julio (LJCA) [VALIDAR EXTREMO SUPERIOR]",37,JURIDICO,
ESPECIAL,7,La jurisdiccion contencioso-administrativa. Naturaleza. Cuestiones a las que se extiende. Organos y competencias. Partes y objeto del recurso. Ejecucion de sentencias.,"Ley 29/1998, de 13 de julio (LJCA) [VALIDAR EXTREMO SUPERIOR]",38,JURIDICO,
ESPECIAL,7,La jurisdiccion contencioso-administrativa. Naturaleza. Cuestiones a las que se extiende. Organos y competencias. Partes y objeto del recurso. Ejecucion de sentencias.,"Ley 29/1998, de 13 de julio (LJCA) [VALIDAR EXTREMO SUPERIOR]",39,JURIDICO,
ESPECIAL,7,La jurisdiccion contencioso-administrativa. Naturaleza. Cuestiones a las que se extiende. Organos y competencias. Partes y objeto del recurso. Ejecucion de sentencias.,"Ley 29/1998, de 13 de julio (LJCA) [VALIDAR EXTREMO SUPERIOR]",40,JURIDICO,
ESPECIAL,7,La jurisdiccion contencioso-administrativa. Naturaleza. Cuestiones a las que se extiende. Organos y competencias. Partes y objeto del recurso. Ejecucion de sentencias.,"Ley 29/1998, de 13 de julio (LJCA) [VALIDAR EXTREMO SUPERIOR]",41,JURIDICO,
ESPECIAL,7,La jurisdiccion contencioso-administrativa. Naturaleza. Cuestiones a las que se extiende. Organos y competencias. Partes y objeto del recurso. Ejecucion de sentencias.,"Ley 29/1998, de 13 de julio (LJCA) [VALIDAR EXTREMO SUPERIOR]",42,JURIDICO,
ESPECIAL,7,La jurisdiccion contencioso-administrativa. Naturaleza. Cuestiones a las que se extiende. Organos y competencias. Partes y objeto del recurso. Ejecucion de sentencias.,"Ley 29/1998, de 13 de julio (LJCA) [VALIDAR EXTREMO SUPERIOR]",43,JURIDICO,
ESPECIAL,7,La jurisdiccion contencioso-administrativa. Naturaleza. Cuestiones a las que se extiende. Organos y competencias. Partes y objeto del recurso. Ejecucion de sentencias.,"Ley 29/1998, de 13 de julio (LJCA) [VALIDAR EXTREMO SUPERIOR]",44,JURIDICO,
ESPECIAL,7,La jurisdiccion contencioso-administrativa. Naturaleza. Cuestiones a las que se extiende. Organos y competencias. Partes y objeto del recurso. Ejecucion de sentencias.,"Ley 29/1998, de 13 de julio (LJCA) [VALIDAR EXTREMO SUPERIOR]",45,JURIDICO,
ESPECIAL,7,La jurisdiccion contencioso-administrativa. Naturaleza. Cuestiones a las que se extiende. Organos y competencias. Partes y objeto del recurso. Ejecucion de sentencias.,"Ley 29/1998, de 13 de julio (LJCA) [VALIDAR EXTREMO SUPERIOR]",46,JURIDICO,
ESPECIAL,7,La jurisdiccion contencioso-administrativa. Naturaleza. Cuestiones a las que se extiende. Organos y competencias. Partes y objeto del recurso. Ejecucion de sentencias.,"Ley 29/1998, de 13 de julio (LJCA)",103,JURIDICO,
ESPECIAL,7,La jurisdiccion contencioso-administrativa. Naturaleza. Cuestiones a las que se extiende. Organos y competencias. Partes y objeto del recurso. Ejecucion de sentencias.,"Ley 29/1998, de 13 de julio (LJCA)",104,JURIDICO,
ESPECIAL,7,La jurisdiccion contencioso-administrativa. Naturaleza. Cuestiones a las que se extiende. Organos y competencias. Partes y objeto del recurso. Ejecucion de sentencias.,"Ley 29/1998, de 13 de julio (LJCA)",105,JURIDICO,
ESPECIAL,7,La jurisdiccion contencioso-administrativa. Naturaleza. Cuestiones a las que se extiende. Organos y competencias. Partes y objeto del recurso. Ejecucion de sentencias.,"Ley 29/1998, de 13 de julio (LJCA)",106,JURIDICO,
ESPECIAL,7,La jurisdiccion contencioso-administrativa. Naturaleza. Cuestiones a las que se extiende. Organos y competencias. Partes y objeto del recurso. Ejecucion de sentencias.,"Ley 29/1998, de 13 de julio (LJCA)",107,JURIDICO,
ESPECIAL,7,La jurisdiccion contencioso-administrativa. Naturaleza. Cuestiones a las que se extiende. Organos y competencias. Partes y objeto del recurso. Ejecucion de sentencias.,"Ley 29/1998, de 13 de julio (LJCA)",108,JURIDICO,
ESPECIAL,7,La jurisdiccion contencioso-administrativa. Naturaleza. Cuestiones a las que se extiende. Organos y competencias. Partes y objeto del recurso. Ejecucion de sentencias.,"Ley 29/1998, de 13 de julio (LJCA)",109,JURIDICO,
ESPECIAL,7,La jurisdiccion contencioso-administrativa. Naturaleza. Cuestiones a las que se extiende. Organos y competencias. Partes y objeto del recurso. Ejecucion de sentencias.,"Ley 29/1998, de 13 de julio (LJCA)",110,JURIDICO,
ESPECIAL,7,La jurisdiccion contencioso-administrativa. Naturaleza. Cuestiones a las que se extiende. Organos y competencias. Partes y objeto del recurso. Ejecucion de sentencias.,"Ley 29/1998, de 13 de julio (LJCA)",111,JURIDICO,
ESPECIAL,7,La jurisdiccion contencioso-administrativa. Naturaleza. Cuestiones a las que se extiende. Organos y competencias. Partes y objeto del recurso. Ejecucion de sentencias.,"Ley 29/1998, de 13 de julio (LJCA)",112,JURIDICO,
ESPECIAL,7,La jurisdiccion contencioso-administrativa. Naturaleza. Cuestiones a las que se extiende. Organos y competencias. Partes y objeto del recurso. Ejecucion de sentencias.,"Ley 29/1998, de 13 de julio (LJCA)",113,JURIDICO,
ESPECIAL,17,El patrimonio de las administraciones publicas: legislacion basica del Estado. La Ley de patrimonio de la Generalitat.,"Ley 33/2003, de 3 de noviembre (Patrimonio AAPP) [Titulo Preliminar]",1,JURIDICO,
ESPECIAL,17,El patrimonio de las administraciones publicas: legislacion basica del Estado. La Ley de patrimonio de la Generalitat.,"Ley 33/2003, de 3 de noviembre (Patrimonio AAPP) [Titulo Preliminar]",2,JURIDICO,
ESPECIAL,17,El patrimonio de las administraciones publicas: legislacion basica del Estado. La Ley de patrimonio de la Generalitat.,"Ley 33/2003, de 3 de noviembre (Patrimonio AAPP) [Titulo Preliminar]",3,JURIDICO,
ESPECIAL,17,El patrimonio de las administraciones publicas: legislacion basica del Estado. La Ley de patrimonio de la Generalitat.,"Ley 33/2003, de 3 de noviembre (Patrimonio AAPP) [Titulo Preliminar]",4,JURIDICO,
ESPECIAL,17,El patrimonio de las administraciones publicas: legislacion basica del Estado. La Ley de patrimonio de la Generalitat.,"Ley 33/2003, de 3 de noviembre (Patrimonio AAPP) [Titulo Preliminar]",5,JURIDICO,
ESPECIAL,17,El patrimonio de las administraciones publicas: legislacion basica del Estado. La Ley de patrimonio de la Generalitat.,"PENDIENTE DE INVESTIGAR: Ley 33/2003 completa (mas alla del Titulo Preliminar) + Ley 14/2003, de 10 de abril, de Patrimonio de la Generalitat - articulado completo por revisar; se recomienda estudio integral de ambas leyes dado que el enunciado no acota partes concretas",,PENDIENTE,
ESPECIAL,23,"Expropiacion forzosa: fundamento y naturaleza. Sujetos, objeto y causa. Procedimiento general. Peculiaridades del procedimiento de urgencia.",Ley de 16 de diciembre de 1954 (Expropiacion Forzosa),1,JURIDICO,
ESPECIAL,23,"Expropiacion forzosa: fundamento y naturaleza. Sujetos, objeto y causa. Procedimiento general. Peculiaridades del procedimiento de urgencia.",Ley de 16 de diciembre de 1954 (Expropiacion Forzosa),2,JURIDICO,
ESPECIAL,23,"Expropiacion forzosa: fundamento y naturaleza. Sujetos, objeto y causa. Procedimiento general. Peculiaridades del procedimiento de urgencia.",Ley de 16 de diciembre de 1954 (Expropiacion Forzosa),3,JURIDICO,
ESPECIAL,23,"Expropiacion forzosa: fundamento y naturaleza. Sujetos, objeto y causa. Procedimiento general. Peculiaridades del procedimiento de urgencia.",Ley de 16 de diciembre de 1954 (Expropiacion Forzosa),4,JURIDICO,
ESPECIAL,23,"Expropiacion forzosa: fundamento y naturaleza. Sujetos, objeto y causa. Procedimiento general. Peculiaridades del procedimiento de urgencia.",Ley de 16 de diciembre de 1954 (Expropiacion Forzosa),5,JURIDICO,
ESPECIAL,23,"Expropiacion forzosa: fundamento y naturaleza. Sujetos, objeto y causa. Procedimiento general. Peculiaridades del procedimiento de urgencia.",Ley de 16 de diciembre de 1954 (Expropiacion Forzosa),6,JURIDICO,
ESPECIAL,23,"Expropiacion forzosa: fundamento y naturaleza. Sujetos, objeto y causa. Procedimiento general. Peculiaridades del procedimiento de urgencia.",Ley de 16 de diciembre de 1954 (Expropiacion Forzosa),7,JURIDICO,
ESPECIAL,23,"Expropiacion forzosa: fundamento y naturaleza. Sujetos, objeto y causa. Procedimiento general. Peculiaridades del procedimiento de urgencia.",Ley de 16 de diciembre de 1954 (Expropiacion Forzosa),8,JURIDICO,
ESPECIAL,23,"Expropiacion forzosa: fundamento y naturaleza. Sujetos, objeto y causa. Procedimiento general. Peculiaridades del procedimiento de urgencia.",Ley de 16 de diciembre de 1954 (Expropiacion Forzosa),9,JURIDICO,
ESPECIAL,23,"Expropiacion forzosa: fundamento y naturaleza. Sujetos, objeto y causa. Procedimiento general. Peculiaridades del procedimiento de urgencia.",Ley de 16 de diciembre de 1954 (Expropiacion Forzosa),10,JURIDICO,
ESPECIAL,23,"Expropiacion forzosa: fundamento y naturaleza. Sujetos, objeto y causa. Procedimiento general. Peculiaridades del procedimiento de urgencia.",Ley de 16 de diciembre de 1954 (Expropiacion Forzosa),11,JURIDICO,
ESPECIAL,23,"Expropiacion forzosa: fundamento y naturaleza. Sujetos, objeto y causa. Procedimiento general. Peculiaridades del procedimiento de urgencia.",Ley de 16 de diciembre de 1954 (Expropiacion Forzosa),12,JURIDICO,
ESPECIAL,23,"Expropiacion forzosa: fundamento y naturaleza. Sujetos, objeto y causa. Procedimiento general. Peculiaridades del procedimiento de urgencia.",Ley de 16 de diciembre de 1954 (Expropiacion Forzosa),13,JURIDICO,
ESPECIAL,23,"Expropiacion forzosa: fundamento y naturaleza. Sujetos, objeto y causa. Procedimiento general. Peculiaridades del procedimiento de urgencia.",Ley de 16 de diciembre de 1954 (Expropiacion Forzosa),14,JURIDICO,
ESPECIAL,23,"Expropiacion forzosa: fundamento y naturaleza. Sujetos, objeto y causa. Procedimiento general. Peculiaridades del procedimiento de urgencia.",Ley de 16 de diciembre de 1954 (Expropiacion Forzosa),15,JURIDICO,
ESPECIAL,23,"Expropiacion forzosa: fundamento y naturaleza. Sujetos, objeto y causa. Procedimiento general. Peculiaridades del procedimiento de urgencia.",Ley de 16 de diciembre de 1954 (Expropiacion Forzosa),16,JURIDICO,
ESPECIAL,23,"Expropiacion forzosa: fundamento y naturaleza. Sujetos, objeto y causa. Procedimiento general. Peculiaridades del procedimiento de urgencia.",Ley de 16 de diciembre de 1954 (Expropiacion Forzosa),17,JURIDICO,
ESPECIAL,23,"Expropiacion forzosa: fundamento y naturaleza. Sujetos, objeto y causa. Procedimiento general. Peculiaridades del procedimiento de urgencia.",Ley de 16 de diciembre de 1954 (Expropiacion Forzosa),18,JURIDICO,
ESPECIAL,23,"Expropiacion forzosa: fundamento y naturaleza. Sujetos, objeto y causa. Procedimiento general. Peculiaridades del procedimiento de urgencia.",Ley de 16 de diciembre de 1954 (Expropiacion Forzosa),19,JURIDICO,
ESPECIAL,23,"Expropiacion forzosa: fundamento y naturaleza. Sujetos, objeto y causa. Procedimiento general. Peculiaridades del procedimiento de urgencia.",Ley de 16 de diciembre de 1954 (Expropiacion Forzosa),20,JURIDICO,
ESPECIAL,23,"Expropiacion forzosa: fundamento y naturaleza. Sujetos, objeto y causa. Procedimiento general. Peculiaridades del procedimiento de urgencia.",Ley de 16 de diciembre de 1954 (Expropiacion Forzosa),21,JURIDICO,
ESPECIAL,23,"Expropiacion forzosa: fundamento y naturaleza. Sujetos, objeto y causa. Procedimiento general. Peculiaridades del procedimiento de urgencia.",Ley de 16 de diciembre de 1954 (Expropiacion Forzosa),22,JURIDICO,
ESPECIAL,23,"Expropiacion forzosa: fundamento y naturaleza. Sujetos, objeto y causa. Procedimiento general. Peculiaridades del procedimiento de urgencia.",Ley de 16 de diciembre de 1954 (Expropiacion Forzosa),23,JURIDICO,
ESPECIAL,23,"Expropiacion forzosa: fundamento y naturaleza. Sujetos, objeto y causa. Procedimiento general. Peculiaridades del procedimiento de urgencia.",Ley de 16 de diciembre de 1954 (Expropiacion Forzosa),24,JURIDICO,
ESPECIAL,23,"Expropiacion forzosa: fundamento y naturaleza. Sujetos, objeto y causa. Procedimiento general. Peculiaridades del procedimiento de urgencia.",Ley de 16 de diciembre de 1954 (Expropiacion Forzosa),25,JURIDICO,
ESPECIAL,23,"Expropiacion forzosa: fundamento y naturaleza. Sujetos, objeto y causa. Procedimiento general. Peculiaridades del procedimiento de urgencia.",Ley de 16 de diciembre de 1954 (Expropiacion Forzosa),26,JURIDICO,
ESPECIAL,23,"Expropiacion forzosa: fundamento y naturaleza. Sujetos, objeto y causa. Procedimiento general. Peculiaridades del procedimiento de urgencia.",Ley de 16 de diciembre de 1954 (Expropiacion Forzosa),27,JURIDICO,
ESPECIAL,23,"Expropiacion forzosa: fundamento y naturaleza. Sujetos, objeto y causa. Procedimiento general. Peculiaridades del procedimiento de urgencia.",Ley de 16 de diciembre de 1954 (Expropiacion Forzosa),28,JURIDICO,
ESPECIAL,23,"Expropiacion forzosa: fundamento y naturaleza. Sujetos, objeto y causa. Procedimiento general. Peculiaridades del procedimiento de urgencia.",Ley de 16 de diciembre de 1954 (Expropiacion Forzosa),29,JURIDICO,
ESPECIAL,23,"Expropiacion forzosa: fundamento y naturaleza. Sujetos, objeto y causa. Procedimiento general. Peculiaridades del procedimiento de urgencia.",Ley de 16 de diciembre de 1954 (Expropiacion Forzosa),30,JURIDICO,
ESPECIAL,23,"Expropiacion forzosa: fundamento y naturaleza. Sujetos, objeto y causa. Procedimiento general. Peculiaridades del procedimiento de urgencia.",Ley de 16 de diciembre de 1954 (Expropiacion Forzosa),31,JURIDICO,
ESPECIAL,23,"Expropiacion forzosa: fundamento y naturaleza. Sujetos, objeto y causa. Procedimiento general. Peculiaridades del procedimiento de urgencia.",Ley de 16 de diciembre de 1954 (Expropiacion Forzosa),32,JURIDICO,
ESPECIAL,23,"Expropiacion forzosa: fundamento y naturaleza. Sujetos, objeto y causa. Procedimiento general. Peculiaridades del procedimiento de urgencia.",Ley de 16 de diciembre de 1954 (Expropiacion Forzosa),33,JURIDICO,
ESPECIAL,23,"Expropiacion forzosa: fundamento y naturaleza. Sujetos, objeto y causa. Procedimiento general. Peculiaridades del procedimiento de urgencia.",Ley de 16 de diciembre de 1954 (Expropiacion Forzosa),34,JURIDICO,
ESPECIAL,23,"Expropiacion forzosa: fundamento y naturaleza. Sujetos, objeto y causa. Procedimiento general. Peculiaridades del procedimiento de urgencia.",Ley de 16 de diciembre de 1954 (Expropiacion Forzosa),35,JURIDICO,
ESPECIAL,23,"Expropiacion forzosa: fundamento y naturaleza. Sujetos, objeto y causa. Procedimiento general. Peculiaridades del procedimiento de urgencia.",Ley de 16 de diciembre de 1954 (Expropiacion Forzosa),36,JURIDICO,
ESPECIAL,23,"Expropiacion forzosa: fundamento y naturaleza. Sujetos, objeto y causa. Procedimiento general. Peculiaridades del procedimiento de urgencia.",Ley de 16 de diciembre de 1954 (Expropiacion Forzosa),37,JURIDICO,
ESPECIAL,23,"Expropiacion forzosa: fundamento y naturaleza. Sujetos, objeto y causa. Procedimiento general. Peculiaridades del procedimiento de urgencia.",Ley de 16 de diciembre de 1954 (Expropiacion Forzosa),38,JURIDICO,
ESPECIAL,23,"Expropiacion forzosa: fundamento y naturaleza. Sujetos, objeto y causa. Procedimiento general. Peculiaridades del procedimiento de urgencia.",Ley de 16 de diciembre de 1954 (Expropiacion Forzosa),39,JURIDICO,
ESPECIAL,23,"Expropiacion forzosa: fundamento y naturaleza. Sujetos, objeto y causa. Procedimiento general. Peculiaridades del procedimiento de urgencia.",Ley de 16 de diciembre de 1954 (Expropiacion Forzosa),40,JURIDICO,
ESPECIAL,23,"Expropiacion forzosa: fundamento y naturaleza. Sujetos, objeto y causa. Procedimiento general. Peculiaridades del procedimiento de urgencia.",Ley de 16 de diciembre de 1954 (Expropiacion Forzosa),41,JURIDICO,
ESPECIAL,23,"Expropiacion forzosa: fundamento y naturaleza. Sujetos, objeto y causa. Procedimiento general. Peculiaridades del procedimiento de urgencia.",Ley de 16 de diciembre de 1954 (Expropiacion Forzosa),42,JURIDICO,
ESPECIAL,23,"Expropiacion forzosa: fundamento y naturaleza. Sujetos, objeto y causa. Procedimiento general. Peculiaridades del procedimiento de urgencia.",Ley de 16 de diciembre de 1954 (Expropiacion Forzosa),43,JURIDICO,
ESPECIAL,23,"Expropiacion forzosa: fundamento y naturaleza. Sujetos, objeto y causa. Procedimiento general. Peculiaridades del procedimiento de urgencia.",Ley de 16 de diciembre de 1954 (Expropiacion Forzosa),44,JURIDICO,
ESPECIAL,23,"Expropiacion forzosa: fundamento y naturaleza. Sujetos, objeto y causa. Procedimiento general. Peculiaridades del procedimiento de urgencia.",Ley de 16 de diciembre de 1954 (Expropiacion Forzosa),45,JURIDICO,
ESPECIAL,23,"Expropiacion forzosa: fundamento y naturaleza. Sujetos, objeto y causa. Procedimiento general. Peculiaridades del procedimiento de urgencia.",Ley de 16 de diciembre de 1954 (Expropiacion Forzosa),46,JURIDICO,
ESPECIAL,23,"Expropiacion forzosa: fundamento y naturaleza. Sujetos, objeto y causa. Procedimiento general. Peculiaridades del procedimiento de urgencia.",Ley de 16 de diciembre de 1954 (Expropiacion Forzosa),47,JURIDICO,
ESPECIAL,23,"Expropiacion forzosa: fundamento y naturaleza. Sujetos, objeto y causa. Procedimiento general. Peculiaridades del procedimiento de urgencia.",Ley de 16 de diciembre de 1954 (Expropiacion Forzosa),48,JURIDICO,
ESPECIAL,23,"Expropiacion forzosa: fundamento y naturaleza. Sujetos, objeto y causa. Procedimiento general. Peculiaridades del procedimiento de urgencia.",Ley de 16 de diciembre de 1954 (Expropiacion Forzosa),49,JURIDICO,
ESPECIAL,23,"Expropiacion forzosa: fundamento y naturaleza. Sujetos, objeto y causa. Procedimiento general. Peculiaridades del procedimiento de urgencia.",Ley de 16 de diciembre de 1954 (Expropiacion Forzosa),50,JURIDICO,
ESPECIAL,23,"Expropiacion forzosa: fundamento y naturaleza. Sujetos, objeto y causa. Procedimiento general. Peculiaridades del procedimiento de urgencia.",Ley de 16 de diciembre de 1954 (Expropiacion Forzosa),51,JURIDICO,
ESPECIAL,23,"Expropiacion forzosa: fundamento y naturaleza. Sujetos, objeto y causa. Procedimiento general. Peculiaridades del procedimiento de urgencia.",Ley de 16 de diciembre de 1954 (Expropiacion Forzosa),52,JURIDICO,
ESPECIAL,23,"Expropiacion forzosa: fundamento y naturaleza. Sujetos, objeto y causa. Procedimiento general. Peculiaridades del procedimiento de urgencia.",Ley de 16 de diciembre de 1954 (Expropiacion Forzosa),53,JURIDICO,
ESPECIAL,23,"Expropiacion forzosa: fundamento y naturaleza. Sujetos, objeto y causa. Procedimiento general. Peculiaridades del procedimiento de urgencia.",Ley de 16 de diciembre de 1954 (Expropiacion Forzosa),54,JURIDICO,
ESPECIAL,23,"Expropiacion forzosa: fundamento y naturaleza. Sujetos, objeto y causa. Procedimiento general. Peculiaridades del procedimiento de urgencia.",Ley de 16 de diciembre de 1954 (Expropiacion Forzosa),55,JURIDICO,
ESPECIAL,23,"Expropiacion forzosa: fundamento y naturaleza. Sujetos, objeto y causa. Procedimiento general. Peculiaridades del procedimiento de urgencia.",Ley de 16 de diciembre de 1954 (Expropiacion Forzosa),56,JURIDICO,
ESPECIAL,23,"Expropiacion forzosa: fundamento y naturaleza. Sujetos, objeto y causa. Procedimiento general. Peculiaridades del procedimiento de urgencia.",Ley de 16 de diciembre de 1954 (Expropiacion Forzosa),57,JURIDICO,
ESPECIAL,23,"Expropiacion forzosa: fundamento y naturaleza. Sujetos, objeto y causa. Procedimiento general. Peculiaridades del procedimiento de urgencia.",Ley de 16 de diciembre de 1954 (Expropiacion Forzosa),58,JURIDICO,
ESPECIAL,30,El sistema de la Seguridad Social: estructura y campo de aplicacion. Regimen general y regimenes especiales. Afiliacion y cotizacion. Accion protectora: disposiciones generales y aspectos comunes.,Real Decreto Legislativo 8/2015 (LGSS),1,JURIDICO,
ESPECIAL,30,El sistema de la Seguridad Social: estructura y campo de aplicacion. Regimen general y regimenes especiales. Afiliacion y cotizacion. Accion protectora: disposiciones generales y aspectos comunes.,Real Decreto Legislativo 8/2015 (LGSS),2,JURIDICO,
ESPECIAL,30,El sistema de la Seguridad Social: estructura y campo de aplicacion. Regimen general y regimenes especiales. Afiliacion y cotizacion. Accion protectora: disposiciones generales y aspectos comunes.,Real Decreto Legislativo 8/2015 (LGSS),3,JURIDICO,
ESPECIAL,30,El sistema de la Seguridad Social: estructura y campo de aplicacion. Regimen general y regimenes especiales. Afiliacion y cotizacion. Accion protectora: disposiciones generales y aspectos comunes.,Real Decreto Legislativo 8/2015 (LGSS),4,JURIDICO,
ESPECIAL,30,El sistema de la Seguridad Social: estructura y campo de aplicacion. Regimen general y regimenes especiales. Afiliacion y cotizacion. Accion protectora: disposiciones generales y aspectos comunes.,Real Decreto Legislativo 8/2015 (LGSS),5,JURIDICO,
ESPECIAL,30,El sistema de la Seguridad Social: estructura y campo de aplicacion. Regimen general y regimenes especiales. Afiliacion y cotizacion. Accion protectora: disposiciones generales y aspectos comunes.,Real Decreto Legislativo 8/2015 (LGSS),6,JURIDICO,
ESPECIAL,30,El sistema de la Seguridad Social: estructura y campo de aplicacion. Regimen general y regimenes especiales. Afiliacion y cotizacion. Accion protectora: disposiciones generales y aspectos comunes.,Real Decreto Legislativo 8/2015 (LGSS),7,JURIDICO,
ESPECIAL,30,El sistema de la Seguridad Social: estructura y campo de aplicacion. Regimen general y regimenes especiales. Afiliacion y cotizacion. Accion protectora: disposiciones generales y aspectos comunes.,Real Decreto Legislativo 8/2015 (LGSS),8,JURIDICO,
ESPECIAL,30,El sistema de la Seguridad Social: estructura y campo de aplicacion. Regimen general y regimenes especiales. Afiliacion y cotizacion. Accion protectora: disposiciones generales y aspectos comunes.,Real Decreto Legislativo 8/2015 (LGSS),9,JURIDICO,
ESPECIAL,30,El sistema de la Seguridad Social: estructura y campo de aplicacion. Regimen general y regimenes especiales. Afiliacion y cotizacion. Accion protectora: disposiciones generales y aspectos comunes.,Real Decreto Legislativo 8/2015 (LGSS),10,JURIDICO,
ESPECIAL,30,El sistema de la Seguridad Social: estructura y campo de aplicacion. Regimen general y regimenes especiales. Afiliacion y cotizacion. Accion protectora: disposiciones generales y aspectos comunes.,Real Decreto Legislativo 8/2015 (LGSS),11,JURIDICO,
ESPECIAL,30,El sistema de la Seguridad Social: estructura y campo de aplicacion. Regimen general y regimenes especiales. Afiliacion y cotizacion. Accion protectora: disposiciones generales y aspectos comunes.,Real Decreto Legislativo 8/2015 (LGSS),12,JURIDICO,
ESPECIAL,30,El sistema de la Seguridad Social: estructura y campo de aplicacion. Regimen general y regimenes especiales. Afiliacion y cotizacion. Accion protectora: disposiciones generales y aspectos comunes.,Real Decreto Legislativo 8/2015 (LGSS),13,JURIDICO,
ESPECIAL,30,El sistema de la Seguridad Social: estructura y campo de aplicacion. Regimen general y regimenes especiales. Afiliacion y cotizacion. Accion protectora: disposiciones generales y aspectos comunes.,Real Decreto Legislativo 8/2015 (LGSS),14,JURIDICO,
ESPECIAL,30,El sistema de la Seguridad Social: estructura y campo de aplicacion. Regimen general y regimenes especiales. Afiliacion y cotizacion. Accion protectora: disposiciones generales y aspectos comunes.,Real Decreto Legislativo 8/2015 (LGSS) [VALIDAR RANGO],15,JURIDICO,
ESPECIAL,30,El sistema de la Seguridad Social: estructura y campo de aplicacion. Regimen general y regimenes especiales. Afiliacion y cotizacion. Accion protectora: disposiciones generales y aspectos comunes.,Real Decreto Legislativo 8/2015 (LGSS) [VALIDAR RANGO],16,JURIDICO,
ESPECIAL,30,El sistema de la Seguridad Social: estructura y campo de aplicacion. Regimen general y regimenes especiales. Afiliacion y cotizacion. Accion protectora: disposiciones generales y aspectos comunes.,Real Decreto Legislativo 8/2015 (LGSS) [VALIDAR RANGO],17,JURIDICO,
ESPECIAL,30,El sistema de la Seguridad Social: estructura y campo de aplicacion. Regimen general y regimenes especiales. Afiliacion y cotizacion. Accion protectora: disposiciones generales y aspectos comunes.,Real Decreto Legislativo 8/2015 (LGSS) [VALIDAR RANGO],18,JURIDICO,
ESPECIAL,30,El sistema de la Seguridad Social: estructura y campo de aplicacion. Regimen general y regimenes especiales. Afiliacion y cotizacion. Accion protectora: disposiciones generales y aspectos comunes.,Real Decreto Legislativo 8/2015 (LGSS) [VALIDAR RANGO],19,JURIDICO,
ESPECIAL,30,El sistema de la Seguridad Social: estructura y campo de aplicacion. Regimen general y regimenes especiales. Afiliacion y cotizacion. Accion protectora: disposiciones generales y aspectos comunes.,Real Decreto Legislativo 8/2015 (LGSS) [VALIDAR RANGO],20,JURIDICO,
ESPECIAL,30,El sistema de la Seguridad Social: estructura y campo de aplicacion. Regimen general y regimenes especiales. Afiliacion y cotizacion. Accion protectora: disposiciones generales y aspectos comunes.,Real Decreto Legislativo 8/2015 (LGSS) [VALIDAR RANGO],21,JURIDICO,
ESPECIAL,30,El sistema de la Seguridad Social: estructura y campo de aplicacion. Regimen general y regimenes especiales. Afiliacion y cotizacion. Accion protectora: disposiciones generales y aspectos comunes.,Real Decreto Legislativo 8/2015 (LGSS) [VALIDAR RANGO],22,JURIDICO,
ESPECIAL,30,El sistema de la Seguridad Social: estructura y campo de aplicacion. Regimen general y regimenes especiales. Afiliacion y cotizacion. Accion protectora: disposiciones generales y aspectos comunes.,PENDIENTE DE INVESTIGAR: Accion protectora: disposiciones generales y aspectos comunes - capitulo especifico dentro del Titulo II por localizar con precision,,PENDIENTE,
ESPECIAL,35,Financiacion CCAA de regimen comun. Necesidades globales de financiacion. Recursos adicionales. Recursos financieros. Capacidad tributaria. Fondos Convergencia Autonomica. Cesion tributos. Politica tributaria Generalitat. Tributos propios cedidos. Recursos CV. Competencias normativas y delegacion. Anticipos Tesoreria. Resolucion conflictos. Beneficios fiscales. FCI.,Ley Organica 8/1980 (LOFCA),1,JURIDICO,
ESPECIAL,35,Financiacion CCAA de regimen comun. Necesidades globales de financiacion. Recursos adicionales. Recursos financieros. Capacidad tributaria. Fondos Convergencia Autonomica. Cesion tributos. Politica tributaria Generalitat. Tributos propios cedidos. Recursos CV. Competencias normativas y delegacion. Anticipos Tesoreria. Resolucion conflictos. Beneficios fiscales. FCI.,Ley Organica 8/1980 (LOFCA),2,JURIDICO,
ESPECIAL,35,Financiacion CCAA de regimen comun. Necesidades globales de financiacion. Recursos adicionales. Recursos financieros. Capacidad tributaria. Fondos Convergencia Autonomica. Cesion tributos. Politica tributaria Generalitat. Tributos propios cedidos. Recursos CV. Competencias normativas y delegacion. Anticipos Tesoreria. Resolucion conflictos. Beneficios fiscales. FCI.,Ley Organica 8/1980 (LOFCA),3,JURIDICO,
ESPECIAL,35,Financiacion CCAA de regimen comun. Necesidades globales de financiacion. Recursos adicionales. Recursos financieros. Capacidad tributaria. Fondos Convergencia Autonomica. Cesion tributos. Politica tributaria Generalitat. Tributos propios cedidos. Recursos CV. Competencias normativas y delegacion. Anticipos Tesoreria. Resolucion conflictos. Beneficios fiscales. FCI.,Ley Organica 8/1980 (LOFCA),4,JURIDICO,
ESPECIAL,35,Financiacion CCAA de regimen comun. Necesidades globales de financiacion. Recursos adicionales. Recursos financieros. Capacidad tributaria. Fondos Convergencia Autonomica. Cesion tributos. Politica tributaria Generalitat. Tributos propios cedidos. Recursos CV. Competencias normativas y delegacion. Anticipos Tesoreria. Resolucion conflictos. Beneficios fiscales. FCI.,Ley Organica 8/1980 (LOFCA),5,JURIDICO,
ESPECIAL,35,Financiacion CCAA de regimen comun. Necesidades globales de financiacion. Recursos adicionales. Recursos financieros. Capacidad tributaria. Fondos Convergencia Autonomica. Cesion tributos. Politica tributaria Generalitat. Tributos propios cedidos. Recursos CV. Competencias normativas y delegacion. Anticipos Tesoreria. Resolucion conflictos. Beneficios fiscales. FCI.,Ley Organica 8/1980 (LOFCA),6,JURIDICO,
ESPECIAL,35,Financiacion CCAA de regimen comun. Necesidades globales de financiacion. Recursos adicionales. Recursos financieros. Capacidad tributaria. Fondos Convergencia Autonomica. Cesion tributos. Politica tributaria Generalitat. Tributos propios cedidos. Recursos CV. Competencias normativas y delegacion. Anticipos Tesoreria. Resolucion conflictos. Beneficios fiscales. FCI.,Ley Organica 8/1980 (LOFCA),7,JURIDICO,
ESPECIAL,35,Financiacion CCAA de regimen comun. Necesidades globales de financiacion. Recursos adicionales. Recursos financieros. Capacidad tributaria. Fondos Convergencia Autonomica. Cesion tributos. Politica tributaria Generalitat. Tributos propios cedidos. Recursos CV. Competencias normativas y delegacion. Anticipos Tesoreria. Resolucion conflictos. Beneficios fiscales. FCI.,Ley Organica 8/1980 (LOFCA),8,JURIDICO,
ESPECIAL,35,Financiacion CCAA de regimen comun. Necesidades globales de financiacion. Recursos adicionales. Recursos financieros. Capacidad tributaria. Fondos Convergencia Autonomica. Cesion tributos. Politica tributaria Generalitat. Tributos propios cedidos. Recursos CV. Competencias normativas y delegacion. Anticipos Tesoreria. Resolucion conflictos. Beneficios fiscales. FCI.,Ley Organica 8/1980 (LOFCA),9,JURIDICO,
ESPECIAL,35,Financiacion CCAA de regimen comun. Necesidades globales de financiacion. Recursos adicionales. Recursos financieros. Capacidad tributaria. Fondos Convergencia Autonomica. Cesion tributos. Politica tributaria Generalitat. Tributos propios cedidos. Recursos CV. Competencias normativas y delegacion. Anticipos Tesoreria. Resolucion conflictos. Beneficios fiscales. FCI.,Ley Organica 8/1980 (LOFCA),10,JURIDICO,
ESPECIAL,35,Financiacion CCAA de regimen comun. Necesidades globales de financiacion. Recursos adicionales. Recursos financieros. Capacidad tributaria. Fondos Convergencia Autonomica. Cesion tributos. Politica tributaria Generalitat. Tributos propios cedidos. Recursos CV. Competencias normativas y delegacion. Anticipos Tesoreria. Resolucion conflictos. Beneficios fiscales. FCI.,Ley Organica 8/1980 (LOFCA),11,JURIDICO,
ESPECIAL,35,Financiacion CCAA de regimen comun. Necesidades globales de financiacion. Recursos adicionales. Recursos financieros. Capacidad tributaria. Fondos Convergencia Autonomica. Cesion tributos. Politica tributaria Generalitat. Tributos propios cedidos. Recursos CV. Competencias normativas y delegacion. Anticipos Tesoreria. Resolucion conflictos. Beneficios fiscales. FCI.,Ley Organica 8/1980 (LOFCA),12,JURIDICO,
ESPECIAL,35,Financiacion CCAA de regimen comun. Necesidades globales de financiacion. Recursos adicionales. Recursos financieros. Capacidad tributaria. Fondos Convergencia Autonomica. Cesion tributos. Politica tributaria Generalitat. Tributos propios cedidos. Recursos CV. Competencias normativas y delegacion. Anticipos Tesoreria. Resolucion conflictos. Beneficios fiscales. FCI.,Ley Organica 8/1980 (LOFCA),13,JURIDICO,
ESPECIAL,35,Financiacion CCAA de regimen comun. Necesidades globales de financiacion. Recursos adicionales. Recursos financieros. Capacidad tributaria. Fondos Convergencia Autonomica. Cesion tributos. Politica tributaria Generalitat. Tributos propios cedidos. Recursos CV. Competencias normativas y delegacion. Anticipos Tesoreria. Resolucion conflictos. Beneficios fiscales. FCI.,Ley Organica 8/1980 (LOFCA),14,JURIDICO,
ESPECIAL,35,Financiacion CCAA de regimen comun. Necesidades globales de financiacion. Recursos adicionales. Recursos financieros. Capacidad tributaria. Fondos Convergencia Autonomica. Cesion tributos. Politica tributaria Generalitat. Tributos propios cedidos. Recursos CV. Competencias normativas y delegacion. Anticipos Tesoreria. Resolucion conflictos. Beneficios fiscales. FCI.,Ley Organica 8/1980 (LOFCA),15,JURIDICO,
ESPECIAL,35,Financiacion CCAA de regimen comun. Necesidades globales de financiacion. Recursos adicionales. Recursos financieros. Capacidad tributaria. Fondos Convergencia Autonomica. Cesion tributos. Politica tributaria Generalitat. Tributos propios cedidos. Recursos CV. Competencias normativas y delegacion. Anticipos Tesoreria. Resolucion conflictos. Beneficios fiscales. FCI.,Ley Organica 8/1980 (LOFCA),16,JURIDICO,
ESPECIAL,35,Financiacion CCAA de regimen comun. Necesidades globales de financiacion. Recursos adicionales. Recursos financieros. Capacidad tributaria. Fondos Convergencia Autonomica. Cesion tributos. Politica tributaria Generalitat. Tributos propios cedidos. Recursos CV. Competencias normativas y delegacion. Anticipos Tesoreria. Resolucion conflictos. Beneficios fiscales. FCI.,Ley Organica 8/1980 (LOFCA),17,JURIDICO,
ESPECIAL,35,Financiacion CCAA de regimen comun. Necesidades globales de financiacion. Recursos adicionales. Recursos financieros. Capacidad tributaria. Fondos Convergencia Autonomica. Cesion tributos. Politica tributaria Generalitat. Tributos propios cedidos. Recursos CV. Competencias normativas y delegacion. Anticipos Tesoreria. Resolucion conflictos. Beneficios fiscales. FCI.,Ley Organica 8/1980 (LOFCA),18,JURIDICO,
ESPECIAL,35,Financiacion CCAA de regimen comun. Necesidades globales de financiacion. Recursos adicionales. Recursos financieros. Capacidad tributaria. Fondos Convergencia Autonomica. Cesion tributos. Politica tributaria Generalitat. Tributos propios cedidos. Recursos CV. Competencias normativas y delegacion. Anticipos Tesoreria. Resolucion conflictos. Beneficios fiscales. FCI.,Ley Organica 8/1980 (LOFCA),19,JURIDICO,
ESPECIAL,35,Financiacion CCAA de regimen comun. Necesidades globales de financiacion. Recursos adicionales. Recursos financieros. Capacidad tributaria. Fondos Convergencia Autonomica. Cesion tributos. Politica tributaria Generalitat. Tributos propios cedidos. Recursos CV. Competencias normativas y delegacion. Anticipos Tesoreria. Resolucion conflictos. Beneficios fiscales. FCI.,Ley Organica 8/1980 (LOFCA),20,JURIDICO,
ESPECIAL,35,Financiacion CCAA de regimen comun. Necesidades globales de financiacion. Recursos adicionales. Recursos financieros. Capacidad tributaria. Fondos Convergencia Autonomica. Cesion tributos. Politica tributaria Generalitat. Tributos propios cedidos. Recursos CV. Competencias normativas y delegacion. Anticipos Tesoreria. Resolucion conflictos. Beneficios fiscales. FCI.,Ley Organica 8/1980 (LOFCA),21,JURIDICO,
ESPECIAL,35,Financiacion CCAA de regimen comun. Necesidades globales de financiacion. Recursos adicionales. Recursos financieros. Capacidad tributaria. Fondos Convergencia Autonomica. Cesion tributos. Politica tributaria Generalitat. Tributos propios cedidos. Recursos CV. Competencias normativas y delegacion. Anticipos Tesoreria. Resolucion conflictos. Beneficios fiscales. FCI.,Ley Organica 8/1980 (LOFCA),22,JURIDICO,
ESPECIAL,35,Financiacion CCAA de regimen comun. Necesidades globales de financiacion. Recursos adicionales. Recursos financieros. Capacidad tributaria. Fondos Convergencia Autonomica. Cesion tributos. Politica tributaria Generalitat. Tributos propios cedidos. Recursos CV. Competencias normativas y delegacion. Anticipos Tesoreria. Resolucion conflictos. Beneficios fiscales. FCI.,Ley Organica 8/1980 (LOFCA),23,JURIDICO,
ESPECIAL,35,Financiacion CCAA de regimen comun. Necesidades globales de financiacion. Recursos adicionales. Recursos financieros. Capacidad tributaria. Fondos Convergencia Autonomica. Cesion tributos. Politica tributaria Generalitat. Tributos propios cedidos. Recursos CV. Competencias normativas y delegacion. Anticipos Tesoreria. Resolucion conflictos. Beneficios fiscales. FCI.,Ley Organica 8/1980 (LOFCA),24,JURIDICO,
ESPECIAL,57,"Ley Organica 2/2012, Estabilidad Presupuestaria: ambito de aplicacion y Hacienda Publica Generalitat. Estabilidad presupuestaria y sostenibilidad financiera. Regla de gasto. Medidas preventivas, correctivas y coercitivas. Periodo medio pago proveedores.",Ley Organica 2/2012 (LOEPSF),1,JURIDICO,
ESPECIAL,57,"Ley Organica 2/2012, Estabilidad Presupuestaria: ambito de aplicacion y Hacienda Publica Generalitat. Estabilidad presupuestaria y sostenibilidad financiera. Regla de gasto. Medidas preventivas, correctivas y coercitivas. Periodo medio pago proveedores.",Ley Organica 2/2012 (LOEPSF),2,JURIDICO,
ESPECIAL,57,"Ley Organica 2/2012, Estabilidad Presupuestaria: ambito de aplicacion y Hacienda Publica Generalitat. Estabilidad presupuestaria y sostenibilidad financiera. Regla de gasto. Medidas preventivas, correctivas y coercitivas. Periodo medio pago proveedores.",Ley Organica 2/2012 (LOEPSF),3,JURIDICO,
ESPECIAL,57,"Ley Organica 2/2012, Estabilidad Presupuestaria: ambito de aplicacion y Hacienda Publica Generalitat. Estabilidad presupuestaria y sostenibilidad financiera. Regla de gasto. Medidas preventivas, correctivas y coercitivas. Periodo medio pago proveedores.",Ley Organica 2/2012 (LOEPSF),4,JURIDICO,
ESPECIAL,57,"Ley Organica 2/2012, Estabilidad Presupuestaria: ambito de aplicacion y Hacienda Publica Generalitat. Estabilidad presupuestaria y sostenibilidad financiera. Regla de gasto. Medidas preventivas, correctivas y coercitivas. Periodo medio pago proveedores.",Ley Organica 2/2012 (LOEPSF),5,JURIDICO,
ESPECIAL,57,"Ley Organica 2/2012, Estabilidad Presupuestaria: ambito de aplicacion y Hacienda Publica Generalitat. Estabilidad presupuestaria y sostenibilidad financiera. Regla de gasto. Medidas preventivas, correctivas y coercitivas. Periodo medio pago proveedores.",Ley Organica 2/2012 (LOEPSF),6,JURIDICO,
ESPECIAL,57,"Ley Organica 2/2012, Estabilidad Presupuestaria: ambito de aplicacion y Hacienda Publica Generalitat. Estabilidad presupuestaria y sostenibilidad financiera. Regla de gasto. Medidas preventivas, correctivas y coercitivas. Periodo medio pago proveedores.",Ley Organica 2/2012 (LOEPSF),7,JURIDICO,
ESPECIAL,57,"Ley Organica 2/2012, Estabilidad Presupuestaria: ambito de aplicacion y Hacienda Publica Generalitat. Estabilidad presupuestaria y sostenibilidad financiera. Regla de gasto. Medidas preventivas, correctivas y coercitivas. Periodo medio pago proveedores.",Ley Organica 2/2012 (LOEPSF),8,JURIDICO,
ESPECIAL,57,"Ley Organica 2/2012, Estabilidad Presupuestaria: ambito de aplicacion y Hacienda Publica Generalitat. Estabilidad presupuestaria y sostenibilidad financiera. Regla de gasto. Medidas preventivas, correctivas y coercitivas. Periodo medio pago proveedores.",Ley Organica 2/2012 (LOEPSF),9,JURIDICO,
ESPECIAL,57,"Ley Organica 2/2012, Estabilidad Presupuestaria: ambito de aplicacion y Hacienda Publica Generalitat. Estabilidad presupuestaria y sostenibilidad financiera. Regla de gasto. Medidas preventivas, correctivas y coercitivas. Periodo medio pago proveedores.",Ley Organica 2/2012 (LOEPSF),10,JURIDICO,
ESPECIAL,57,"Ley Organica 2/2012, Estabilidad Presupuestaria: ambito de aplicacion y Hacienda Publica Generalitat. Estabilidad presupuestaria y sostenibilidad financiera. Regla de gasto. Medidas preventivas, correctivas y coercitivas. Periodo medio pago proveedores.",Ley Organica 2/2012 (LOEPSF),11,JURIDICO,
ESPECIAL,57,"Ley Organica 2/2012, Estabilidad Presupuestaria: ambito de aplicacion y Hacienda Publica Generalitat. Estabilidad presupuestaria y sostenibilidad financiera. Regla de gasto. Medidas preventivas, correctivas y coercitivas. Periodo medio pago proveedores.",Ley Organica 2/2012 (LOEPSF),12,JURIDICO,
ESPECIAL,57,"Ley Organica 2/2012, Estabilidad Presupuestaria: ambito de aplicacion y Hacienda Publica Generalitat. Estabilidad presupuestaria y sostenibilidad financiera. Regla de gasto. Medidas preventivas, correctivas y coercitivas. Periodo medio pago proveedores.",Ley Organica 2/2012 (LOEPSF),13,JURIDICO,
ESPECIAL,57,"Ley Organica 2/2012, Estabilidad Presupuestaria: ambito de aplicacion y Hacienda Publica Generalitat. Estabilidad presupuestaria y sostenibilidad financiera. Regla de gasto. Medidas preventivas, correctivas y coercitivas. Periodo medio pago proveedores.",Ley Organica 2/2012 (LOEPSF),14,JURIDICO,
ESPECIAL,57,"Ley Organica 2/2012, Estabilidad Presupuestaria: ambito de aplicacion y Hacienda Publica Generalitat. Estabilidad presupuestaria y sostenibilidad financiera. Regla de gasto. Medidas preventivas, correctivas y coercitivas. Periodo medio pago proveedores.",Ley Organica 2/2012 (LOEPSF),15,JURIDICO,
ESPECIAL,57,"Ley Organica 2/2012, Estabilidad Presupuestaria: ambito de aplicacion y Hacienda Publica Generalitat. Estabilidad presupuestaria y sostenibilidad financiera. Regla de gasto. Medidas preventivas, correctivas y coercitivas. Periodo medio pago proveedores.",Ley Organica 2/2012 (LOEPSF),16,JURIDICO,
ESPECIAL,57,"Ley Organica 2/2012, Estabilidad Presupuestaria: ambito de aplicacion y Hacienda Publica Generalitat. Estabilidad presupuestaria y sostenibilidad financiera. Regla de gasto. Medidas preventivas, correctivas y coercitivas. Periodo medio pago proveedores.",Ley Organica 2/2012 (LOEPSF),17,JURIDICO,
ESPECIAL,57,"Ley Organica 2/2012, Estabilidad Presupuestaria: ambito de aplicacion y Hacienda Publica Generalitat. Estabilidad presupuestaria y sostenibilidad financiera. Regla de gasto. Medidas preventivas, correctivas y coercitivas. Periodo medio pago proveedores.",Ley Organica 2/2012 (LOEPSF),18,JURIDICO,
ESPECIAL,57,"Ley Organica 2/2012, Estabilidad Presupuestaria: ambito de aplicacion y Hacienda Publica Generalitat. Estabilidad presupuestaria y sostenibilidad financiera. Regla de gasto. Medidas preventivas, correctivas y coercitivas. Periodo medio pago proveedores.",Ley Organica 2/2012 (LOEPSF),19,JURIDICO,
ESPECIAL,57,"Ley Organica 2/2012, Estabilidad Presupuestaria: ambito de aplicacion y Hacienda Publica Generalitat. Estabilidad presupuestaria y sostenibilidad financiera. Regla de gasto. Medidas preventivas, correctivas y coercitivas. Periodo medio pago proveedores.",Ley Organica 2/2012 (LOEPSF),20,JURIDICO,
ESPECIAL,57,"Ley Organica 2/2012, Estabilidad Presupuestaria: ambito de aplicacion y Hacienda Publica Generalitat. Estabilidad presupuestaria y sostenibilidad financiera. Regla de gasto. Medidas preventivas, correctivas y coercitivas. Periodo medio pago proveedores.",Ley Organica 2/2012 (LOEPSF),21,JURIDICO,
ESPECIAL,57,"Ley Organica 2/2012, Estabilidad Presupuestaria: ambito de aplicacion y Hacienda Publica Generalitat. Estabilidad presupuestaria y sostenibilidad financiera. Regla de gasto. Medidas preventivas, correctivas y coercitivas. Periodo medio pago proveedores.",Ley Organica 2/2012 (LOEPSF),22,JURIDICO,
ESPECIAL,57,"Ley Organica 2/2012, Estabilidad Presupuestaria: ambito de aplicacion y Hacienda Publica Generalitat. Estabilidad presupuestaria y sostenibilidad financiera. Regla de gasto. Medidas preventivas, correctivas y coercitivas. Periodo medio pago proveedores.",Ley Organica 2/2012 (LOEPSF),23,JURIDICO,
ESPECIAL,57,"Ley Organica 2/2012, Estabilidad Presupuestaria: ambito de aplicacion y Hacienda Publica Generalitat. Estabilidad presupuestaria y sostenibilidad financiera. Regla de gasto. Medidas preventivas, correctivas y coercitivas. Periodo medio pago proveedores.",Ley Organica 2/2012 (LOEPSF),24,JURIDICO,
ESPECIAL,57,"Ley Organica 2/2012, Estabilidad Presupuestaria: ambito de aplicacion y Hacienda Publica Generalitat. Estabilidad presupuestaria y sostenibilidad financiera. Regla de gasto. Medidas preventivas, correctivas y coercitivas. Periodo medio pago proveedores.",Ley Organica 2/2012 (LOEPSF),25,JURIDICO,
ESPECIAL,57,"Ley Organica 2/2012, Estabilidad Presupuestaria: ambito de aplicacion y Hacienda Publica Generalitat. Estabilidad presupuestaria y sostenibilidad financiera. Regla de gasto. Medidas preventivas, correctivas y coercitivas. Periodo medio pago proveedores.",Ley Organica 2/2012 (LOEPSF),26,JURIDICO,
ESPECIAL,57,"Ley Organica 2/2012, Estabilidad Presupuestaria: ambito de aplicacion y Hacienda Publica Generalitat. Estabilidad presupuestaria y sostenibilidad financiera. Regla de gasto. Medidas preventivas, correctivas y coercitivas. Periodo medio pago proveedores.",Ley Organica 2/2012 (LOEPSF),27,JURIDICO,
ESPECIAL,57,"Ley Organica 2/2012, Estabilidad Presupuestaria: ambito de aplicacion y Hacienda Publica Generalitat. Estabilidad presupuestaria y sostenibilidad financiera. Regla de gasto. Medidas preventivas, correctivas y coercitivas. Periodo medio pago proveedores.",Ley Organica 2/2012 (LOEPSF),28,JURIDICO,
ESPECIAL,57,"Ley Organica 2/2012, Estabilidad Presupuestaria: ambito de aplicacion y Hacienda Publica Generalitat. Estabilidad presupuestaria y sostenibilidad financiera. Regla de gasto. Medidas preventivas, correctivas y coercitivas. Periodo medio pago proveedores.",Ley Organica 2/2012 (LOEPSF),29,JURIDICO,
ESPECIAL,57,"Ley Organica 2/2012, Estabilidad Presupuestaria: ambito de aplicacion y Hacienda Publica Generalitat. Estabilidad presupuestaria y sostenibilidad financiera. Regla de gasto. Medidas preventivas, correctivas y coercitivas. Periodo medio pago proveedores.",Ley Organica 2/2012 (LOEPSF),30,JURIDICO,
ESPECIAL,57,"Ley Organica 2/2012, Estabilidad Presupuestaria: ambito de aplicacion y Hacienda Publica Generalitat. Estabilidad presupuestaria y sostenibilidad financiera. Regla de gasto. Medidas preventivas, correctivas y coercitivas. Periodo medio pago proveedores.",Ley Organica 2/2012 (LOEPSF),31,JURIDICO,
ESPECIAL,57,"Ley Organica 2/2012, Estabilidad Presupuestaria: ambito de aplicacion y Hacienda Publica Generalitat. Estabilidad presupuestaria y sostenibilidad financiera. Regla de gasto. Medidas preventivas, correctivas y coercitivas. Periodo medio pago proveedores.",Ley Organica 2/2012 (LOEPSF),32,JURIDICO,
ESPECIAL,57,"Ley Organica 2/2012, Estabilidad Presupuestaria: ambito de aplicacion y Hacienda Publica Generalitat. Estabilidad presupuestaria y sostenibilidad financiera. Regla de gasto. Medidas preventivas, correctivas y coercitivas. Periodo medio pago proveedores.",Ley Organica 2/2012 (LOEPSF),33,JURIDICO,
ESPECIAL,3,La Administracion publica como persona juridica. Potestades administrativas. Actividad discrecional: limites y control. Relaciones administracion-tribunales. Conflictos de jurisdiccion.,"Ley Organica 2/1987, de 18 de mayo (Conflictos Jurisdiccionales)",1,JURIDICO,
ESPECIAL,3,La Administracion publica como persona juridica. Potestades administrativas. Actividad discrecional: limites y control. Relaciones administracion-tribunales. Conflictos de jurisdiccion.,"Ley Organica 2/1987, de 18 de mayo (Conflictos Jurisdiccionales)",2,JURIDICO,
ESPECIAL,3,La Administracion publica como persona juridica. Potestades administrativas. Actividad discrecional: limites y control. Relaciones administracion-tribunales. Conflictos de jurisdiccion.,"Ley Organica 2/1987, de 18 de mayo (Conflictos Jurisdiccionales)",3,JURIDICO,
ESPECIAL,3,La Administracion publica como persona juridica. Potestades administrativas. Actividad discrecional: limites y control. Relaciones administracion-tribunales. Conflictos de jurisdiccion.,"Ley Organica 2/1987, de 18 de mayo (Conflictos Jurisdiccionales)",4,JURIDICO,
ESPECIAL,3,La Administracion publica como persona juridica. Potestades administrativas. Actividad discrecional: limites y control. Relaciones administracion-tribunales. Conflictos de jurisdiccion.,"Ley Organica 2/1987, de 18 de mayo (Conflictos Jurisdiccionales)",5,JURIDICO,
ESPECIAL,3,La Administracion publica como persona juridica. Potestades administrativas. Actividad discrecional: limites y control. Relaciones administracion-tribunales. Conflictos de jurisdiccion.,"Ley Organica 2/1987, de 18 de mayo (Conflictos Jurisdiccionales)",6,JURIDICO,
ESPECIAL,3,La Administracion publica como persona juridica. Potestades administrativas. Actividad discrecional: limites y control. Relaciones administracion-tribunales. Conflictos de jurisdiccion.,"Ley Organica 2/1987, de 18 de mayo (Conflictos Jurisdiccionales)",7,JURIDICO,
ESPECIAL,3,La Administracion publica como persona juridica. Potestades administrativas. Actividad discrecional: limites y control. Relaciones administracion-tribunales. Conflictos de jurisdiccion.,"Ley Organica 2/1987, de 18 de mayo (Conflictos Jurisdiccionales)",8,JURIDICO,
ESPECIAL,3,La Administracion publica como persona juridica. Potestades administrativas. Actividad discrecional: limites y control. Relaciones administracion-tribunales. Conflictos de jurisdiccion.,"Ley Organica 2/1987, de 18 de mayo (Conflictos Jurisdiccionales)",9,JURIDICO,
ESPECIAL,3,La Administracion publica como persona juridica. Potestades administrativas. Actividad discrecional: limites y control. Relaciones administracion-tribunales. Conflictos de jurisdiccion.,"Ley Organica 2/1987, de 18 de mayo (Conflictos Jurisdiccionales)",10,JURIDICO,
ESPECIAL,3,La Administracion publica como persona juridica. Potestades administrativas. Actividad discrecional: limites y control. Relaciones administracion-tribunales. Conflictos de jurisdiccion.,"Ley Organica 2/1987, de 18 de mayo (Conflictos Jurisdiccionales)",11,JURIDICO,
ESPECIAL,3,La Administracion publica como persona juridica. Potestades administrativas. Actividad discrecional: limites y control. Relaciones administracion-tribunales. Conflictos de jurisdiccion.,"Ley Organica 2/1987, de 18 de mayo (Conflictos Jurisdiccionales)",12,JURIDICO,
ESPECIAL,3,La Administracion publica como persona juridica. Potestades administrativas. Actividad discrecional: limites y control. Relaciones administracion-tribunales. Conflictos de jurisdiccion.,"Ley Organica 2/1987, de 18 de mayo (Conflictos Jurisdiccionales)",13,JURIDICO,
ESPECIAL,3,La Administracion publica como persona juridica. Potestades administrativas. Actividad discrecional: limites y control. Relaciones administracion-tribunales. Conflictos de jurisdiccion.,"Ley Organica 2/1987, de 18 de mayo (Conflictos Jurisdiccionales)",14,JURIDICO,
ESPECIAL,3,La Administracion publica como persona juridica. Potestades administrativas. Actividad discrecional: limites y control. Relaciones administracion-tribunales. Conflictos de jurisdiccion.,"Ley Organica 2/1987, de 18 de mayo (Conflictos Jurisdiccionales)",15,JURIDICO,
ESPECIAL,3,La Administracion publica como persona juridica. Potestades administrativas. Actividad discrecional: limites y control. Relaciones administracion-tribunales. Conflictos de jurisdiccion.,"Ley Organica 2/1987, de 18 de mayo (Conflictos Jurisdiccionales)",16,JURIDICO,
ESPECIAL,3,La Administracion publica como persona juridica. Potestades administrativas. Actividad discrecional: limites y control. Relaciones administracion-tribunales. Conflictos de jurisdiccion.,"Ley Organica 2/1987, de 18 de mayo (Conflictos Jurisdiccionales)",17,JURIDICO,
ESPECIAL,3,La Administracion publica como persona juridica. Potestades administrativas. Actividad discrecional: limites y control. Relaciones administracion-tribunales. Conflictos de jurisdiccion.,"Ley Organica 2/1987, de 18 de mayo (Conflictos Jurisdiccionales)",18,JURIDICO,
ESPECIAL,3,La Administracion publica como persona juridica. Potestades administrativas. Actividad discrecional: limites y control. Relaciones administracion-tribunales. Conflictos de jurisdiccion.,"Ley Organica 2/1987, de 18 de mayo (Conflictos Jurisdiccionales)",19,JURIDICO,
ESPECIAL,3,La Administracion publica como persona juridica. Potestades administrativas. Actividad discrecional: limites y control. Relaciones administracion-tribunales. Conflictos de jurisdiccion.,"Ley Organica 2/1987, de 18 de mayo (Conflictos Jurisdiccionales)",20,JURIDICO,
ESPECIAL,3,La Administracion publica como persona juridica. Potestades administrativas. Actividad discrecional: limites y control. Relaciones administracion-tribunales. Conflictos de jurisdiccion.,"Ley Organica 2/1987, de 18 de mayo (Conflictos Jurisdiccionales)",21,JURIDICO,
ESPECIAL,3,La Administracion publica como persona juridica. Potestades administrativas. Actividad discrecional: limites y control. Relaciones administracion-tribunales. Conflictos de jurisdiccion.,"PENDIENTE DE INVESTIGAR: AP como persona juridica / potestades / actividad discrecional: doctrinal, sin ley unica de referencia adicional a la ya usada en otros temas",,PENDIENTE,
ESPECIAL,26,"Ley 6/2024, simplificacion administrativa: Titulo I. Normativa desarrollo atencion ciudadania, oficinas registro, funcionario habilitado, entidades colaboradoras certificacion, entes habilitados.","Ley 6/2024, de 5 de diciembre",1,JURIDICO,
ESPECIAL,26,"Ley 6/2024, simplificacion administrativa: Titulo I. Normativa desarrollo atencion ciudadania, oficinas registro, funcionario habilitado, entidades colaboradoras certificacion, entes habilitados.","Ley 6/2024, de 5 de diciembre",2,JURIDICO,
ESPECIAL,26,"Ley 6/2024, simplificacion administrativa: Titulo I. Normativa desarrollo atencion ciudadania, oficinas registro, funcionario habilitado, entidades colaboradoras certificacion, entes habilitados.","Ley 6/2024, de 5 de diciembre",3,JURIDICO,
ESPECIAL,26,"Ley 6/2024, simplificacion administrativa: Titulo I. Normativa desarrollo atencion ciudadania, oficinas registro, funcionario habilitado, entidades colaboradoras certificacion, entes habilitados.","Ley 6/2024, de 5 de diciembre",4,JURIDICO,
ESPECIAL,26,"Ley 6/2024, simplificacion administrativa: Titulo I. Normativa desarrollo atencion ciudadania, oficinas registro, funcionario habilitado, entidades colaboradoras certificacion, entes habilitados.","Ley 6/2024, de 5 de diciembre",5,JURIDICO,
ESPECIAL,26,"Ley 6/2024, simplificacion administrativa: Titulo I. Normativa desarrollo atencion ciudadania, oficinas registro, funcionario habilitado, entidades colaboradoras certificacion, entes habilitados.","Ley 6/2024, de 5 de diciembre",6,JURIDICO,
ESPECIAL,26,"Ley 6/2024, simplificacion administrativa: Titulo I. Normativa desarrollo atencion ciudadania, oficinas registro, funcionario habilitado, entidades colaboradoras certificacion, entes habilitados.","Ley 6/2024, de 5 de diciembre",7,JURIDICO,
ESPECIAL,26,"Ley 6/2024, simplificacion administrativa: Titulo I. Normativa desarrollo atencion ciudadania, oficinas registro, funcionario habilitado, entidades colaboradoras certificacion, entes habilitados.","Ley 6/2024, de 5 de diciembre",8,JURIDICO,
ESPECIAL,26,"Ley 6/2024, simplificacion administrativa: Titulo I. Normativa desarrollo atencion ciudadania, oficinas registro, funcionario habilitado, entidades colaboradoras certificacion, entes habilitados.","Ley 6/2024, de 5 de diciembre",9,JURIDICO,
ESPECIAL,26,"Ley 6/2024, simplificacion administrativa: Titulo I. Normativa desarrollo atencion ciudadania, oficinas registro, funcionario habilitado, entidades colaboradoras certificacion, entes habilitados.","Ley 6/2024, de 5 de diciembre",10,JURIDICO,
ESPECIAL,26,"Ley 6/2024, simplificacion administrativa: Titulo I. Normativa desarrollo atencion ciudadania, oficinas registro, funcionario habilitado, entidades colaboradoras certificacion, entes habilitados.","Ley 6/2024, de 5 de diciembre",11,JURIDICO,
ESPECIAL,26,"Ley 6/2024, simplificacion administrativa: Titulo I. Normativa desarrollo atencion ciudadania, oficinas registro, funcionario habilitado, entidades colaboradoras certificacion, entes habilitados.","Ley 6/2024, de 5 de diciembre",12,JURIDICO,
ESPECIAL,26,"Ley 6/2024, simplificacion administrativa: Titulo I. Normativa desarrollo atencion ciudadania, oficinas registro, funcionario habilitado, entidades colaboradoras certificacion, entes habilitados.","Ley 6/2024, de 5 de diciembre",13,JURIDICO,
ESPECIAL,26,"Ley 6/2024, simplificacion administrativa: Titulo I. Normativa desarrollo atencion ciudadania, oficinas registro, funcionario habilitado, entidades colaboradoras certificacion, entes habilitados.","Ley 6/2024, de 5 de diciembre",14,JURIDICO,
ESPECIAL,26,"Ley 6/2024, simplificacion administrativa: Titulo I. Normativa desarrollo atencion ciudadania, oficinas registro, funcionario habilitado, entidades colaboradoras certificacion, entes habilitados.","Ley 6/2024, de 5 de diciembre",15,JURIDICO,
ESPECIAL,26,"Ley 6/2024, simplificacion administrativa: Titulo I. Normativa desarrollo atencion ciudadania, oficinas registro, funcionario habilitado, entidades colaboradoras certificacion, entes habilitados.","Ley 6/2024, de 5 de diciembre",16,JURIDICO,
ESPECIAL,26,"Ley 6/2024, simplificacion administrativa: Titulo I. Normativa desarrollo atencion ciudadania, oficinas registro, funcionario habilitado, entidades colaboradoras certificacion, entes habilitados.","Ley 6/2024, de 5 de diciembre",17,JURIDICO,
ESPECIAL,26,"Ley 6/2024, simplificacion administrativa: Titulo I. Normativa desarrollo atencion ciudadania, oficinas registro, funcionario habilitado, entidades colaboradoras certificacion, entes habilitados.","Ley 6/2024, de 5 de diciembre",18,JURIDICO,
ESPECIAL,26,"Ley 6/2024, simplificacion administrativa: Titulo I. Normativa desarrollo atencion ciudadania, oficinas registro, funcionario habilitado, entidades colaboradoras certificacion, entes habilitados.","Ley 6/2024, de 5 de diciembre",19,JURIDICO,
ESPECIAL,26,"Ley 6/2024, simplificacion administrativa: Titulo I. Normativa desarrollo atencion ciudadania, oficinas registro, funcionario habilitado, entidades colaboradoras certificacion, entes habilitados.","Ley 6/2024, de 5 de diciembre",20,JURIDICO,
ESPECIAL,26,"Ley 6/2024, simplificacion administrativa: Titulo I. Normativa desarrollo atencion ciudadania, oficinas registro, funcionario habilitado, entidades colaboradoras certificacion, entes habilitados.","Ley 6/2024, de 5 de diciembre",21,JURIDICO,
ESPECIAL,26,"Ley 6/2024, simplificacion administrativa: Titulo I. Normativa desarrollo atencion ciudadania, oficinas registro, funcionario habilitado, entidades colaboradoras certificacion, entes habilitados.","Ley 6/2024, de 5 de diciembre",22,JURIDICO,
ESPECIAL,26,"Ley 6/2024, simplificacion administrativa: Titulo I. Normativa desarrollo atencion ciudadania, oficinas registro, funcionario habilitado, entidades colaboradoras certificacion, entes habilitados.","Ley 6/2024, de 5 de diciembre",23,JURIDICO,
ESPECIAL,26,"Ley 6/2024, simplificacion administrativa: Titulo I. Normativa desarrollo atencion ciudadania, oficinas registro, funcionario habilitado, entidades colaboradoras certificacion, entes habilitados.","Ley 6/2024, de 5 de diciembre",24,JURIDICO,
ESPECIAL,26,"Ley 6/2024, simplificacion administrativa: Titulo I. Normativa desarrollo atencion ciudadania, oficinas registro, funcionario habilitado, entidades colaboradoras certificacion, entes habilitados.","Ley 6/2024, de 5 de diciembre",25,JURIDICO,
ESPECIAL,26,"Ley 6/2024, simplificacion administrativa: Titulo I. Normativa desarrollo atencion ciudadania, oficinas registro, funcionario habilitado, entidades colaboradoras certificacion, entes habilitados.","Ley 6/2024, de 5 de diciembre",26,JURIDICO,
ESPECIAL,26,"Ley 6/2024, simplificacion administrativa: Titulo I. Normativa desarrollo atencion ciudadania, oficinas registro, funcionario habilitado, entidades colaboradoras certificacion, entes habilitados.","Ley 6/2024, de 5 de diciembre",27,JURIDICO,
ESPECIAL,26,"Ley 6/2024, simplificacion administrativa: Titulo I. Normativa desarrollo atencion ciudadania, oficinas registro, funcionario habilitado, entidades colaboradoras certificacion, entes habilitados.","Ley 6/2024, de 5 de diciembre",28,JURIDICO,
ESPECIAL,26,"Ley 6/2024, simplificacion administrativa: Titulo I. Normativa desarrollo atencion ciudadania, oficinas registro, funcionario habilitado, entidades colaboradoras certificacion, entes habilitados.","Ley 6/2024, de 5 de diciembre",29,JURIDICO,
ESPECIAL,26,"Ley 6/2024, simplificacion administrativa: Titulo I. Normativa desarrollo atencion ciudadania, oficinas registro, funcionario habilitado, entidades colaboradoras certificacion, entes habilitados.","Ley 6/2024, de 5 de diciembre",30,JURIDICO,
ESPECIAL,26,"Ley 6/2024, simplificacion administrativa: Titulo I. Normativa desarrollo atencion ciudadania, oficinas registro, funcionario habilitado, entidades colaboradoras certificacion, entes habilitados.","Ley 6/2024, de 5 de diciembre",31,JURIDICO,
ESPECIAL,26,"Ley 6/2024, simplificacion administrativa: Titulo I. Normativa desarrollo atencion ciudadania, oficinas registro, funcionario habilitado, entidades colaboradoras certificacion, entes habilitados.","Ley 6/2024, de 5 de diciembre",32,JURIDICO,
ESPECIAL,26,"Ley 6/2024, simplificacion administrativa: Titulo I. Normativa desarrollo atencion ciudadania, oficinas registro, funcionario habilitado, entidades colaboradoras certificacion, entes habilitados.","Ley 6/2024, de 5 de diciembre",33,JURIDICO,
ESPECIAL,26,"Ley 6/2024, simplificacion administrativa: Titulo I. Normativa desarrollo atencion ciudadania, oficinas registro, funcionario habilitado, entidades colaboradoras certificacion, entes habilitados.","Ley 6/2024, de 5 de diciembre",34,JURIDICO,
ESPECIAL,26,"Ley 6/2024, simplificacion administrativa: Titulo I. Normativa desarrollo atencion ciudadania, oficinas registro, funcionario habilitado, entidades colaboradoras certificacion, entes habilitados.","Ley 6/2024, de 5 de diciembre",35,JURIDICO,
ESPECIAL,26,"Ley 6/2024, simplificacion administrativa: Titulo I. Normativa desarrollo atencion ciudadania, oficinas registro, funcionario habilitado, entidades colaboradoras certificacion, entes habilitados.","Ley 6/2024, de 5 de diciembre",36,JURIDICO,
ESPECIAL,26,"Ley 6/2024, simplificacion administrativa: Titulo I. Normativa desarrollo atencion ciudadania, oficinas registro, funcionario habilitado, entidades colaboradoras certificacion, entes habilitados.","Ley 6/2024, de 5 de diciembre",37,JURIDICO,
ESPECIAL,26,"Ley 6/2024, simplificacion administrativa: Titulo I. Normativa desarrollo atencion ciudadania, oficinas registro, funcionario habilitado, entidades colaboradoras certificacion, entes habilitados.","Ley 6/2024, de 5 de diciembre",38,JURIDICO,
ESPECIAL,26,"Ley 6/2024, simplificacion administrativa: Titulo I. Normativa desarrollo atencion ciudadania, oficinas registro, funcionario habilitado, entidades colaboradoras certificacion, entes habilitados.","Ley 6/2024, de 5 de diciembre",39,JURIDICO,
ESPECIAL,26,"Ley 6/2024, simplificacion administrativa: Titulo I. Normativa desarrollo atencion ciudadania, oficinas registro, funcionario habilitado, entidades colaboradoras certificacion, entes habilitados.","Ley 6/2024, de 5 de diciembre",40,JURIDICO,
ESPECIAL,26,"Ley 6/2024, simplificacion administrativa: Titulo I. Normativa desarrollo atencion ciudadania, oficinas registro, funcionario habilitado, entidades colaboradoras certificacion, entes habilitados.","Ley 6/2024, de 5 de diciembre",41,JURIDICO,
ESPECIAL,26,"Ley 6/2024, simplificacion administrativa: Titulo I. Normativa desarrollo atencion ciudadania, oficinas registro, funcionario habilitado, entidades colaboradoras certificacion, entes habilitados.","Ley 6/2024, de 5 de diciembre",42,JURIDICO,
ESPECIAL,26,"Ley 6/2024, simplificacion administrativa: Titulo I. Normativa desarrollo atencion ciudadania, oficinas registro, funcionario habilitado, entidades colaboradoras certificacion, entes habilitados.","Ley 6/2024, de 5 de diciembre",43,JURIDICO,
ESPECIAL,26,"Ley 6/2024, simplificacion administrativa: Titulo I. Normativa desarrollo atencion ciudadania, oficinas registro, funcionario habilitado, entidades colaboradoras certificacion, entes habilitados.","Ley 6/2024, de 5 de diciembre",44,JURIDICO,
ESPECIAL,26,"Ley 6/2024, simplificacion administrativa: Titulo I. Normativa desarrollo atencion ciudadania, oficinas registro, funcionario habilitado, entidades colaboradoras certificacion, entes habilitados.","Ley 6/2024, de 5 de diciembre",45,JURIDICO,
ESPECIAL,26,"Ley 6/2024, simplificacion administrativa: Titulo I. Normativa desarrollo atencion ciudadania, oficinas registro, funcionario habilitado, entidades colaboradoras certificacion, entes habilitados.","Ley 6/2024, de 5 de diciembre",46,JURIDICO,
ESPECIAL,26,"Ley 6/2024, simplificacion administrativa: Titulo I. Normativa desarrollo atencion ciudadania, oficinas registro, funcionario habilitado, entidades colaboradoras certificacion, entes habilitados.","Ley 6/2024, de 5 de diciembre",47,JURIDICO,
ESPECIAL,26,"Ley 6/2024, simplificacion administrativa: Titulo I. Normativa desarrollo atencion ciudadania, oficinas registro, funcionario habilitado, entidades colaboradoras certificacion, entes habilitados.","Ley 6/2024, de 5 de diciembre",48,JURIDICO,
ESPECIAL,26,"Ley 6/2024, simplificacion administrativa: Titulo I. Normativa desarrollo atencion ciudadania, oficinas registro, funcionario habilitado, entidades colaboradoras certificacion, entes habilitados.","Ley 6/2024, de 5 de diciembre",49,JURIDICO,
ESPECIAL,26,"Ley 6/2024, simplificacion administrativa: Titulo I. Normativa desarrollo atencion ciudadania, oficinas registro, funcionario habilitado, entidades colaboradoras certificacion, entes habilitados.","Ley 6/2024, de 5 de diciembre",50,JURIDICO,
ESPECIAL,26,"Ley 6/2024, simplificacion administrativa: Titulo I. Normativa desarrollo atencion ciudadania, oficinas registro, funcionario habilitado, entidades colaboradoras certificacion, entes habilitados.","Ley 6/2024, de 5 de diciembre",51,JURIDICO,
ESPECIAL,26,"Ley 6/2024, simplificacion administrativa: Titulo I. Normativa desarrollo atencion ciudadania, oficinas registro, funcionario habilitado, entidades colaboradoras certificacion, entes habilitados.","Ley 6/2024, de 5 de diciembre",52,JURIDICO,
ESPECIAL,26,"Ley 6/2024, simplificacion administrativa: Titulo I. Normativa desarrollo atencion ciudadania, oficinas registro, funcionario habilitado, entidades colaboradoras certificacion, entes habilitados.","Ley 6/2024, de 5 de diciembre",53,JURIDICO,
ESPECIAL,26,"Ley 6/2024, simplificacion administrativa: Titulo I. Normativa desarrollo atencion ciudadania, oficinas registro, funcionario habilitado, entidades colaboradoras certificacion, entes habilitados.","Ley 6/2024, de 5 de diciembre",54,JURIDICO,
ESPECIAL,26,"Ley 6/2024, simplificacion administrativa: Titulo I. Normativa desarrollo atencion ciudadania, oficinas registro, funcionario habilitado, entidades colaboradoras certificacion, entes habilitados.","Ley 6/2024, de 5 de diciembre",55,JURIDICO,
ESPECIAL,26,"Ley 6/2024, simplificacion administrativa: Titulo I. Normativa desarrollo atencion ciudadania, oficinas registro, funcionario habilitado, entidades colaboradoras certificacion, entes habilitados.","Ley 6/2024, de 5 de diciembre",56,JURIDICO,
ESPECIAL,26,"Ley 6/2024, simplificacion administrativa: Titulo I. Normativa desarrollo atencion ciudadania, oficinas registro, funcionario habilitado, entidades colaboradoras certificacion, entes habilitados.","Ley 6/2024, de 5 de diciembre",57,JURIDICO,
ESPECIAL,26,"Ley 6/2024, simplificacion administrativa: Titulo I. Normativa desarrollo atencion ciudadania, oficinas registro, funcionario habilitado, entidades colaboradoras certificacion, entes habilitados.","Ley 6/2024, de 5 de diciembre",58,JURIDICO,
ESPECIAL,26,"Ley 6/2024, simplificacion administrativa: Titulo I. Normativa desarrollo atencion ciudadania, oficinas registro, funcionario habilitado, entidades colaboradoras certificacion, entes habilitados.","Ley 6/2024, de 5 de diciembre",59,JURIDICO,
ESPECIAL,27,"La transparencia y el buen gobierno: normativa basica estatal y autonomica. Proteccion de datos: normativa europea, estatal y autonomica. Derechos digitales, Responsable/Encargado tratamiento, DPD.","Ley 19/2013, de 9 de diciembre",1,JURIDICO,
ESPECIAL,27,"La transparencia y el buen gobierno: normativa basica estatal y autonomica. Proteccion de datos: normativa europea, estatal y autonomica. Derechos digitales, Responsable/Encargado tratamiento, DPD.","Ley 19/2013, de 9 de diciembre",2,JURIDICO,
ESPECIAL,27,"La transparencia y el buen gobierno: normativa basica estatal y autonomica. Proteccion de datos: normativa europea, estatal y autonomica. Derechos digitales, Responsable/Encargado tratamiento, DPD.","Ley 19/2013, de 9 de diciembre",3,JURIDICO,
ESPECIAL,27,"La transparencia y el buen gobierno: normativa basica estatal y autonomica. Proteccion de datos: normativa europea, estatal y autonomica. Derechos digitales, Responsable/Encargado tratamiento, DPD.","Ley 19/2013, de 9 de diciembre",4,JURIDICO,
ESPECIAL,27,"La transparencia y el buen gobierno: normativa basica estatal y autonomica. Proteccion de datos: normativa europea, estatal y autonomica. Derechos digitales, Responsable/Encargado tratamiento, DPD.","Ley 19/2013, de 9 de diciembre",5,JURIDICO,
ESPECIAL,27,"La transparencia y el buen gobierno: normativa basica estatal y autonomica. Proteccion de datos: normativa europea, estatal y autonomica. Derechos digitales, Responsable/Encargado tratamiento, DPD.","Ley 19/2013, de 9 de diciembre",6,JURIDICO,
ESPECIAL,27,"La transparencia y el buen gobierno: normativa basica estatal y autonomica. Proteccion de datos: normativa europea, estatal y autonomica. Derechos digitales, Responsable/Encargado tratamiento, DPD.","Ley 19/2013, de 9 de diciembre",7,JURIDICO,
ESPECIAL,27,"La transparencia y el buen gobierno: normativa basica estatal y autonomica. Proteccion de datos: normativa europea, estatal y autonomica. Derechos digitales, Responsable/Encargado tratamiento, DPD.","Ley 19/2013, de 9 de diciembre",8,JURIDICO,
ESPECIAL,27,"La transparencia y el buen gobierno: normativa basica estatal y autonomica. Proteccion de datos: normativa europea, estatal y autonomica. Derechos digitales, Responsable/Encargado tratamiento, DPD.","Ley 19/2013, de 9 de diciembre",9,JURIDICO,
ESPECIAL,27,"La transparencia y el buen gobierno: normativa basica estatal y autonomica. Proteccion de datos: normativa europea, estatal y autonomica. Derechos digitales, Responsable/Encargado tratamiento, DPD.","Ley 1/2022, de 13 de abril [Titulo I, rango aproximado]",1,JURIDICO,
ESPECIAL,27,"La transparencia y el buen gobierno: normativa basica estatal y autonomica. Proteccion de datos: normativa europea, estatal y autonomica. Derechos digitales, Responsable/Encargado tratamiento, DPD.","Ley 1/2022, de 13 de abril [Titulo I, rango aproximado]",2,JURIDICO,
ESPECIAL,27,"La transparencia y el buen gobierno: normativa basica estatal y autonomica. Proteccion de datos: normativa europea, estatal y autonomica. Derechos digitales, Responsable/Encargado tratamiento, DPD.","Ley 1/2022, de 13 de abril [Titulo I, rango aproximado]",3,JURIDICO,
ESPECIAL,27,"La transparencia y el buen gobierno: normativa basica estatal y autonomica. Proteccion de datos: normativa europea, estatal y autonomica. Derechos digitales, Responsable/Encargado tratamiento, DPD.","Ley 1/2022, de 13 de abril [Titulo I, rango aproximado]",4,JURIDICO,
ESPECIAL,27,"La transparencia y el buen gobierno: normativa basica estatal y autonomica. Proteccion de datos: normativa europea, estatal y autonomica. Derechos digitales, Responsable/Encargado tratamiento, DPD.","Ley 1/2022, de 13 de abril [Titulo I, rango aproximado]",5,JURIDICO,
ESPECIAL,27,"La transparencia y el buen gobierno: normativa basica estatal y autonomica. Proteccion de datos: normativa europea, estatal y autonomica. Derechos digitales, Responsable/Encargado tratamiento, DPD.","Ley 1/2022, de 13 de abril [Titulo I, rango aproximado]",6,JURIDICO,
ESPECIAL,27,"La transparencia y el buen gobierno: normativa basica estatal y autonomica. Proteccion de datos: normativa europea, estatal y autonomica. Derechos digitales, Responsable/Encargado tratamiento, DPD.","Ley 1/2022, de 13 de abril [Titulo I, rango aproximado]",7,JURIDICO,
ESPECIAL,27,"La transparencia y el buen gobierno: normativa basica estatal y autonomica. Proteccion de datos: normativa europea, estatal y autonomica. Derechos digitales, Responsable/Encargado tratamiento, DPD.","Ley 1/2022, de 13 de abril [Titulo I, rango aproximado]",8,JURIDICO,
ESPECIAL,27,"La transparencia y el buen gobierno: normativa basica estatal y autonomica. Proteccion de datos: normativa europea, estatal y autonomica. Derechos digitales, Responsable/Encargado tratamiento, DPD.","Ley 1/2022, de 13 de abril [Titulo I, rango aproximado]",9,JURIDICO,
ESPECIAL,27,"La transparencia y el buen gobierno: normativa basica estatal y autonomica. Proteccion de datos: normativa europea, estatal y autonomica. Derechos digitales, Responsable/Encargado tratamiento, DPD.","Ley 1/2022, de 13 de abril [Titulo I, rango aproximado]",10,JURIDICO,
ESPECIAL,27,"La transparencia y el buen gobierno: normativa basica estatal y autonomica. Proteccion de datos: normativa europea, estatal y autonomica. Derechos digitales, Responsable/Encargado tratamiento, DPD.","Ley 1/2022, de 13 de abril [Titulo I, rango aproximado]",11,JURIDICO,
ESPECIAL,27,"La transparencia y el buen gobierno: normativa basica estatal y autonomica. Proteccion de datos: normativa europea, estatal y autonomica. Derechos digitales, Responsable/Encargado tratamiento, DPD.","Ley 1/2022, de 13 de abril [Titulo I, rango aproximado]",12,JURIDICO,
ESPECIAL,27,"La transparencia y el buen gobierno: normativa basica estatal y autonomica. Proteccion de datos: normativa europea, estatal y autonomica. Derechos digitales, Responsable/Encargado tratamiento, DPD.","Ley 1/2022, de 13 de abril [Titulo I, rango aproximado]",13,JURIDICO,
ESPECIAL,27,"La transparencia y el buen gobierno: normativa basica estatal y autonomica. Proteccion de datos: normativa europea, estatal y autonomica. Derechos digitales, Responsable/Encargado tratamiento, DPD.","Ley 1/2022, de 13 de abril [Titulo I, rango aproximado]",14,JURIDICO,
ESPECIAL,27,"La transparencia y el buen gobierno: normativa basica estatal y autonomica. Proteccion de datos: normativa europea, estatal y autonomica. Derechos digitales, Responsable/Encargado tratamiento, DPD.","Ley 1/2022, de 13 de abril [Titulo I, rango aproximado]",15,JURIDICO,
ESPECIAL,27,"La transparencia y el buen gobierno: normativa basica estatal y autonomica. Proteccion de datos: normativa europea, estatal y autonomica. Derechos digitales, Responsable/Encargado tratamiento, DPD.","Ley 1/2022, de 13 de abril [Titulo I, rango aproximado]",16,JURIDICO,
ESPECIAL,27,"La transparencia y el buen gobierno: normativa basica estatal y autonomica. Proteccion de datos: normativa europea, estatal y autonomica. Derechos digitales, Responsable/Encargado tratamiento, DPD.","Ley 1/2022, de 13 de abril [Titulo I, rango aproximado]",17,JURIDICO,
ESPECIAL,27,"La transparencia y el buen gobierno: normativa basica estatal y autonomica. Proteccion de datos: normativa europea, estatal y autonomica. Derechos digitales, Responsable/Encargado tratamiento, DPD.","Ley 1/2022, de 13 de abril [Titulo I, rango aproximado]",18,JURIDICO,
ESPECIAL,27,"La transparencia y el buen gobierno: normativa basica estatal y autonomica. Proteccion de datos: normativa europea, estatal y autonomica. Derechos digitales, Responsable/Encargado tratamiento, DPD.","Ley 1/2022, de 13 de abril [Titulo I, rango aproximado]",19,JURIDICO,
ESPECIAL,27,"La transparencia y el buen gobierno: normativa basica estatal y autonomica. Proteccion de datos: normativa europea, estatal y autonomica. Derechos digitales, Responsable/Encargado tratamiento, DPD.","Ley 1/2022, de 13 de abril [Titulo I, rango aproximado]",20,JURIDICO,
ESPECIAL,27,"La transparencia y el buen gobierno: normativa basica estatal y autonomica. Proteccion de datos: normativa europea, estatal y autonomica. Derechos digitales, Responsable/Encargado tratamiento, DPD.","Ley 1/2022, de 13 de abril [Titulo I, rango aproximado]",21,JURIDICO,
ESPECIAL,27,"La transparencia y el buen gobierno: normativa basica estatal y autonomica. Proteccion de datos: normativa europea, estatal y autonomica. Derechos digitales, Responsable/Encargado tratamiento, DPD.","Ley 1/2022, de 13 de abril [Titulo I, rango aproximado]",22,JURIDICO,
ESPECIAL,27,"La transparencia y el buen gobierno: normativa basica estatal y autonomica. Proteccion de datos: normativa europea, estatal y autonomica. Derechos digitales, Responsable/Encargado tratamiento, DPD.","Ley 1/2022, de 13 de abril [Titulo I, rango aproximado]",23,JURIDICO,
ESPECIAL,27,"La transparencia y el buen gobierno: normativa basica estatal y autonomica. Proteccion de datos: normativa europea, estatal y autonomica. Derechos digitales, Responsable/Encargado tratamiento, DPD.","Ley 1/2022, de 13 de abril [Titulo I, rango aproximado]",24,JURIDICO,
ESPECIAL,27,"La transparencia y el buen gobierno: normativa basica estatal y autonomica. Proteccion de datos: normativa europea, estatal y autonomica. Derechos digitales, Responsable/Encargado tratamiento, DPD.","Ley 1/2022, de 13 de abril [Titulo I, rango aproximado]",25,JURIDICO,
ESPECIAL,27,"La transparencia y el buen gobierno: normativa basica estatal y autonomica. Proteccion de datos: normativa europea, estatal y autonomica. Derechos digitales, Responsable/Encargado tratamiento, DPD.","Ley 1/2022, de 13 de abril [Titulo I, rango aproximado]",26,JURIDICO,
ESPECIAL,27,"La transparencia y el buen gobierno: normativa basica estatal y autonomica. Proteccion de datos: normativa europea, estatal y autonomica. Derechos digitales, Responsable/Encargado tratamiento, DPD.","Ley 1/2022, de 13 de abril [Titulo I, rango aproximado]",27,JURIDICO,
ESPECIAL,27,"La transparencia y el buen gobierno: normativa basica estatal y autonomica. Proteccion de datos: normativa europea, estatal y autonomica. Derechos digitales, Responsable/Encargado tratamiento, DPD.","Ley 1/2022, de 13 de abril [Titulo I, rango aproximado]",28,JURIDICO,
ESPECIAL,27,"La transparencia y el buen gobierno: normativa basica estatal y autonomica. Proteccion de datos: normativa europea, estatal y autonomica. Derechos digitales, Responsable/Encargado tratamiento, DPD.","Ley 1/2022, de 13 de abril [Titulo I, rango aproximado]",29,JURIDICO,
ESPECIAL,27,"La transparencia y el buen gobierno: normativa basica estatal y autonomica. Proteccion de datos: normativa europea, estatal y autonomica. Derechos digitales, Responsable/Encargado tratamiento, DPD.","Ley 1/2022, de 13 de abril [Titulo I, rango aproximado]",30,JURIDICO,
ESPECIAL,27,"La transparencia y el buen gobierno: normativa basica estatal y autonomica. Proteccion de datos: normativa europea, estatal y autonomica. Derechos digitales, Responsable/Encargado tratamiento, DPD.","Ley 1/2022, de 13 de abril [Titulo I, rango aproximado]",31,JURIDICO,
ESPECIAL,27,"La transparencia y el buen gobierno: normativa basica estatal y autonomica. Proteccion de datos: normativa europea, estatal y autonomica. Derechos digitales, Responsable/Encargado tratamiento, DPD.","Ley 1/2022, de 13 de abril [Titulo I, rango aproximado]",32,JURIDICO,
ESPECIAL,27,"La transparencia y el buen gobierno: normativa basica estatal y autonomica. Proteccion de datos: normativa europea, estatal y autonomica. Derechos digitales, Responsable/Encargado tratamiento, DPD.","Ley 1/2022, de 13 de abril [Titulo I, rango aproximado]",33,JURIDICO,
ESPECIAL,27,"La transparencia y el buen gobierno: normativa basica estatal y autonomica. Proteccion de datos: normativa europea, estatal y autonomica. Derechos digitales, Responsable/Encargado tratamiento, DPD.","Ley 1/2022, de 13 de abril [Titulo I, rango aproximado]",34,JURIDICO,
ESPECIAL,27,"La transparencia y el buen gobierno: normativa basica estatal y autonomica. Proteccion de datos: normativa europea, estatal y autonomica. Derechos digitales, Responsable/Encargado tratamiento, DPD.","Ley 1/2022, de 13 de abril [Titulo I, rango aproximado]",35,JURIDICO,
ESPECIAL,27,"La transparencia y el buen gobierno: normativa basica estatal y autonomica. Proteccion de datos: normativa europea, estatal y autonomica. Derechos digitales, Responsable/Encargado tratamiento, DPD.","Ley 1/2022, de 13 de abril [Titulo I, rango aproximado]",36,JURIDICO,
ESPECIAL,27,"La transparencia y el buen gobierno: normativa basica estatal y autonomica. Proteccion de datos: normativa europea, estatal y autonomica. Derechos digitales, Responsable/Encargado tratamiento, DPD.","Ley 1/2022, de 13 de abril [Titulo I, rango aproximado]",37,JURIDICO,
ESPECIAL,27,"La transparencia y el buen gobierno: normativa basica estatal y autonomica. Proteccion de datos: normativa europea, estatal y autonomica. Derechos digitales, Responsable/Encargado tratamiento, DPD.","Ley 1/2022, de 13 de abril [Titulo I, rango aproximado]",38,JURIDICO,
ESPECIAL,27,"La transparencia y el buen gobierno: normativa basica estatal y autonomica. Proteccion de datos: normativa europea, estatal y autonomica. Derechos digitales, Responsable/Encargado tratamiento, DPD.","Ley 1/2022, de 13 de abril [Titulo I, rango aproximado]",39,JURIDICO,
ESPECIAL,27,"La transparencia y el buen gobierno: normativa basica estatal y autonomica. Proteccion de datos: normativa europea, estatal y autonomica. Derechos digitales, Responsable/Encargado tratamiento, DPD.","Ley 1/2022, de 13 de abril [Titulo I, rango aproximado]",40,JURIDICO,
ESPECIAL,27,"La transparencia y el buen gobierno: normativa basica estatal y autonomica. Proteccion de datos: normativa europea, estatal y autonomica. Derechos digitales, Responsable/Encargado tratamiento, DPD.","Ley 1/2022, de 13 de abril [Titulo I, rango aproximado]",41,JURIDICO,
ESPECIAL,27,"La transparencia y el buen gobierno: normativa basica estatal y autonomica. Proteccion de datos: normativa europea, estatal y autonomica. Derechos digitales, Responsable/Encargado tratamiento, DPD.","Ley 1/2022, de 13 de abril [Titulo I, rango aproximado]",42,JURIDICO,
ESPECIAL,27,"La transparencia y el buen gobierno: normativa basica estatal y autonomica. Proteccion de datos: normativa europea, estatal y autonomica. Derechos digitales, Responsable/Encargado tratamiento, DPD.","Ley 1/2022, de 13 de abril [Titulo I, rango aproximado]",43,JURIDICO,
ESPECIAL,27,"La transparencia y el buen gobierno: normativa basica estatal y autonomica. Proteccion de datos: normativa europea, estatal y autonomica. Derechos digitales, Responsable/Encargado tratamiento, DPD.","Ley 1/2022, de 13 de abril [Titulo I, rango aproximado]",44,JURIDICO,
ESPECIAL,27,"La transparencia y el buen gobierno: normativa basica estatal y autonomica. Proteccion de datos: normativa europea, estatal y autonomica. Derechos digitales, Responsable/Encargado tratamiento, DPD.","Ley 1/2022, de 13 de abril [Titulo I, rango aproximado]",45,JURIDICO,
ESPECIAL,27,"La transparencia y el buen gobierno: normativa basica estatal y autonomica. Proteccion de datos: normativa europea, estatal y autonomica. Derechos digitales, Responsable/Encargado tratamiento, DPD.","Reglamento (UE) 2016/679, RGPD [articulos clave]",24,JURIDICO,
ESPECIAL,27,"La transparencia y el buen gobierno: normativa basica estatal y autonomica. Proteccion de datos: normativa europea, estatal y autonomica. Derechos digitales, Responsable/Encargado tratamiento, DPD.","Reglamento (UE) 2016/679, RGPD [articulos clave]",25,JURIDICO,
ESPECIAL,27,"La transparencia y el buen gobierno: normativa basica estatal y autonomica. Proteccion de datos: normativa europea, estatal y autonomica. Derechos digitales, Responsable/Encargado tratamiento, DPD.","Reglamento (UE) 2016/679, RGPD [articulos clave]",26,JURIDICO,
ESPECIAL,27,"La transparencia y el buen gobierno: normativa basica estatal y autonomica. Proteccion de datos: normativa europea, estatal y autonomica. Derechos digitales, Responsable/Encargado tratamiento, DPD.","Reglamento (UE) 2016/679, RGPD [articulos clave]",27,JURIDICO,
ESPECIAL,27,"La transparencia y el buen gobierno: normativa basica estatal y autonomica. Proteccion de datos: normativa europea, estatal y autonomica. Derechos digitales, Responsable/Encargado tratamiento, DPD.","Reglamento (UE) 2016/679, RGPD [articulos clave]",28,JURIDICO,
ESPECIAL,27,"La transparencia y el buen gobierno: normativa basica estatal y autonomica. Proteccion de datos: normativa europea, estatal y autonomica. Derechos digitales, Responsable/Encargado tratamiento, DPD.","Reglamento (UE) 2016/679, RGPD [articulos clave]",37,JURIDICO,
ESPECIAL,27,"La transparencia y el buen gobierno: normativa basica estatal y autonomica. Proteccion de datos: normativa europea, estatal y autonomica. Derechos digitales, Responsable/Encargado tratamiento, DPD.","Reglamento (UE) 2016/679, RGPD [articulos clave]",38,JURIDICO,
ESPECIAL,27,"La transparencia y el buen gobierno: normativa basica estatal y autonomica. Proteccion de datos: normativa europea, estatal y autonomica. Derechos digitales, Responsable/Encargado tratamiento, DPD.","Reglamento (UE) 2016/679, RGPD [articulos clave]",39,JURIDICO,
ESPECIAL,27,"La transparencia y el buen gobierno: normativa basica estatal y autonomica. Proteccion de datos: normativa europea, estatal y autonomica. Derechos digitales, Responsable/Encargado tratamiento, DPD.","PENDIENTE DE INVESTIGAR: Ley Organica 3/2018 (LOPDGDD) - articulos de derechos digitales (Titulo X, arts.79-97 aprox.) por confirmar con precision",,PENDIENTE,
ESPECIAL,8,"Del Tribunal Constitucional, organizacion y atribuciones. Procedimientos de declaracion de inconstitucionalidad. Recurso de amparo. Conflictos constitucionales. Impugnacion disposiciones sin fuerza de Ley. Recurso previo de inconstitucionalidad Estatutos.","Ley Organica 2/1979 (LOTC) [Titulo I, rango aproximado]",1,JURIDICO,
ESPECIAL,8,"Del Tribunal Constitucional, organizacion y atribuciones. Procedimientos de declaracion de inconstitucionalidad. Recurso de amparo. Conflictos constitucionales. Impugnacion disposiciones sin fuerza de Ley. Recurso previo de inconstitucionalidad Estatutos.","Ley Organica 2/1979 (LOTC) [Titulo I, rango aproximado]",2,JURIDICO,
ESPECIAL,8,"Del Tribunal Constitucional, organizacion y atribuciones. Procedimientos de declaracion de inconstitucionalidad. Recurso de amparo. Conflictos constitucionales. Impugnacion disposiciones sin fuerza de Ley. Recurso previo de inconstitucionalidad Estatutos.","Ley Organica 2/1979 (LOTC) [Titulo I, rango aproximado]",3,JURIDICO,
ESPECIAL,8,"Del Tribunal Constitucional, organizacion y atribuciones. Procedimientos de declaracion de inconstitucionalidad. Recurso de amparo. Conflictos constitucionales. Impugnacion disposiciones sin fuerza de Ley. Recurso previo de inconstitucionalidad Estatutos.","Ley Organica 2/1979 (LOTC) [Titulo I, rango aproximado]",4,JURIDICO,
ESPECIAL,8,"Del Tribunal Constitucional, organizacion y atribuciones. Procedimientos de declaracion de inconstitucionalidad. Recurso de amparo. Conflictos constitucionales. Impugnacion disposiciones sin fuerza de Ley. Recurso previo de inconstitucionalidad Estatutos.","Ley Organica 2/1979 (LOTC) [Titulo I, rango aproximado]",5,JURIDICO,
ESPECIAL,8,"Del Tribunal Constitucional, organizacion y atribuciones. Procedimientos de declaracion de inconstitucionalidad. Recurso de amparo. Conflictos constitucionales. Impugnacion disposiciones sin fuerza de Ley. Recurso previo de inconstitucionalidad Estatutos.","Ley Organica 2/1979 (LOTC) [Titulo I, rango aproximado]",6,JURIDICO,
ESPECIAL,8,"Del Tribunal Constitucional, organizacion y atribuciones. Procedimientos de declaracion de inconstitucionalidad. Recurso de amparo. Conflictos constitucionales. Impugnacion disposiciones sin fuerza de Ley. Recurso previo de inconstitucionalidad Estatutos.","Ley Organica 2/1979 (LOTC) [Titulo I, rango aproximado]",7,JURIDICO,
ESPECIAL,8,"Del Tribunal Constitucional, organizacion y atribuciones. Procedimientos de declaracion de inconstitucionalidad. Recurso de amparo. Conflictos constitucionales. Impugnacion disposiciones sin fuerza de Ley. Recurso previo de inconstitucionalidad Estatutos.","Ley Organica 2/1979 (LOTC) [Titulo I, rango aproximado]",8,JURIDICO,
ESPECIAL,8,"Del Tribunal Constitucional, organizacion y atribuciones. Procedimientos de declaracion de inconstitucionalidad. Recurso de amparo. Conflictos constitucionales. Impugnacion disposiciones sin fuerza de Ley. Recurso previo de inconstitucionalidad Estatutos.","Ley Organica 2/1979 (LOTC) [Titulo I, rango aproximado]",9,JURIDICO,
ESPECIAL,8,"Del Tribunal Constitucional, organizacion y atribuciones. Procedimientos de declaracion de inconstitucionalidad. Recurso de amparo. Conflictos constitucionales. Impugnacion disposiciones sin fuerza de Ley. Recurso previo de inconstitucionalidad Estatutos.","Ley Organica 2/1979 (LOTC) [Titulo I, rango aproximado]",10,JURIDICO,
ESPECIAL,8,"Del Tribunal Constitucional, organizacion y atribuciones. Procedimientos de declaracion de inconstitucionalidad. Recurso de amparo. Conflictos constitucionales. Impugnacion disposiciones sin fuerza de Ley. Recurso previo de inconstitucionalidad Estatutos.","Ley Organica 2/1979 (LOTC) [Titulo I, rango aproximado]",11,JURIDICO,
ESPECIAL,8,"Del Tribunal Constitucional, organizacion y atribuciones. Procedimientos de declaracion de inconstitucionalidad. Recurso de amparo. Conflictos constitucionales. Impugnacion disposiciones sin fuerza de Ley. Recurso previo de inconstitucionalidad Estatutos.","Ley Organica 2/1979 (LOTC) [Titulo I, rango aproximado]",12,JURIDICO,
ESPECIAL,8,"Del Tribunal Constitucional, organizacion y atribuciones. Procedimientos de declaracion de inconstitucionalidad. Recurso de amparo. Conflictos constitucionales. Impugnacion disposiciones sin fuerza de Ley. Recurso previo de inconstitucionalidad Estatutos.","Ley Organica 2/1979 (LOTC) [Titulo I, rango aproximado]",13,JURIDICO,
ESPECIAL,8,"Del Tribunal Constitucional, organizacion y atribuciones. Procedimientos de declaracion de inconstitucionalidad. Recurso de amparo. Conflictos constitucionales. Impugnacion disposiciones sin fuerza de Ley. Recurso previo de inconstitucionalidad Estatutos.","Ley Organica 2/1979 (LOTC) [Titulo I, rango aproximado]",14,JURIDICO,
ESPECIAL,8,"Del Tribunal Constitucional, organizacion y atribuciones. Procedimientos de declaracion de inconstitucionalidad. Recurso de amparo. Conflictos constitucionales. Impugnacion disposiciones sin fuerza de Ley. Recurso previo de inconstitucionalidad Estatutos.","Ley Organica 2/1979 (LOTC) [Titulo I, rango aproximado]",15,JURIDICO,
ESPECIAL,8,"Del Tribunal Constitucional, organizacion y atribuciones. Procedimientos de declaracion de inconstitucionalidad. Recurso de amparo. Conflictos constitucionales. Impugnacion disposiciones sin fuerza de Ley. Recurso previo de inconstitucionalidad Estatutos.","Ley Organica 2/1979 (LOTC) [Titulo I, rango aproximado]",16,JURIDICO,
ESPECIAL,8,"Del Tribunal Constitucional, organizacion y atribuciones. Procedimientos de declaracion de inconstitucionalidad. Recurso de amparo. Conflictos constitucionales. Impugnacion disposiciones sin fuerza de Ley. Recurso previo de inconstitucionalidad Estatutos.","Ley Organica 2/1979 (LOTC) [Titulo I, rango aproximado]",17,JURIDICO,
ESPECIAL,8,"Del Tribunal Constitucional, organizacion y atribuciones. Procedimientos de declaracion de inconstitucionalidad. Recurso de amparo. Conflictos constitucionales. Impugnacion disposiciones sin fuerza de Ley. Recurso previo de inconstitucionalidad Estatutos.","Ley Organica 2/1979 (LOTC) [Titulo I, rango aproximado]",18,JURIDICO,
ESPECIAL,8,"Del Tribunal Constitucional, organizacion y atribuciones. Procedimientos de declaracion de inconstitucionalidad. Recurso de amparo. Conflictos constitucionales. Impugnacion disposiciones sin fuerza de Ley. Recurso previo de inconstitucionalidad Estatutos.","Ley Organica 2/1979 (LOTC) [Titulo I, rango aproximado]",19,JURIDICO,
ESPECIAL,8,"Del Tribunal Constitucional, organizacion y atribuciones. Procedimientos de declaracion de inconstitucionalidad. Recurso de amparo. Conflictos constitucionales. Impugnacion disposiciones sin fuerza de Ley. Recurso previo de inconstitucionalidad Estatutos.","Ley Organica 2/1979 (LOTC) [Titulo I, rango aproximado]",20,JURIDICO,
ESPECIAL,8,"Del Tribunal Constitucional, organizacion y atribuciones. Procedimientos de declaracion de inconstitucionalidad. Recurso de amparo. Conflictos constitucionales. Impugnacion disposiciones sin fuerza de Ley. Recurso previo de inconstitucionalidad Estatutos.","Ley Organica 2/1979 (LOTC) [Titulo I, rango aproximado]",21,JURIDICO,
ESPECIAL,8,"Del Tribunal Constitucional, organizacion y atribuciones. Procedimientos de declaracion de inconstitucionalidad. Recurso de amparo. Conflictos constitucionales. Impugnacion disposiciones sin fuerza de Ley. Recurso previo de inconstitucionalidad Estatutos.","Ley Organica 2/1979 (LOTC) [Titulo I, rango aproximado]",22,JURIDICO,
ESPECIAL,8,"Del Tribunal Constitucional, organizacion y atribuciones. Procedimientos de declaracion de inconstitucionalidad. Recurso de amparo. Conflictos constitucionales. Impugnacion disposiciones sin fuerza de Ley. Recurso previo de inconstitucionalidad Estatutos.","Ley Organica 2/1979 (LOTC) [Titulo I, rango aproximado]",23,JURIDICO,
ESPECIAL,8,"Del Tribunal Constitucional, organizacion y atribuciones. Procedimientos de declaracion de inconstitucionalidad. Recurso de amparo. Conflictos constitucionales. Impugnacion disposiciones sin fuerza de Ley. Recurso previo de inconstitucionalidad Estatutos.","Ley Organica 2/1979 (LOTC) [Titulo I, rango aproximado]",24,JURIDICO,
ESPECIAL,8,"Del Tribunal Constitucional, organizacion y atribuciones. Procedimientos de declaracion de inconstitucionalidad. Recurso de amparo. Conflictos constitucionales. Impugnacion disposiciones sin fuerza de Ley. Recurso previo de inconstitucionalidad Estatutos.","Ley Organica 2/1979 (LOTC) [Titulo I, rango aproximado]",25,JURIDICO,
ESPECIAL,8,"Del Tribunal Constitucional, organizacion y atribuciones. Procedimientos de declaracion de inconstitucionalidad. Recurso de amparo. Conflictos constitucionales. Impugnacion disposiciones sin fuerza de Ley. Recurso previo de inconstitucionalidad Estatutos.","Ley Organica 2/1979 (LOTC) [Titulo I, rango aproximado]",26,JURIDICO,
ESPECIAL,8,"Del Tribunal Constitucional, organizacion y atribuciones. Procedimientos de declaracion de inconstitucionalidad. Recurso de amparo. Conflictos constitucionales. Impugnacion disposiciones sin fuerza de Ley. Recurso previo de inconstitucionalidad Estatutos.","Ley Organica 2/1979 (LOTC) [Titulo I, rango aproximado]",27,JURIDICO,
ESPECIAL,8,"Del Tribunal Constitucional, organizacion y atribuciones. Procedimientos de declaracion de inconstitucionalidad. Recurso de amparo. Conflictos constitucionales. Impugnacion disposiciones sin fuerza de Ley. Recurso previo de inconstitucionalidad Estatutos.","Ley Organica 2/1979 (LOTC) [Titulo I, rango aproximado]",28,JURIDICO,
ESPECIAL,8,"Del Tribunal Constitucional, organizacion y atribuciones. Procedimientos de declaracion de inconstitucionalidad. Recurso de amparo. Conflictos constitucionales. Impugnacion disposiciones sin fuerza de Ley. Recurso previo de inconstitucionalidad Estatutos.","Ley Organica 2/1979 (LOTC) [Titulo I, rango aproximado]",29,JURIDICO,
ESPECIAL,8,"Del Tribunal Constitucional, organizacion y atribuciones. Procedimientos de declaracion de inconstitucionalidad. Recurso de amparo. Conflictos constitucionales. Impugnacion disposiciones sin fuerza de Ley. Recurso previo de inconstitucionalidad Estatutos.","Ley Organica 2/1979 (LOTC) [Titulo I, rango aproximado]",30,JURIDICO,
ESPECIAL,8,"Del Tribunal Constitucional, organizacion y atribuciones. Procedimientos de declaracion de inconstitucionalidad. Recurso de amparo. Conflictos constitucionales. Impugnacion disposiciones sin fuerza de Ley. Recurso previo de inconstitucionalidad Estatutos.","Ley Organica 2/1979 (LOTC) [Titulo II, rango aproximado]",31,JURIDICO,
ESPECIAL,8,"Del Tribunal Constitucional, organizacion y atribuciones. Procedimientos de declaracion de inconstitucionalidad. Recurso de amparo. Conflictos constitucionales. Impugnacion disposiciones sin fuerza de Ley. Recurso previo de inconstitucionalidad Estatutos.","Ley Organica 2/1979 (LOTC) [Titulo II, rango aproximado]",32,JURIDICO,
ESPECIAL,8,"Del Tribunal Constitucional, organizacion y atribuciones. Procedimientos de declaracion de inconstitucionalidad. Recurso de amparo. Conflictos constitucionales. Impugnacion disposiciones sin fuerza de Ley. Recurso previo de inconstitucionalidad Estatutos.","Ley Organica 2/1979 (LOTC) [Titulo II, rango aproximado]",33,JURIDICO,
ESPECIAL,8,"Del Tribunal Constitucional, organizacion y atribuciones. Procedimientos de declaracion de inconstitucionalidad. Recurso de amparo. Conflictos constitucionales. Impugnacion disposiciones sin fuerza de Ley. Recurso previo de inconstitucionalidad Estatutos.","Ley Organica 2/1979 (LOTC) [Titulo II, rango aproximado]",34,JURIDICO,
ESPECIAL,8,"Del Tribunal Constitucional, organizacion y atribuciones. Procedimientos de declaracion de inconstitucionalidad. Recurso de amparo. Conflictos constitucionales. Impugnacion disposiciones sin fuerza de Ley. Recurso previo de inconstitucionalidad Estatutos.","Ley Organica 2/1979 (LOTC) [Titulo II, rango aproximado]",35,JURIDICO,
ESPECIAL,8,"Del Tribunal Constitucional, organizacion y atribuciones. Procedimientos de declaracion de inconstitucionalidad. Recurso de amparo. Conflictos constitucionales. Impugnacion disposiciones sin fuerza de Ley. Recurso previo de inconstitucionalidad Estatutos.","Ley Organica 2/1979 (LOTC) [Titulo II, rango aproximado]",36,JURIDICO,
ESPECIAL,8,"Del Tribunal Constitucional, organizacion y atribuciones. Procedimientos de declaracion de inconstitucionalidad. Recurso de amparo. Conflictos constitucionales. Impugnacion disposiciones sin fuerza de Ley. Recurso previo de inconstitucionalidad Estatutos.","Ley Organica 2/1979 (LOTC) [Titulo II, rango aproximado]",37,JURIDICO,
ESPECIAL,8,"Del Tribunal Constitucional, organizacion y atribuciones. Procedimientos de declaracion de inconstitucionalidad. Recurso de amparo. Conflictos constitucionales. Impugnacion disposiciones sin fuerza de Ley. Recurso previo de inconstitucionalidad Estatutos.","Ley Organica 2/1979 (LOTC) [Titulo II, rango aproximado]",38,JURIDICO,
ESPECIAL,8,"Del Tribunal Constitucional, organizacion y atribuciones. Procedimientos de declaracion de inconstitucionalidad. Recurso de amparo. Conflictos constitucionales. Impugnacion disposiciones sin fuerza de Ley. Recurso previo de inconstitucionalidad Estatutos.","Ley Organica 2/1979 (LOTC) [Titulo II, rango aproximado]",39,JURIDICO,
ESPECIAL,8,"Del Tribunal Constitucional, organizacion y atribuciones. Procedimientos de declaracion de inconstitucionalidad. Recurso de amparo. Conflictos constitucionales. Impugnacion disposiciones sin fuerza de Ley. Recurso previo de inconstitucionalidad Estatutos.","Ley Organica 2/1979 (LOTC) [Titulo II, rango aproximado]",40,JURIDICO,
ESPECIAL,8,"Del Tribunal Constitucional, organizacion y atribuciones. Procedimientos de declaracion de inconstitucionalidad. Recurso de amparo. Conflictos constitucionales. Impugnacion disposiciones sin fuerza de Ley. Recurso previo de inconstitucionalidad Estatutos.",Ley Organica 2/1979 (LOTC),41,JURIDICO,
ESPECIAL,8,"Del Tribunal Constitucional, organizacion y atribuciones. Procedimientos de declaracion de inconstitucionalidad. Recurso de amparo. Conflictos constitucionales. Impugnacion disposiciones sin fuerza de Ley. Recurso previo de inconstitucionalidad Estatutos.",Ley Organica 2/1979 (LOTC),42,JURIDICO,
ESPECIAL,8,"Del Tribunal Constitucional, organizacion y atribuciones. Procedimientos de declaracion de inconstitucionalidad. Recurso de amparo. Conflictos constitucionales. Impugnacion disposiciones sin fuerza de Ley. Recurso previo de inconstitucionalidad Estatutos.",Ley Organica 2/1979 (LOTC),43,JURIDICO,
ESPECIAL,8,"Del Tribunal Constitucional, organizacion y atribuciones. Procedimientos de declaracion de inconstitucionalidad. Recurso de amparo. Conflictos constitucionales. Impugnacion disposiciones sin fuerza de Ley. Recurso previo de inconstitucionalidad Estatutos.",Ley Organica 2/1979 (LOTC),44,JURIDICO,
ESPECIAL,8,"Del Tribunal Constitucional, organizacion y atribuciones. Procedimientos de declaracion de inconstitucionalidad. Recurso de amparo. Conflictos constitucionales. Impugnacion disposiciones sin fuerza de Ley. Recurso previo de inconstitucionalidad Estatutos.",Ley Organica 2/1979 (LOTC),45,JURIDICO,
ESPECIAL,8,"Del Tribunal Constitucional, organizacion y atribuciones. Procedimientos de declaracion de inconstitucionalidad. Recurso de amparo. Conflictos constitucionales. Impugnacion disposiciones sin fuerza de Ley. Recurso previo de inconstitucionalidad Estatutos.",Ley Organica 2/1979 (LOTC),46,JURIDICO,
ESPECIAL,8,"Del Tribunal Constitucional, organizacion y atribuciones. Procedimientos de declaracion de inconstitucionalidad. Recurso de amparo. Conflictos constitucionales. Impugnacion disposiciones sin fuerza de Ley. Recurso previo de inconstitucionalidad Estatutos.",Ley Organica 2/1979 (LOTC),47,JURIDICO,
ESPECIAL,8,"Del Tribunal Constitucional, organizacion y atribuciones. Procedimientos de declaracion de inconstitucionalidad. Recurso de amparo. Conflictos constitucionales. Impugnacion disposiciones sin fuerza de Ley. Recurso previo de inconstitucionalidad Estatutos.",Ley Organica 2/1979 (LOTC),48,JURIDICO,
ESPECIAL,8,"Del Tribunal Constitucional, organizacion y atribuciones. Procedimientos de declaracion de inconstitucionalidad. Recurso de amparo. Conflictos constitucionales. Impugnacion disposiciones sin fuerza de Ley. Recurso previo de inconstitucionalidad Estatutos.",Ley Organica 2/1979 (LOTC),49,JURIDICO,
ESPECIAL,8,"Del Tribunal Constitucional, organizacion y atribuciones. Procedimientos de declaracion de inconstitucionalidad. Recurso de amparo. Conflictos constitucionales. Impugnacion disposiciones sin fuerza de Ley. Recurso previo de inconstitucionalidad Estatutos.",Ley Organica 2/1979 (LOTC),50,JURIDICO,
ESPECIAL,8,"Del Tribunal Constitucional, organizacion y atribuciones. Procedimientos de declaracion de inconstitucionalidad. Recurso de amparo. Conflictos constitucionales. Impugnacion disposiciones sin fuerza de Ley. Recurso previo de inconstitucionalidad Estatutos.",Ley Organica 2/1979 (LOTC),51,JURIDICO,
ESPECIAL,8,"Del Tribunal Constitucional, organizacion y atribuciones. Procedimientos de declaracion de inconstitucionalidad. Recurso de amparo. Conflictos constitucionales. Impugnacion disposiciones sin fuerza de Ley. Recurso previo de inconstitucionalidad Estatutos.",Ley Organica 2/1979 (LOTC),52,JURIDICO,
ESPECIAL,8,"Del Tribunal Constitucional, organizacion y atribuciones. Procedimientos de declaracion de inconstitucionalidad. Recurso de amparo. Conflictos constitucionales. Impugnacion disposiciones sin fuerza de Ley. Recurso previo de inconstitucionalidad Estatutos.",Ley Organica 2/1979 (LOTC),53,JURIDICO,
ESPECIAL,8,"Del Tribunal Constitucional, organizacion y atribuciones. Procedimientos de declaracion de inconstitucionalidad. Recurso de amparo. Conflictos constitucionales. Impugnacion disposiciones sin fuerza de Ley. Recurso previo de inconstitucionalidad Estatutos.",Ley Organica 2/1979 (LOTC),54,JURIDICO,
ESPECIAL,8,"Del Tribunal Constitucional, organizacion y atribuciones. Procedimientos de declaracion de inconstitucionalidad. Recurso de amparo. Conflictos constitucionales. Impugnacion disposiciones sin fuerza de Ley. Recurso previo de inconstitucionalidad Estatutos.",Ley Organica 2/1979 (LOTC),55,JURIDICO,
ESPECIAL,8,"Del Tribunal Constitucional, organizacion y atribuciones. Procedimientos de declaracion de inconstitucionalidad. Recurso de amparo. Conflictos constitucionales. Impugnacion disposiciones sin fuerza de Ley. Recurso previo de inconstitucionalidad Estatutos.",Ley Organica 2/1979 (LOTC),56,JURIDICO,
ESPECIAL,8,"Del Tribunal Constitucional, organizacion y atribuciones. Procedimientos de declaracion de inconstitucionalidad. Recurso de amparo. Conflictos constitucionales. Impugnacion disposiciones sin fuerza de Ley. Recurso previo de inconstitucionalidad Estatutos.",Ley Organica 2/1979 (LOTC),57,JURIDICO,
ESPECIAL,8,"Del Tribunal Constitucional, organizacion y atribuciones. Procedimientos de declaracion de inconstitucionalidad. Recurso de amparo. Conflictos constitucionales. Impugnacion disposiciones sin fuerza de Ley. Recurso previo de inconstitucionalidad Estatutos.",Ley Organica 2/1979 (LOTC),58,JURIDICO,
ESPECIAL,8,"Del Tribunal Constitucional, organizacion y atribuciones. Procedimientos de declaracion de inconstitucionalidad. Recurso de amparo. Conflictos constitucionales. Impugnacion disposiciones sin fuerza de Ley. Recurso previo de inconstitucionalidad Estatutos.",Ley Organica 2/1979 (LOTC) [VALIDAR EXTREMOS],59,JURIDICO,
ESPECIAL,8,"Del Tribunal Constitucional, organizacion y atribuciones. Procedimientos de declaracion de inconstitucionalidad. Recurso de amparo. Conflictos constitucionales. Impugnacion disposiciones sin fuerza de Ley. Recurso previo de inconstitucionalidad Estatutos.",Ley Organica 2/1979 (LOTC) [VALIDAR EXTREMOS],60,JURIDICO,
ESPECIAL,8,"Del Tribunal Constitucional, organizacion y atribuciones. Procedimientos de declaracion de inconstitucionalidad. Recurso de amparo. Conflictos constitucionales. Impugnacion disposiciones sin fuerza de Ley. Recurso previo de inconstitucionalidad Estatutos.",Ley Organica 2/1979 (LOTC) [VALIDAR EXTREMOS],61,JURIDICO,
ESPECIAL,8,"Del Tribunal Constitucional, organizacion y atribuciones. Procedimientos de declaracion de inconstitucionalidad. Recurso de amparo. Conflictos constitucionales. Impugnacion disposiciones sin fuerza de Ley. Recurso previo de inconstitucionalidad Estatutos.",Ley Organica 2/1979 (LOTC) [VALIDAR EXTREMOS],62,JURIDICO,
ESPECIAL,8,"Del Tribunal Constitucional, organizacion y atribuciones. Procedimientos de declaracion de inconstitucionalidad. Recurso de amparo. Conflictos constitucionales. Impugnacion disposiciones sin fuerza de Ley. Recurso previo de inconstitucionalidad Estatutos.",Ley Organica 2/1979 (LOTC) [VALIDAR EXTREMOS],63,JURIDICO,
ESPECIAL,8,"Del Tribunal Constitucional, organizacion y atribuciones. Procedimientos de declaracion de inconstitucionalidad. Recurso de amparo. Conflictos constitucionales. Impugnacion disposiciones sin fuerza de Ley. Recurso previo de inconstitucionalidad Estatutos.",Ley Organica 2/1979 (LOTC) [VALIDAR EXTREMOS],64,JURIDICO,
ESPECIAL,8,"Del Tribunal Constitucional, organizacion y atribuciones. Procedimientos de declaracion de inconstitucionalidad. Recurso de amparo. Conflictos constitucionales. Impugnacion disposiciones sin fuerza de Ley. Recurso previo de inconstitucionalidad Estatutos.",Ley Organica 2/1979 (LOTC) [VALIDAR EXTREMOS],65,JURIDICO,
ESPECIAL,8,"Del Tribunal Constitucional, organizacion y atribuciones. Procedimientos de declaracion de inconstitucionalidad. Recurso de amparo. Conflictos constitucionales. Impugnacion disposiciones sin fuerza de Ley. Recurso previo de inconstitucionalidad Estatutos.",Ley Organica 2/1979 (LOTC) [VALIDAR EXTREMOS],66,JURIDICO,
ESPECIAL,8,"Del Tribunal Constitucional, organizacion y atribuciones. Procedimientos de declaracion de inconstitucionalidad. Recurso de amparo. Conflictos constitucionales. Impugnacion disposiciones sin fuerza de Ley. Recurso previo de inconstitucionalidad Estatutos.",Ley Organica 2/1979 (LOTC) [VALIDAR EXTREMOS],67,JURIDICO,
ESPECIAL,8,"Del Tribunal Constitucional, organizacion y atribuciones. Procedimientos de declaracion de inconstitucionalidad. Recurso de amparo. Conflictos constitucionales. Impugnacion disposiciones sin fuerza de Ley. Recurso previo de inconstitucionalidad Estatutos.",Ley Organica 2/1979 (LOTC) [VALIDAR EXTREMOS],68,JURIDICO,
ESPECIAL,8,"Del Tribunal Constitucional, organizacion y atribuciones. Procedimientos de declaracion de inconstitucionalidad. Recurso de amparo. Conflictos constitucionales. Impugnacion disposiciones sin fuerza de Ley. Recurso previo de inconstitucionalidad Estatutos.",Ley Organica 2/1979 (LOTC) [VALIDAR EXTREMOS],69,JURIDICO,
ESPECIAL,8,"Del Tribunal Constitucional, organizacion y atribuciones. Procedimientos de declaracion de inconstitucionalidad. Recurso de amparo. Conflictos constitucionales. Impugnacion disposiciones sin fuerza de Ley. Recurso previo de inconstitucionalidad Estatutos.",Ley Organica 2/1979 (LOTC) [VALIDAR EXTREMOS],70,JURIDICO,
ESPECIAL,8,"Del Tribunal Constitucional, organizacion y atribuciones. Procedimientos de declaracion de inconstitucionalidad. Recurso de amparo. Conflictos constitucionales. Impugnacion disposiciones sin fuerza de Ley. Recurso previo de inconstitucionalidad Estatutos.",Ley Organica 2/1979 (LOTC) [VALIDAR EXTREMOS],71,JURIDICO,
ESPECIAL,8,"Del Tribunal Constitucional, organizacion y atribuciones. Procedimientos de declaracion de inconstitucionalidad. Recurso de amparo. Conflictos constitucionales. Impugnacion disposiciones sin fuerza de Ley. Recurso previo de inconstitucionalidad Estatutos.",Ley Organica 2/1979 (LOTC) [VALIDAR EXTREMOS],72,JURIDICO,
ESPECIAL,8,"Del Tribunal Constitucional, organizacion y atribuciones. Procedimientos de declaracion de inconstitucionalidad. Recurso de amparo. Conflictos constitucionales. Impugnacion disposiciones sin fuerza de Ley. Recurso previo de inconstitucionalidad Estatutos.",Ley Organica 2/1979 (LOTC) [VALIDAR EXTREMOS],73,JURIDICO,
ESPECIAL,8,"Del Tribunal Constitucional, organizacion y atribuciones. Procedimientos de declaracion de inconstitucionalidad. Recurso de amparo. Conflictos constitucionales. Impugnacion disposiciones sin fuerza de Ley. Recurso previo de inconstitucionalidad Estatutos.",Ley Organica 2/1979 (LOTC) [VALIDAR EXTREMOS],74,JURIDICO,
ESPECIAL,8,"Del Tribunal Constitucional, organizacion y atribuciones. Procedimientos de declaracion de inconstitucionalidad. Recurso de amparo. Conflictos constitucionales. Impugnacion disposiciones sin fuerza de Ley. Recurso previo de inconstitucionalidad Estatutos.",Ley Organica 2/1979 (LOTC) [VALIDAR EXTREMOS],75,JURIDICO,
ESPECIAL,8,"Del Tribunal Constitucional, organizacion y atribuciones. Procedimientos de declaracion de inconstitucionalidad. Recurso de amparo. Conflictos constitucionales. Impugnacion disposiciones sin fuerza de Ley. Recurso previo de inconstitucionalidad Estatutos.","Ley Organica 2/1979 (LOTC) [Titulo V, rango aproximado]",76,JURIDICO,
ESPECIAL,8,"Del Tribunal Constitucional, organizacion y atribuciones. Procedimientos de declaracion de inconstitucionalidad. Recurso de amparo. Conflictos constitucionales. Impugnacion disposiciones sin fuerza de Ley. Recurso previo de inconstitucionalidad Estatutos.","Ley Organica 2/1979 (LOTC) [Titulo V, rango aproximado]",77,JURIDICO,
ESPECIAL,8,"Del Tribunal Constitucional, organizacion y atribuciones. Procedimientos de declaracion de inconstitucionalidad. Recurso de amparo. Conflictos constitucionales. Impugnacion disposiciones sin fuerza de Ley. Recurso previo de inconstitucionalidad Estatutos.",PENDIENTE DE INVESTIGAR: Recurso previo de inconstitucionalidad contra Proyectos de Estatutos de Autonomia (introducido por LO 12/2015) - articulo/disposicion especifica por confirmar,,PENDIENTE,
ESPECIAL,25,Relaciones Generalitat-SPI: Decreto Ley 1/2011. Aplicacion Ley 4/2021 a su SPI. CDSSP. Ofertas de empleo publico y bolsas VI Acuerdo CDSSP.,"Decreto Ley 1/2011, de 30 de septiembre [ambito por confirmar en extremo superior]",1,JURIDICO,
ESPECIAL,25,Relaciones Generalitat-SPI: Decreto Ley 1/2011. Aplicacion Ley 4/2021 a su SPI. CDSSP. Ofertas de empleo publico y bolsas VI Acuerdo CDSSP.,"Decreto Ley 1/2011, de 30 de septiembre [ambito por confirmar en extremo superior]",2,JURIDICO,
ESPECIAL,25,Relaciones Generalitat-SPI: Decreto Ley 1/2011. Aplicacion Ley 4/2021 a su SPI. CDSSP. Ofertas de empleo publico y bolsas VI Acuerdo CDSSP.,"Decreto Ley 1/2011, de 30 de septiembre [ambito por confirmar en extremo superior]",3,JURIDICO,
ESPECIAL,25,Relaciones Generalitat-SPI: Decreto Ley 1/2011. Aplicacion Ley 4/2021 a su SPI. CDSSP. Ofertas de empleo publico y bolsas VI Acuerdo CDSSP.,"Decreto Ley 1/2011, de 30 de septiembre [ambito por confirmar en extremo superior]",4,JURIDICO,
ESPECIAL,25,Relaciones Generalitat-SPI: Decreto Ley 1/2011. Aplicacion Ley 4/2021 a su SPI. CDSSP. Ofertas de empleo publico y bolsas VI Acuerdo CDSSP.,"Decreto Ley 1/2011, de 30 de septiembre [ambito por confirmar en extremo superior]",5,JURIDICO,
ESPECIAL,25,Relaciones Generalitat-SPI: Decreto Ley 1/2011. Aplicacion Ley 4/2021 a su SPI. CDSSP. Ofertas de empleo publico y bolsas VI Acuerdo CDSSP.,"Decreto Ley 1/2011, de 30 de septiembre [ambito por confirmar en extremo superior]",6,JURIDICO,
ESPECIAL,25,Relaciones Generalitat-SPI: Decreto Ley 1/2011. Aplicacion Ley 4/2021 a su SPI. CDSSP. Ofertas de empleo publico y bolsas VI Acuerdo CDSSP.,"Decreto Ley 1/2011, de 30 de septiembre [ambito por confirmar en extremo superior]",7,JURIDICO,
ESPECIAL,25,Relaciones Generalitat-SPI: Decreto Ley 1/2011. Aplicacion Ley 4/2021 a su SPI. CDSSP. Ofertas de empleo publico y bolsas VI Acuerdo CDSSP.,"Decreto Ley 1/2011, de 30 de septiembre [ambito por confirmar en extremo superior]",8,JURIDICO,
ESPECIAL,25,Relaciones Generalitat-SPI: Decreto Ley 1/2011. Aplicacion Ley 4/2021 a su SPI. CDSSP. Ofertas de empleo publico y bolsas VI Acuerdo CDSSP.,"Decreto Ley 1/2011, de 30 de septiembre [ambito por confirmar en extremo superior]",9,JURIDICO,
ESPECIAL,25,Relaciones Generalitat-SPI: Decreto Ley 1/2011. Aplicacion Ley 4/2021 a su SPI. CDSSP. Ofertas de empleo publico y bolsas VI Acuerdo CDSSP.,"Decreto Ley 1/2011, de 30 de septiembre [ambito por confirmar en extremo superior]",10,JURIDICO,
ESPECIAL,25,Relaciones Generalitat-SPI: Decreto Ley 1/2011. Aplicacion Ley 4/2021 a su SPI. CDSSP. Ofertas de empleo publico y bolsas VI Acuerdo CDSSP.,"Decreto Ley 1/2011, de 30 de septiembre [ambito por confirmar en extremo superior]",11,JURIDICO,
ESPECIAL,25,Relaciones Generalitat-SPI: Decreto Ley 1/2011. Aplicacion Ley 4/2021 a su SPI. CDSSP. Ofertas de empleo publico y bolsas VI Acuerdo CDSSP.,"Decreto Ley 1/2011, de 30 de septiembre [ambito por confirmar en extremo superior]",12,JURIDICO,
ESPECIAL,25,Relaciones Generalitat-SPI: Decreto Ley 1/2011. Aplicacion Ley 4/2021 a su SPI. CDSSP. Ofertas de empleo publico y bolsas VI Acuerdo CDSSP.,"Decreto Ley 1/2011, de 30 de septiembre [ambito por confirmar en extremo superior]",13,JURIDICO,
ESPECIAL,25,Relaciones Generalitat-SPI: Decreto Ley 1/2011. Aplicacion Ley 4/2021 a su SPI. CDSSP. Ofertas de empleo publico y bolsas VI Acuerdo CDSSP.,"Decreto Ley 1/2011, de 30 de septiembre [ambito por confirmar en extremo superior]",14,JURIDICO,
ESPECIAL,25,Relaciones Generalitat-SPI: Decreto Ley 1/2011. Aplicacion Ley 4/2021 a su SPI. CDSSP. Ofertas de empleo publico y bolsas VI Acuerdo CDSSP.,"Decreto Ley 1/2011, de 30 de septiembre [ambito por confirmar en extremo superior]",15,JURIDICO,
ESPECIAL,25,Relaciones Generalitat-SPI: Decreto Ley 1/2011. Aplicacion Ley 4/2021 a su SPI. CDSSP. Ofertas de empleo publico y bolsas VI Acuerdo CDSSP.,"Decreto Ley 1/2011, de 30 de septiembre [ambito por confirmar en extremo superior]",16,JURIDICO,
ESPECIAL,25,Relaciones Generalitat-SPI: Decreto Ley 1/2011. Aplicacion Ley 4/2021 a su SPI. CDSSP. Ofertas de empleo publico y bolsas VI Acuerdo CDSSP.,"Decreto Ley 1/2011, de 30 de septiembre [ambito por confirmar en extremo superior]",17,JURIDICO,
ESPECIAL,25,Relaciones Generalitat-SPI: Decreto Ley 1/2011. Aplicacion Ley 4/2021 a su SPI. CDSSP. Ofertas de empleo publico y bolsas VI Acuerdo CDSSP.,"Decreto Ley 1/2011, de 30 de septiembre [ambito por confirmar en extremo superior]",18,JURIDICO,
ESPECIAL,25,Relaciones Generalitat-SPI: Decreto Ley 1/2011. Aplicacion Ley 4/2021 a su SPI. CDSSP. Ofertas de empleo publico y bolsas VI Acuerdo CDSSP.,"Decreto Ley 1/2011, de 30 de septiembre [ambito por confirmar en extremo superior]",19,JURIDICO,
ESPECIAL,25,Relaciones Generalitat-SPI: Decreto Ley 1/2011. Aplicacion Ley 4/2021 a su SPI. CDSSP. Ofertas de empleo publico y bolsas VI Acuerdo CDSSP.,"Decreto Ley 1/2011, de 30 de septiembre [ambito por confirmar en extremo superior]",20,JURIDICO,
ESPECIAL,25,Relaciones Generalitat-SPI: Decreto Ley 1/2011. Aplicacion Ley 4/2021 a su SPI. CDSSP. Ofertas de empleo publico y bolsas VI Acuerdo CDSSP.,"PENDIENTE DE INVESTIGAR: Aplicacion de la Ley 4/2021 al SPI (articulos especificos), CDSSP y VI Acuerdo CDSSP - documentos/acuerdos administrativos, no articulado legal convencional",,PENDIENTE,
ESPECIAL,28,"El conflicto de interes: normativa europea, estatal y autonomica. Conflicto de interes en fondos europeos. Incompatibilidades y Conflictos de Intereses de Personas con Cargos Publicos no Electo: disposiciones, infracciones, sanciones.","Ley 3/2015, de 30 de marzo (alto cargo AGE) [referencia estatal]",1,JURIDICO,
ESPECIAL,28,"El conflicto de interes: normativa europea, estatal y autonomica. Conflicto de interes en fondos europeos. Incompatibilidades y Conflictos de Intereses de Personas con Cargos Publicos no Electo: disposiciones, infracciones, sanciones.","Ley 3/2015, de 30 de marzo (alto cargo AGE) [referencia estatal]",2,JURIDICO,
ESPECIAL,28,"El conflicto de interes: normativa europea, estatal y autonomica. Conflicto de interes en fondos europeos. Incompatibilidades y Conflictos de Intereses de Personas con Cargos Publicos no Electo: disposiciones, infracciones, sanciones.","Ley 3/2015, de 30 de marzo (alto cargo AGE) [referencia estatal]",3,JURIDICO,
ESPECIAL,28,"El conflicto de interes: normativa europea, estatal y autonomica. Conflicto de interes en fondos europeos. Incompatibilidades y Conflictos de Intereses de Personas con Cargos Publicos no Electo: disposiciones, infracciones, sanciones.","Ley 3/2015, de 30 de marzo (alto cargo AGE) [referencia estatal]",4,JURIDICO,
ESPECIAL,28,"El conflicto de interes: normativa europea, estatal y autonomica. Conflicto de interes en fondos europeos. Incompatibilidades y Conflictos de Intereses de Personas con Cargos Publicos no Electo: disposiciones, infracciones, sanciones.","Ley 3/2015, de 30 de marzo (alto cargo AGE) [referencia estatal]",5,JURIDICO,
ESPECIAL,28,"El conflicto de interes: normativa europea, estatal y autonomica. Conflicto de interes en fondos europeos. Incompatibilidades y Conflictos de Intereses de Personas con Cargos Publicos no Electo: disposiciones, infracciones, sanciones.","Ley 3/2015, de 30 de marzo (alto cargo AGE) [referencia estatal]",6,JURIDICO,
ESPECIAL,28,"El conflicto de interes: normativa europea, estatal y autonomica. Conflicto de interes en fondos europeos. Incompatibilidades y Conflictos de Intereses de Personas con Cargos Publicos no Electo: disposiciones, infracciones, sanciones.","Ley 3/2015, de 30 de marzo (alto cargo AGE) [referencia estatal]",7,JURIDICO,
ESPECIAL,28,"El conflicto de interes: normativa europea, estatal y autonomica. Conflicto de interes en fondos europeos. Incompatibilidades y Conflictos de Intereses de Personas con Cargos Publicos no Electo: disposiciones, infracciones, sanciones.","Ley 3/2015, de 30 de marzo (alto cargo AGE) [referencia estatal]",8,JURIDICO,
ESPECIAL,28,"El conflicto de interes: normativa europea, estatal y autonomica. Conflicto de interes en fondos europeos. Incompatibilidades y Conflictos de Intereses de Personas con Cargos Publicos no Electo: disposiciones, infracciones, sanciones.","Ley 3/2015, de 30 de marzo (alto cargo AGE) [referencia estatal]",9,JURIDICO,
ESPECIAL,28,"El conflicto de interes: normativa europea, estatal y autonomica. Conflicto de interes en fondos europeos. Incompatibilidades y Conflictos de Intereses de Personas con Cargos Publicos no Electo: disposiciones, infracciones, sanciones.","Ley 3/2015, de 30 de marzo (alto cargo AGE) [referencia estatal]",10,JURIDICO,
ESPECIAL,28,"El conflicto de interes: normativa europea, estatal y autonomica. Conflicto de interes en fondos europeos. Incompatibilidades y Conflictos de Intereses de Personas con Cargos Publicos no Electo: disposiciones, infracciones, sanciones.","PENDIENTE DE INVESTIGAR: Normativa valenciana especifica sobre conflicto de interes de Personas con Cargos Publicos no Electo - no localizada con certeza; posible Ley 21/2016 o normativa de la Agencia Valenciana Antifraude, por confirmar",,PENDIENTE,
ESPECIAL,33,La Funcion Publica en la Generalitat (III),"Ley 4/2021, de 16 de abril",107,JURIDICO,
ESPECIAL,33,La Funcion Publica en la Generalitat (III),"Ley 4/2021, de 16 de abril",108,JURIDICO,
ESPECIAL,33,La Funcion Publica en la Generalitat (III),"Ley 4/2021, de 16 de abril",109,JURIDICO,
ESPECIAL,33,La Funcion Publica en la Generalitat (III),"Ley 4/2021, de 16 de abril",110,JURIDICO,
ESPECIAL,33,La Funcion Publica en la Generalitat (III),"Ley 4/2021, de 16 de abril",111,JURIDICO,
ESPECIAL,33,La Funcion Publica en la Generalitat (III),"Ley 4/2021, de 16 de abril",112,JURIDICO,
ESPECIAL,33,La Funcion Publica en la Generalitat (III),"Ley 4/2021, de 16 de abril",113,JURIDICO,
ESPECIAL,33,La Funcion Publica en la Generalitat (III),"Ley 4/2021, de 16 de abril",114,JURIDICO,
ESPECIAL,33,La Funcion Publica en la Generalitat (III),"Ley 4/2021, de 16 de abril",115,JURIDICO,
ESPECIAL,33,La Funcion Publica en la Generalitat (III),"Ley 4/2021, de 16 de abril",116,JURIDICO,
ESPECIAL,33,La Funcion Publica en la Generalitat (III),"Ley 4/2021, de 16 de abril",117,JURIDICO,
ESPECIAL,33,La Funcion Publica en la Generalitat (III),"Ley 4/2021, de 16 de abril",118,JURIDICO,
ESPECIAL,33,La Funcion Publica en la Generalitat (III),"Ley 4/2021, de 16 de abril",119,JURIDICO,
ESPECIAL,33,La Funcion Publica en la Generalitat (III),"Ley 4/2021, de 16 de abril",120,JURIDICO,
ESPECIAL,33,La Funcion Publica en la Generalitat (III),"Ley 4/2021, de 16 de abril",121,JURIDICO,
ESPECIAL,33,La Funcion Publica en la Generalitat (III),"Ley 4/2021, de 16 de abril",122,JURIDICO,
ESPECIAL,33,La Funcion Publica en la Generalitat (III),"Ley 4/2021, de 16 de abril",123,JURIDICO,
ESPECIAL,33,La Funcion Publica en la Generalitat (III),"Ley 4/2021, de 16 de abril",124,JURIDICO,
ESPECIAL,33,La Funcion Publica en la Generalitat (III),"Ley 4/2021, de 16 de abril",125,JURIDICO,
ESPECIAL,33,La Funcion Publica en la Generalitat (III),"Ley 4/2021, de 16 de abril",126,JURIDICO,
ESPECIAL,33,La Funcion Publica en la Generalitat (III),"Ley 4/2021, de 16 de abril",127,JURIDICO,
ESPECIAL,33,La Funcion Publica en la Generalitat (III),"Ley 4/2021, de 16 de abril",128,JURIDICO,
ESPECIAL,33,La Funcion Publica en la Generalitat (III),"Ley 4/2021, de 16 de abril",129,JURIDICO,
ESPECIAL,33,La Funcion Publica en la Generalitat (III),"Ley 4/2021, de 16 de abril",130,JURIDICO,
ESPECIAL,33,La Funcion Publica en la Generalitat (III),"Ley 4/2021, de 16 de abril [Titulo VIII confirmado]",131,JURIDICO,
ESPECIAL,33,La Funcion Publica en la Generalitat (III),"Ley 4/2021, de 16 de abril [Titulo VIII confirmado]",132,JURIDICO,
ESPECIAL,33,La Funcion Publica en la Generalitat (III),"Ley 4/2021, de 16 de abril [Titulo VIII confirmado]",133,JURIDICO,
ESPECIAL,33,La Funcion Publica en la Generalitat (III),"Ley 4/2021, de 16 de abril [Titulo VIII confirmado]",134,JURIDICO,
ESPECIAL,33,La Funcion Publica en la Generalitat (III),"Ley 4/2021, de 16 de abril [Titulo VIII confirmado]",135,JURIDICO,
ESPECIAL,33,La Funcion Publica en la Generalitat (III),"Ley 4/2021, de 16 de abril [Titulo VIII confirmado]",136,JURIDICO,
ESPECIAL,33,La Funcion Publica en la Generalitat (III),"Ley 4/2021, de 16 de abril [Titulo VIII confirmado]",137,JURIDICO,
ESPECIAL,34,La Funcion Publica en la Generalitat (IV) ,"Ley 4/2021, de 16 de abril [Titulo VI, rango aproximado]",60,JURIDICO,
ESPECIAL,34,La Funcion Publica en la Generalitat (IV) ,"Ley 4/2021, de 16 de abril [Titulo VI, rango aproximado]",61,JURIDICO,
ESPECIAL,34,La Funcion Publica en la Generalitat (IV) ,"Ley 4/2021, de 16 de abril [Titulo VI, rango aproximado]",62,JURIDICO,
ESPECIAL,34,La Funcion Publica en la Generalitat (IV) ,"Ley 4/2021, de 16 de abril [Titulo VI, rango aproximado]",63,JURIDICO,
ESPECIAL,34,La Funcion Publica en la Generalitat (IV) ,"Ley 4/2021, de 16 de abril [Titulo VI, rango aproximado]",64,JURIDICO,
ESPECIAL,34,La Funcion Publica en la Generalitat (IV) ,"Ley 4/2021, de 16 de abril [Titulo VI, rango aproximado]",65,JURIDICO,
ESPECIAL,34,La Funcion Publica en la Generalitat (IV) ,"Ley 4/2021, de 16 de abril [Titulo VI, rango aproximado]",66,JURIDICO,
ESPECIAL,34,La Funcion Publica en la Generalitat (IV) ,"Ley 4/2021, de 16 de abril [Titulo VI, rango aproximado]",67,JURIDICO,
ESPECIAL,34,La Funcion Publica en la Generalitat (IV) ,"Ley 4/2021, de 16 de abril [Titulo VI, rango aproximado]",68,JURIDICO,
ESPECIAL,34,La Funcion Publica en la Generalitat (IV) ,"Ley 4/2021, de 16 de abril [Titulo VI, rango aproximado]",69,JURIDICO,
ESPECIAL,34,La Funcion Publica en la Generalitat (IV) ,"Ley 4/2021, de 16 de abril [Titulo VI, rango aproximado]",70,JURIDICO,
ESPECIAL,34,La Funcion Publica en la Generalitat (IV) ,"Ley 4/2021, de 16 de abril [Titulo VI, rango aproximado]",71,JURIDICO,
ESPECIAL,34,La Funcion Publica en la Generalitat (IV) ,"Ley 4/2021, de 16 de abril [Titulo VI, rango aproximado]",72,JURIDICO,
ESPECIAL,34,La Funcion Publica en la Generalitat (IV) ,"Ley 4/2021, de 16 de abril [Titulo VI, rango aproximado]",73,JURIDICO,
ESPECIAL,34,La Funcion Publica en la Generalitat (IV) ,"Ley 4/2021, de 16 de abril [Titulo VI, rango aproximado]",74,JURIDICO,
ESPECIAL,34,La Funcion Publica en la Generalitat (IV) ,"Ley 4/2021, de 16 de abril [Titulo VI, rango aproximado]",75,JURIDICO,
ESPECIAL,34,La Funcion Publica en la Generalitat (IV) ,"Ley 4/2021, de 16 de abril [Titulo VI, rango aproximado]",76,JURIDICO,
ESPECIAL,34,La Funcion Publica en la Generalitat (IV) ,"Ley 4/2021, de 16 de abril [Titulo VI, rango aproximado]",77,JURIDICO,
ESPECIAL,34,La Funcion Publica en la Generalitat (IV) ,"Ley 4/2021, de 16 de abril [Titulo VI, rango aproximado]",78,JURIDICO,
ESPECIAL,34,La Funcion Publica en la Generalitat (IV) ,"Ley 4/2021, de 16 de abril [Titulo VI, rango aproximado]",79,JURIDICO,
ESPECIAL,34,La Funcion Publica en la Generalitat (IV) ,"Ley 4/2021, de 16 de abril [Titulo VI, rango aproximado]",80,JURIDICO,
ESPECIAL,34,La Funcion Publica en la Generalitat (IV) ,"Ley 4/2021, de 16 de abril [Titulo VI, rango aproximado]",81,JURIDICO,
ESPECIAL,34,La Funcion Publica en la Generalitat (IV) ,"Ley 4/2021, de 16 de abril [Titulo VI, rango aproximado]",82,JURIDICO,
ESPECIAL,34,La Funcion Publica en la Generalitat (IV) ,"Ley 4/2021, de 16 de abril [Titulo VI, rango aproximado]",83,JURIDICO,
ESPECIAL,34,La Funcion Publica en la Generalitat (IV) ,"Ley 4/2021, de 16 de abril [Titulo VI, rango aproximado]",84,JURIDICO,
ESPECIAL,34,La Funcion Publica en la Generalitat (IV) ,"Ley 4/2021, de 16 de abril [Titulo VI, rango aproximado]",85,JURIDICO,
ESPECIAL,34,La Funcion Publica en la Generalitat (IV) ,"Ley 4/2021, de 16 de abril [Titulo VI, rango aproximado]",86,JURIDICO,
ESPECIAL,34,La Funcion Publica en la Generalitat (IV) ,"Ley 4/2021, de 16 de abril [Titulo VI, rango aproximado]",87,JURIDICO,
ESPECIAL,34,La Funcion Publica en la Generalitat (IV) ,"Ley 4/2021, de 16 de abril [Titulo VI, rango aproximado]",88,JURIDICO,
ESPECIAL,34,La Funcion Publica en la Generalitat (IV) ,"Ley 4/2021, de 16 de abril [Titulo VI, rango aproximado]",89,JURIDICO,
ESPECIAL,34,La Funcion Publica en la Generalitat (IV) ,"Ley 4/2021, de 16 de abril [Titulo VI, rango aproximado]",90,JURIDICO,
ESPECIAL,34,La Funcion Publica en la Generalitat (IV) ,"Ley 4/2021, de 16 de abril [Titulo VI, rango aproximado]",91,JURIDICO,
ESPECIAL,34,La Funcion Publica en la Generalitat (IV) ,"Ley 4/2021, de 16 de abril [Titulo VI, rango aproximado]",92,JURIDICO,
ESPECIAL,34,La Funcion Publica en la Generalitat (IV) ,"Ley 4/2021, de 16 de abril [Titulo VI, rango aproximado]",93,JURIDICO,
ESPECIAL,34,La Funcion Publica en la Generalitat (IV) ,"Ley 4/2021, de 16 de abril [Titulo VI, rango aproximado]",94,JURIDICO,
ESPECIAL,34,La Funcion Publica en la Generalitat (IV) ,"Ley 4/2021, de 16 de abril [Titulo VI, rango aproximado]",95,JURIDICO,
ESPECIAL,34,La Funcion Publica en la Generalitat (IV) ,"Ley 4/2021, de 16 de abril [Titulo VI, rango aproximado]",96,JURIDICO,
ESPECIAL,34,La Funcion Publica en la Generalitat (IV) ,"Ley 4/2021, de 16 de abril [Titulo VI, rango aproximado]",97,JURIDICO,
ESPECIAL,34,La Funcion Publica en la Generalitat (IV) ,"Ley 4/2021, de 16 de abril [Titulo VI, rango aproximado]",98,JURIDICO,
ESPECIAL,34,La Funcion Publica en la Generalitat (IV) ,"Ley 4/2021, de 16 de abril [Titulo VI, rango aproximado]",99,JURIDICO,
ESPECIAL,34,La Funcion Publica en la Generalitat (IV) ,"Ley 4/2021, de 16 de abril [Titulo VI, rango aproximado]",100,JURIDICO,
ESPECIAL,34,La Funcion Publica en la Generalitat (IV) ,"Ley 4/2021, de 16 de abril [Titulo VI, rango aproximado]",101,JURIDICO,
ESPECIAL,34,La Funcion Publica en la Generalitat (IV) ,"Ley 4/2021, de 16 de abril [Titulo VI, rango aproximado]",102,JURIDICO,
ESPECIAL,34,La Funcion Publica en la Generalitat (IV) ,"Ley 4/2021, de 16 de abril [Titulo VI, rango aproximado]",103,JURIDICO,
ESPECIAL,34,La Funcion Publica en la Generalitat (IV) ,"Ley 4/2021, de 16 de abril [Titulo VI, rango aproximado]",104,JURIDICO,
ESPECIAL,34,La Funcion Publica en la Generalitat (IV) ,"Ley 4/2021, de 16 de abril [Titulo VI, rango aproximado]",105,JURIDICO,
ESPECIAL,34,La Funcion Publica en la Generalitat (IV) ,"Ley 4/2021, de 16 de abril [Titulo VI, rango aproximado]",106,JURIDICO,
ESPECIAL,34,La Funcion Publica en la Generalitat (IV) ,"Ley 4/2021, de 16 de abril [Titulo IX confirmado]",138,JURIDICO,
ESPECIAL,34,La Funcion Publica en la Generalitat (IV) ,"Ley 4/2021, de 16 de abril [Titulo IX confirmado]",139,JURIDICO,
ESPECIAL,34,La Funcion Publica en la Generalitat (IV) ,"Ley 4/2021, de 16 de abril [Titulo IX confirmado]",140,JURIDICO,
ESPECIAL,34,La Funcion Publica en la Generalitat (IV) ,"Ley 4/2021, de 16 de abril [Titulo IX confirmado]",141,JURIDICO,
ESPECIAL,34,La Funcion Publica en la Generalitat (IV) ,"Ley 4/2021, de 16 de abril [Titulo IX confirmado]",142,JURIDICO,
ESPECIAL,34,La Funcion Publica en la Generalitat (IV) ,"Ley 4/2021, de 16 de abril [Titulo IX confirmado]",143,JURIDICO,
ESPECIAL,34,La Funcion Publica en la Generalitat (IV) ,"Ley 4/2021, de 16 de abril [Titulo IX confirmado]",144,JURIDICO,
ESPECIAL,34,La Funcion Publica en la Generalitat (IV) ,"Ley 4/2021, de 16 de abril [Titulo IX confirmado]",145,JURIDICO,
ESPECIAL,34,La Funcion Publica en la Generalitat (IV) ,"Ley 4/2021, de 16 de abril [Titulo IX confirmado]",146,JURIDICO,
ESPECIAL,34,La Funcion Publica en la Generalitat (IV) ,"Ley 4/2021, de 16 de abril [Titulo IX confirmado]",147,JURIDICO,
ESPECIAL,34,La Funcion Publica en la Generalitat (IV) ,"Ley 4/2021, de 16 de abril [Titulo IX confirmado]",148,JURIDICO,
ESPECIAL,34,La Funcion Publica en la Generalitat (IV) ,"Ley 4/2021, de 16 de abril [Titulo IX confirmado]",149,JURIDICO,
ESPECIAL,34,La Funcion Publica en la Generalitat (IV) ,"Ley 4/2021, de 16 de abril [Titulo IX confirmado]",150,JURIDICO,
ESPECIAL,34,La Funcion Publica en la Generalitat (IV) ,"Ley 4/2021, de 16 de abril [Titulo IX confirmado]",151,JURIDICO,
ESPECIAL,34,La Funcion Publica en la Generalitat (IV) ,"Ley 4/2021, de 16 de abril [Titulo IX confirmado]",152,JURIDICO,
ESPECIAL,34,La Funcion Publica en la Generalitat (IV) ,"Ley 4/2021, de 16 de abril [Titulo IX confirmado]",153,JURIDICO,
ESPECIAL,34,La Funcion Publica en la Generalitat (IV) ,"Ley 4/2021, de 16 de abril [Titulo IX confirmado]",154,JURIDICO,
ESPECIAL,34,La Funcion Publica en la Generalitat (IV) ,"Ley 4/2021, de 16 de abril [Titulo IX confirmado]",155,JURIDICO,
ESPECIAL,34,La Funcion Publica en la Generalitat (IV) ,"Ley 4/2021, de 16 de abril [Titulo IX confirmado]",156,JURIDICO,
ESPECIAL,34,La Funcion Publica en la Generalitat (IV) ,"Ley 4/2021, de 16 de abril [Titulo IX confirmado]",157,JURIDICO,
ESPECIAL,34,La Funcion Publica en la Generalitat (IV) ,"Ley 4/2021, de 16 de abril [Titulo IX confirmado]",158,JURIDICO,
ESPECIAL,34,La Funcion Publica en la Generalitat (IV) ,"Ley 4/2021, de 16 de abril [Titulo IX confirmado]",159,JURIDICO,
ESPECIAL,34,La Funcion Publica en la Generalitat (IV) ,"Ley 4/2021, de 16 de abril [Titulo IX confirmado]",160,JURIDICO,
ESPECIAL,34,La Funcion Publica en la Generalitat (IV) ,"Ley 4/2021, de 16 de abril [Titulo IX confirmado]",161,JURIDICO,
ESPECIAL,34,La Funcion Publica en la Generalitat (IV) ,"Ley 4/2021, de 16 de abril [Titulo IX confirmado]",162,JURIDICO,
ESPECIAL,34,La Funcion Publica en la Generalitat (IV) ,"Ley 4/2021, de 16 de abril [Titulo IX confirmado]",163,JURIDICO,
ESPECIAL,34,La Funcion Publica en la Generalitat (IV) ,"Ley 4/2021, de 16 de abril [Titulo IX confirmado]",164,JURIDICO,
ESPECIAL,34,La Funcion Publica en la Generalitat (IV) ,"Ley 4/2021, de 16 de abril [Titulo IX confirmado]",165,JURIDICO,
ESPECIAL,34,La Funcion Publica en la Generalitat (IV) ,"Ley 4/2021, de 16 de abril [Titulo IX confirmado]",166,JURIDICO,
ESPECIAL,34,La Funcion Publica en la Generalitat (IV) ,"Ley 4/2021, de 16 de abril [Titulo XI confirmado, extremo final aprox.]",182,JURIDICO,
ESPECIAL,34,La Funcion Publica en la Generalitat (IV) ,"Ley 4/2021, de 16 de abril [Titulo XI confirmado, extremo final aprox.]",183,JURIDICO,
ESPECIAL,34,La Funcion Publica en la Generalitat (IV) ,"Ley 4/2021, de 16 de abril [Titulo XI confirmado, extremo final aprox.]",184,JURIDICO,
ESPECIAL,34,La Funcion Publica en la Generalitat (IV) ,"Ley 4/2021, de 16 de abril [Titulo XI confirmado, extremo final aprox.]",185,JURIDICO,
ESPECIAL,34,La Funcion Publica en la Generalitat (IV) ,"Ley 4/2021, de 16 de abril [Titulo XI confirmado, extremo final aprox.]",186,JURIDICO,
ESPECIAL,34,La Funcion Publica en la Generalitat (IV) ,"Ley 4/2021, de 16 de abril [Titulo XI confirmado, extremo final aprox.]",187,JURIDICO,
ESPECIAL,34,La Funcion Publica en la Generalitat (IV) ,"Ley 4/2021, de 16 de abril [Titulo XI confirmado, extremo final aprox.]",188,JURIDICO,
ESPECIAL,34,La Funcion Publica en la Generalitat (IV) ,"Ley 4/2021, de 16 de abril [Titulo XI confirmado, extremo final aprox.]",189,JURIDICO,
ESPECIAL,34,La Funcion Publica en la Generalitat (IV) ,"Ley 4/2021, de 16 de abril [Titulo XI confirmado, extremo final aprox.]",190,JURIDICO,
ESPECIAL,36,"Ley 1/2015 GVA hacienda publica: ambito de aplicacion y organizacion del sector publico. Regimen Hacienda Publica. Sector publico instrumental: organismos publicos, sociedades mercantiles, fundaciones, consorcios.","Ley 1/2015, de 6 de febrero [Titulo I, rango aproximado]",1,JURIDICO,
ESPECIAL,36,"Ley 1/2015 GVA hacienda publica: ambito de aplicacion y organizacion del sector publico. Regimen Hacienda Publica. Sector publico instrumental: organismos publicos, sociedades mercantiles, fundaciones, consorcios.","Ley 1/2015, de 6 de febrero [Titulo I, rango aproximado]",2,JURIDICO,
ESPECIAL,36,"Ley 1/2015 GVA hacienda publica: ambito de aplicacion y organizacion del sector publico. Regimen Hacienda Publica. Sector publico instrumental: organismos publicos, sociedades mercantiles, fundaciones, consorcios.","Ley 1/2015, de 6 de febrero [Titulo I, rango aproximado]",3,JURIDICO,
ESPECIAL,36,"Ley 1/2015 GVA hacienda publica: ambito de aplicacion y organizacion del sector publico. Regimen Hacienda Publica. Sector publico instrumental: organismos publicos, sociedades mercantiles, fundaciones, consorcios.","Ley 1/2015, de 6 de febrero [Titulo I, rango aproximado]",4,JURIDICO,
ESPECIAL,36,"Ley 1/2015 GVA hacienda publica: ambito de aplicacion y organizacion del sector publico. Regimen Hacienda Publica. Sector publico instrumental: organismos publicos, sociedades mercantiles, fundaciones, consorcios.","Ley 1/2015, de 6 de febrero [Titulo I, rango aproximado]",5,JURIDICO,
ESPECIAL,36,"Ley 1/2015 GVA hacienda publica: ambito de aplicacion y organizacion del sector publico. Regimen Hacienda Publica. Sector publico instrumental: organismos publicos, sociedades mercantiles, fundaciones, consorcios.","Ley 1/2015, de 6 de febrero [Titulo I, rango aproximado]",6,JURIDICO,
ESPECIAL,36,"Ley 1/2015 GVA hacienda publica: ambito de aplicacion y organizacion del sector publico. Regimen Hacienda Publica. Sector publico instrumental: organismos publicos, sociedades mercantiles, fundaciones, consorcios.","Ley 1/2015, de 6 de febrero [Titulo I, rango aproximado]",7,JURIDICO,
ESPECIAL,36,"Ley 1/2015 GVA hacienda publica: ambito de aplicacion y organizacion del sector publico. Regimen Hacienda Publica. Sector publico instrumental: organismos publicos, sociedades mercantiles, fundaciones, consorcios.","Ley 1/2015, de 6 de febrero [Titulo I, rango aproximado]",8,JURIDICO,
ESPECIAL,36,"Ley 1/2015 GVA hacienda publica: ambito de aplicacion y organizacion del sector publico. Regimen Hacienda Publica. Sector publico instrumental: organismos publicos, sociedades mercantiles, fundaciones, consorcios.","Ley 1/2015, de 6 de febrero [Titulo I, rango aproximado]",9,JURIDICO,
ESPECIAL,36,"Ley 1/2015 GVA hacienda publica: ambito de aplicacion y organizacion del sector publico. Regimen Hacienda Publica. Sector publico instrumental: organismos publicos, sociedades mercantiles, fundaciones, consorcios.","Ley 1/2015, de 6 de febrero [Titulo I, rango aproximado]",10,JURIDICO,
ESPECIAL,36,"Ley 1/2015 GVA hacienda publica: ambito de aplicacion y organizacion del sector publico. Regimen Hacienda Publica. Sector publico instrumental: organismos publicos, sociedades mercantiles, fundaciones, consorcios.","Ley 1/2015, de 6 de febrero [Titulo I, rango aproximado]",11,JURIDICO,
ESPECIAL,36,"Ley 1/2015 GVA hacienda publica: ambito de aplicacion y organizacion del sector publico. Regimen Hacienda Publica. Sector publico instrumental: organismos publicos, sociedades mercantiles, fundaciones, consorcios.","Ley 1/2015, de 6 de febrero [Titulo I, rango aproximado]",12,JURIDICO,
ESPECIAL,36,"Ley 1/2015 GVA hacienda publica: ambito de aplicacion y organizacion del sector publico. Regimen Hacienda Publica. Sector publico instrumental: organismos publicos, sociedades mercantiles, fundaciones, consorcios.","Ley 1/2015, de 6 de febrero [Titulo I, rango aproximado]",13,JURIDICO,
ESPECIAL,36,"Ley 1/2015 GVA hacienda publica: ambito de aplicacion y organizacion del sector publico. Regimen Hacienda Publica. Sector publico instrumental: organismos publicos, sociedades mercantiles, fundaciones, consorcios.","Ley 1/2015, de 6 de febrero [Titulo I, rango aproximado]",14,JURIDICO,
ESPECIAL,36,"Ley 1/2015 GVA hacienda publica: ambito de aplicacion y organizacion del sector publico. Regimen Hacienda Publica. Sector publico instrumental: organismos publicos, sociedades mercantiles, fundaciones, consorcios.","Ley 1/2015, de 6 de febrero [Titulo I, rango aproximado]",15,JURIDICO,
ESPECIAL,36,"Ley 1/2015 GVA hacienda publica: ambito de aplicacion y organizacion del sector publico. Regimen Hacienda Publica. Sector publico instrumental: organismos publicos, sociedades mercantiles, fundaciones, consorcios.","Ley 1/2015, de 6 de febrero [Titulo I, rango aproximado]",16,JURIDICO,
ESPECIAL,36,"Ley 1/2015 GVA hacienda publica: ambito de aplicacion y organizacion del sector publico. Regimen Hacienda Publica. Sector publico instrumental: organismos publicos, sociedades mercantiles, fundaciones, consorcios.","Ley 1/2015, de 6 de febrero [Titulo I, rango aproximado]",17,JURIDICO,
ESPECIAL,36,"Ley 1/2015 GVA hacienda publica: ambito de aplicacion y organizacion del sector publico. Regimen Hacienda Publica. Sector publico instrumental: organismos publicos, sociedades mercantiles, fundaciones, consorcios.","Ley 1/2015, de 6 de febrero [Titulo I, rango aproximado]",18,JURIDICO,
ESPECIAL,36,"Ley 1/2015 GVA hacienda publica: ambito de aplicacion y organizacion del sector publico. Regimen Hacienda Publica. Sector publico instrumental: organismos publicos, sociedades mercantiles, fundaciones, consorcios.","Ley 1/2015, de 6 de febrero [Titulo I, rango aproximado]",19,JURIDICO,
ESPECIAL,36,"Ley 1/2015 GVA hacienda publica: ambito de aplicacion y organizacion del sector publico. Regimen Hacienda Publica. Sector publico instrumental: organismos publicos, sociedades mercantiles, fundaciones, consorcios.","Ley 1/2015, de 6 de febrero [Titulo I, rango aproximado]",20,JURIDICO,
ESPECIAL,36,"Ley 1/2015 GVA hacienda publica: ambito de aplicacion y organizacion del sector publico. Regimen Hacienda Publica. Sector publico instrumental: organismos publicos, sociedades mercantiles, fundaciones, consorcios.","Ley 1/2015, de 6 de febrero [Titulo I, rango aproximado]",21,JURIDICO,
ESPECIAL,36,"Ley 1/2015 GVA hacienda publica: ambito de aplicacion y organizacion del sector publico. Regimen Hacienda Publica. Sector publico instrumental: organismos publicos, sociedades mercantiles, fundaciones, consorcios.","Ley 1/2015, de 6 de febrero [Titulo I, rango aproximado]",22,JURIDICO,
ESPECIAL,36,"Ley 1/2015 GVA hacienda publica: ambito de aplicacion y organizacion del sector publico. Regimen Hacienda Publica. Sector publico instrumental: organismos publicos, sociedades mercantiles, fundaciones, consorcios.","Ley 1/2015, de 6 de febrero [Titulo I, rango aproximado]",23,JURIDICO,
ESPECIAL,36,"Ley 1/2015 GVA hacienda publica: ambito de aplicacion y organizacion del sector publico. Regimen Hacienda Publica. Sector publico instrumental: organismos publicos, sociedades mercantiles, fundaciones, consorcios.","Ley 1/2015, de 6 de febrero [Titulo I, rango aproximado]",24,JURIDICO,
ESPECIAL,36,"Ley 1/2015 GVA hacienda publica: ambito de aplicacion y organizacion del sector publico. Regimen Hacienda Publica. Sector publico instrumental: organismos publicos, sociedades mercantiles, fundaciones, consorcios.","Ley 1/2015, de 6 de febrero [Titulo I, rango aproximado]",25,JURIDICO,
ESPECIAL,36,"Ley 1/2015 GVA hacienda publica: ambito de aplicacion y organizacion del sector publico. Regimen Hacienda Publica. Sector publico instrumental: organismos publicos, sociedades mercantiles, fundaciones, consorcios.","Ley 1/2015, de 6 de febrero [Titulo I, rango aproximado]",26,JURIDICO,
ESPECIAL,36,"Ley 1/2015 GVA hacienda publica: ambito de aplicacion y organizacion del sector publico. Regimen Hacienda Publica. Sector publico instrumental: organismos publicos, sociedades mercantiles, fundaciones, consorcios.","Ley 1/2015, de 6 de febrero [Titulo I, rango aproximado]",27,JURIDICO,
ESPECIAL,36,"Ley 1/2015 GVA hacienda publica: ambito de aplicacion y organizacion del sector publico. Regimen Hacienda Publica. Sector publico instrumental: organismos publicos, sociedades mercantiles, fundaciones, consorcios.","Ley 1/2015, de 6 de febrero [Titulo I, rango aproximado]",28,JURIDICO,
ESPECIAL,36,"Ley 1/2015 GVA hacienda publica: ambito de aplicacion y organizacion del sector publico. Regimen Hacienda Publica. Sector publico instrumental: organismos publicos, sociedades mercantiles, fundaciones, consorcios.","Ley 1/2015, de 6 de febrero [Titulo I, rango aproximado]",29,JURIDICO,
ESPECIAL,36,"Ley 1/2015 GVA hacienda publica: ambito de aplicacion y organizacion del sector publico. Regimen Hacienda Publica. Sector publico instrumental: organismos publicos, sociedades mercantiles, fundaciones, consorcios.","Ley 1/2015, de 6 de febrero [Titulo I, rango aproximado]",30,JURIDICO,
ESPECIAL,38,El presupuesto de la Generalitat (II). Creditos presupuestarios y modificaciones. Sector Publico empresarial y fundacional.,PENDIENTE DE INVESTIGAR: Distincion precisa entre contenido de tema 37 y 38 dentro del Titulo II de la Ley 1/2015 - requiere lectura del indice completo del Titulo II,,PENDIENTE,
ESPECIAL,54,Las Cartas de Servicios. Sistema de quejas y sugerencias de la Generalitat. Decreto 41/2016. Gestion de la calidad.,"Decreto 41/2016, de 15 de abril [rango aproximado]",1,JURIDICO,
ESPECIAL,54,Las Cartas de Servicios. Sistema de quejas y sugerencias de la Generalitat. Decreto 41/2016. Gestion de la calidad.,"Decreto 41/2016, de 15 de abril [rango aproximado]",2,JURIDICO,
ESPECIAL,54,Las Cartas de Servicios. Sistema de quejas y sugerencias de la Generalitat. Decreto 41/2016. Gestion de la calidad.,"Decreto 41/2016, de 15 de abril [rango aproximado]",3,JURIDICO,
ESPECIAL,54,Las Cartas de Servicios. Sistema de quejas y sugerencias de la Generalitat. Decreto 41/2016. Gestion de la calidad.,"Decreto 41/2016, de 15 de abril [rango aproximado]",4,JURIDICO,
ESPECIAL,54,Las Cartas de Servicios. Sistema de quejas y sugerencias de la Generalitat. Decreto 41/2016. Gestion de la calidad.,"Decreto 41/2016, de 15 de abril [rango aproximado]",5,JURIDICO,
ESPECIAL,54,Las Cartas de Servicios. Sistema de quejas y sugerencias de la Generalitat. Decreto 41/2016. Gestion de la calidad.,"Decreto 41/2016, de 15 de abril [rango aproximado]",6,JURIDICO,
ESPECIAL,54,Las Cartas de Servicios. Sistema de quejas y sugerencias de la Generalitat. Decreto 41/2016. Gestion de la calidad.,"Decreto 41/2016, de 15 de abril [rango aproximado]",7,JURIDICO,
ESPECIAL,54,Las Cartas de Servicios. Sistema de quejas y sugerencias de la Generalitat. Decreto 41/2016. Gestion de la calidad.,"Decreto 41/2016, de 15 de abril [rango aproximado]",8,JURIDICO,
ESPECIAL,54,Las Cartas de Servicios. Sistema de quejas y sugerencias de la Generalitat. Decreto 41/2016. Gestion de la calidad.,"Decreto 41/2016, de 15 de abril [rango aproximado]",9,JURIDICO,
ESPECIAL,54,Las Cartas de Servicios. Sistema de quejas y sugerencias de la Generalitat. Decreto 41/2016. Gestion de la calidad.,"Decreto 41/2016, de 15 de abril [rango aproximado]",10,JURIDICO,
ESPECIAL,54,Las Cartas de Servicios. Sistema de quejas y sugerencias de la Generalitat. Decreto 41/2016. Gestion de la calidad.,"Decreto 41/2016, de 15 de abril [rango aproximado]",11,JURIDICO,
ESPECIAL,54,Las Cartas de Servicios. Sistema de quejas y sugerencias de la Generalitat. Decreto 41/2016. Gestion de la calidad.,"Decreto 41/2016, de 15 de abril [rango aproximado]",12,JURIDICO,
ESPECIAL,54,Las Cartas de Servicios. Sistema de quejas y sugerencias de la Generalitat. Decreto 41/2016. Gestion de la calidad.,"Decreto 41/2016, de 15 de abril [rango aproximado]",13,JURIDICO,
ESPECIAL,54,Las Cartas de Servicios. Sistema de quejas y sugerencias de la Generalitat. Decreto 41/2016. Gestion de la calidad.,"Decreto 41/2016, de 15 de abril [rango aproximado]",14,JURIDICO,
ESPECIAL,54,Las Cartas de Servicios. Sistema de quejas y sugerencias de la Generalitat. Decreto 41/2016. Gestion de la calidad.,"Decreto 41/2016, de 15 de abril [rango aproximado]",15,JURIDICO,
ESPECIAL,54,Las Cartas de Servicios. Sistema de quejas y sugerencias de la Generalitat. Decreto 41/2016. Gestion de la calidad.,"Decreto 41/2016, de 15 de abril [rango aproximado]",16,JURIDICO,
ESPECIAL,54,Las Cartas de Servicios. Sistema de quejas y sugerencias de la Generalitat. Decreto 41/2016. Gestion de la calidad.,"Decreto 41/2016, de 15 de abril [rango aproximado]",17,JURIDICO,
ESPECIAL,54,Las Cartas de Servicios. Sistema de quejas y sugerencias de la Generalitat. Decreto 41/2016. Gestion de la calidad.,"Decreto 41/2016, de 15 de abril [rango aproximado]",18,JURIDICO,
ESPECIAL,54,Las Cartas de Servicios. Sistema de quejas y sugerencias de la Generalitat. Decreto 41/2016. Gestion de la calidad.,"Decreto 41/2016, de 15 de abril [rango aproximado]",19,JURIDICO,
ESPECIAL,54,Las Cartas de Servicios. Sistema de quejas y sugerencias de la Generalitat. Decreto 41/2016. Gestion de la calidad.,"Decreto 41/2016, de 15 de abril [rango aproximado]",20,JURIDICO,
ESPECIAL,54,Las Cartas de Servicios. Sistema de quejas y sugerencias de la Generalitat. Decreto 41/2016. Gestion de la calidad.,"Decreto 41/2016, de 15 de abril [rango aproximado]",21,JURIDICO,
ESPECIAL,54,Las Cartas de Servicios. Sistema de quejas y sugerencias de la Generalitat. Decreto 41/2016. Gestion de la calidad.,"Decreto 41/2016, de 15 de abril [rango aproximado]",22,JURIDICO,
ESPECIAL,54,Las Cartas de Servicios. Sistema de quejas y sugerencias de la Generalitat. Decreto 41/2016. Gestion de la calidad.,"Decreto 41/2016, de 15 de abril [rango aproximado]",23,JURIDICO,
ESPECIAL,54,Las Cartas de Servicios. Sistema de quejas y sugerencias de la Generalitat. Decreto 41/2016. Gestion de la calidad.,"Decreto 41/2016, de 15 de abril [rango aproximado]",24,JURIDICO,
ESPECIAL,54,Las Cartas de Servicios. Sistema de quejas y sugerencias de la Generalitat. Decreto 41/2016. Gestion de la calidad.,"Decreto 41/2016, de 15 de abril [rango aproximado]",25,JURIDICO,
ESPECIAL,54,Las Cartas de Servicios. Sistema de quejas y sugerencias de la Generalitat. Decreto 41/2016. Gestion de la calidad.,"Decreto 41/2016, de 15 de abril [rango aproximado]",26,JURIDICO,
ESPECIAL,54,Las Cartas de Servicios. Sistema de quejas y sugerencias de la Generalitat. Decreto 41/2016. Gestion de la calidad.,"Decreto 41/2016, de 15 de abril [rango aproximado]",27,JURIDICO,
ESPECIAL,54,Las Cartas de Servicios. Sistema de quejas y sugerencias de la Generalitat. Decreto 41/2016. Gestion de la calidad.,"Decreto 41/2016, de 15 de abril [rango aproximado]",28,JURIDICO,
ESPECIAL,54,Las Cartas de Servicios. Sistema de quejas y sugerencias de la Generalitat. Decreto 41/2016. Gestion de la calidad.,"Decreto 41/2016, de 15 de abril [rango aproximado]",29,JURIDICO,
ESPECIAL,54,Las Cartas de Servicios. Sistema de quejas y sugerencias de la Generalitat. Decreto 41/2016. Gestion de la calidad.,"Decreto 41/2016, de 15 de abril [rango aproximado]",30,JURIDICO,
ESPECIAL,54,Las Cartas de Servicios. Sistema de quejas y sugerencias de la Generalitat. Decreto 41/2016. Gestion de la calidad.,"Decreto 41/2016, de 15 de abril [rango aproximado]",31,JURIDICO,
ESPECIAL,54,Las Cartas de Servicios. Sistema de quejas y sugerencias de la Generalitat. Decreto 41/2016. Gestion de la calidad.,"Decreto 41/2016, de 15 de abril [rango aproximado]",32,JURIDICO,
ESPECIAL,54,Las Cartas de Servicios. Sistema de quejas y sugerencias de la Generalitat. Decreto 41/2016. Gestion de la calidad.,"Decreto 41/2016, de 15 de abril [rango aproximado]",33,JURIDICO,
ESPECIAL,54,Las Cartas de Servicios. Sistema de quejas y sugerencias de la Generalitat. Decreto 41/2016. Gestion de la calidad.,"Decreto 41/2016, de 15 de abril [rango aproximado]",34,JURIDICO,
ESPECIAL,54,Las Cartas de Servicios. Sistema de quejas y sugerencias de la Generalitat. Decreto 41/2016. Gestion de la calidad.,"Decreto 41/2016, de 15 de abril [rango aproximado]",35,JURIDICO,
ESPECIAL,54,Las Cartas de Servicios. Sistema de quejas y sugerencias de la Generalitat. Decreto 41/2016. Gestion de la calidad.,"Decreto 41/2016, de 15 de abril [rango aproximado]",36,JURIDICO,
ESPECIAL,54,Las Cartas de Servicios. Sistema de quejas y sugerencias de la Generalitat. Decreto 41/2016. Gestion de la calidad.,"Decreto 41/2016, de 15 de abril [rango aproximado]",37,JURIDICO,
ESPECIAL,54,Las Cartas de Servicios. Sistema de quejas y sugerencias de la Generalitat. Decreto 41/2016. Gestion de la calidad.,"Decreto 41/2016, de 15 de abril [rango aproximado]",38,JURIDICO,
ESPECIAL,54,Las Cartas de Servicios. Sistema de quejas y sugerencias de la Generalitat. Decreto 41/2016. Gestion de la calidad.,"Decreto 41/2016, de 15 de abril [rango aproximado]",39,JURIDICO,
ESPECIAL,54,Las Cartas de Servicios. Sistema de quejas y sugerencias de la Generalitat. Decreto 41/2016. Gestion de la calidad.,"Decreto 41/2016, de 15 de abril [rango aproximado]",40,JURIDICO,
ESPECIAL,56,La proteccion de las personas que informen sobre irregularidades: marco europeo y estatal. Proteccion en la ley valenciana de funcion publica. Sistema interno de informacion.,"Ley 2/2023, de 20 de febrero (proteccion informantes) [rango aproximado]",1,JURIDICO,
ESPECIAL,56,La proteccion de las personas que informen sobre irregularidades: marco europeo y estatal. Proteccion en la ley valenciana de funcion publica. Sistema interno de informacion.,"Ley 2/2023, de 20 de febrero (proteccion informantes) [rango aproximado]",2,JURIDICO,
ESPECIAL,56,La proteccion de las personas que informen sobre irregularidades: marco europeo y estatal. Proteccion en la ley valenciana de funcion publica. Sistema interno de informacion.,"Ley 2/2023, de 20 de febrero (proteccion informantes) [rango aproximado]",3,JURIDICO,
ESPECIAL,56,La proteccion de las personas que informen sobre irregularidades: marco europeo y estatal. Proteccion en la ley valenciana de funcion publica. Sistema interno de informacion.,"Ley 2/2023, de 20 de febrero (proteccion informantes) [rango aproximado]",4,JURIDICO,
ESPECIAL,56,La proteccion de las personas que informen sobre irregularidades: marco europeo y estatal. Proteccion en la ley valenciana de funcion publica. Sistema interno de informacion.,"Ley 2/2023, de 20 de febrero (proteccion informantes) [rango aproximado]",5,JURIDICO,
ESPECIAL,56,La proteccion de las personas que informen sobre irregularidades: marco europeo y estatal. Proteccion en la ley valenciana de funcion publica. Sistema interno de informacion.,"Ley 2/2023, de 20 de febrero (proteccion informantes) [rango aproximado]",6,JURIDICO,
ESPECIAL,56,La proteccion de las personas que informen sobre irregularidades: marco europeo y estatal. Proteccion en la ley valenciana de funcion publica. Sistema interno de informacion.,"Ley 2/2023, de 20 de febrero (proteccion informantes) [rango aproximado]",7,JURIDICO,
ESPECIAL,56,La proteccion de las personas que informen sobre irregularidades: marco europeo y estatal. Proteccion en la ley valenciana de funcion publica. Sistema interno de informacion.,"Ley 2/2023, de 20 de febrero (proteccion informantes) [rango aproximado]",8,JURIDICO,
ESPECIAL,56,La proteccion de las personas que informen sobre irregularidades: marco europeo y estatal. Proteccion en la ley valenciana de funcion publica. Sistema interno de informacion.,"Ley 2/2023, de 20 de febrero (proteccion informantes) [rango aproximado]",9,JURIDICO,
ESPECIAL,56,La proteccion de las personas que informen sobre irregularidades: marco europeo y estatal. Proteccion en la ley valenciana de funcion publica. Sistema interno de informacion.,"Ley 2/2023, de 20 de febrero (proteccion informantes) [rango aproximado]",10,JURIDICO,
ESPECIAL,56,La proteccion de las personas que informen sobre irregularidades: marco europeo y estatal. Proteccion en la ley valenciana de funcion publica. Sistema interno de informacion.,"Ley 2/2023, de 20 de febrero (proteccion informantes) [rango aproximado]",11,JURIDICO,
ESPECIAL,56,La proteccion de las personas que informen sobre irregularidades: marco europeo y estatal. Proteccion en la ley valenciana de funcion publica. Sistema interno de informacion.,"Ley 2/2023, de 20 de febrero (proteccion informantes) [rango aproximado]",12,JURIDICO,
ESPECIAL,56,La proteccion de las personas que informen sobre irregularidades: marco europeo y estatal. Proteccion en la ley valenciana de funcion publica. Sistema interno de informacion.,"Ley 2/2023, de 20 de febrero (proteccion informantes) [rango aproximado]",13,JURIDICO,
ESPECIAL,56,La proteccion de las personas que informen sobre irregularidades: marco europeo y estatal. Proteccion en la ley valenciana de funcion publica. Sistema interno de informacion.,"Ley 2/2023, de 20 de febrero (proteccion informantes) [rango aproximado]",14,JURIDICO,
ESPECIAL,56,La proteccion de las personas que informen sobre irregularidades: marco europeo y estatal. Proteccion en la ley valenciana de funcion publica. Sistema interno de informacion.,"Ley 2/2023, de 20 de febrero (proteccion informantes) [rango aproximado]",15,JURIDICO,
ESPECIAL,56,La proteccion de las personas que informen sobre irregularidades: marco europeo y estatal. Proteccion en la ley valenciana de funcion publica. Sistema interno de informacion.,"Ley 2/2023, de 20 de febrero (proteccion informantes) [rango aproximado]",16,JURIDICO,
ESPECIAL,56,La proteccion de las personas que informen sobre irregularidades: marco europeo y estatal. Proteccion en la ley valenciana de funcion publica. Sistema interno de informacion.,"Ley 2/2023, de 20 de febrero (proteccion informantes) [rango aproximado]",17,JURIDICO,
ESPECIAL,56,La proteccion de las personas que informen sobre irregularidades: marco europeo y estatal. Proteccion en la ley valenciana de funcion publica. Sistema interno de informacion.,"Ley 2/2023, de 20 de febrero (proteccion informantes) [rango aproximado]",18,JURIDICO,
ESPECIAL,56,La proteccion de las personas que informen sobre irregularidades: marco europeo y estatal. Proteccion en la ley valenciana de funcion publica. Sistema interno de informacion.,"Ley 2/2023, de 20 de febrero (proteccion informantes) [rango aproximado]",19,JURIDICO,
ESPECIAL,56,La proteccion de las personas que informen sobre irregularidades: marco europeo y estatal. Proteccion en la ley valenciana de funcion publica. Sistema interno de informacion.,"Ley 2/2023, de 20 de febrero (proteccion informantes) [rango aproximado]",20,JURIDICO,
ESPECIAL,56,La proteccion de las personas que informen sobre irregularidades: marco europeo y estatal. Proteccion en la ley valenciana de funcion publica. Sistema interno de informacion.,"Ley 2/2023, de 20 de febrero (proteccion informantes) [rango aproximado]",21,JURIDICO,
ESPECIAL,56,La proteccion de las personas que informen sobre irregularidades: marco europeo y estatal. Proteccion en la ley valenciana de funcion publica. Sistema interno de informacion.,"Ley 2/2023, de 20 de febrero (proteccion informantes) [rango aproximado]",22,JURIDICO,
ESPECIAL,56,La proteccion de las personas que informen sobre irregularidades: marco europeo y estatal. Proteccion en la ley valenciana de funcion publica. Sistema interno de informacion.,"Ley 2/2023, de 20 de febrero (proteccion informantes) [rango aproximado]",23,JURIDICO,
ESPECIAL,56,La proteccion de las personas que informen sobre irregularidades: marco europeo y estatal. Proteccion en la ley valenciana de funcion publica. Sistema interno de informacion.,"Ley 2/2023, de 20 de febrero (proteccion informantes) [rango aproximado]",24,JURIDICO,
ESPECIAL,56,La proteccion de las personas que informen sobre irregularidades: marco europeo y estatal. Proteccion en la ley valenciana de funcion publica. Sistema interno de informacion.,"Ley 2/2023, de 20 de febrero (proteccion informantes) [rango aproximado]",25,JURIDICO,
ESPECIAL,56,La proteccion de las personas que informen sobre irregularidades: marco europeo y estatal. Proteccion en la ley valenciana de funcion publica. Sistema interno de informacion.,"Ley 2/2023, de 20 de febrero (proteccion informantes) [rango aproximado]",26,JURIDICO,
ESPECIAL,56,La proteccion de las personas que informen sobre irregularidades: marco europeo y estatal. Proteccion en la ley valenciana de funcion publica. Sistema interno de informacion.,"Ley 2/2023, de 20 de febrero (proteccion informantes) [rango aproximado]",27,JURIDICO,
ESPECIAL,56,La proteccion de las personas que informen sobre irregularidades: marco europeo y estatal. Proteccion en la ley valenciana de funcion publica. Sistema interno de informacion.,"Ley 2/2023, de 20 de febrero (proteccion informantes) [rango aproximado]",28,JURIDICO,
ESPECIAL,56,La proteccion de las personas que informen sobre irregularidades: marco europeo y estatal. Proteccion en la ley valenciana de funcion publica. Sistema interno de informacion.,"Ley 2/2023, de 20 de febrero (proteccion informantes) [rango aproximado]",29,JURIDICO,
ESPECIAL,56,La proteccion de las personas que informen sobre irregularidades: marco europeo y estatal. Proteccion en la ley valenciana de funcion publica. Sistema interno de informacion.,"Ley 2/2023, de 20 de febrero (proteccion informantes) [rango aproximado]",30,JURIDICO,
ESPECIAL,56,La proteccion de las personas que informen sobre irregularidades: marco europeo y estatal. Proteccion en la ley valenciana de funcion publica. Sistema interno de informacion.,"Ley 2/2023, de 20 de febrero (proteccion informantes) [rango aproximado]",31,JURIDICO,
ESPECIAL,56,La proteccion de las personas que informen sobre irregularidades: marco europeo y estatal. Proteccion en la ley valenciana de funcion publica. Sistema interno de informacion.,"Ley 2/2023, de 20 de febrero (proteccion informantes) [rango aproximado]",32,JURIDICO,
ESPECIAL,56,La proteccion de las personas que informen sobre irregularidades: marco europeo y estatal. Proteccion en la ley valenciana de funcion publica. Sistema interno de informacion.,"Ley 2/2023, de 20 de febrero (proteccion informantes) [rango aproximado]",33,JURIDICO,
ESPECIAL,56,La proteccion de las personas que informen sobre irregularidades: marco europeo y estatal. Proteccion en la ley valenciana de funcion publica. Sistema interno de informacion.,"Ley 2/2023, de 20 de febrero (proteccion informantes) [rango aproximado]",34,JURIDICO,
ESPECIAL,56,La proteccion de las personas que informen sobre irregularidades: marco europeo y estatal. Proteccion en la ley valenciana de funcion publica. Sistema interno de informacion.,"Ley 2/2023, de 20 de febrero (proteccion informantes) [rango aproximado]",35,JURIDICO,
ESPECIAL,56,La proteccion de las personas que informen sobre irregularidades: marco europeo y estatal. Proteccion en la ley valenciana de funcion publica. Sistema interno de informacion.,"Ley 2/2023, de 20 de febrero (proteccion informantes) [rango aproximado]",36,JURIDICO,
ESPECIAL,56,La proteccion de las personas que informen sobre irregularidades: marco europeo y estatal. Proteccion en la ley valenciana de funcion publica. Sistema interno de informacion.,"Ley 2/2023, de 20 de febrero (proteccion informantes) [rango aproximado]",37,JURIDICO,
ESPECIAL,56,La proteccion de las personas que informen sobre irregularidades: marco europeo y estatal. Proteccion en la ley valenciana de funcion publica. Sistema interno de informacion.,"Ley 2/2023, de 20 de febrero (proteccion informantes) [rango aproximado]",38,JURIDICO,
ESPECIAL,56,La proteccion de las personas que informen sobre irregularidades: marco europeo y estatal. Proteccion en la ley valenciana de funcion publica. Sistema interno de informacion.,"Ley 2/2023, de 20 de febrero (proteccion informantes) [rango aproximado]",39,JURIDICO,
ESPECIAL,56,La proteccion de las personas que informen sobre irregularidades: marco europeo y estatal. Proteccion en la ley valenciana de funcion publica. Sistema interno de informacion.,"Ley 2/2023, de 20 de febrero (proteccion informantes) [rango aproximado]",40,JURIDICO,
ESPECIAL,56,La proteccion de las personas que informen sobre irregularidades: marco europeo y estatal. Proteccion en la ley valenciana de funcion publica. Sistema interno de informacion.,PENDIENTE DE INVESTIGAR: Proteccion especifica en Ley 4/2021 de funcion publica valenciana y sistema interno de informacion de la Generalitat - articulos concretos por confirmar,,PENDIENTE,
ESPECIAL,58,La Tesoreria de la Generalitat. Concepto. Funciones. Deuda Publica y Regimen de avales.,"Ley 1/2015, de 6 de febrero [Titulo III Tesoreria, confirmado aprox.]",56,JURIDICO,
ESPECIAL,58,La Tesoreria de la Generalitat. Concepto. Funciones. Deuda Publica y Regimen de avales.,"Ley 1/2015, de 6 de febrero [Titulo III Tesoreria, confirmado aprox.]",57,JURIDICO,
ESPECIAL,58,La Tesoreria de la Generalitat. Concepto. Funciones. Deuda Publica y Regimen de avales.,"Ley 1/2015, de 6 de febrero [Titulo III Tesoreria, confirmado aprox.]",58,JURIDICO,
ESPECIAL,58,La Tesoreria de la Generalitat. Concepto. Funciones. Deuda Publica y Regimen de avales.,"Ley 1/2015, de 6 de febrero [Titulo III Tesoreria, confirmado aprox.]",59,JURIDICO,
ESPECIAL,58,La Tesoreria de la Generalitat. Concepto. Funciones. Deuda Publica y Regimen de avales.,"Ley 1/2015, de 6 de febrero [Titulo III Tesoreria, confirmado aprox.]",60,JURIDICO,
ESPECIAL,58,La Tesoreria de la Generalitat. Concepto. Funciones. Deuda Publica y Regimen de avales.,"Ley 1/2015, de 6 de febrero [Titulo III Tesoreria, confirmado aprox.]",61,JURIDICO,
ESPECIAL,58,La Tesoreria de la Generalitat. Concepto. Funciones. Deuda Publica y Regimen de avales.,"Ley 1/2015, de 6 de febrero [Titulo III Tesoreria, confirmado aprox.]",62,JURIDICO,
ESPECIAL,58,La Tesoreria de la Generalitat. Concepto. Funciones. Deuda Publica y Regimen de avales.,"Ley 1/2015, de 6 de febrero [Titulo III Tesoreria, confirmado aprox.]",63,JURIDICO,
ESPECIAL,58,La Tesoreria de la Generalitat. Concepto. Funciones. Deuda Publica y Regimen de avales.,"Ley 1/2015, de 6 de febrero [Titulo III Tesoreria, confirmado aprox.]",64,JURIDICO,
ESPECIAL,58,La Tesoreria de la Generalitat. Concepto. Funciones. Deuda Publica y Regimen de avales.,"Ley 1/2015, de 6 de febrero [Titulo III Tesoreria, confirmado aprox.]",65,JURIDICO,
ESPECIAL,58,La Tesoreria de la Generalitat. Concepto. Funciones. Deuda Publica y Regimen de avales.,"Ley 1/2015, de 6 de febrero [Titulo III Tesoreria, confirmado aprox.]",66,JURIDICO,
ESPECIAL,58,La Tesoreria de la Generalitat. Concepto. Funciones. Deuda Publica y Regimen de avales.,"Ley 1/2015, de 6 de febrero [Titulo III Tesoreria, confirmado aprox.]",67,JURIDICO,
ESPECIAL,58,La Tesoreria de la Generalitat. Concepto. Funciones. Deuda Publica y Regimen de avales.,"Ley 1/2015, de 6 de febrero [Titulo III Tesoreria, confirmado aprox.]",68,JURIDICO,
ESPECIAL,58,La Tesoreria de la Generalitat. Concepto. Funciones. Deuda Publica y Regimen de avales.,"Ley 1/2015, de 6 de febrero [Titulo III Tesoreria, confirmado aprox.]",69,JURIDICO,
ESPECIAL,58,La Tesoreria de la Generalitat. Concepto. Funciones. Deuda Publica y Regimen de avales.,"Ley 1/2015, de 6 de febrero [Titulo III Tesoreria, confirmado aprox.]",70,JURIDICO,
ESPECIAL,58,La Tesoreria de la Generalitat. Concepto. Funciones. Deuda Publica y Regimen de avales.,"Ley 1/2015, de 6 de febrero [Titulo III Tesoreria, confirmado aprox.]",71,JURIDICO,
ESPECIAL,58,La Tesoreria de la Generalitat. Concepto. Funciones. Deuda Publica y Regimen de avales.,"Ley 1/2015, de 6 de febrero [Titulo III Tesoreria, confirmado aprox.]",72,JURIDICO,
ESPECIAL,58,La Tesoreria de la Generalitat. Concepto. Funciones. Deuda Publica y Regimen de avales.,"Ley 1/2015, de 6 de febrero [Titulo III Tesoreria, confirmado aprox.]",73,JURIDICO,
ESPECIAL,58,La Tesoreria de la Generalitat. Concepto. Funciones. Deuda Publica y Regimen de avales.,"Ley 1/2015, de 6 de febrero [Titulo III Tesoreria, confirmado aprox.]",74,JURIDICO,
ESPECIAL,58,La Tesoreria de la Generalitat. Concepto. Funciones. Deuda Publica y Regimen de avales.,"Ley 1/2015, de 6 de febrero [Titulo III Tesoreria, confirmado aprox.]",75,JURIDICO,
ESPECIAL,58,La Tesoreria de la Generalitat. Concepto. Funciones. Deuda Publica y Regimen de avales.,"Ley 1/2015, de 6 de febrero [Titulo III Tesoreria, confirmado aprox.]",76,JURIDICO,
ESPECIAL,58,La Tesoreria de la Generalitat. Concepto. Funciones. Deuda Publica y Regimen de avales.,"Ley 1/2015, de 6 de febrero [Titulo III Tesoreria, confirmado aprox.]",77,JURIDICO,
ESPECIAL,58,La Tesoreria de la Generalitat. Concepto. Funciones. Deuda Publica y Regimen de avales.,"Ley 1/2015, de 6 de febrero [Titulo III Tesoreria, confirmado aprox.]",78,JURIDICO,
ESPECIAL,58,La Tesoreria de la Generalitat. Concepto. Funciones. Deuda Publica y Regimen de avales.,"Ley 1/2015, de 6 de febrero [Titulo III Tesoreria, confirmado aprox.]",79,JURIDICO,
ESPECIAL,58,La Tesoreria de la Generalitat. Concepto. Funciones. Deuda Publica y Regimen de avales.,"Ley 1/2015, de 6 de febrero [Titulo IV Deuda Publica, confirmado aprox.]",80,JURIDICO,
ESPECIAL,58,La Tesoreria de la Generalitat. Concepto. Funciones. Deuda Publica y Regimen de avales.,"Ley 1/2015, de 6 de febrero [Titulo IV Deuda Publica, confirmado aprox.]",81,JURIDICO,
ESPECIAL,58,La Tesoreria de la Generalitat. Concepto. Funciones. Deuda Publica y Regimen de avales.,"Ley 1/2015, de 6 de febrero [Titulo IV Deuda Publica, confirmado aprox.]",82,JURIDICO,
ESPECIAL,58,La Tesoreria de la Generalitat. Concepto. Funciones. Deuda Publica y Regimen de avales.,"Ley 1/2015, de 6 de febrero [Titulo IV Deuda Publica, confirmado aprox.]",83,JURIDICO,
ESPECIAL,58,La Tesoreria de la Generalitat. Concepto. Funciones. Deuda Publica y Regimen de avales.,"Ley 1/2015, de 6 de febrero [Titulo IV Deuda Publica, confirmado aprox.]",84,JURIDICO,
ESPECIAL,58,La Tesoreria de la Generalitat. Concepto. Funciones. Deuda Publica y Regimen de avales.,"Ley 1/2015, de 6 de febrero [Titulo IV Deuda Publica, confirmado aprox.]",85,JURIDICO,
ESPECIAL,58,La Tesoreria de la Generalitat. Concepto. Funciones. Deuda Publica y Regimen de avales.,"Ley 1/2015, de 6 de febrero [Titulo IV Deuda Publica, confirmado aprox.]",86,JURIDICO,
ESPECIAL,58,La Tesoreria de la Generalitat. Concepto. Funciones. Deuda Publica y Regimen de avales.,"Ley 1/2015, de 6 de febrero [Titulo IV Deuda Publica, confirmado aprox.]",87,JURIDICO,
ESPECIAL,58,La Tesoreria de la Generalitat. Concepto. Funciones. Deuda Publica y Regimen de avales.,"Ley 1/2015, de 6 de febrero [Titulo IV Deuda Publica, confirmado aprox.]",88,JURIDICO,
ESPECIAL,58,La Tesoreria de la Generalitat. Concepto. Funciones. Deuda Publica y Regimen de avales.,"Ley 1/2015, de 6 de febrero [Titulo V Avales, confirmado aprox.]",89,JURIDICO,
ESPECIAL,58,La Tesoreria de la Generalitat. Concepto. Funciones. Deuda Publica y Regimen de avales.,"Ley 1/2015, de 6 de febrero [Titulo V Avales, confirmado aprox.]",90,JURIDICO,
ESPECIAL,58,La Tesoreria de la Generalitat. Concepto. Funciones. Deuda Publica y Regimen de avales.,"Ley 1/2015, de 6 de febrero [Titulo V Avales, confirmado aprox.]",91,JURIDICO,
ESPECIAL,60,"Tasas y precios publicos en la Generalitat. Ley de tasas. Decreto 103/2014, precios publicos.","Ley 20/2017, de 28 de diciembre (Ley de Tasas) - NOTA: numeracion especial Titulo.Capitulo-Articulo",1.1-1,JURIDICO,
ESPECIAL,60,"Tasas y precios publicos en la Generalitat. Ley de tasas. Decreto 103/2014, precios publicos.","Ley 20/2017, de 28 de diciembre (Ley de Tasas) - NOTA: numeracion especial Titulo.Capitulo-Articulo",1.1-2,JURIDICO,
ESPECIAL,60,"Tasas y precios publicos en la Generalitat. Ley de tasas. Decreto 103/2014, precios publicos.","Ley 20/2017, de 28 de diciembre (Ley de Tasas) - NOTA: numeracion especial Titulo.Capitulo-Articulo",1.2-1,JURIDICO,
ESPECIAL,60,"Tasas y precios publicos en la Generalitat. Ley de tasas. Decreto 103/2014, precios publicos.","Ley 20/2017, de 28 de diciembre (Ley de Tasas) - NOTA: numeracion especial Titulo.Capitulo-Articulo",1.2-2,JURIDICO,
ESPECIAL,60,"Tasas y precios publicos en la Generalitat. Ley de tasas. Decreto 103/2014, precios publicos.","Ley 20/2017, de 28 de diciembre (Ley de Tasas) - NOTA: numeracion especial Titulo.Capitulo-Articulo",1.3-1,JURIDICO,
ESPECIAL,60,"Tasas y precios publicos en la Generalitat. Ley de tasas. Decreto 103/2014, precios publicos.","Ley 20/2017, de 28 de diciembre (Ley de Tasas) - NOTA: numeracion especial Titulo.Capitulo-Articulo",1.4-1,JURIDICO,
ESPECIAL,60,"Tasas y precios publicos en la Generalitat. Ley de tasas. Decreto 103/2014, precios publicos.","Ley 20/2017, de 28 de diciembre (Ley de Tasas) - NOTA: numeracion especial Titulo.Capitulo-Articulo",1.5-1,JURIDICO,
ESPECIAL,60,"Tasas y precios publicos en la Generalitat. Ley de tasas. Decreto 103/2014, precios publicos.","Ley 20/2017, de 28 de diciembre (Ley de Tasas) - NOTA: numeracion especial Titulo.Capitulo-Articulo",1.6-1,JURIDICO,
ESPECIAL,60,"Tasas y precios publicos en la Generalitat. Ley de tasas. Decreto 103/2014, precios publicos.",PENDIENTE DE INVESTIGAR: Decreto 103/2014 (precios publicos) - articulado completo por confirmar, se conoce que arts.1-2 regulan concepto y cuantia,,PENDIENTE
ESPECIAL,33,La Funcion Publica en la Generalitat (III),PENDIENTE DE INVESTIGAR: seleccion de personal / adquisicion y perdida de la condicion / nacimiento-extincion relacion de servicio / teletrabajo - dentro de la Ley 4/2021 pero en un tramo (probablemente parte del Titulo III o un Titulo especifico no identificado) DISTINTO al ya usado en tema 32 (arts.28-59) para evitar duplicado,,PENDIENTE,
ESPECIAL,36,"Ley 1/2015 GVA hacienda publica: ambito de aplicacion y organizacion del sector publico. Regimen Hacienda Publica. Sector publico instrumental: organismos publicos, sociedades mercantiles, fundaciones, consorcios.","Ley 1/2015, de 6 de febrero [Titulo IX, rango ajustado para evitar duplicado con tema 59]",146,JURIDICO,
ESPECIAL,36,"Ley 1/2015 GVA hacienda publica: ambito de aplicacion y organizacion del sector publico. Regimen Hacienda Publica. Sector publico instrumental: organismos publicos, sociedades mercantiles, fundaciones, consorcios.","Ley 1/2015, de 6 de febrero [Titulo IX, rango ajustado para evitar duplicado con tema 59]",147,JURIDICO,
ESPECIAL,36,"Ley 1/2015 GVA hacienda publica: ambito de aplicacion y organizacion del sector publico. Regimen Hacienda Publica. Sector publico instrumental: organismos publicos, sociedades mercantiles, fundaciones, consorcios.","Ley 1/2015, de 6 de febrero [Titulo IX, rango ajustado para evitar duplicado con tema 59]",148,JURIDICO,
ESPECIAL,36,"Ley 1/2015 GVA hacienda publica: ambito de aplicacion y organizacion del sector publico. Regimen Hacienda Publica. Sector publico instrumental: organismos publicos, sociedades mercantiles, fundaciones, consorcios.","Ley 1/2015, de 6 de febrero [Titulo IX, rango ajustado para evitar duplicado con tema 59]",149,JURIDICO,
ESPECIAL,36,"Ley 1/2015 GVA hacienda publica: ambito de aplicacion y organizacion del sector publico. Regimen Hacienda Publica. Sector publico instrumental: organismos publicos, sociedades mercantiles, fundaciones, consorcios.","Ley 1/2015, de 6 de febrero [Titulo IX, rango ajustado para evitar duplicado con tema 59]",150,JURIDICO,
ESPECIAL,36,"Ley 1/2015 GVA hacienda publica: ambito de aplicacion y organizacion del sector publico. Regimen Hacienda Publica. Sector publico instrumental: organismos publicos, sociedades mercantiles, fundaciones, consorcios.","Ley 1/2015, de 6 de febrero [Titulo IX, rango ajustado para evitar duplicado con tema 59]",151,JURIDICO,
ESPECIAL,36,"Ley 1/2015 GVA hacienda publica: ambito de aplicacion y organizacion del sector publico. Regimen Hacienda Publica. Sector publico instrumental: organismos publicos, sociedades mercantiles, fundaciones, consorcios.","Ley 1/2015, de 6 de febrero [Titulo IX, rango ajustado para evitar duplicado con tema 59]",152,JURIDICO,
ESPECIAL,36,"Ley 1/2015 GVA hacienda publica: ambito de aplicacion y organizacion del sector publico. Regimen Hacienda Publica. Sector publico instrumental: organismos publicos, sociedades mercantiles, fundaciones, consorcios.","Ley 1/2015, de 6 de febrero [Titulo IX, rango ajustado para evitar duplicado con tema 59]",153,JURIDICO,
ESPECIAL,36,"Ley 1/2015 GVA hacienda publica: ambito de aplicacion y organizacion del sector publico. Regimen Hacienda Publica. Sector publico instrumental: organismos publicos, sociedades mercantiles, fundaciones, consorcios.","Ley 1/2015, de 6 de febrero [Titulo IX, rango ajustado para evitar duplicado con tema 59]",154,JURIDICO,
ESPECIAL,36,"Ley 1/2015 GVA hacienda publica: ambito de aplicacion y organizacion del sector publico. Regimen Hacienda Publica. Sector publico instrumental: organismos publicos, sociedades mercantiles, fundaciones, consorcios.","Ley 1/2015, de 6 de febrero [Titulo IX, rango ajustado para evitar duplicado con tema 59]",155,JURIDICO,
ESPECIAL,36,"Ley 1/2015 GVA hacienda publica: ambito de aplicacion y organizacion del sector publico. Regimen Hacienda Publica. Sector publico instrumental: organismos publicos, sociedades mercantiles, fundaciones, consorcios.","Ley 1/2015, de 6 de febrero [Titulo IX, rango ajustado para evitar duplicado con tema 59]",156,JURIDICO,
ESPECIAL,36,"Ley 1/2015 GVA hacienda publica: ambito de aplicacion y organizacion del sector publico. Regimen Hacienda Publica. Sector publico instrumental: organismos publicos, sociedades mercantiles, fundaciones, consorcios.","Ley 1/2015, de 6 de febrero [Titulo IX, rango ajustado para evitar duplicado con tema 59]",157,JURIDICO,
ESPECIAL,36,"Ley 1/2015 GVA hacienda publica: ambito de aplicacion y organizacion del sector publico. Regimen Hacienda Publica. Sector publico instrumental: organismos publicos, sociedades mercantiles, fundaciones, consorcios.","Ley 1/2015, de 6 de febrero [Titulo IX, rango ajustado para evitar duplicado con tema 59]",158,JURIDICO,
ESPECIAL,37,El presupuesto de la Generalitat (I). Concepto y naturaleza. Principios y reglas de programacion. Presupuestos consolidados. Tramitacion y aprobacion. Prorroga. Procedimiento gestion presupuestaria.,"Ley 1/2015, de 6 de febrero [Titulo II 1a mitad, rango aproximado y no confirmado]",31,JURIDICO,
ESPECIAL,37,El presupuesto de la Generalitat (I). Concepto y naturaleza. Principios y reglas de programacion. Presupuestos consolidados. Tramitacion y aprobacion. Prorroga. Procedimiento gestion presupuestaria.,"Ley 1/2015, de 6 de febrero [Titulo II 1a mitad, rango aproximado y no confirmado]",32,JURIDICO,
ESPECIAL,37,El presupuesto de la Generalitat (I). Concepto y naturaleza. Principios y reglas de programacion. Presupuestos consolidados. Tramitacion y aprobacion. Prorroga. Procedimiento gestion presupuestaria.,"Ley 1/2015, de 6 de febrero [Titulo II 1a mitad, rango aproximado y no confirmado]",33,JURIDICO,
ESPECIAL,37,El presupuesto de la Generalitat (I). Concepto y naturaleza. Principios y reglas de programacion. Presupuestos consolidados. Tramitacion y aprobacion. Prorroga. Procedimiento gestion presupuestaria.,"Ley 1/2015, de 6 de febrero [Titulo II 1a mitad, rango aproximado y no confirmado]",34,JURIDICO,
ESPECIAL,37,El presupuesto de la Generalitat (I). Concepto y naturaleza. Principios y reglas de programacion. Presupuestos consolidados. Tramitacion y aprobacion. Prorroga. Procedimiento gestion presupuestaria.,"Ley 1/2015, de 6 de febrero [Titulo II 1a mitad, rango aproximado y no confirmado]",35,JURIDICO,
ESPECIAL,37,El presupuesto de la Generalitat (I). Concepto y naturaleza. Principios y reglas de programacion. Presupuestos consolidados. Tramitacion y aprobacion. Prorroga. Procedimiento gestion presupuestaria.,"Ley 1/2015, de 6 de febrero [Titulo II 1a mitad, rango aproximado y no confirmado]",36,JURIDICO,
ESPECIAL,37,El presupuesto de la Generalitat (I). Concepto y naturaleza. Principios y reglas de programacion. Presupuestos consolidados. Tramitacion y aprobacion. Prorroga. Procedimiento gestion presupuestaria.,"Ley 1/2015, de 6 de febrero [Titulo II 1a mitad, rango aproximado y no confirmado]",37,JURIDICO,
ESPECIAL,37,El presupuesto de la Generalitat (I). Concepto y naturaleza. Principios y reglas de programacion. Presupuestos consolidados. Tramitacion y aprobacion. Prorroga. Procedimiento gestion presupuestaria.,"Ley 1/2015, de 6 de febrero [Titulo II 1a mitad, rango aproximado y no confirmado]",38,JURIDICO,
ESPECIAL,37,El presupuesto de la Generalitat (I). Concepto y naturaleza. Principios y reglas de programacion. Presupuestos consolidados. Tramitacion y aprobacion. Prorroga. Procedimiento gestion presupuestaria.,"Ley 1/2015, de 6 de febrero [Titulo II 1a mitad, rango aproximado y no confirmado]",39,JURIDICO,
ESPECIAL,37,El presupuesto de la Generalitat (I). Concepto y naturaleza. Principios y reglas de programacion. Presupuestos consolidados. Tramitacion y aprobacion. Prorroga. Procedimiento gestion presupuestaria.,"Ley 1/2015, de 6 de febrero [Titulo II 1a mitad, rango aproximado y no confirmado]",40,JURIDICO,
ESPECIAL,37,El presupuesto de la Generalitat (I). Concepto y naturaleza. Principios y reglas de programacion. Presupuestos consolidados. Tramitacion y aprobacion. Prorroga. Procedimiento gestion presupuestaria.,"Ley 1/2015, de 6 de febrero [Titulo II 1a mitad, rango aproximado y no confirmado]",41,JURIDICO,
ESPECIAL,37,El presupuesto de la Generalitat (I). Concepto y naturaleza. Principios y reglas de programacion. Presupuestos consolidados. Tramitacion y aprobacion. Prorroga. Procedimiento gestion presupuestaria.,"Ley 1/2015, de 6 de febrero [Titulo II 1a mitad, rango aproximado y no confirmado]",42,JURIDICO,
ESPECIAL,37,El presupuesto de la Generalitat (I). Concepto y naturaleza. Principios y reglas de programacion. Presupuestos consolidados. Tramitacion y aprobacion. Prorroga. Procedimiento gestion presupuestaria.,"Ley 1/2015, de 6 de febrero [Titulo II 1a mitad, rango aproximado y no confirmado]",43,JURIDICO,
ESPECIAL,37,El presupuesto de la Generalitat (I). Concepto y naturaleza. Principios y reglas de programacion. Presupuestos consolidados. Tramitacion y aprobacion. Prorroga. Procedimiento gestion presupuestaria.,"Ley 1/2015, de 6 de febrero [Titulo II 1a mitad, rango aproximado y no confirmado]",44,JURIDICO,
ESPECIAL,37,El presupuesto de la Generalitat (I). Concepto y naturaleza. Principios y reglas de programacion. Presupuestos consolidados. Tramitacion y aprobacion. Prorroga. Procedimiento gestion presupuestaria.,"Ley 1/2015, de 6 de febrero [Titulo II 1a mitad, rango aproximado y no confirmado]",45,JURIDICO,
ESPECIAL,38,El presupuesto de la Generalitat (II). Creditos presupuestarios y modificaciones. Sector Publico empresarial y fundacional.,"Ley 1/2015, de 6 de febrero [Titulo II 2a mitad, rango aproximado y no confirmado]",46,JURIDICO,
ESPECIAL,38,El presupuesto de la Generalitat (II). Creditos presupuestarios y modificaciones. Sector Publico empresarial y fundacional.,"Ley 1/2015, de 6 de febrero [Titulo II 2a mitad, rango aproximado y no confirmado]",47,JURIDICO,
ESPECIAL,38,El presupuesto de la Generalitat (II). Creditos presupuestarios y modificaciones. Sector Publico empresarial y fundacional.,"Ley 1/2015, de 6 de febrero [Titulo II 2a mitad, rango aproximado y no confirmado]",48,JURIDICO,
ESPECIAL,38,El presupuesto de la Generalitat (II). Creditos presupuestarios y modificaciones. Sector Publico empresarial y fundacional.,"Ley 1/2015, de 6 de febrero [Titulo II 2a mitad, rango aproximado y no confirmado]",49,JURIDICO,
ESPECIAL,38,El presupuesto de la Generalitat (II). Creditos presupuestarios y modificaciones. Sector Publico empresarial y fundacional.,"Ley 1/2015, de 6 de febrero [Titulo II 2a mitad, rango aproximado y no confirmado]",50,JURIDICO,
ESPECIAL,38,El presupuesto de la Generalitat (II). Creditos presupuestarios y modificaciones. Sector Publico empresarial y fundacional.,"Ley 1/2015, de 6 de febrero [Titulo II 2a mitad, rango aproximado y no confirmado]",51,JURIDICO,
ESPECIAL,38,El presupuesto de la Generalitat (II). Creditos presupuestarios y modificaciones. Sector Publico empresarial y fundacional.,"Ley 1/2015, de 6 de febrero [Titulo II 2a mitad, rango aproximado y no confirmado]",52,JURIDICO,
ESPECIAL,38,El presupuesto de la Generalitat (II). Creditos presupuestarios y modificaciones. Sector Publico empresarial y fundacional.,"Ley 1/2015, de 6 de febrero [Titulo II 2a mitad, rango aproximado y no confirmado]",53,JURIDICO,
ESPECIAL,38,El presupuesto de la Generalitat (II). Creditos presupuestarios y modificaciones. Sector Publico empresarial y fundacional.,"Ley 1/2015, de 6 de febrero [Titulo II 2a mitad, rango aproximado y no confirmado]",54,JURIDICO,
ESPECIAL,38,El presupuesto de la Generalitat (II). Creditos presupuestarios y modificaciones. Sector Publico empresarial y fundacional.,"Ley 1/2015, de 6 de febrero [Titulo II 2a mitad, rango aproximado y no confirmado]",55,JURIDICO,
ESPECIAL,38,El presupuesto de la Generalitat (II). Creditos presupuestarios y modificaciones. Sector Publico empresarial y fundacional.,NOTA: division 37/38 del Titulo II es una estimacion sin confirmar contra el indice real, verificar antes de dar por definitivo,,NOTA
ESPECIAL,59,"La Cuenta General. Ley 1/2015: Titulo VII Contabilidad, Titulo VIII Responsabilidades.","Ley 1/2015, de 6 de febrero [Titulo VII, rango ajustado]",124,JURIDICO,
ESPECIAL,59,"La Cuenta General. Ley 1/2015: Titulo VII Contabilidad, Titulo VIII Responsabilidades.","Ley 1/2015, de 6 de febrero [Titulo VII, rango ajustado]",125,JURIDICO,
ESPECIAL,59,"La Cuenta General. Ley 1/2015: Titulo VII Contabilidad, Titulo VIII Responsabilidades.","Ley 1/2015, de 6 de febrero [Titulo VII, rango ajustado]",126,JURIDICO,
ESPECIAL,59,"La Cuenta General. Ley 1/2015: Titulo VII Contabilidad, Titulo VIII Responsabilidades.","Ley 1/2015, de 6 de febrero [Titulo VII, rango ajustado]",127,JURIDICO,
ESPECIAL,59,"La Cuenta General. Ley 1/2015: Titulo VII Contabilidad, Titulo VIII Responsabilidades.","Ley 1/2015, de 6 de febrero [Titulo VII, rango ajustado]",128,JURIDICO,
ESPECIAL,59,"La Cuenta General. Ley 1/2015: Titulo VII Contabilidad, Titulo VIII Responsabilidades.","Ley 1/2015, de 6 de febrero [Titulo VII, rango ajustado]",129,JURIDICO,
ESPECIAL,59,"La Cuenta General. Ley 1/2015: Titulo VII Contabilidad, Titulo VIII Responsabilidades.","Ley 1/2015, de 6 de febrero [Titulo VII, rango ajustado]",130,JURIDICO,
ESPECIAL,59,"La Cuenta General. Ley 1/2015: Titulo VII Contabilidad, Titulo VIII Responsabilidades.","Ley 1/2015, de 6 de febrero [Titulo VII, rango ajustado]",131,JURIDICO,
ESPECIAL,59,"La Cuenta General. Ley 1/2015: Titulo VII Contabilidad, Titulo VIII Responsabilidades.","Ley 1/2015, de 6 de febrero [Titulo VII, rango ajustado]",132,JURIDICO,
ESPECIAL,59,"La Cuenta General. Ley 1/2015: Titulo VII Contabilidad, Titulo VIII Responsabilidades.","Ley 1/2015, de 6 de febrero [Titulo VII, rango ajustado]",133,JURIDICO,
ESPECIAL,59,"La Cuenta General. Ley 1/2015: Titulo VII Contabilidad, Titulo VIII Responsabilidades.","Ley 1/2015, de 6 de febrero [Titulo VII, rango ajustado]",134,JURIDICO,
ESPECIAL,59,"La Cuenta General. Ley 1/2015: Titulo VII Contabilidad, Titulo VIII Responsabilidades.","Ley 1/2015, de 6 de febrero [Titulo VII, rango ajustado]",135,JURIDICO,
ESPECIAL,59,"La Cuenta General. Ley 1/2015: Titulo VII Contabilidad, Titulo VIII Responsabilidades.","Ley 1/2015, de 6 de febrero [Titulo VII, rango ajustado]",136,JURIDICO,
ESPECIAL,59,"La Cuenta General. Ley 1/2015: Titulo VII Contabilidad, Titulo VIII Responsabilidades.","Ley 1/2015, de 6 de febrero [Titulo VII, rango ajustado]",137,JURIDICO,
ESPECIAL,59,"La Cuenta General. Ley 1/2015: Titulo VII Contabilidad, Titulo VIII Responsabilidades.","Ley 1/2015, de 6 de febrero [Titulo VII, rango ajustado]",138,JURIDICO,
ESPECIAL,59,"La Cuenta General. Ley 1/2015: Titulo VII Contabilidad, Titulo VIII Responsabilidades.","Ley 1/2015, de 6 de febrero [Titulo VII, rango ajustado]",139,JURIDICO,
ESPECIAL,59,"La Cuenta General. Ley 1/2015: Titulo VII Contabilidad, Titulo VIII Responsabilidades.","Ley 1/2015, de 6 de febrero [Titulo VII, rango ajustado]",140,JURIDICO,
ESPECIAL,59,"La Cuenta General. Ley 1/2015: Titulo VII Contabilidad, Titulo VIII Responsabilidades.","Ley 1/2015, de 6 de febrero [Titulo VIII, rango ajustado]",141,JURIDICO,
ESPECIAL,59,"La Cuenta General. Ley 1/2015: Titulo VII Contabilidad, Titulo VIII Responsabilidades.","Ley 1/2015, de 6 de febrero [Titulo VIII, rango ajustado]",142,JURIDICO,
ESPECIAL,59,"La Cuenta General. Ley 1/2015: Titulo VII Contabilidad, Titulo VIII Responsabilidades.","Ley 1/2015, de 6 de febrero [Titulo VIII, rango ajustado]",143,JURIDICO,
ESPECIAL,59,"La Cuenta General. Ley 1/2015: Titulo VII Contabilidad, Titulo VIII Responsabilidades.","Ley 1/2015, de 6 de febrero [Titulo VIII, rango ajustado]",144,JURIDICO,
ESPECIAL,59,"La Cuenta General. Ley 1/2015: Titulo VII Contabilidad, Titulo VIII Responsabilidades.","Ley 1/2015, de 6 de febrero [Titulo VIII, rango ajustado]",145,JURIDICO,
ESPECIAL,59,"La Cuenta General. Ley 1/2015: Titulo VII Contabilidad, Titulo VIII Responsabilidades.","NOTA: la frontera exacta Titulo VII/VIII/IX de la Ley 1/2015 no esta confirmada; los rangos 124-140 (VII) / 141-145 (VIII) / 146-158 (IX, ver tema 36) son una particion estimada y consistente entre si, pendiente de verificacion contra el indice oficial",,NOTA,
