parte,tema,titulo,LEY,articulo,tipo
ESPECIAL,1,Las fuentes del derecho administrativo (I): concepto de fuentes del derecho,GEN-Fuentes del dercho I,1,JURIDICO
ESPECIAL,1,Las fuentes del derecho administrativo (I): concepto de fuentes del derecho,GEN-Fuentes del dercho I,2,JURIDICO
ESPECIAL,1,Las fuentes del derecho administrativo (I): concepto de fuentes del derecho,GEN-Fuentes del dercho I,3,JURIDICO
ESPECIAL,1,Las fuentes del derecho administrativo (I): concepto de fuentes del derecho,GEN-Fuentes del dercho I,4,JURIDICO
ESPECIAL,1,Las fuentes del derecho administrativo (I): concepto de fuentes del derecho,GEN-Fuentes del dercho I,5,JURIDICO
ESPECIAL,1,Las fuentes del derecho administrativo (I): concepto de fuentes del derecho,GEN-Fuentes del dercho I,6,JURIDICO
ESPECIAL,1,Las fuentes del derecho administrativo (I): concepto de fuentes del derecho,GEN-Fuentes del dercho I,7,JURIDICO
ESPECIAL,1,Las fuentes del derecho administrativo (I): concepto de fuentes del derecho,GEN-Fuentes del dercho I,8,JURIDICO
ESPECIAL,1,Las fuentes del derecho administrativo (I): concepto de fuentes del derecho,GEN-Fuentes del dercho I,9,JURIDICO
ESPECIAL,2,"Las fuentes del derecho administrativo (II): el reglamento: concepto, clases y naturaleza",GEN-Fuentes del dercho II,1,JURIDICO
ESPECIAL,2,"Las fuentes del derecho administrativo (II): el reglamento: concepto, clases y naturaleza",GEN-Fuentes del dercho II,2,JURIDICO
ESPECIAL,2,"Las fuentes del derecho administrativo (II): el reglamento: concepto, clases y naturaleza",GEN-Fuentes del dercho II,3,JURIDICO
ESPECIAL,2,"Las fuentes del derecho administrativo (II): el reglamento: concepto, clases y naturaleza",GEN-Fuentes del dercho II,4,JURIDICO
ESPECIAL,2,"Las fuentes del derecho administrativo (II): el reglamento: concepto, clases y naturaleza",GEN-Fuentes del dercho II,5,JURIDICO
ESPECIAL,2,"Las fuentes del derecho administrativo (II): el reglamento: concepto, clases y naturaleza",GEN-Fuentes del dercho II,6,JURIDICO
ESPECIAL,3,La Administración pública como persona jurídica,"Ley Orgánica 2/1987, de 18 de mayo, de Conflictos Jurisdiccionales",1,JURIDICO
ESPECIAL,3,La Administración pública como persona jurídica,"Ley Orgánica 2/1987, de 18 de mayo, de Conflictos Jurisdiccionales",2,JURIDICO
ESPECIAL,3,La Administración pública como persona jurídica,"Ley Orgánica 2/1987, de 18 de mayo, de Conflictos Jurisdiccionales",3,JURIDICO
ESPECIAL,3,La Administración pública como persona jurídica,"Ley Orgánica 2/1987, de 18 de mayo, de Conflictos Jurisdiccionales",4,JURIDICO
ESPECIAL,3,La Administración pública como persona jurídica,"Ley Orgánica 2/1987, de 18 de mayo, de Conflictos Jurisdiccionales",5,JURIDICO
ESPECIAL,3,La Administración pública como persona jurídica,"Ley Orgánica 2/1987, de 18 de mayo, de Conflictos Jurisdiccionales",6,JURIDICO
ESPECIAL,3,La Administración pública como persona jurídica,"Ley Orgánica 2/1987, de 18 de mayo, de Conflictos Jurisdiccionales",7,JURIDICO
ESPECIAL,3,La Administración pública como persona jurídica,"Ley Orgánica 2/1987, de 18 de mayo, de Conflictos Jurisdiccionales",8,JURIDICO
ESPECIAL,3,La Administración pública como persona jurídica,"Ley Orgánica 2/1987, de 18 de mayo, de Conflictos Jurisdiccionales",9,JURIDICO
ESPECIAL,3,La Administración pública como persona jurídica,"Ley Orgánica 2/1987, de 18 de mayo, de Conflictos Jurisdiccionales",10,JURIDICO
ESPECIAL,3,La Administración pública como persona jurídica,"Ley Orgánica 2/1987, de 18 de mayo, de Conflictos Jurisdiccionales",11,JURIDICO
ESPECIAL,3,La Administración pública como persona jurídica,"Ley Orgánica 2/1987, de 18 de mayo, de Conflictos Jurisdiccionales",12,JURIDICO
ESPECIAL,3,La Administración pública como persona jurídica,"Ley Orgánica 2/1987, de 18 de mayo, de Conflictos Jurisdiccionales",13,JURIDICO
ESPECIAL,3,La Administración pública como persona jurídica,"Ley Orgánica 2/1987, de 18 de mayo, de Conflictos Jurisdiccionales",14,JURIDICO
ESPECIAL,3,La Administración pública como persona jurídica,"Ley Orgánica 2/1987, de 18 de mayo, de Conflictos Jurisdiccionales",15,JURIDICO
ESPECIAL,3,La Administración pública como persona jurídica,"Ley Orgánica 2/1987, de 18 de mayo, de Conflictos Jurisdiccionales",16,JURIDICO
ESPECIAL,3,La Administración pública como persona jurídica,"Ley Orgánica 2/1987, de 18 de mayo, de Conflictos Jurisdiccionales",17,JURIDICO
ESPECIAL,3,La Administración pública como persona jurídica,"Ley Orgánica 2/1987, de 18 de mayo, de Conflictos Jurisdiccionales",18,JURIDICO
ESPECIAL,3,La Administración pública como persona jurídica,"Ley Orgánica 2/1987, de 18 de mayo, de Conflictos Jurisdiccionales",19,JURIDICO
ESPECIAL,3,La Administración pública como persona jurídica,"Ley Orgánica 2/1987, de 18 de mayo, de Conflictos Jurisdiccionales",20,JURIDICO
ESPECIAL,3,La Administración pública como persona jurídica,"Ley Orgánica 2/1987, de 18 de mayo, de Conflictos Jurisdiccionales",21,JURIDICO
ESPECIAL,4,Los actos jurídicos de la Administración: públicos y privados. El acto administrativo,GEN-Actos juridicos administracion,1,JURIDICO
ESPECIAL,4,Los actos jurídicos de la Administración: públicos y privados. El acto administrativo,GEN-Actos juridicos administracion,2,JURIDICO
ESPECIAL,4,Los actos jurídicos de la Administración: públicos y privados. El acto administrativo,GEN-Actos juridicos administracion,3,JURIDICO
ESPECIAL,4,Los actos jurídicos de la Administración: públicos y privados. El acto administrativo,GEN-Actos juridicos administracion,4,JURIDICO
ESPECIAL,4,Los actos jurídicos de la Administración: públicos y privados. El acto administrativo,GEN-Actos juridicos administracion,5,JURIDICO
ESPECIAL,4,Los actos jurídicos de la Administración: públicos y privados. El acto administrativo,GEN-Actos juridicos administracion,6,JURIDICO
ESPECIAL,5,La eficacia temporal de las normas,GEN-Eficacia de las normas,1,JURIDICO
ESPECIAL,5,La eficacia temporal de las normas,GEN-Eficacia de las normas,2,JURIDICO
ESPECIAL,5,La eficacia temporal de las normas,GEN-Eficacia de las normas,3,JURIDICO
ESPECIAL,5,La eficacia temporal de las normas,GEN-Eficacia de las normas,4,JURIDICO
ESPECIAL,5,La eficacia temporal de las normas,GEN-Eficacia de las normas,5,JURIDICO
ESPECIAL,5,La eficacia temporal de las normas,GEN-Eficacia de las normas,6,JURIDICO
ESPECIAL,6,La iniciativa legislativa y la potestad para dictar reglamentos y otras disposiciones,"Ley 1/2022, de 13 de abril, de Transparencia y Buen Gobierno de la Comunitat Valenciana",59,JURIDICO
ESPECIAL,6,La iniciativa legislativa y la potestad para dictar reglamentos y otras disposiciones,"Ley 1/2022, de 13 de abril, de Transparencia y Buen Gobierno de la Comunitat Valenciana",60,JURIDICO
ESPECIAL,6,La iniciativa legislativa y la potestad para dictar reglamentos y otras disposiciones,"Ley 1/2022, de 13 de abril, de Transparencia y Buen Gobierno de la Comunitat Valenciana",62,JURIDICO
ESPECIAL,6,La iniciativa legislativa y la potestad para dictar reglamentos y otras disposiciones,"Ley 3/2026, de medidas frente a la hiperregulación, agilización de procedimientos y simplificación administrativa",1,JURIDICO
ESPECIAL,6,La iniciativa legislativa y la potestad para dictar reglamentos y otras disposiciones,"Ley 3/2026, de medidas frente a la hiperregulación, agilización de procedimientos y simplificación administrativa",2,JURIDICO
ESPECIAL,6,La iniciativa legislativa y la potestad para dictar reglamentos y otras disposiciones,"Ley 3/2026, de medidas frente a la hiperregulación, agilización de procedimientos y simplificación administrativa",3,JURIDICO
ESPECIAL,6,La iniciativa legislativa y la potestad para dictar reglamentos y otras disposiciones,"Ley 3/2026, de medidas frente a la hiperregulación, agilización de procedimientos y simplificación administrativa",4,JURIDICO
ESPECIAL,6,La iniciativa legislativa y la potestad para dictar reglamentos y otras disposiciones,"Ley 3/2026, de medidas frente a la hiperregulación, agilización de procedimientos y simplificación administrativa",5,JURIDICO
ESPECIAL,6,La iniciativa legislativa y la potestad para dictar reglamentos y otras disposiciones,"Ley 3/2026, de medidas frente a la hiperregulación, agilización de procedimientos y simplificación administrativa",6,JURIDICO
ESPECIAL,6,La iniciativa legislativa y la potestad para dictar reglamentos y otras disposiciones,"Ley 3/2026, de medidas frente a la hiperregulación, agilización de procedimientos y simplificación administrativa",7,JURIDICO
ESPECIAL,6,La iniciativa legislativa y la potestad para dictar reglamentos y otras disposiciones,"Ley 3/2026, de medidas frente a la hiperregulación, agilización de procedimientos y simplificación administrativa",8,JURIDICO
ESPECIAL,6,La iniciativa legislativa y la potestad para dictar reglamentos y otras disposiciones,"Ley 3/2026, de medidas frente a la hiperregulación, agilización de procedimientos y simplificación administrativa",9,JURIDICO
ESPECIAL,6,La iniciativa legislativa y la potestad para dictar reglamentos y otras disposiciones,"Ley 3/2026, de medidas frente a la hiperregulación, agilización de procedimientos y simplificación administrativa",10,JURIDICO
ESPECIAL,6,La iniciativa legislativa y la potestad para dictar reglamentos y otras disposiciones,"Ley 3/2026, de medidas frente a la hiperregulación, agilización de procedimientos y simplificación administrativa",11,JURIDICO
ESPECIAL,6,La iniciativa legislativa y la potestad para dictar reglamentos y otras disposiciones,"Ley 3/2026, de medidas frente a la hiperregulación, agilización de procedimientos y simplificación administrativa",12,JURIDICO
ESPECIAL,7,La jurisdicción contencioso-administrativa,"Ley 29/1998, de 13 de julio, reguladora de la Jurisdicción Contencioso-administrativa",1,JURIDICO
ESPECIAL,7,La jurisdicción contencioso-administrativa,"Ley 29/1998, de 13 de julio, reguladora de la Jurisdicción Contencioso-administrativa",2,JURIDICO
ESPECIAL,7,La jurisdicción contencioso-administrativa,"Ley 29/1998, de 13 de julio, reguladora de la Jurisdicción Contencioso-administrativa",3,JURIDICO
ESPECIAL,7,La jurisdicción contencioso-administrativa,"Ley 29/1998, de 13 de julio, reguladora de la Jurisdicción Contencioso-administrativa",4,JURIDICO
ESPECIAL,7,La jurisdicción contencioso-administrativa,"Ley 29/1998, de 13 de julio, reguladora de la Jurisdicción Contencioso-administrativa",5,JURIDICO
ESPECIAL,7,La jurisdicción contencioso-administrativa,"Ley 29/1998, de 13 de julio, reguladora de la Jurisdicción Contencioso-administrativa",6,JURIDICO
ESPECIAL,7,La jurisdicción contencioso-administrativa,"Ley 29/1998, de 13 de julio, reguladora de la Jurisdicción Contencioso-administrativa",7,JURIDICO
ESPECIAL,7,La jurisdicción contencioso-administrativa,"Ley 29/1998, de 13 de julio, reguladora de la Jurisdicción Contencioso-administrativa",8,JURIDICO
ESPECIAL,7,La jurisdicción contencioso-administrativa,"Ley 29/1998, de 13 de julio, reguladora de la Jurisdicción Contencioso-administrativa",9,JURIDICO
ESPECIAL,7,La jurisdicción contencioso-administrativa,"Ley 29/1998, de 13 de julio, reguladora de la Jurisdicción Contencioso-administrativa",10,JURIDICO
ESPECIAL,7,La jurisdicción contencioso-administrativa,"Ley 29/1998, de 13 de julio, reguladora de la Jurisdicción Contencioso-administrativa",11,JURIDICO
ESPECIAL,7,La jurisdicción contencioso-administrativa,"Ley 29/1998, de 13 de julio, reguladora de la Jurisdicción Contencioso-administrativa",12,JURIDICO
ESPECIAL,7,La jurisdicción contencioso-administrativa,"Ley 29/1998, de 13 de julio, reguladora de la Jurisdicción Contencioso-administrativa",13,JURIDICO
ESPECIAL,7,La jurisdicción contencioso-administrativa,"Ley 29/1998, de 13 de julio, reguladora de la Jurisdicción Contencioso-administrativa",14,JURIDICO
ESPECIAL,7,La jurisdicción contencioso-administrativa,"Ley 29/1998, de 13 de julio, reguladora de la Jurisdicción Contencioso-administrativa",15,JURIDICO
ESPECIAL,7,La jurisdicción contencioso-administrativa,"Ley 29/1998, de 13 de julio, reguladora de la Jurisdicción Contencioso-administrativa",16,JURIDICO
ESPECIAL,7,La jurisdicción contencioso-administrativa,"Ley 29/1998, de 13 de julio, reguladora de la Jurisdicción Contencioso-administrativa",17,JURIDICO
ESPECIAL,7,La jurisdicción contencioso-administrativa,"Ley 29/1998, de 13 de julio, reguladora de la Jurisdicción Contencioso-administrativa",18,JURIDICO
ESPECIAL,7,La jurisdicción contencioso-administrativa,"Ley 29/1998, de 13 de julio, reguladora de la Jurisdicción Contencioso-administrativa",19,JURIDICO
ESPECIAL,7,La jurisdicción contencioso-administrativa,"Ley 29/1998, de 13 de julio, reguladora de la Jurisdicción Contencioso-administrativa",20,JURIDICO
ESPECIAL,7,La jurisdicción contencioso-administrativa,"Ley 29/1998, de 13 de julio, reguladora de la Jurisdicción Contencioso-administrativa",21,JURIDICO
ESPECIAL,7,La jurisdicción contencioso-administrativa,"Ley 29/1998, de 13 de julio, reguladora de la Jurisdicción Contencioso-administrativa",22,JURIDICO
ESPECIAL,7,La jurisdicción contencioso-administrativa,"Ley 29/1998, de 13 de julio, reguladora de la Jurisdicción Contencioso-administrativa",23,JURIDICO
ESPECIAL,7,La jurisdicción contencioso-administrativa,"Ley 29/1998, de 13 de julio, reguladora de la Jurisdicción Contencioso-administrativa",24,JURIDICO
ESPECIAL,7,La jurisdicción contencioso-administrativa,"Ley 29/1998, de 13 de julio, reguladora de la Jurisdicción Contencioso-administrativa",25,JURIDICO
ESPECIAL,7,La jurisdicción contencioso-administrativa,"Ley 29/1998, de 13 de julio, reguladora de la Jurisdicción Contencioso-administrativa",26,JURIDICO
ESPECIAL,7,La jurisdicción contencioso-administrativa,"Ley 29/1998, de 13 de julio, reguladora de la Jurisdicción Contencioso-administrativa",27,JURIDICO
ESPECIAL,7,La jurisdicción contencioso-administrativa,"Ley 29/1998, de 13 de julio, reguladora de la Jurisdicción Contencioso-administrativa",28,JURIDICO
ESPECIAL,7,La jurisdicción contencioso-administrativa,"Ley 29/1998, de 13 de julio, reguladora de la Jurisdicción Contencioso-administrativa",29,JURIDICO
ESPECIAL,7,La jurisdicción contencioso-administrativa,"Ley 29/1998, de 13 de julio, reguladora de la Jurisdicción Contencioso-administrativa",30,JURIDICO
ESPECIAL,7,La jurisdicción contencioso-administrativa,"Ley 29/1998, de 13 de julio, reguladora de la Jurisdicción Contencioso-administrativa",31,JURIDICO
ESPECIAL,7,La jurisdicción contencioso-administrativa,"Ley 29/1998, de 13 de julio, reguladora de la Jurisdicción Contencioso-administrativa",32,JURIDICO
ESPECIAL,7,La jurisdicción contencioso-administrativa,"Ley 29/1998, de 13 de julio, reguladora de la Jurisdicción Contencioso-administrativa",33,JURIDICO
ESPECIAL,7,La jurisdicción contencioso-administrativa,"Ley 29/1998, de 13 de julio, reguladora de la Jurisdicción Contencioso-administrativa",34,JURIDICO
ESPECIAL,7,La jurisdicción contencioso-administrativa,"Ley 29/1998, de 13 de julio, reguladora de la Jurisdicción Contencioso-administrativa",35,JURIDICO
ESPECIAL,7,La jurisdicción contencioso-administrativa,"Ley 29/1998, de 13 de julio, reguladora de la Jurisdicción Contencioso-administrativa",36,JURIDICO
ESPECIAL,7,La jurisdicción contencioso-administrativa,"Ley 29/1998, de 13 de julio, reguladora de la Jurisdicción Contencioso-administrativa",37,JURIDICO
ESPECIAL,7,La jurisdicción contencioso-administrativa,"Ley 29/1998, de 13 de julio, reguladora de la Jurisdicción Contencioso-administrativa",38,JURIDICO
ESPECIAL,7,La jurisdicción contencioso-administrativa,"Ley 29/1998, de 13 de julio, reguladora de la Jurisdicción Contencioso-administrativa",39,JURIDICO
ESPECIAL,7,La jurisdicción contencioso-administrativa,"Ley 29/1998, de 13 de julio, reguladora de la Jurisdicción Contencioso-administrativa",40,JURIDICO
ESPECIAL,7,La jurisdicción contencioso-administrativa,"Ley 29/1998, de 13 de julio, reguladora de la Jurisdicción Contencioso-administrativa",41,JURIDICO
ESPECIAL,7,La jurisdicción contencioso-administrativa,"Ley 29/1998, de 13 de julio, reguladora de la Jurisdicción Contencioso-administrativa",42,JURIDICO
ESPECIAL,7,La jurisdicción contencioso-administrativa,"Ley 29/1998, de 13 de julio, reguladora de la Jurisdicción Contencioso-administrativa",103,JURIDICO
ESPECIAL,7,La jurisdicción contencioso-administrativa,"Ley 29/1998, de 13 de julio, reguladora de la Jurisdicción Contencioso-administrativa",104,JURIDICO
ESPECIAL,7,La jurisdicción contencioso-administrativa,"Ley 29/1998, de 13 de julio, reguladora de la Jurisdicción Contencioso-administrativa",105,JURIDICO
ESPECIAL,7,La jurisdicción contencioso-administrativa,"Ley 29/1998, de 13 de julio, reguladora de la Jurisdicción Contencioso-administrativa",106,JURIDICO
ESPECIAL,7,La jurisdicción contencioso-administrativa,"Ley 29/1998, de 13 de julio, reguladora de la Jurisdicción Contencioso-administrativa",107,JURIDICO
ESPECIAL,7,La jurisdicción contencioso-administrativa,"Ley 29/1998, de 13 de julio, reguladora de la Jurisdicción Contencioso-administrativa",108,JURIDICO
ESPECIAL,7,La jurisdicción contencioso-administrativa,"Ley 29/1998, de 13 de julio, reguladora de la Jurisdicción Contencioso-administrativa",109,JURIDICO
ESPECIAL,7,La jurisdicción contencioso-administrativa,"Ley 29/1998, de 13 de julio, reguladora de la Jurisdicción Contencioso-administrativa",110,JURIDICO
ESPECIAL,7,La jurisdicción contencioso-administrativa,"Ley 29/1998, de 13 de julio, reguladora de la Jurisdicción Contencioso-administrativa",111,JURIDICO
ESPECIAL,7,La jurisdicción contencioso-administrativa,"Ley 29/1998, de 13 de julio, reguladora de la Jurisdicción Contencioso-administrativa",112,JURIDICO
ESPECIAL,7,La jurisdicción contencioso-administrativa,"Ley 29/1998, de 13 de julio, reguladora de la Jurisdicción Contencioso-administrativa",113,JURIDICO
ESPECIAL,8,"Del Tribunal Constitucional, su organización y atribuciones","Ley Orgánica 2/1979, de 3 de octubre, del Tribunal Constitucional",1,JURIDICO
ESPECIAL,8,"Del Tribunal Constitucional, su organización y atribuciones","Ley Orgánica 2/1979, de 3 de octubre, del Tribunal Constitucional",2,JURIDICO
ESPECIAL,8,"Del Tribunal Constitucional, su organización y atribuciones","Ley Orgánica 2/1979, de 3 de octubre, del Tribunal Constitucional",3,JURIDICO
ESPECIAL,8,"Del Tribunal Constitucional, su organización y atribuciones","Ley Orgánica 2/1979, de 3 de octubre, del Tribunal Constitucional",4,JURIDICO
ESPECIAL,8,"Del Tribunal Constitucional, su organización y atribuciones","Ley Orgánica 2/1979, de 3 de octubre, del Tribunal Constitucional",5,JURIDICO
ESPECIAL,8,"Del Tribunal Constitucional, su organización y atribuciones","Ley Orgánica 2/1979, de 3 de octubre, del Tribunal Constitucional",6,JURIDICO
ESPECIAL,8,"Del Tribunal Constitucional, su organización y atribuciones","Ley Orgánica 2/1979, de 3 de octubre, del Tribunal Constitucional",7,JURIDICO
ESPECIAL,8,"Del Tribunal Constitucional, su organización y atribuciones","Ley Orgánica 2/1979, de 3 de octubre, del Tribunal Constitucional",8,JURIDICO
ESPECIAL,8,"Del Tribunal Constitucional, su organización y atribuciones","Ley Orgánica 2/1979, de 3 de octubre, del Tribunal Constitucional",9,JURIDICO
ESPECIAL,8,"Del Tribunal Constitucional, su organización y atribuciones","Ley Orgánica 2/1979, de 3 de octubre, del Tribunal Constitucional",10,JURIDICO
ESPECIAL,8,"Del Tribunal Constitucional, su organización y atribuciones","Ley Orgánica 2/1979, de 3 de octubre, del Tribunal Constitucional",11,JURIDICO
ESPECIAL,8,"Del Tribunal Constitucional, su organización y atribuciones","Ley Orgánica 2/1979, de 3 de octubre, del Tribunal Constitucional",12,JURIDICO
ESPECIAL,8,"Del Tribunal Constitucional, su organización y atribuciones","Ley Orgánica 2/1979, de 3 de octubre, del Tribunal Constitucional",13,JURIDICO
ESPECIAL,8,"Del Tribunal Constitucional, su organización y atribuciones","Ley Orgánica 2/1979, de 3 de octubre, del Tribunal Constitucional",14,JURIDICO
ESPECIAL,8,"Del Tribunal Constitucional, su organización y atribuciones","Ley Orgánica 2/1979, de 3 de octubre, del Tribunal Constitucional",15,JURIDICO
ESPECIAL,8,"Del Tribunal Constitucional, su organización y atribuciones","Ley Orgánica 2/1979, de 3 de octubre, del Tribunal Constitucional",27,JURIDICO
ESPECIAL,8,"Del Tribunal Constitucional, su organización y atribuciones","Ley Orgánica 2/1979, de 3 de octubre, del Tribunal Constitucional",28,JURIDICO
ESPECIAL,8,"Del Tribunal Constitucional, su organización y atribuciones","Ley Orgánica 2/1979, de 3 de octubre, del Tribunal Constitucional",29,JURIDICO
ESPECIAL,8,"Del Tribunal Constitucional, su organización y atribuciones","Ley Orgánica 2/1979, de 3 de octubre, del Tribunal Constitucional",30,JURIDICO
ESPECIAL,8,"Del Tribunal Constitucional, su organización y atribuciones","Ley Orgánica 2/1979, de 3 de octubre, del Tribunal Constitucional",31,JURIDICO
ESPECIAL,8,"Del Tribunal Constitucional, su organización y atribuciones","Ley Orgánica 2/1979, de 3 de octubre, del Tribunal Constitucional",32,JURIDICO
ESPECIAL,8,"Del Tribunal Constitucional, su organización y atribuciones","Ley Orgánica 2/1979, de 3 de octubre, del Tribunal Constitucional",33,JURIDICO
ESPECIAL,8,"Del Tribunal Constitucional, su organización y atribuciones","Ley Orgánica 2/1979, de 3 de octubre, del Tribunal Constitucional",34,JURIDICO
ESPECIAL,8,"Del Tribunal Constitucional, su organización y atribuciones","Ley Orgánica 2/1979, de 3 de octubre, del Tribunal Constitucional",35,JURIDICO
ESPECIAL,8,"Del Tribunal Constitucional, su organización y atribuciones","Ley Orgánica 2/1979, de 3 de octubre, del Tribunal Constitucional",36,JURIDICO
ESPECIAL,8,"Del Tribunal Constitucional, su organización y atribuciones","Ley Orgánica 2/1979, de 3 de octubre, del Tribunal Constitucional",37,JURIDICO
ESPECIAL,8,"Del Tribunal Constitucional, su organización y atribuciones","Ley Orgánica 2/1979, de 3 de octubre, del Tribunal Constitucional",38,JURIDICO
ESPECIAL,8,"Del Tribunal Constitucional, su organización y atribuciones","Ley Orgánica 2/1979, de 3 de octubre, del Tribunal Constitucional",39,JURIDICO
ESPECIAL,8,"Del Tribunal Constitucional, su organización y atribuciones","Ley Orgánica 2/1979, de 3 de octubre, del Tribunal Constitucional",40,JURIDICO
ESPECIAL,8,"Del Tribunal Constitucional, su organización y atribuciones","Ley Orgánica 2/1979, de 3 de octubre, del Tribunal Constitucional",41,JURIDICO
ESPECIAL,8,"Del Tribunal Constitucional, su organización y atribuciones","Ley Orgánica 2/1979, de 3 de octubre, del Tribunal Constitucional",42,JURIDICO
ESPECIAL,8,"Del Tribunal Constitucional, su organización y atribuciones","Ley Orgánica 2/1979, de 3 de octubre, del Tribunal Constitucional",43,JURIDICO
ESPECIAL,8,"Del Tribunal Constitucional, su organización y atribuciones","Ley Orgánica 2/1979, de 3 de octubre, del Tribunal Constitucional",44,JURIDICO
ESPECIAL,8,"Del Tribunal Constitucional, su organización y atribuciones","Ley Orgánica 2/1979, de 3 de octubre, del Tribunal Constitucional",45,JURIDICO
ESPECIAL,8,"Del Tribunal Constitucional, su organización y atribuciones","Ley Orgánica 2/1979, de 3 de octubre, del Tribunal Constitucional",46,JURIDICO
ESPECIAL,8,"Del Tribunal Constitucional, su organización y atribuciones","Ley Orgánica 2/1979, de 3 de octubre, del Tribunal Constitucional",47,JURIDICO
ESPECIAL,8,"Del Tribunal Constitucional, su organización y atribuciones","Ley Orgánica 2/1979, de 3 de octubre, del Tribunal Constitucional",48,JURIDICO
ESPECIAL,8,"Del Tribunal Constitucional, su organización y atribuciones","Ley Orgánica 2/1979, de 3 de octubre, del Tribunal Constitucional",49,JURIDICO
ESPECIAL,8,"Del Tribunal Constitucional, su organización y atribuciones","Ley Orgánica 2/1979, de 3 de octubre, del Tribunal Constitucional",50,JURIDICO
ESPECIAL,8,"Del Tribunal Constitucional, su organización y atribuciones","Ley Orgánica 2/1979, de 3 de octubre, del Tribunal Constitucional",51,JURIDICO
ESPECIAL,8,"Del Tribunal Constitucional, su organización y atribuciones","Ley Orgánica 2/1979, de 3 de octubre, del Tribunal Constitucional",52,JURIDICO
ESPECIAL,8,"Del Tribunal Constitucional, su organización y atribuciones","Ley Orgánica 2/1979, de 3 de octubre, del Tribunal Constitucional",53,JURIDICO
ESPECIAL,8,"Del Tribunal Constitucional, su organización y atribuciones","Ley Orgánica 2/1979, de 3 de octubre, del Tribunal Constitucional",54,JURIDICO
ESPECIAL,8,"Del Tribunal Constitucional, su organización y atribuciones","Ley Orgánica 2/1979, de 3 de octubre, del Tribunal Constitucional",55,JURIDICO
ESPECIAL,8,"Del Tribunal Constitucional, su organización y atribuciones","Ley Orgánica 2/1979, de 3 de octubre, del Tribunal Constitucional",56,JURIDICO
ESPECIAL,8,"Del Tribunal Constitucional, su organización y atribuciones","Ley Orgánica 2/1979, de 3 de octubre, del Tribunal Constitucional",57,JURIDICO
ESPECIAL,8,"Del Tribunal Constitucional, su organización y atribuciones","Ley Orgánica 2/1979, de 3 de octubre, del Tribunal Constitucional",58,JURIDICO
ESPECIAL,8,"Del Tribunal Constitucional, su organización y atribuciones","Ley Orgánica 2/1979, de 3 de octubre, del Tribunal Constitucional",59,JURIDICO
ESPECIAL,8,"Del Tribunal Constitucional, su organización y atribuciones","Ley Orgánica 2/1979, de 3 de octubre, del Tribunal Constitucional",60,JURIDICO
ESPECIAL,8,"Del Tribunal Constitucional, su organización y atribuciones","Ley Orgánica 2/1979, de 3 de octubre, del Tribunal Constitucional",61,JURIDICO
ESPECIAL,8,"Del Tribunal Constitucional, su organización y atribuciones","Ley Orgánica 2/1979, de 3 de octubre, del Tribunal Constitucional",62,JURIDICO
ESPECIAL,8,"Del Tribunal Constitucional, su organización y atribuciones","Ley Orgánica 2/1979, de 3 de octubre, del Tribunal Constitucional",63,JURIDICO
ESPECIAL,8,"Del Tribunal Constitucional, su organización y atribuciones","Ley Orgánica 2/1979, de 3 de octubre, del Tribunal Constitucional",64,JURIDICO
ESPECIAL,8,"Del Tribunal Constitucional, su organización y atribuciones","Ley Orgánica 2/1979, de 3 de octubre, del Tribunal Constitucional",65,JURIDICO
ESPECIAL,8,"Del Tribunal Constitucional, su organización y atribuciones","Ley Orgánica 2/1979, de 3 de octubre, del Tribunal Constitucional",66,JURIDICO
ESPECIAL,8,"Del Tribunal Constitucional, su organización y atribuciones","Ley Orgánica 2/1979, de 3 de octubre, del Tribunal Constitucional",67,JURIDICO
ESPECIAL,8,"Del Tribunal Constitucional, su organización y atribuciones","Ley Orgánica 2/1979, de 3 de octubre, del Tribunal Constitucional",68,JURIDICO
ESPECIAL,8,"Del Tribunal Constitucional, su organización y atribuciones","Ley Orgánica 2/1979, de 3 de octubre, del Tribunal Constitucional",69,JURIDICO
ESPECIAL,8,"Del Tribunal Constitucional, su organización y atribuciones","Ley Orgánica 2/1979, de 3 de octubre, del Tribunal Constitucional",70,JURIDICO
ESPECIAL,8,"Del Tribunal Constitucional, su organización y atribuciones","Ley Orgánica 2/1979, de 3 de octubre, del Tribunal Constitucional",71,JURIDICO
ESPECIAL,8,"Del Tribunal Constitucional, su organización y atribuciones","Ley Orgánica 2/1979, de 3 de octubre, del Tribunal Constitucional",72,JURIDICO
ESPECIAL,8,"Del Tribunal Constitucional, su organización y atribuciones","Ley Orgánica 2/1979, de 3 de octubre, del Tribunal Constitucional",73,JURIDICO
ESPECIAL,8,"Del Tribunal Constitucional, su organización y atribuciones","Ley Orgánica 2/1979, de 3 de octubre, del Tribunal Constitucional",74,JURIDICO
ESPECIAL,8,"Del Tribunal Constitucional, su organización y atribuciones","Ley Orgánica 2/1979, de 3 de octubre, del Tribunal Constitucional",75,JURIDICO
ESPECIAL,8,"Del Tribunal Constitucional, su organización y atribuciones","Ley Orgánica 2/1979, de 3 de octubre, del Tribunal Constitucional",76,JURIDICO
ESPECIAL,8,"Del Tribunal Constitucional, su organización y atribuciones","Ley Orgánica 2/1979, de 3 de octubre, del Tribunal Constitucional",77,JURIDICO
ESPECIAL,8,"Del Tribunal Constitucional, su organización y atribuciones","Ley Orgánica 2/1979, de 3 de octubre, del Tribunal Constitucional",79,JURIDICO
ESPECIAL,9,"La Ley 39/2015, de 1 de octubre, del procedimiento administrativo común de las Administraciones Públicas: objeto y ámbito subjetivo de aplicación","Ley 39/2015, de 1 de octubre, del Procedimiento Administrativo Común de las Administraciones Públicas",1,JURIDICO
ESPECIAL,9,"La Ley 39/2015, de 1 de octubre, del procedimiento administrativo común de las Administraciones Públicas: objeto y ámbito subjetivo de aplicación","Ley 39/2015, de 1 de octubre, del Procedimiento Administrativo Común de las Administraciones Públicas",2,JURIDICO
ESPECIAL,9,"La Ley 39/2015, de 1 de octubre, del procedimiento administrativo común de las Administraciones Públicas: objeto y ámbito subjetivo de aplicación","Ley 39/2015, de 1 de octubre, del Procedimiento Administrativo Común de las Administraciones Públicas",3,JURIDICO
ESPECIAL,9,"La Ley 39/2015, de 1 de octubre, del procedimiento administrativo común de las Administraciones Públicas: objeto y ámbito subjetivo de aplicación","Ley 39/2015, de 1 de octubre, del Procedimiento Administrativo Común de las Administraciones Públicas",4,JURIDICO
ESPECIAL,9,"La Ley 39/2015, de 1 de octubre, del procedimiento administrativo común de las Administraciones Públicas: objeto y ámbito subjetivo de aplicación","Ley 39/2015, de 1 de octubre, del Procedimiento Administrativo Común de las Administraciones Públicas",5,JURIDICO
ESPECIAL,9,"La Ley 39/2015, de 1 de octubre, del procedimiento administrativo común de las Administraciones Públicas: objeto y ámbito subjetivo de aplicación","Ley 39/2015, de 1 de octubre, del Procedimiento Administrativo Común de las Administraciones Públicas",6,JURIDICO
ESPECIAL,9,"La Ley 39/2015, de 1 de octubre, del procedimiento administrativo común de las Administraciones Públicas: objeto y ámbito subjetivo de aplicación","Ley 39/2015, de 1 de octubre, del Procedimiento Administrativo Común de las Administraciones Públicas",7,JURIDICO
ESPECIAL,9,"La Ley 39/2015, de 1 de octubre, del procedimiento administrativo común de las Administraciones Públicas: objeto y ámbito subjetivo de aplicación","Ley 39/2015, de 1 de octubre, del Procedimiento Administrativo Común de las Administraciones Públicas",8,JURIDICO
ESPECIAL,9,"La Ley 39/2015, de 1 de octubre, del procedimiento administrativo común de las Administraciones Públicas: objeto y ámbito subjetivo de aplicación","Ley 39/2015, de 1 de octubre, del Procedimiento Administrativo Común de las Administraciones Públicas",9,JURIDICO
ESPECIAL,9,"La Ley 39/2015, de 1 de octubre, del procedimiento administrativo común de las Administraciones Públicas: objeto y ámbito subjetivo de aplicación","Ley 39/2015, de 1 de octubre, del Procedimiento Administrativo Común de las Administraciones Públicas",10,JURIDICO
ESPECIAL,9,"La Ley 39/2015, de 1 de octubre, del procedimiento administrativo común de las Administraciones Públicas: objeto y ámbito subjetivo de aplicación","Ley 39/2015, de 1 de octubre, del Procedimiento Administrativo Común de las Administraciones Públicas",11,JURIDICO
ESPECIAL,9,"La Ley 39/2015, de 1 de octubre, del procedimiento administrativo común de las Administraciones Públicas: objeto y ámbito subjetivo de aplicación","Ley 39/2015, de 1 de octubre, del Procedimiento Administrativo Común de las Administraciones Públicas",12,JURIDICO
ESPECIAL,9,"La Ley 39/2015, de 1 de octubre, del procedimiento administrativo común de las Administraciones Públicas: objeto y ámbito subjetivo de aplicación","Ley 39/2015, de 1 de octubre, del Procedimiento Administrativo Común de las Administraciones Públicas",13,JURIDICO
ESPECIAL,9,"La Ley 39/2015, de 1 de octubre, del procedimiento administrativo común de las Administraciones Públicas: objeto y ámbito subjetivo de aplicación","Ley 39/2015, de 1 de octubre, del Procedimiento Administrativo Común de las Administraciones Públicas",14,JURIDICO
ESPECIAL,9,"La Ley 39/2015, de 1 de octubre, del procedimiento administrativo común de las Administraciones Públicas: objeto y ámbito subjetivo de aplicación","Ley 39/2015, de 1 de octubre, del Procedimiento Administrativo Común de las Administraciones Públicas",15,JURIDICO
ESPECIAL,9,"La Ley 39/2015, de 1 de octubre, del procedimiento administrativo común de las Administraciones Públicas: objeto y ámbito subjetivo de aplicación","Ley 39/2015, de 1 de octubre, del Procedimiento Administrativo Común de las Administraciones Públicas",16,JURIDICO
ESPECIAL,9,"La Ley 39/2015, de 1 de octubre, del procedimiento administrativo común de las Administraciones Públicas: objeto y ámbito subjetivo de aplicación","Ley 39/2015, de 1 de octubre, del Procedimiento Administrativo Común de las Administraciones Públicas",17,JURIDICO
ESPECIAL,9,"La Ley 39/2015, de 1 de octubre, del procedimiento administrativo común de las Administraciones Públicas: objeto y ámbito subjetivo de aplicación","Ley 39/2015, de 1 de octubre, del Procedimiento Administrativo Común de las Administraciones Públicas",18,JURIDICO
ESPECIAL,9,"La Ley 39/2015, de 1 de octubre, del procedimiento administrativo común de las Administraciones Públicas: objeto y ámbito subjetivo de aplicación","Ley 39/2015, de 1 de octubre, del Procedimiento Administrativo Común de las Administraciones Públicas",19,JURIDICO
ESPECIAL,9,"La Ley 39/2015, de 1 de octubre, del procedimiento administrativo común de las Administraciones Públicas: objeto y ámbito subjetivo de aplicación","Ley 39/2015, de 1 de octubre, del Procedimiento Administrativo Común de las Administraciones Públicas",20,JURIDICO
ESPECIAL,9,"La Ley 39/2015, de 1 de octubre, del procedimiento administrativo común de las Administraciones Públicas: objeto y ámbito subjetivo de aplicación","Ley 39/2015, de 1 de octubre, del Procedimiento Administrativo Común de las Administraciones Públicas",21,JURIDICO
ESPECIAL,9,"La Ley 39/2015, de 1 de octubre, del procedimiento administrativo común de las Administraciones Públicas: objeto y ámbito subjetivo de aplicación","Ley 39/2015, de 1 de octubre, del Procedimiento Administrativo Común de las Administraciones Públicas",22,JURIDICO
ESPECIAL,9,"La Ley 39/2015, de 1 de octubre, del procedimiento administrativo común de las Administraciones Públicas: objeto y ámbito subjetivo de aplicación","Ley 39/2015, de 1 de octubre, del Procedimiento Administrativo Común de las Administraciones Públicas",23,JURIDICO
ESPECIAL,9,"La Ley 39/2015, de 1 de octubre, del procedimiento administrativo común de las Administraciones Públicas: objeto y ámbito subjetivo de aplicación","Ley 39/2015, de 1 de octubre, del Procedimiento Administrativo Común de las Administraciones Públicas",24,JURIDICO
ESPECIAL,9,"La Ley 39/2015, de 1 de octubre, del procedimiento administrativo común de las Administraciones Públicas: objeto y ámbito subjetivo de aplicación","Ley 39/2015, de 1 de octubre, del Procedimiento Administrativo Común de las Administraciones Públicas",25,JURIDICO
ESPECIAL,9,"La Ley 39/2015, de 1 de octubre, del procedimiento administrativo común de las Administraciones Públicas: objeto y ámbito subjetivo de aplicación","Ley 39/2015, de 1 de octubre, del Procedimiento Administrativo Común de las Administraciones Públicas",26,JURIDICO
ESPECIAL,9,"La Ley 39/2015, de 1 de octubre, del procedimiento administrativo común de las Administraciones Públicas: objeto y ámbito subjetivo de aplicación","Ley 39/2015, de 1 de octubre, del Procedimiento Administrativo Común de las Administraciones Públicas",27,JURIDICO
ESPECIAL,9,"La Ley 39/2015, de 1 de octubre, del procedimiento administrativo común de las Administraciones Públicas: objeto y ámbito subjetivo de aplicación","Ley 39/2015, de 1 de octubre, del Procedimiento Administrativo Común de las Administraciones Públicas",28,JURIDICO
ESPECIAL,9,"La Ley 39/2015, de 1 de octubre, del procedimiento administrativo común de las Administraciones Públicas: objeto y ámbito subjetivo de aplicación","Ley 39/2015, de 1 de octubre, del Procedimiento Administrativo Común de las Administraciones Públicas",29,JURIDICO
ESPECIAL,9,"La Ley 39/2015, de 1 de octubre, del procedimiento administrativo común de las Administraciones Públicas: objeto y ámbito subjetivo de aplicación","Ley 39/2015, de 1 de octubre, del Procedimiento Administrativo Común de las Administraciones Públicas",30,JURIDICO
ESPECIAL,9,"La Ley 39/2015, de 1 de octubre, del procedimiento administrativo común de las Administraciones Públicas: objeto y ámbito subjetivo de aplicación","Ley 39/2015, de 1 de octubre, del Procedimiento Administrativo Común de las Administraciones Públicas",31,JURIDICO
ESPECIAL,9,"La Ley 39/2015, de 1 de octubre, del procedimiento administrativo común de las Administraciones Públicas: objeto y ámbito subjetivo de aplicación","Ley 39/2015, de 1 de octubre, del Procedimiento Administrativo Común de las Administraciones Públicas",32,JURIDICO
ESPECIAL,9,"La Ley 39/2015, de 1 de octubre, del procedimiento administrativo común de las Administraciones Públicas: objeto y ámbito subjetivo de aplicación","Ley 39/2015, de 1 de octubre, del Procedimiento Administrativo Común de las Administraciones Públicas",33,JURIDICO
ESPECIAL,10,"La Ley 39/2015, de 1 de octubre, del procedimiento administrativo común de las Administraciones Públicas: Los actos administrativos: requisitos","Ley 39/2015, de 1 de octubre, del Procedimiento Administrativo Común de las Administraciones Públicas",34,JURIDICO
ESPECIAL,10,"La Ley 39/2015, de 1 de octubre, del procedimiento administrativo común de las Administraciones Públicas: Los actos administrativos: requisitos","Ley 39/2015, de 1 de octubre, del Procedimiento Administrativo Común de las Administraciones Públicas",35,JURIDICO
ESPECIAL,10,"La Ley 39/2015, de 1 de octubre, del procedimiento administrativo común de las Administraciones Públicas: Los actos administrativos: requisitos","Ley 39/2015, de 1 de octubre, del Procedimiento Administrativo Común de las Administraciones Públicas",36,JURIDICO
ESPECIAL,10,"La Ley 39/2015, de 1 de octubre, del procedimiento administrativo común de las Administraciones Públicas: Los actos administrativos: requisitos","Ley 39/2015, de 1 de octubre, del Procedimiento Administrativo Común de las Administraciones Públicas",37,JURIDICO
ESPECIAL,10,"La Ley 39/2015, de 1 de octubre, del procedimiento administrativo común de las Administraciones Públicas: Los actos administrativos: requisitos","Ley 39/2015, de 1 de octubre, del Procedimiento Administrativo Común de las Administraciones Públicas",38,JURIDICO
ESPECIAL,10,"La Ley 39/2015, de 1 de octubre, del procedimiento administrativo común de las Administraciones Públicas: Los actos administrativos: requisitos","Ley 39/2015, de 1 de octubre, del Procedimiento Administrativo Común de las Administraciones Públicas",39,JURIDICO
ESPECIAL,10,"La Ley 39/2015, de 1 de octubre, del procedimiento administrativo común de las Administraciones Públicas: Los actos administrativos: requisitos","Ley 39/2015, de 1 de octubre, del Procedimiento Administrativo Común de las Administraciones Públicas",40,JURIDICO
ESPECIAL,10,"La Ley 39/2015, de 1 de octubre, del procedimiento administrativo común de las Administraciones Públicas: Los actos administrativos: requisitos","Ley 39/2015, de 1 de octubre, del Procedimiento Administrativo Común de las Administraciones Públicas",41,JURIDICO
ESPECIAL,10,"La Ley 39/2015, de 1 de octubre, del procedimiento administrativo común de las Administraciones Públicas: Los actos administrativos: requisitos","Ley 39/2015, de 1 de octubre, del Procedimiento Administrativo Común de las Administraciones Públicas",42,JURIDICO
ESPECIAL,10,"La Ley 39/2015, de 1 de octubre, del procedimiento administrativo común de las Administraciones Públicas: Los actos administrativos: requisitos","Ley 39/2015, de 1 de octubre, del Procedimiento Administrativo Común de las Administraciones Públicas",43,JURIDICO
ESPECIAL,10,"La Ley 39/2015, de 1 de octubre, del procedimiento administrativo común de las Administraciones Públicas: Los actos administrativos: requisitos","Ley 39/2015, de 1 de octubre, del Procedimiento Administrativo Común de las Administraciones Públicas",44,JURIDICO
ESPECIAL,10,"La Ley 39/2015, de 1 de octubre, del procedimiento administrativo común de las Administraciones Públicas: Los actos administrativos: requisitos","Ley 39/2015, de 1 de octubre, del Procedimiento Administrativo Común de las Administraciones Públicas",45,JURIDICO
ESPECIAL,10,"La Ley 39/2015, de 1 de octubre, del procedimiento administrativo común de las Administraciones Públicas: Los actos administrativos: requisitos","Ley 39/2015, de 1 de octubre, del Procedimiento Administrativo Común de las Administraciones Públicas",46,JURIDICO
ESPECIAL,10,"La Ley 39/2015, de 1 de octubre, del procedimiento administrativo común de las Administraciones Públicas: Los actos administrativos: requisitos","Ley 39/2015, de 1 de octubre, del Procedimiento Administrativo Común de las Administraciones Públicas",47,JURIDICO
ESPECIAL,10,"La Ley 39/2015, de 1 de octubre, del procedimiento administrativo común de las Administraciones Públicas: Los actos administrativos: requisitos","Ley 39/2015, de 1 de octubre, del Procedimiento Administrativo Común de las Administraciones Públicas",48,JURIDICO
ESPECIAL,10,"La Ley 39/2015, de 1 de octubre, del procedimiento administrativo común de las Administraciones Públicas: Los actos administrativos: requisitos","Ley 39/2015, de 1 de octubre, del Procedimiento Administrativo Común de las Administraciones Públicas",49,JURIDICO
ESPECIAL,10,"La Ley 39/2015, de 1 de octubre, del procedimiento administrativo común de las Administraciones Públicas: Los actos administrativos: requisitos","Ley 39/2015, de 1 de octubre, del Procedimiento Administrativo Común de las Administraciones Públicas",50,JURIDICO
ESPECIAL,10,"La Ley 39/2015, de 1 de octubre, del procedimiento administrativo común de las Administraciones Públicas: Los actos administrativos: requisitos","Ley 39/2015, de 1 de octubre, del Procedimiento Administrativo Común de las Administraciones Públicas",51,JURIDICO
ESPECIAL,10,"La Ley 39/2015, de 1 de octubre, del procedimiento administrativo común de las Administraciones Públicas: Los actos administrativos: requisitos","Ley 39/2015, de 1 de octubre, del Procedimiento Administrativo Común de las Administraciones Públicas",52,JURIDICO
ESPECIAL,11,"La Ley 39/2015, de 1 de octubre, del procedimiento administrativo común de las Administraciones Públicas: Disposiciones sobre los procedimientos administrativos: garantías del procedimiento","Ley 39/2015, de 1 de octubre, del Procedimiento Administrativo Común de las Administraciones Públicas",53,JURIDICO
ESPECIAL,11,"La Ley 39/2015, de 1 de octubre, del procedimiento administrativo común de las Administraciones Públicas: Disposiciones sobre los procedimientos administrativos: garantías del procedimiento","Ley 39/2015, de 1 de octubre, del Procedimiento Administrativo Común de las Administraciones Públicas",54,JURIDICO
ESPECIAL,11,"La Ley 39/2015, de 1 de octubre, del procedimiento administrativo común de las Administraciones Públicas: Disposiciones sobre los procedimientos administrativos: garantías del procedimiento","Ley 39/2015, de 1 de octubre, del Procedimiento Administrativo Común de las Administraciones Públicas",55,JURIDICO
ESPECIAL,11,"La Ley 39/2015, de 1 de octubre, del procedimiento administrativo común de las Administraciones Públicas: Disposiciones sobre los procedimientos administrativos: garantías del procedimiento","Ley 39/2015, de 1 de octubre, del Procedimiento Administrativo Común de las Administraciones Públicas",56,JURIDICO
ESPECIAL,11,"La Ley 39/2015, de 1 de octubre, del procedimiento administrativo común de las Administraciones Públicas: Disposiciones sobre los procedimientos administrativos: garantías del procedimiento","Ley 39/2015, de 1 de octubre, del Procedimiento Administrativo Común de las Administraciones Públicas",57,JURIDICO
ESPECIAL,11,"La Ley 39/2015, de 1 de octubre, del procedimiento administrativo común de las Administraciones Públicas: Disposiciones sobre los procedimientos administrativos: garantías del procedimiento","Ley 39/2015, de 1 de octubre, del Procedimiento Administrativo Común de las Administraciones Públicas",58,JURIDICO
ESPECIAL,11,"La Ley 39/2015, de 1 de octubre, del procedimiento administrativo común de las Administraciones Públicas: Disposiciones sobre los procedimientos administrativos: garantías del procedimiento","Ley 39/2015, de 1 de octubre, del Procedimiento Administrativo Común de las Administraciones Públicas",59,JURIDICO
ESPECIAL,11,"La Ley 39/2015, de 1 de octubre, del procedimiento administrativo común de las Administraciones Públicas: Disposiciones sobre los procedimientos administrativos: garantías del procedimiento","Ley 39/2015, de 1 de octubre, del Procedimiento Administrativo Común de las Administraciones Públicas",60,JURIDICO
ESPECIAL,11,"La Ley 39/2015, de 1 de octubre, del procedimiento administrativo común de las Administraciones Públicas: Disposiciones sobre los procedimientos administrativos: garantías del procedimiento","Ley 39/2015, de 1 de octubre, del Procedimiento Administrativo Común de las Administraciones Públicas",61,JURIDICO
ESPECIAL,11,"La Ley 39/2015, de 1 de octubre, del procedimiento administrativo común de las Administraciones Públicas: Disposiciones sobre los procedimientos administrativos: garantías del procedimiento","Ley 39/2015, de 1 de octubre, del Procedimiento Administrativo Común de las Administraciones Públicas",62,JURIDICO
ESPECIAL,11,"La Ley 39/2015, de 1 de octubre, del procedimiento administrativo común de las Administraciones Públicas: Disposiciones sobre los procedimientos administrativos: garantías del procedimiento","Ley 39/2015, de 1 de octubre, del Procedimiento Administrativo Común de las Administraciones Públicas",66,JURIDICO
ESPECIAL,11,"La Ley 39/2015, de 1 de octubre, del procedimiento administrativo común de las Administraciones Públicas: Disposiciones sobre los procedimientos administrativos: garantías del procedimiento","Ley 39/2015, de 1 de octubre, del Procedimiento Administrativo Común de las Administraciones Públicas",68,JURIDICO
ESPECIAL,11,"La Ley 39/2015, de 1 de octubre, del procedimiento administrativo común de las Administraciones Públicas: Disposiciones sobre los procedimientos administrativos: garantías del procedimiento","Ley 39/2015, de 1 de octubre, del Procedimiento Administrativo Común de las Administraciones Públicas",69,JURIDICO
ESPECIAL,11,"La Ley 39/2015, de 1 de octubre, del procedimiento administrativo común de las Administraciones Públicas: Disposiciones sobre los procedimientos administrativos: garantías del procedimiento","Ley 39/2015, de 1 de octubre, del Procedimiento Administrativo Común de las Administraciones Públicas",70,JURIDICO
ESPECIAL,11,"La Ley 39/2015, de 1 de octubre, del procedimiento administrativo común de las Administraciones Públicas: Disposiciones sobre los procedimientos administrativos: garantías del procedimiento","Ley 39/2015, de 1 de octubre, del Procedimiento Administrativo Común de las Administraciones Públicas",71,JURIDICO
ESPECIAL,11,"La Ley 39/2015, de 1 de octubre, del procedimiento administrativo común de las Administraciones Públicas: Disposiciones sobre los procedimientos administrativos: garantías del procedimiento","Ley 39/2015, de 1 de octubre, del Procedimiento Administrativo Común de las Administraciones Públicas",72,JURIDICO
ESPECIAL,11,"La Ley 39/2015, de 1 de octubre, del procedimiento administrativo común de las Administraciones Públicas: Disposiciones sobre los procedimientos administrativos: garantías del procedimiento","Ley 39/2015, de 1 de octubre, del Procedimiento Administrativo Común de las Administraciones Públicas",73,JURIDICO
ESPECIAL,11,"La Ley 39/2015, de 1 de octubre, del procedimiento administrativo común de las Administraciones Públicas: Disposiciones sobre los procedimientos administrativos: garantías del procedimiento","Ley 39/2015, de 1 de octubre, del Procedimiento Administrativo Común de las Administraciones Públicas",74,JURIDICO
ESPECIAL,11,"La Ley 39/2015, de 1 de octubre, del procedimiento administrativo común de las Administraciones Públicas: Disposiciones sobre los procedimientos administrativos: garantías del procedimiento","Ley 39/2015, de 1 de octubre, del Procedimiento Administrativo Común de las Administraciones Públicas",75,JURIDICO
ESPECIAL,11,"La Ley 39/2015, de 1 de octubre, del procedimiento administrativo común de las Administraciones Públicas: Disposiciones sobre los procedimientos administrativos: garantías del procedimiento","Ley 39/2015, de 1 de octubre, del Procedimiento Administrativo Común de las Administraciones Públicas",76,JURIDICO
ESPECIAL,11,"La Ley 39/2015, de 1 de octubre, del procedimiento administrativo común de las Administraciones Públicas: Disposiciones sobre los procedimientos administrativos: garantías del procedimiento","Ley 39/2015, de 1 de octubre, del Procedimiento Administrativo Común de las Administraciones Públicas",77,JURIDICO
ESPECIAL,11,"La Ley 39/2015, de 1 de octubre, del procedimiento administrativo común de las Administraciones Públicas: Disposiciones sobre los procedimientos administrativos: garantías del procedimiento","Ley 39/2015, de 1 de octubre, del Procedimiento Administrativo Común de las Administraciones Públicas",78,JURIDICO
ESPECIAL,11,"La Ley 39/2015, de 1 de octubre, del procedimiento administrativo común de las Administraciones Públicas: Disposiciones sobre los procedimientos administrativos: garantías del procedimiento","Ley 39/2015, de 1 de octubre, del Procedimiento Administrativo Común de las Administraciones Públicas",79,JURIDICO
ESPECIAL,11,"La Ley 39/2015, de 1 de octubre, del procedimiento administrativo común de las Administraciones Públicas: Disposiciones sobre los procedimientos administrativos: garantías del procedimiento","Ley 39/2015, de 1 de octubre, del Procedimiento Administrativo Común de las Administraciones Públicas",80,JURIDICO
ESPECIAL,11,"La Ley 39/2015, de 1 de octubre, del procedimiento administrativo común de las Administraciones Públicas: Disposiciones sobre los procedimientos administrativos: garantías del procedimiento","Ley 39/2015, de 1 de octubre, del Procedimiento Administrativo Común de las Administraciones Públicas",83,JURIDICO
ESPECIAL,11,"La Ley 39/2015, de 1 de octubre, del procedimiento administrativo común de las Administraciones Públicas: Disposiciones sobre los procedimientos administrativos: garantías del procedimiento","Ley 39/2015, de 1 de octubre, del Procedimiento Administrativo Común de las Administraciones Públicas",84,JURIDICO
ESPECIAL,11,"La Ley 39/2015, de 1 de octubre, del procedimiento administrativo común de las Administraciones Públicas: Disposiciones sobre los procedimientos administrativos: garantías del procedimiento","Ley 39/2015, de 1 de octubre, del Procedimiento Administrativo Común de las Administraciones Públicas",87,JURIDICO
ESPECIAL,11,"La Ley 39/2015, de 1 de octubre, del procedimiento administrativo común de las Administraciones Públicas: Disposiciones sobre los procedimientos administrativos: garantías del procedimiento","Ley 39/2015, de 1 de octubre, del Procedimiento Administrativo Común de las Administraciones Públicas",88,JURIDICO
ESPECIAL,11,"La Ley 39/2015, de 1 de octubre, del procedimiento administrativo común de las Administraciones Públicas: Disposiciones sobre los procedimientos administrativos: garantías del procedimiento","Ley 39/2015, de 1 de octubre, del Procedimiento Administrativo Común de las Administraciones Públicas",93,JURIDICO
ESPECIAL,11,"La Ley 39/2015, de 1 de octubre, del procedimiento administrativo común de las Administraciones Públicas: Disposiciones sobre los procedimientos administrativos: garantías del procedimiento","Ley 39/2015, de 1 de octubre, del Procedimiento Administrativo Común de las Administraciones Públicas",94,JURIDICO
ESPECIAL,11,"La Ley 39/2015, de 1 de octubre, del procedimiento administrativo común de las Administraciones Públicas: Disposiciones sobre los procedimientos administrativos: garantías del procedimiento","Ley 39/2015, de 1 de octubre, del Procedimiento Administrativo Común de las Administraciones Públicas",95,JURIDICO
ESPECIAL,11,"La Ley 39/2015, de 1 de octubre, del procedimiento administrativo común de las Administraciones Públicas: Disposiciones sobre los procedimientos administrativos: garantías del procedimiento","Ley 39/2015, de 1 de octubre, del Procedimiento Administrativo Común de las Administraciones Públicas",96,JURIDICO
ESPECIAL,11,"La Ley 39/2015, de 1 de octubre, del procedimiento administrativo común de las Administraciones Públicas: Disposiciones sobre los procedimientos administrativos: garantías del procedimiento","Ley 39/2015, de 1 de octubre, del Procedimiento Administrativo Común de las Administraciones Públicas",97,JURIDICO
ESPECIAL,11,"La Ley 39/2015, de 1 de octubre, del procedimiento administrativo común de las Administraciones Públicas: Disposiciones sobre los procedimientos administrativos: garantías del procedimiento","Ley 39/2015, de 1 de octubre, del Procedimiento Administrativo Común de las Administraciones Públicas",98,JURIDICO
ESPECIAL,11,"La Ley 39/2015, de 1 de octubre, del procedimiento administrativo común de las Administraciones Públicas: Disposiciones sobre los procedimientos administrativos: garantías del procedimiento","Ley 39/2015, de 1 de octubre, del Procedimiento Administrativo Común de las Administraciones Públicas",99,JURIDICO
ESPECIAL,11,"La Ley 39/2015, de 1 de octubre, del procedimiento administrativo común de las Administraciones Públicas: Disposiciones sobre los procedimientos administrativos: garantías del procedimiento","Ley 39/2015, de 1 de octubre, del Procedimiento Administrativo Común de las Administraciones Públicas",100,JURIDICO
ESPECIAL,11,"La Ley 39/2015, de 1 de octubre, del procedimiento administrativo común de las Administraciones Públicas: Disposiciones sobre los procedimientos administrativos: garantías del procedimiento","Ley 39/2015, de 1 de octubre, del Procedimiento Administrativo Común de las Administraciones Públicas",101,JURIDICO
ESPECIAL,11,"La Ley 39/2015, de 1 de octubre, del procedimiento administrativo común de las Administraciones Públicas: Disposiciones sobre los procedimientos administrativos: garantías del procedimiento","Ley 39/2015, de 1 de octubre, del Procedimiento Administrativo Común de las Administraciones Públicas",102,JURIDICO
ESPECIAL,11,"La Ley 39/2015, de 1 de octubre, del procedimiento administrativo común de las Administraciones Públicas: Disposiciones sobre los procedimientos administrativos: garantías del procedimiento","Ley 39/2015, de 1 de octubre, del Procedimiento Administrativo Común de las Administraciones Públicas",103,JURIDICO
ESPECIAL,11,"La Ley 39/2015, de 1 de octubre, del procedimiento administrativo común de las Administraciones Públicas: Disposiciones sobre los procedimientos administrativos: garantías del procedimiento","Ley 39/2015, de 1 de octubre, del Procedimiento Administrativo Común de las Administraciones Públicas",104,JURIDICO
ESPECIAL,11,"La Ley 39/2015, de 1 de octubre, del procedimiento administrativo común de las Administraciones Públicas: Disposiciones sobre los procedimientos administrativos: garantías del procedimiento","Ley 39/2015, de 1 de octubre, del Procedimiento Administrativo Común de las Administraciones Públicas",105,JURIDICO
ESPECIAL,12,"La Ley 39/2015, de 1 de octubre, del procedimiento administrativo común de las Administraciones Públicas: La revisión de los actos en vía administrativa: la revisión de oficio","Ley 39/2015, de 1 de octubre, del Procedimiento Administrativo Común de las Administraciones Públicas",106,JURIDICO
ESPECIAL,12,"La Ley 39/2015, de 1 de octubre, del procedimiento administrativo común de las Administraciones Públicas: La revisión de los actos en vía administrativa: la revisión de oficio","Ley 39/2015, de 1 de octubre, del Procedimiento Administrativo Común de las Administraciones Públicas",107,JURIDICO
ESPECIAL,12,"La Ley 39/2015, de 1 de octubre, del procedimiento administrativo común de las Administraciones Públicas: La revisión de los actos en vía administrativa: la revisión de oficio","Ley 39/2015, de 1 de octubre, del Procedimiento Administrativo Común de las Administraciones Públicas",108,JURIDICO
ESPECIAL,12,"La Ley 39/2015, de 1 de octubre, del procedimiento administrativo común de las Administraciones Públicas: La revisión de los actos en vía administrativa: la revisión de oficio","Ley 39/2015, de 1 de octubre, del Procedimiento Administrativo Común de las Administraciones Públicas",109,JURIDICO
ESPECIAL,12,"La Ley 39/2015, de 1 de octubre, del procedimiento administrativo común de las Administraciones Públicas: La revisión de los actos en vía administrativa: la revisión de oficio","Ley 39/2015, de 1 de octubre, del Procedimiento Administrativo Común de las Administraciones Públicas",110,JURIDICO
ESPECIAL,12,"La Ley 39/2015, de 1 de octubre, del procedimiento administrativo común de las Administraciones Públicas: La revisión de los actos en vía administrativa: la revisión de oficio","Ley 39/2015, de 1 de octubre, del Procedimiento Administrativo Común de las Administraciones Públicas",111,JURIDICO
ESPECIAL,12,"La Ley 39/2015, de 1 de octubre, del procedimiento administrativo común de las Administraciones Públicas: La revisión de los actos en vía administrativa: la revisión de oficio","Ley 39/2015, de 1 de octubre, del Procedimiento Administrativo Común de las Administraciones Públicas",112,JURIDICO
ESPECIAL,12,"La Ley 39/2015, de 1 de octubre, del procedimiento administrativo común de las Administraciones Públicas: La revisión de los actos en vía administrativa: la revisión de oficio","Ley 39/2015, de 1 de octubre, del Procedimiento Administrativo Común de las Administraciones Públicas",113,JURIDICO
ESPECIAL,12,"La Ley 39/2015, de 1 de octubre, del procedimiento administrativo común de las Administraciones Públicas: La revisión de los actos en vía administrativa: la revisión de oficio","Ley 39/2015, de 1 de octubre, del Procedimiento Administrativo Común de las Administraciones Públicas",114,JURIDICO
ESPECIAL,12,"La Ley 39/2015, de 1 de octubre, del procedimiento administrativo común de las Administraciones Públicas: La revisión de los actos en vía administrativa: la revisión de oficio","Ley 39/2015, de 1 de octubre, del Procedimiento Administrativo Común de las Administraciones Públicas",115,JURIDICO
ESPECIAL,12,"La Ley 39/2015, de 1 de octubre, del procedimiento administrativo común de las Administraciones Públicas: La revisión de los actos en vía administrativa: la revisión de oficio","Ley 39/2015, de 1 de octubre, del Procedimiento Administrativo Común de las Administraciones Públicas",116,JURIDICO
ESPECIAL,12,"La Ley 39/2015, de 1 de octubre, del procedimiento administrativo común de las Administraciones Públicas: La revisión de los actos en vía administrativa: la revisión de oficio","Ley 39/2015, de 1 de octubre, del Procedimiento Administrativo Común de las Administraciones Públicas",117,JURIDICO
ESPECIAL,12,"La Ley 39/2015, de 1 de octubre, del procedimiento administrativo común de las Administraciones Públicas: La revisión de los actos en vía administrativa: la revisión de oficio","Ley 39/2015, de 1 de octubre, del Procedimiento Administrativo Común de las Administraciones Públicas",118,JURIDICO
ESPECIAL,12,"La Ley 39/2015, de 1 de octubre, del procedimiento administrativo común de las Administraciones Públicas: La revisión de los actos en vía administrativa: la revisión de oficio","Ley 39/2015, de 1 de octubre, del Procedimiento Administrativo Común de las Administraciones Públicas",119,JURIDICO
ESPECIAL,12,"La Ley 39/2015, de 1 de octubre, del procedimiento administrativo común de las Administraciones Públicas: La revisión de los actos en vía administrativa: la revisión de oficio","Ley 39/2015, de 1 de octubre, del Procedimiento Administrativo Común de las Administraciones Públicas",120,JURIDICO
ESPECIAL,12,"La Ley 39/2015, de 1 de octubre, del procedimiento administrativo común de las Administraciones Públicas: La revisión de los actos en vía administrativa: la revisión de oficio","Ley 39/2015, de 1 de octubre, del Procedimiento Administrativo Común de las Administraciones Públicas",121,JURIDICO
ESPECIAL,12,"La Ley 39/2015, de 1 de octubre, del procedimiento administrativo común de las Administraciones Públicas: La revisión de los actos en vía administrativa: la revisión de oficio","Ley 39/2015, de 1 de octubre, del Procedimiento Administrativo Común de las Administraciones Públicas",122,JURIDICO
ESPECIAL,12,"La Ley 39/2015, de 1 de octubre, del procedimiento administrativo común de las Administraciones Públicas: La revisión de los actos en vía administrativa: la revisión de oficio","Ley 39/2015, de 1 de octubre, del Procedimiento Administrativo Común de las Administraciones Públicas",123,JURIDICO
ESPECIAL,12,"La Ley 39/2015, de 1 de octubre, del procedimiento administrativo común de las Administraciones Públicas: La revisión de los actos en vía administrativa: la revisión de oficio","Ley 39/2015, de 1 de octubre, del Procedimiento Administrativo Común de las Administraciones Públicas",124,JURIDICO
ESPECIAL,12,"La Ley 39/2015, de 1 de octubre, del procedimiento administrativo común de las Administraciones Públicas: La revisión de los actos en vía administrativa: la revisión de oficio","Ley 39/2015, de 1 de octubre, del Procedimiento Administrativo Común de las Administraciones Públicas",125,JURIDICO
ESPECIAL,12,"La Ley 39/2015, de 1 de octubre, del procedimiento administrativo común de las Administraciones Públicas: La revisión de los actos en vía administrativa: la revisión de oficio","Ley 39/2015, de 1 de octubre, del Procedimiento Administrativo Común de las Administraciones Públicas",126,JURIDICO
ESPECIAL,13,"La Ley 40/2015, de 1 de octubre, de régimen jurídico del sector público: Disposiciones generales, principios de actuación y funcionamiento del sector público","Ley 40/2015, de 1 de octubre, de Régimen Jurídico del Sector Público",1,JURIDICO
ESPECIAL,13,"La Ley 40/2015, de 1 de octubre, de régimen jurídico del sector público: Disposiciones generales, principios de actuación y funcionamiento del sector público","Ley 40/2015, de 1 de octubre, de Régimen Jurídico del Sector Público",2,JURIDICO
ESPECIAL,13,"La Ley 40/2015, de 1 de octubre, de régimen jurídico del sector público: Disposiciones generales, principios de actuación y funcionamiento del sector público","Ley 40/2015, de 1 de octubre, de Régimen Jurídico del Sector Público",3,JURIDICO
ESPECIAL,13,"La Ley 40/2015, de 1 de octubre, de régimen jurídico del sector público: Disposiciones generales, principios de actuación y funcionamiento del sector público","Ley 40/2015, de 1 de octubre, de Régimen Jurídico del Sector Público",4,JURIDICO
ESPECIAL,13,"La Ley 40/2015, de 1 de octubre, de régimen jurídico del sector público: Disposiciones generales, principios de actuación y funcionamiento del sector público","Ley 40/2015, de 1 de octubre, de Régimen Jurídico del Sector Público",5,JURIDICO
ESPECIAL,13,"La Ley 40/2015, de 1 de octubre, de régimen jurídico del sector público: Disposiciones generales, principios de actuación y funcionamiento del sector público","Ley 40/2015, de 1 de octubre, de Régimen Jurídico del Sector Público",6,JURIDICO
ESPECIAL,13,"La Ley 40/2015, de 1 de octubre, de régimen jurídico del sector público: Disposiciones generales, principios de actuación y funcionamiento del sector público","Ley 40/2015, de 1 de octubre, de Régimen Jurídico del Sector Público",7,JURIDICO
ESPECIAL,13,"La Ley 40/2015, de 1 de octubre, de régimen jurídico del sector público: Disposiciones generales, principios de actuación y funcionamiento del sector público","Ley 40/2015, de 1 de octubre, de Régimen Jurídico del Sector Público",8,JURIDICO
ESPECIAL,13,"La Ley 40/2015, de 1 de octubre, de régimen jurídico del sector público: Disposiciones generales, principios de actuación y funcionamiento del sector público","Ley 40/2015, de 1 de octubre, de Régimen Jurídico del Sector Público",9,JURIDICO
ESPECIAL,13,"La Ley 40/2015, de 1 de octubre, de régimen jurídico del sector público: Disposiciones generales, principios de actuación y funcionamiento del sector público","Ley 40/2015, de 1 de octubre, de Régimen Jurídico del Sector Público",10,JURIDICO
ESPECIAL,13,"La Ley 40/2015, de 1 de octubre, de régimen jurídico del sector público: Disposiciones generales, principios de actuación y funcionamiento del sector público","Ley 40/2015, de 1 de octubre, de Régimen Jurídico del Sector Público",11,JURIDICO
ESPECIAL,13,"La Ley 40/2015, de 1 de octubre, de régimen jurídico del sector público: Disposiciones generales, principios de actuación y funcionamiento del sector público","Ley 40/2015, de 1 de octubre, de Régimen Jurídico del Sector Público",12,JURIDICO
ESPECIAL,13,"La Ley 40/2015, de 1 de octubre, de régimen jurídico del sector público: Disposiciones generales, principios de actuación y funcionamiento del sector público","Ley 40/2015, de 1 de octubre, de Régimen Jurídico del Sector Público",13,JURIDICO
ESPECIAL,13,"La Ley 40/2015, de 1 de octubre, de régimen jurídico del sector público: Disposiciones generales, principios de actuación y funcionamiento del sector público","Ley 40/2015, de 1 de octubre, de Régimen Jurídico del Sector Público",14,JURIDICO
ESPECIAL,13,"La Ley 40/2015, de 1 de octubre, de régimen jurídico del sector público: Disposiciones generales, principios de actuación y funcionamiento del sector público","Ley 40/2015, de 1 de octubre, de Régimen Jurídico del Sector Público",15,JURIDICO
ESPECIAL,13,"La Ley 40/2015, de 1 de octubre, de régimen jurídico del sector público: Disposiciones generales, principios de actuación y funcionamiento del sector público","Ley 40/2015, de 1 de octubre, de Régimen Jurídico del Sector Público",16,JURIDICO
ESPECIAL,13,"La Ley 40/2015, de 1 de octubre, de régimen jurídico del sector público: Disposiciones generales, principios de actuación y funcionamiento del sector público","Ley 40/2015, de 1 de octubre, de Régimen Jurídico del Sector Público",17,JURIDICO
ESPECIAL,13,"La Ley 40/2015, de 1 de octubre, de régimen jurídico del sector público: Disposiciones generales, principios de actuación y funcionamiento del sector público","Ley 40/2015, de 1 de octubre, de Régimen Jurídico del Sector Público",18,JURIDICO
ESPECIAL,13,"La Ley 40/2015, de 1 de octubre, de régimen jurídico del sector público: Disposiciones generales, principios de actuación y funcionamiento del sector público","Ley 40/2015, de 1 de octubre, de Régimen Jurídico del Sector Público",19,JURIDICO
ESPECIAL,13,"La Ley 40/2015, de 1 de octubre, de régimen jurídico del sector público: Disposiciones generales, principios de actuación y funcionamiento del sector público","Ley 40/2015, de 1 de octubre, de Régimen Jurídico del Sector Público",20,JURIDICO
ESPECIAL,13,"La Ley 40/2015, de 1 de octubre, de régimen jurídico del sector público: Disposiciones generales, principios de actuación y funcionamiento del sector público","Ley 40/2015, de 1 de octubre, de Régimen Jurídico del Sector Público",21,JURIDICO
ESPECIAL,13,"La Ley 40/2015, de 1 de octubre, de régimen jurídico del sector público: Disposiciones generales, principios de actuación y funcionamiento del sector público","Ley 40/2015, de 1 de octubre, de Régimen Jurídico del Sector Público",22,JURIDICO
ESPECIAL,13,"La Ley 40/2015, de 1 de octubre, de régimen jurídico del sector público: Disposiciones generales, principios de actuación y funcionamiento del sector público","Ley 40/2015, de 1 de octubre, de Régimen Jurídico del Sector Público",23,JURIDICO
ESPECIAL,13,"La Ley 40/2015, de 1 de octubre, de régimen jurídico del sector público: Disposiciones generales, principios de actuación y funcionamiento del sector público","Ley 40/2015, de 1 de octubre, de Régimen Jurídico del Sector Público",24,JURIDICO
ESPECIAL,13,"La Ley 40/2015, de 1 de octubre, de régimen jurídico del sector público: Disposiciones generales, principios de actuación y funcionamiento del sector público","Ley 40/2015, de 1 de octubre, de Régimen Jurídico del Sector Público",47,JURIDICO
ESPECIAL,13,"La Ley 40/2015, de 1 de octubre, de régimen jurídico del sector público: Disposiciones generales, principios de actuación y funcionamiento del sector público","Ley 40/2015, de 1 de octubre, de Régimen Jurídico del Sector Público",48,JURIDICO
ESPECIAL,13,"La Ley 40/2015, de 1 de octubre, de régimen jurídico del sector público: Disposiciones generales, principios de actuación y funcionamiento del sector público","Ley 40/2015, de 1 de octubre, de Régimen Jurídico del Sector Público",49,JURIDICO
ESPECIAL,13,"La Ley 40/2015, de 1 de octubre, de régimen jurídico del sector público: Disposiciones generales, principios de actuación y funcionamiento del sector público","Ley 40/2015, de 1 de octubre, de Régimen Jurídico del Sector Público",50,JURIDICO
ESPECIAL,13,"La Ley 40/2015, de 1 de octubre, de régimen jurídico del sector público: Disposiciones generales, principios de actuación y funcionamiento del sector público","Ley 40/2015, de 1 de octubre, de Régimen Jurídico del Sector Público",51,JURIDICO
ESPECIAL,13,"La Ley 40/2015, de 1 de octubre, de régimen jurídico del sector público: Disposiciones generales, principios de actuación y funcionamiento del sector público","Ley 40/2015, de 1 de octubre, de Régimen Jurídico del Sector Público",52,JURIDICO
ESPECIAL,13,"La Ley 40/2015, de 1 de octubre, de régimen jurídico del sector público: Disposiciones generales, principios de actuación y funcionamiento del sector público","Ley 40/2015, de 1 de octubre, de Régimen Jurídico del Sector Público",53,JURIDICO
ESPECIAL,13,"La Ley 40/2015, de 1 de octubre, de régimen jurídico del sector público: Disposiciones generales, principios de actuación y funcionamiento del sector público","Ley 40/2015, de 1 de octubre, de Régimen Jurídico del Sector Público",140,JURIDICO
ESPECIAL,13,"La Ley 40/2015, de 1 de octubre, de régimen jurídico del sector público: Disposiciones generales, principios de actuación y funcionamiento del sector público","Ley 40/2015, de 1 de octubre, de Régimen Jurídico del Sector Público",141,JURIDICO
ESPECIAL,13,"La Ley 40/2015, de 1 de octubre, de régimen jurídico del sector público: Disposiciones generales, principios de actuación y funcionamiento del sector público","Ley 40/2015, de 1 de octubre, de Régimen Jurídico del Sector Público",142,JURIDICO
ESPECIAL,13,"La Ley 40/2015, de 1 de octubre, de régimen jurídico del sector público: Disposiciones generales, principios de actuación y funcionamiento del sector público","Ley 40/2015, de 1 de octubre, de Régimen Jurídico del Sector Público",143,JURIDICO
ESPECIAL,13,"La Ley 40/2015, de 1 de octubre, de régimen jurídico del sector público: Disposiciones generales, principios de actuación y funcionamiento del sector público","Ley 40/2015, de 1 de octubre, de Régimen Jurídico del Sector Público",144,JURIDICO
ESPECIAL,13,"La Ley 40/2015, de 1 de octubre, de régimen jurídico del sector público: Disposiciones generales, principios de actuación y funcionamiento del sector público","Ley 40/2015, de 1 de octubre, de Régimen Jurídico del Sector Público",145,JURIDICO
ESPECIAL,13,"La Ley 40/2015, de 1 de octubre, de régimen jurídico del sector público: Disposiciones generales, principios de actuación y funcionamiento del sector público","Ley 40/2015, de 1 de octubre, de Régimen Jurídico del Sector Público",146,JURIDICO
ESPECIAL,13,"La Ley 40/2015, de 1 de octubre, de régimen jurídico del sector público: Disposiciones generales, principios de actuación y funcionamiento del sector público","Ley 40/2015, de 1 de octubre, de Régimen Jurídico del Sector Público",147,JURIDICO
ESPECIAL,13,"La Ley 40/2015, de 1 de octubre, de régimen jurídico del sector público: Disposiciones generales, principios de actuación y funcionamiento del sector público","Ley 40/2015, de 1 de octubre, de Régimen Jurídico del Sector Público",148,JURIDICO
ESPECIAL,13,"La Ley 40/2015, de 1 de octubre, de régimen jurídico del sector público: Disposiciones generales, principios de actuación y funcionamiento del sector público","Ley 40/2015, de 1 de octubre, de Régimen Jurídico del Sector Público",149,JURIDICO
ESPECIAL,13,"La Ley 40/2015, de 1 de octubre, de régimen jurídico del sector público: Disposiciones generales, principios de actuación y funcionamiento del sector público","Ley 40/2015, de 1 de octubre, de Régimen Jurídico del Sector Público",150,JURIDICO
ESPECIAL,13,"La Ley 40/2015, de 1 de octubre, de régimen jurídico del sector público: Disposiciones generales, principios de actuación y funcionamiento del sector público","Ley 40/2015, de 1 de octubre, de Régimen Jurídico del Sector Público",151,JURIDICO
ESPECIAL,13,"La Ley 40/2015, de 1 de octubre, de régimen jurídico del sector público: Disposiciones generales, principios de actuación y funcionamiento del sector público","Ley 40/2015, de 1 de octubre, de Régimen Jurídico del Sector Público",152,JURIDICO
ESPECIAL,13,"La Ley 40/2015, de 1 de octubre, de régimen jurídico del sector público: Disposiciones generales, principios de actuación y funcionamiento del sector público","Ley 40/2015, de 1 de octubre, de Régimen Jurídico del Sector Público",153,JURIDICO
ESPECIAL,13,"La Ley 40/2015, de 1 de octubre, de régimen jurídico del sector público: Disposiciones generales, principios de actuación y funcionamiento del sector público","Ley 40/2015, de 1 de octubre, de Régimen Jurídico del Sector Público",154,JURIDICO
ESPECIAL,13,"La Ley 40/2015, de 1 de octubre, de régimen jurídico del sector público: Disposiciones generales, principios de actuación y funcionamiento del sector público","Ley 40/2015, de 1 de octubre, de Régimen Jurídico del Sector Público",155,JURIDICO
ESPECIAL,13,"La Ley 40/2015, de 1 de octubre, de régimen jurídico del sector público: Disposiciones generales, principios de actuación y funcionamiento del sector público","Ley 40/2015, de 1 de octubre, de Régimen Jurídico del Sector Público",156,JURIDICO
ESPECIAL,13,"La Ley 40/2015, de 1 de octubre, de régimen jurídico del sector público: Disposiciones generales, principios de actuación y funcionamiento del sector público","Ley 40/2015, de 1 de octubre, de Régimen Jurídico del Sector Público",157,JURIDICO
ESPECIAL,13,"La Ley 40/2015, de 1 de octubre, de régimen jurídico del sector público: Disposiciones generales, principios de actuación y funcionamiento del sector público","Ley 40/2015, de 1 de octubre, de Régimen Jurídico del Sector Público",158,JURIDICO
ESPECIAL,14,"La Ley 40/2015, de 1 de octubre, de régimen jurídico del sector público: Administración General del Estado","Ley 40/2015, de 1 de octubre, de Régimen Jurídico del Sector Público",54,JURIDICO
ESPECIAL,14,"La Ley 40/2015, de 1 de octubre, de régimen jurídico del sector público: Administración General del Estado","Ley 40/2015, de 1 de octubre, de Régimen Jurídico del Sector Público",55,JURIDICO
ESPECIAL,14,"La Ley 40/2015, de 1 de octubre, de régimen jurídico del sector público: Administración General del Estado","Ley 40/2015, de 1 de octubre, de Régimen Jurídico del Sector Público",56,JURIDICO
ESPECIAL,14,"La Ley 40/2015, de 1 de octubre, de régimen jurídico del sector público: Administración General del Estado","Ley 40/2015, de 1 de octubre, de Régimen Jurídico del Sector Público",57,JURIDICO
ESPECIAL,14,"La Ley 40/2015, de 1 de octubre, de régimen jurídico del sector público: Administración General del Estado","Ley 40/2015, de 1 de octubre, de Régimen Jurídico del Sector Público",58,JURIDICO
ESPECIAL,14,"La Ley 40/2015, de 1 de octubre, de régimen jurídico del sector público: Administración General del Estado","Ley 40/2015, de 1 de octubre, de Régimen Jurídico del Sector Público",59,JURIDICO
ESPECIAL,14,"La Ley 40/2015, de 1 de octubre, de régimen jurídico del sector público: Administración General del Estado","Ley 40/2015, de 1 de octubre, de Régimen Jurídico del Sector Público",60,JURIDICO
ESPECIAL,14,"La Ley 40/2015, de 1 de octubre, de régimen jurídico del sector público: Administración General del Estado","Ley 40/2015, de 1 de octubre, de Régimen Jurídico del Sector Público",61,JURIDICO
ESPECIAL,14,"La Ley 40/2015, de 1 de octubre, de régimen jurídico del sector público: Administración General del Estado","Ley 40/2015, de 1 de octubre, de Régimen Jurídico del Sector Público",62,JURIDICO
ESPECIAL,14,"La Ley 40/2015, de 1 de octubre, de régimen jurídico del sector público: Administración General del Estado","Ley 40/2015, de 1 de octubre, de Régimen Jurídico del Sector Público",63,JURIDICO
ESPECIAL,14,"La Ley 40/2015, de 1 de octubre, de régimen jurídico del sector público: Administración General del Estado","Ley 40/2015, de 1 de octubre, de Régimen Jurídico del Sector Público",64,JURIDICO
ESPECIAL,14,"La Ley 40/2015, de 1 de octubre, de régimen jurídico del sector público: Administración General del Estado","Ley 40/2015, de 1 de octubre, de Régimen Jurídico del Sector Público",65,JURIDICO
ESPECIAL,14,"La Ley 40/2015, de 1 de octubre, de régimen jurídico del sector público: Administración General del Estado","Ley 40/2015, de 1 de octubre, de Régimen Jurídico del Sector Público",66,JURIDICO
ESPECIAL,14,"La Ley 40/2015, de 1 de octubre, de régimen jurídico del sector público: Administración General del Estado","Ley 40/2015, de 1 de octubre, de Régimen Jurídico del Sector Público",67,JURIDICO
ESPECIAL,14,"La Ley 40/2015, de 1 de octubre, de régimen jurídico del sector público: Administración General del Estado","Ley 40/2015, de 1 de octubre, de Régimen Jurídico del Sector Público",68,JURIDICO
ESPECIAL,14,"La Ley 40/2015, de 1 de octubre, de régimen jurídico del sector público: Administración General del Estado","Ley 40/2015, de 1 de octubre, de Régimen Jurídico del Sector Público",69,JURIDICO
ESPECIAL,14,"La Ley 40/2015, de 1 de octubre, de régimen jurídico del sector público: Administración General del Estado","Ley 40/2015, de 1 de octubre, de Régimen Jurídico del Sector Público",70,JURIDICO
ESPECIAL,14,"La Ley 40/2015, de 1 de octubre, de régimen jurídico del sector público: Administración General del Estado","Ley 40/2015, de 1 de octubre, de Régimen Jurídico del Sector Público",71,JURIDICO
ESPECIAL,14,"La Ley 40/2015, de 1 de octubre, de régimen jurídico del sector público: Administración General del Estado","Ley 40/2015, de 1 de octubre, de Régimen Jurídico del Sector Público",72,JURIDICO
ESPECIAL,14,"La Ley 40/2015, de 1 de octubre, de régimen jurídico del sector público: Administración General del Estado","Ley 40/2015, de 1 de octubre, de Régimen Jurídico del Sector Público",73,JURIDICO
ESPECIAL,14,"La Ley 40/2015, de 1 de octubre, de régimen jurídico del sector público: Administración General del Estado","Ley 40/2015, de 1 de octubre, de Régimen Jurídico del Sector Público",74,JURIDICO
ESPECIAL,14,"La Ley 40/2015, de 1 de octubre, de régimen jurídico del sector público: Administración General del Estado","Ley 40/2015, de 1 de octubre, de Régimen Jurídico del Sector Público",75,JURIDICO
ESPECIAL,14,"La Ley 40/2015, de 1 de octubre, de régimen jurídico del sector público: Administración General del Estado","Ley 40/2015, de 1 de octubre, de Régimen Jurídico del Sector Público",76,JURIDICO
ESPECIAL,14,"La Ley 40/2015, de 1 de octubre, de régimen jurídico del sector público: Administración General del Estado","Ley 40/2015, de 1 de octubre, de Régimen Jurídico del Sector Público",77,JURIDICO
ESPECIAL,14,"La Ley 40/2015, de 1 de octubre, de régimen jurídico del sector público: Administración General del Estado","Ley 40/2015, de 1 de octubre, de Régimen Jurídico del Sector Público",78,JURIDICO
ESPECIAL,14,"La Ley 40/2015, de 1 de octubre, de régimen jurídico del sector público: Administración General del Estado","Ley 40/2015, de 1 de octubre, de Régimen Jurídico del Sector Público",79,JURIDICO
ESPECIAL,14,"La Ley 40/2015, de 1 de octubre, de régimen jurídico del sector público: Administración General del Estado","Ley 40/2015, de 1 de octubre, de Régimen Jurídico del Sector Público",80,JURIDICO
ESPECIAL,14,"La Ley 40/2015, de 1 de octubre, de régimen jurídico del sector público: Administración General del Estado","Ley 40/2015, de 1 de octubre, de Régimen Jurídico del Sector Público",81,JURIDICO
ESPECIAL,14,"La Ley 40/2015, de 1 de octubre, de régimen jurídico del sector público: Administración General del Estado","Ley 40/2015, de 1 de octubre, de Régimen Jurídico del Sector Público",82,JURIDICO
ESPECIAL,14,"La Ley 40/2015, de 1 de octubre, de régimen jurídico del sector público: Administración General del Estado","Ley 40/2015, de 1 de octubre, de Régimen Jurídico del Sector Público",83,JURIDICO
ESPECIAL,14,"La Ley 40/2015, de 1 de octubre, de régimen jurídico del sector público: Administración General del Estado","Ley 40/2015, de 1 de octubre, de Régimen Jurídico del Sector Público",84,JURIDICO
ESPECIAL,14,"La Ley 40/2015, de 1 de octubre, de régimen jurídico del sector público: Administración General del Estado","Ley 40/2015, de 1 de octubre, de Régimen Jurídico del Sector Público",85,JURIDICO
ESPECIAL,14,"La Ley 40/2015, de 1 de octubre, de régimen jurídico del sector público: Administración General del Estado","Ley 40/2015, de 1 de octubre, de Régimen Jurídico del Sector Público",86,JURIDICO
ESPECIAL,14,"La Ley 40/2015, de 1 de octubre, de régimen jurídico del sector público: Administración General del Estado","Ley 40/2015, de 1 de octubre, de Régimen Jurídico del Sector Público",87,JURIDICO
ESPECIAL,14,"La Ley 40/2015, de 1 de octubre, de régimen jurídico del sector público: Administración General del Estado","Ley 40/2015, de 1 de octubre, de Régimen Jurídico del Sector Público",88,JURIDICO
ESPECIAL,14,"La Ley 40/2015, de 1 de octubre, de régimen jurídico del sector público: Administración General del Estado","Ley 40/2015, de 1 de octubre, de Régimen Jurídico del Sector Público",89,JURIDICO
ESPECIAL,14,"La Ley 40/2015, de 1 de octubre, de régimen jurídico del sector público: Administración General del Estado","Ley 40/2015, de 1 de octubre, de Régimen Jurídico del Sector Público",90,JURIDICO
ESPECIAL,14,"La Ley 40/2015, de 1 de octubre, de régimen jurídico del sector público: Administración General del Estado","Ley 40/2015, de 1 de octubre, de Régimen Jurídico del Sector Público",91,JURIDICO
ESPECIAL,14,"La Ley 40/2015, de 1 de octubre, de régimen jurídico del sector público: Administración General del Estado","Ley 40/2015, de 1 de octubre, de Régimen Jurídico del Sector Público",92,JURIDICO
ESPECIAL,14,"La Ley 40/2015, de 1 de octubre, de régimen jurídico del sector público: Administración General del Estado","Ley 40/2015, de 1 de octubre, de Régimen Jurídico del Sector Público",93,JURIDICO
ESPECIAL,14,"La Ley 40/2015, de 1 de octubre, de régimen jurídico del sector público: Administración General del Estado","Ley 40/2015, de 1 de octubre, de Régimen Jurídico del Sector Público",94,JURIDICO
ESPECIAL,14,"La Ley 40/2015, de 1 de octubre, de régimen jurídico del sector público: Administración General del Estado","Ley 40/2015, de 1 de octubre, de Régimen Jurídico del Sector Público",95,JURIDICO
ESPECIAL,14,"La Ley 40/2015, de 1 de octubre, de régimen jurídico del sector público: Administración General del Estado","Ley 40/2015, de 1 de octubre, de Régimen Jurídico del Sector Público",96,JURIDICO
ESPECIAL,14,"La Ley 40/2015, de 1 de octubre, de régimen jurídico del sector público: Administración General del Estado","Ley 40/2015, de 1 de octubre, de Régimen Jurídico del Sector Público",97,JURIDICO
ESPECIAL,14,"La Ley 40/2015, de 1 de octubre, de régimen jurídico del sector público: Administración General del Estado","Ley 40/2015, de 1 de octubre, de Régimen Jurídico del Sector Público",98,JURIDICO
ESPECIAL,14,"La Ley 40/2015, de 1 de octubre, de régimen jurídico del sector público: Administración General del Estado","Ley 40/2015, de 1 de octubre, de Régimen Jurídico del Sector Público",99,JURIDICO
ESPECIAL,14,"La Ley 40/2015, de 1 de octubre, de régimen jurídico del sector público: Administración General del Estado","Ley 40/2015, de 1 de octubre, de Régimen Jurídico del Sector Público",100,JURIDICO
ESPECIAL,14,"La Ley 40/2015, de 1 de octubre, de régimen jurídico del sector público: Administración General del Estado","Ley 40/2015, de 1 de octubre, de Régimen Jurídico del Sector Público",101,JURIDICO
ESPECIAL,14,"La Ley 40/2015, de 1 de octubre, de régimen jurídico del sector público: Administración General del Estado","Ley 40/2015, de 1 de octubre, de Régimen Jurídico del Sector Público",102,JURIDICO
ESPECIAL,14,"La Ley 40/2015, de 1 de octubre, de régimen jurídico del sector público: Administración General del Estado","Ley 40/2015, de 1 de octubre, de Régimen Jurídico del Sector Público",103,JURIDICO
ESPECIAL,14,"La Ley 40/2015, de 1 de octubre, de régimen jurídico del sector público: Administración General del Estado","Ley 40/2015, de 1 de octubre, de Régimen Jurídico del Sector Público",104,JURIDICO
ESPECIAL,14,"La Ley 40/2015, de 1 de octubre, de régimen jurídico del sector público: Administración General del Estado","Ley 40/2015, de 1 de octubre, de Régimen Jurídico del Sector Público",105,JURIDICO
ESPECIAL,14,"La Ley 40/2015, de 1 de octubre, de régimen jurídico del sector público: Administración General del Estado","Ley 40/2015, de 1 de octubre, de Régimen Jurídico del Sector Público",106,JURIDICO
ESPECIAL,14,"La Ley 40/2015, de 1 de octubre, de régimen jurídico del sector público: Administración General del Estado","Ley 40/2015, de 1 de octubre, de Régimen Jurídico del Sector Público",107,JURIDICO
ESPECIAL,14,"La Ley 40/2015, de 1 de octubre, de régimen jurídico del sector público: Administración General del Estado","Ley 40/2015, de 1 de octubre, de Régimen Jurídico del Sector Público",108,JURIDICO
ESPECIAL,14,"La Ley 40/2015, de 1 de octubre, de régimen jurídico del sector público: Administración General del Estado","Ley 40/2015, de 1 de octubre, de Régimen Jurídico del Sector Público",109,JURIDICO
ESPECIAL,14,"La Ley 40/2015, de 1 de octubre, de régimen jurídico del sector público: Administración General del Estado","Ley 40/2015, de 1 de octubre, de Régimen Jurídico del Sector Público",110,JURIDICO
ESPECIAL,14,"La Ley 40/2015, de 1 de octubre, de régimen jurídico del sector público: Administración General del Estado","Ley 40/2015, de 1 de octubre, de Régimen Jurídico del Sector Público",111,JURIDICO
ESPECIAL,14,"La Ley 40/2015, de 1 de octubre, de régimen jurídico del sector público: Administración General del Estado","Ley 40/2015, de 1 de octubre, de Régimen Jurídico del Sector Público",112,JURIDICO
ESPECIAL,14,"La Ley 40/2015, de 1 de octubre, de régimen jurídico del sector público: Administración General del Estado","Ley 40/2015, de 1 de octubre, de Régimen Jurídico del Sector Público",113,JURIDICO
ESPECIAL,14,"La Ley 40/2015, de 1 de octubre, de régimen jurídico del sector público: Administración General del Estado","Ley 40/2015, de 1 de octubre, de Régimen Jurídico del Sector Público",114,JURIDICO
ESPECIAL,14,"La Ley 40/2015, de 1 de octubre, de régimen jurídico del sector público: Administración General del Estado","Ley 40/2015, de 1 de octubre, de Régimen Jurídico del Sector Público",115,JURIDICO
ESPECIAL,14,"La Ley 40/2015, de 1 de octubre, de régimen jurídico del sector público: Administración General del Estado","Ley 40/2015, de 1 de octubre, de Régimen Jurídico del Sector Público",116,JURIDICO
ESPECIAL,14,"La Ley 40/2015, de 1 de octubre, de régimen jurídico del sector público: Administración General del Estado","Ley 40/2015, de 1 de octubre, de Régimen Jurídico del Sector Público",117,JURIDICO
ESPECIAL,14,"La Ley 40/2015, de 1 de octubre, de régimen jurídico del sector público: Administración General del Estado","Ley 40/2015, de 1 de octubre, de Régimen Jurídico del Sector Público",118,JURIDICO
ESPECIAL,14,"La Ley 40/2015, de 1 de octubre, de régimen jurídico del sector público: Administración General del Estado","Ley 40/2015, de 1 de octubre, de Régimen Jurídico del Sector Público",119,JURIDICO
ESPECIAL,14,"La Ley 40/2015, de 1 de octubre, de régimen jurídico del sector público: Administración General del Estado","Ley 40/2015, de 1 de octubre, de Régimen Jurídico del Sector Público",120,JURIDICO
ESPECIAL,14,"La Ley 40/2015, de 1 de octubre, de régimen jurídico del sector público: Administración General del Estado","Ley 40/2015, de 1 de octubre, de Régimen Jurídico del Sector Público",121,JURIDICO
ESPECIAL,14,"La Ley 40/2015, de 1 de octubre, de régimen jurídico del sector público: Administración General del Estado","Ley 40/2015, de 1 de octubre, de Régimen Jurídico del Sector Público",122,JURIDICO
ESPECIAL,14,"La Ley 40/2015, de 1 de octubre, de régimen jurídico del sector público: Administración General del Estado","Ley 40/2015, de 1 de octubre, de Régimen Jurídico del Sector Público",123,JURIDICO
ESPECIAL,14,"La Ley 40/2015, de 1 de octubre, de régimen jurídico del sector público: Administración General del Estado","Ley 40/2015, de 1 de octubre, de Régimen Jurídico del Sector Público",124,JURIDICO
ESPECIAL,14,"La Ley 40/2015, de 1 de octubre, de régimen jurídico del sector público: Administración General del Estado","Ley 40/2015, de 1 de octubre, de Régimen Jurídico del Sector Público",125,JURIDICO
ESPECIAL,14,"La Ley 40/2015, de 1 de octubre, de régimen jurídico del sector público: Administración General del Estado","Ley 40/2015, de 1 de octubre, de Régimen Jurídico del Sector Público",126,JURIDICO
ESPECIAL,14,"La Ley 40/2015, de 1 de octubre, de régimen jurídico del sector público: Administración General del Estado","Ley 40/2015, de 1 de octubre, de Régimen Jurídico del Sector Público",127,JURIDICO
ESPECIAL,14,"La Ley 40/2015, de 1 de octubre, de régimen jurídico del sector público: Administración General del Estado","Ley 40/2015, de 1 de octubre, de Régimen Jurídico del Sector Público",128,JURIDICO
ESPECIAL,14,"La Ley 40/2015, de 1 de octubre, de régimen jurídico del sector público: Administración General del Estado","Ley 40/2015, de 1 de octubre, de Régimen Jurídico del Sector Público",129,JURIDICO
ESPECIAL,14,"La Ley 40/2015, de 1 de octubre, de régimen jurídico del sector público: Administración General del Estado","Ley 40/2015, de 1 de octubre, de Régimen Jurídico del Sector Público",130,JURIDICO
ESPECIAL,14,"La Ley 40/2015, de 1 de octubre, de régimen jurídico del sector público: Administración General del Estado","Ley 40/2015, de 1 de octubre, de Régimen Jurídico del Sector Público",131,JURIDICO
ESPECIAL,14,"La Ley 40/2015, de 1 de octubre, de régimen jurídico del sector público: Administración General del Estado","Ley 40/2015, de 1 de octubre, de Régimen Jurídico del Sector Público",132,JURIDICO
ESPECIAL,14,"La Ley 40/2015, de 1 de octubre, de régimen jurídico del sector público: Administración General del Estado","Ley 40/2015, de 1 de octubre, de Régimen Jurídico del Sector Público",133,JURIDICO
ESPECIAL,14,"La Ley 40/2015, de 1 de octubre, de régimen jurídico del sector público: Administración General del Estado","Ley 40/2015, de 1 de octubre, de Régimen Jurídico del Sector Público",134,JURIDICO
ESPECIAL,14,"La Ley 40/2015, de 1 de octubre, de régimen jurídico del sector público: Administración General del Estado","Ley 40/2015, de 1 de octubre, de Régimen Jurídico del Sector Público",135,JURIDICO
ESPECIAL,14,"La Ley 40/2015, de 1 de octubre, de régimen jurídico del sector público: Administración General del Estado","Ley 40/2015, de 1 de octubre, de Régimen Jurídico del Sector Público",136,JURIDICO
ESPECIAL,14,"La Ley 40/2015, de 1 de octubre, de régimen jurídico del sector público: Administración General del Estado","Ley 40/2015, de 1 de octubre, de Régimen Jurídico del Sector Público",137,JURIDICO
ESPECIAL,14,"La Ley 40/2015, de 1 de octubre, de régimen jurídico del sector público: Administración General del Estado","Ley 40/2015, de 1 de octubre, de Régimen Jurídico del Sector Público",138,JURIDICO
ESPECIAL,14,"La Ley 40/2015, de 1 de octubre, de régimen jurídico del sector público: Administración General del Estado","Ley 40/2015, de 1 de octubre, de Régimen Jurídico del Sector Público",139,JURIDICO
ESPECIAL,15,La potestad sancionadora de la Administración,"Ley 39/2015, de 1 de octubre, del Procedimiento Administrativo Común de las Administraciones Públicas",63,JURIDICO
ESPECIAL,15,La potestad sancionadora de la Administración,"Ley 39/2015, de 1 de octubre, del Procedimiento Administrativo Común de las Administraciones Públicas",64,JURIDICO
ESPECIAL,15,La potestad sancionadora de la Administración,"Ley 39/2015, de 1 de octubre, del Procedimiento Administrativo Común de las Administraciones Públicas",85,JURIDICO
ESPECIAL,15,La potestad sancionadora de la Administración,"Ley 39/2015, de 1 de octubre, del Procedimiento Administrativo Común de las Administraciones Públicas",89,JURIDICO
ESPECIAL,15,La potestad sancionadora de la Administración,"Ley 39/2015, de 1 de octubre, del Procedimiento Administrativo Común de las Administraciones Públicas",90,JURIDICO
ESPECIAL,15,La potestad sancionadora de la Administración,"Ley 40/2015, de 1 de octubre, de Régimen Jurídico del Sector Público",25,JURIDICO
ESPECIAL,15,La potestad sancionadora de la Administración,"Ley 40/2015, de 1 de octubre, de Régimen Jurídico del Sector Público",26,JURIDICO
ESPECIAL,15,La potestad sancionadora de la Administración,"Ley 40/2015, de 1 de octubre, de Régimen Jurídico del Sector Público",27,JURIDICO
ESPECIAL,15,La potestad sancionadora de la Administración,"Ley 40/2015, de 1 de octubre, de Régimen Jurídico del Sector Público",28,JURIDICO
ESPECIAL,15,La potestad sancionadora de la Administración,"Ley 40/2015, de 1 de octubre, de Régimen Jurídico del Sector Público",29,JURIDICO
ESPECIAL,15,La potestad sancionadora de la Administración,"Ley 40/2015, de 1 de octubre, de Régimen Jurídico del Sector Público",30,JURIDICO
ESPECIAL,15,La potestad sancionadora de la Administración,"Ley 40/2015, de 1 de octubre, de Régimen Jurídico del Sector Público",31,JURIDICO
ESPECIAL,16,La responsabilidad patrimonial de la Administración Pública,"Ley 39/2015, de 1 de octubre, del Procedimiento Administrativo Común de las Administraciones Públicas",65,JURIDICO
ESPECIAL,16,La responsabilidad patrimonial de la Administración Pública,"Ley 39/2015, de 1 de octubre, del Procedimiento Administrativo Común de las Administraciones Públicas",67,JURIDICO
ESPECIAL,16,La responsabilidad patrimonial de la Administración Pública,"Ley 39/2015, de 1 de octubre, del Procedimiento Administrativo Común de las Administraciones Públicas",81,JURIDICO
ESPECIAL,16,La responsabilidad patrimonial de la Administración Pública,"Ley 39/2015, de 1 de octubre, del Procedimiento Administrativo Común de las Administraciones Públicas",82,JURIDICO
ESPECIAL,16,La responsabilidad patrimonial de la Administración Pública,"Ley 39/2015, de 1 de octubre, del Procedimiento Administrativo Común de las Administraciones Públicas",86,JURIDICO
ESPECIAL,16,La responsabilidad patrimonial de la Administración Pública,"Ley 39/2015, de 1 de octubre, del Procedimiento Administrativo Común de las Administraciones Públicas",91,JURIDICO
ESPECIAL,16,La responsabilidad patrimonial de la Administración Pública,"Ley 39/2015, de 1 de octubre, del Procedimiento Administrativo Común de las Administraciones Públicas",92,JURIDICO
ESPECIAL,16,La responsabilidad patrimonial de la Administración Pública,"Ley 40/2015, de 1 de octubre, de Régimen Jurídico del Sector Público",32,JURIDICO
ESPECIAL,16,La responsabilidad patrimonial de la Administración Pública,"Ley 40/2015, de 1 de octubre, de Régimen Jurídico del Sector Público",33,JURIDICO
ESPECIAL,16,La responsabilidad patrimonial de la Administración Pública,"Ley 40/2015, de 1 de octubre, de Régimen Jurídico del Sector Público",34,JURIDICO
ESPECIAL,16,La responsabilidad patrimonial de la Administración Pública,"Ley 40/2015, de 1 de octubre, de Régimen Jurídico del Sector Público",35,JURIDICO
ESPECIAL,16,La responsabilidad patrimonial de la Administración Pública,"Ley 40/2015, de 1 de octubre, de Régimen Jurídico del Sector Público",36,JURIDICO
ESPECIAL,16,La responsabilidad patrimonial de la Administración Pública,"Ley 40/2015, de 1 de octubre, de Régimen Jurídico del Sector Público",37,JURIDICO
ESPECIAL,17,El patrimonio de las administraciones públicas: legislación básica del Estado,"Ley 14/2003, de 10 de abril, de Patrimonio de la Generalitat Valenciana",1,JURIDICO
ESPECIAL,17,El patrimonio de las administraciones públicas: legislación básica del Estado,"Ley 14/2003, de 10 de abril, de Patrimonio de la Generalitat Valenciana",2,JURIDICO
ESPECIAL,17,El patrimonio de las administraciones públicas: legislación básica del Estado,"Ley 14/2003, de 10 de abril, de Patrimonio de la Generalitat Valenciana",3,JURIDICO
ESPECIAL,17,El patrimonio de las administraciones públicas: legislación básica del Estado,"Ley 14/2003, de 10 de abril, de Patrimonio de la Generalitat Valenciana",4,JURIDICO
ESPECIAL,17,El patrimonio de las administraciones públicas: legislación básica del Estado,"Ley 14/2003, de 10 de abril, de Patrimonio de la Generalitat Valenciana",5,JURIDICO
ESPECIAL,17,El patrimonio de las administraciones públicas: legislación básica del Estado,"Ley 14/2003, de 10 de abril, de Patrimonio de la Generalitat Valenciana",6,JURIDICO
ESPECIAL,17,El patrimonio de las administraciones públicas: legislación básica del Estado,"Ley 14/2003, de 10 de abril, de Patrimonio de la Generalitat Valenciana",7,JURIDICO
ESPECIAL,17,El patrimonio de las administraciones públicas: legislación básica del Estado,"Ley 14/2003, de 10 de abril, de Patrimonio de la Generalitat Valenciana",8,JURIDICO
ESPECIAL,17,El patrimonio de las administraciones públicas: legislación básica del Estado,"Ley 14/2003, de 10 de abril, de Patrimonio de la Generalitat Valenciana",9,JURIDICO
ESPECIAL,17,El patrimonio de las administraciones públicas: legislación básica del Estado,"Ley 14/2003, de 10 de abril, de Patrimonio de la Generalitat Valenciana",10,JURIDICO
ESPECIAL,17,El patrimonio de las administraciones públicas: legislación básica del Estado,"Ley 14/2003, de 10 de abril, de Patrimonio de la Generalitat Valenciana",11,JURIDICO
ESPECIAL,17,El patrimonio de las administraciones públicas: legislación básica del Estado,"Ley 14/2003, de 10 de abril, de Patrimonio de la Generalitat Valenciana",12,JURIDICO
ESPECIAL,17,El patrimonio de las administraciones públicas: legislación básica del Estado,"Ley 14/2003, de 10 de abril, de Patrimonio de la Generalitat Valenciana",13,JURIDICO
ESPECIAL,17,El patrimonio de las administraciones públicas: legislación básica del Estado,"Ley 14/2003, de 10 de abril, de Patrimonio de la Generalitat Valenciana",14,JURIDICO
ESPECIAL,17,El patrimonio de las administraciones públicas: legislación básica del Estado,"Ley 14/2003, de 10 de abril, de Patrimonio de la Generalitat Valenciana",15,JURIDICO
ESPECIAL,17,El patrimonio de las administraciones públicas: legislación básica del Estado,"Ley 14/2003, de 10 de abril, de Patrimonio de la Generalitat Valenciana",16,JURIDICO
ESPECIAL,17,El patrimonio de las administraciones públicas: legislación básica del Estado,"Ley 14/2003, de 10 de abril, de Patrimonio de la Generalitat Valenciana",17,JURIDICO
ESPECIAL,17,El patrimonio de las administraciones públicas: legislación básica del Estado,"Ley 14/2003, de 10 de abril, de Patrimonio de la Generalitat Valenciana",18,JURIDICO
ESPECIAL,17,El patrimonio de las administraciones públicas: legislación básica del Estado,"Ley 14/2003, de 10 de abril, de Patrimonio de la Generalitat Valenciana",19,JURIDICO
ESPECIAL,17,El patrimonio de las administraciones públicas: legislación básica del Estado,"Ley 14/2003, de 10 de abril, de Patrimonio de la Generalitat Valenciana",20,JURIDICO
ESPECIAL,17,El patrimonio de las administraciones públicas: legislación básica del Estado,"Ley 14/2003, de 10 de abril, de Patrimonio de la Generalitat Valenciana",21,JURIDICO
ESPECIAL,17,El patrimonio de las administraciones públicas: legislación básica del Estado,"Ley 14/2003, de 10 de abril, de Patrimonio de la Generalitat Valenciana",22,JURIDICO
ESPECIAL,17,El patrimonio de las administraciones públicas: legislación básica del Estado,"Ley 14/2003, de 10 de abril, de Patrimonio de la Generalitat Valenciana",23,JURIDICO
ESPECIAL,17,El patrimonio de las administraciones públicas: legislación básica del Estado,"Ley 14/2003, de 10 de abril, de Patrimonio de la Generalitat Valenciana",24,JURIDICO
ESPECIAL,17,El patrimonio de las administraciones públicas: legislación básica del Estado,"Ley 14/2003, de 10 de abril, de Patrimonio de la Generalitat Valenciana",25,JURIDICO
ESPECIAL,17,El patrimonio de las administraciones públicas: legislación básica del Estado,"Ley 14/2003, de 10 de abril, de Patrimonio de la Generalitat Valenciana",26,JURIDICO
ESPECIAL,17,El patrimonio de las administraciones públicas: legislación básica del Estado,"Ley 14/2003, de 10 de abril, de Patrimonio de la Generalitat Valenciana",27,JURIDICO
ESPECIAL,17,El patrimonio de las administraciones públicas: legislación básica del Estado,"Ley 14/2003, de 10 de abril, de Patrimonio de la Generalitat Valenciana",28,JURIDICO
ESPECIAL,17,El patrimonio de las administraciones públicas: legislación básica del Estado,"Ley 14/2003, de 10 de abril, de Patrimonio de la Generalitat Valenciana",29,JURIDICO
ESPECIAL,17,El patrimonio de las administraciones públicas: legislación básica del Estado,"Ley 14/2003, de 10 de abril, de Patrimonio de la Generalitat Valenciana",30,JURIDICO
ESPECIAL,17,El patrimonio de las administraciones públicas: legislación básica del Estado,"Ley 14/2003, de 10 de abril, de Patrimonio de la Generalitat Valenciana",31,JURIDICO
ESPECIAL,17,El patrimonio de las administraciones públicas: legislación básica del Estado,"Ley 14/2003, de 10 de abril, de Patrimonio de la Generalitat Valenciana",32,JURIDICO
ESPECIAL,17,El patrimonio de las administraciones públicas: legislación básica del Estado,"Ley 14/2003, de 10 de abril, de Patrimonio de la Generalitat Valenciana",33,JURIDICO
ESPECIAL,17,El patrimonio de las administraciones públicas: legislación básica del Estado,"Ley 14/2003, de 10 de abril, de Patrimonio de la Generalitat Valenciana",34,JURIDICO
ESPECIAL,17,El patrimonio de las administraciones públicas: legislación básica del Estado,"Ley 14/2003, de 10 de abril, de Patrimonio de la Generalitat Valenciana",35,JURIDICO
ESPECIAL,17,El patrimonio de las administraciones públicas: legislación básica del Estado,"Ley 14/2003, de 10 de abril, de Patrimonio de la Generalitat Valenciana",36,JURIDICO
ESPECIAL,17,El patrimonio de las administraciones públicas: legislación básica del Estado,"Ley 14/2003, de 10 de abril, de Patrimonio de la Generalitat Valenciana",37,JURIDICO
ESPECIAL,17,El patrimonio de las administraciones públicas: legislación básica del Estado,"Ley 14/2003, de 10 de abril, de Patrimonio de la Generalitat Valenciana",38,JURIDICO
ESPECIAL,17,El patrimonio de las administraciones públicas: legislación básica del Estado,"Ley 14/2003, de 10 de abril, de Patrimonio de la Generalitat Valenciana",39,JURIDICO
ESPECIAL,17,El patrimonio de las administraciones públicas: legislación básica del Estado,"Ley 14/2003, de 10 de abril, de Patrimonio de la Generalitat Valenciana",40,JURIDICO
ESPECIAL,17,El patrimonio de las administraciones públicas: legislación básica del Estado,"Ley 14/2003, de 10 de abril, de Patrimonio de la Generalitat Valenciana",41,JURIDICO
ESPECIAL,17,El patrimonio de las administraciones públicas: legislación básica del Estado,"Ley 14/2003, de 10 de abril, de Patrimonio de la Generalitat Valenciana",42,JURIDICO
ESPECIAL,17,El patrimonio de las administraciones públicas: legislación básica del Estado,"Ley 14/2003, de 10 de abril, de Patrimonio de la Generalitat Valenciana",43,JURIDICO
ESPECIAL,17,El patrimonio de las administraciones públicas: legislación básica del Estado,"Ley 14/2003, de 10 de abril, de Patrimonio de la Generalitat Valenciana",44,JURIDICO
ESPECIAL,17,El patrimonio de las administraciones públicas: legislación básica del Estado,"Ley 14/2003, de 10 de abril, de Patrimonio de la Generalitat Valenciana",45,JURIDICO
ESPECIAL,17,El patrimonio de las administraciones públicas: legislación básica del Estado,"Ley 14/2003, de 10 de abril, de Patrimonio de la Generalitat Valenciana",46,JURIDICO
ESPECIAL,17,El patrimonio de las administraciones públicas: legislación básica del Estado,"Ley 14/2003, de 10 de abril, de Patrimonio de la Generalitat Valenciana",47,JURIDICO
ESPECIAL,17,El patrimonio de las administraciones públicas: legislación básica del Estado,"Ley 14/2003, de 10 de abril, de Patrimonio de la Generalitat Valenciana",48,JURIDICO
ESPECIAL,17,El patrimonio de las administraciones públicas: legislación básica del Estado,"Ley 14/2003, de 10 de abril, de Patrimonio de la Generalitat Valenciana",49,JURIDICO
ESPECIAL,17,El patrimonio de las administraciones públicas: legislación básica del Estado,"Ley 14/2003, de 10 de abril, de Patrimonio de la Generalitat Valenciana",50,JURIDICO
ESPECIAL,17,El patrimonio de las administraciones públicas: legislación básica del Estado,"Ley 14/2003, de 10 de abril, de Patrimonio de la Generalitat Valenciana",51,JURIDICO
ESPECIAL,17,El patrimonio de las administraciones públicas: legislación básica del Estado,"Ley 14/2003, de 10 de abril, de Patrimonio de la Generalitat Valenciana",52,JURIDICO
ESPECIAL,17,El patrimonio de las administraciones públicas: legislación básica del Estado,"Ley 14/2003, de 10 de abril, de Patrimonio de la Generalitat Valenciana",53,JURIDICO
ESPECIAL,17,El patrimonio de las administraciones públicas: legislación básica del Estado,"Ley 14/2003, de 10 de abril, de Patrimonio de la Generalitat Valenciana",54,JURIDICO
ESPECIAL,17,El patrimonio de las administraciones públicas: legislación básica del Estado,"Ley 14/2003, de 10 de abril, de Patrimonio de la Generalitat Valenciana",55,JURIDICO
ESPECIAL,17,El patrimonio de las administraciones públicas: legislación básica del Estado,"Ley 14/2003, de 10 de abril, de Patrimonio de la Generalitat Valenciana",56,JURIDICO
ESPECIAL,17,El patrimonio de las administraciones públicas: legislación básica del Estado,"Ley 14/2003, de 10 de abril, de Patrimonio de la Generalitat Valenciana",57,JURIDICO
ESPECIAL,17,El patrimonio de las administraciones públicas: legislación básica del Estado,"Ley 14/2003, de 10 de abril, de Patrimonio de la Generalitat Valenciana",58,JURIDICO
ESPECIAL,17,El patrimonio de las administraciones públicas: legislación básica del Estado,"Ley 14/2003, de 10 de abril, de Patrimonio de la Generalitat Valenciana",59,JURIDICO
ESPECIAL,17,El patrimonio de las administraciones públicas: legislación básica del Estado,"Ley 14/2003, de 10 de abril, de Patrimonio de la Generalitat Valenciana",60,JURIDICO
ESPECIAL,17,El patrimonio de las administraciones públicas: legislación básica del Estado,"Ley 14/2003, de 10 de abril, de Patrimonio de la Generalitat Valenciana",61,JURIDICO
ESPECIAL,17,El patrimonio de las administraciones públicas: legislación básica del Estado,"Ley 14/2003, de 10 de abril, de Patrimonio de la Generalitat Valenciana",62,JURIDICO
ESPECIAL,17,El patrimonio de las administraciones públicas: legislación básica del Estado,"Ley 14/2003, de 10 de abril, de Patrimonio de la Generalitat Valenciana",63,JURIDICO
ESPECIAL,17,El patrimonio de las administraciones públicas: legislación básica del Estado,"Ley 14/2003, de 10 de abril, de Patrimonio de la Generalitat Valenciana",64,JURIDICO
ESPECIAL,17,El patrimonio de las administraciones públicas: legislación básica del Estado,"Ley 14/2003, de 10 de abril, de Patrimonio de la Generalitat Valenciana",65,JURIDICO
ESPECIAL,17,El patrimonio de las administraciones públicas: legislación básica del Estado,"Ley 14/2003, de 10 de abril, de Patrimonio de la Generalitat Valenciana",66,JURIDICO
ESPECIAL,17,El patrimonio de las administraciones públicas: legislación básica del Estado,"Ley 14/2003, de 10 de abril, de Patrimonio de la Generalitat Valenciana",67,JURIDICO
ESPECIAL,17,El patrimonio de las administraciones públicas: legislación básica del Estado,"Ley 14/2003, de 10 de abril, de Patrimonio de la Generalitat Valenciana",68,JURIDICO
ESPECIAL,17,El patrimonio de las administraciones públicas: legislación básica del Estado,"Ley 14/2003, de 10 de abril, de Patrimonio de la Generalitat Valenciana",69,JURIDICO
ESPECIAL,17,El patrimonio de las administraciones públicas: legislación básica del Estado,"Ley 14/2003, de 10 de abril, de Patrimonio de la Generalitat Valenciana",70,JURIDICO
ESPECIAL,17,El patrimonio de las administraciones públicas: legislación básica del Estado,"Ley 14/2003, de 10 de abril, de Patrimonio de la Generalitat Valenciana",71,JURIDICO
ESPECIAL,17,El patrimonio de las administraciones públicas: legislación básica del Estado,"Ley 14/2003, de 10 de abril, de Patrimonio de la Generalitat Valenciana",72,JURIDICO
ESPECIAL,17,El patrimonio de las administraciones públicas: legislación básica del Estado,"Ley 14/2003, de 10 de abril, de Patrimonio de la Generalitat Valenciana",73,JURIDICO
ESPECIAL,17,El patrimonio de las administraciones públicas: legislación básica del Estado,"Ley 14/2003, de 10 de abril, de Patrimonio de la Generalitat Valenciana",74,JURIDICO
ESPECIAL,17,El patrimonio de las administraciones públicas: legislación básica del Estado,"Ley 14/2003, de 10 de abril, de Patrimonio de la Generalitat Valenciana",75,JURIDICO
ESPECIAL,17,El patrimonio de las administraciones públicas: legislación básica del Estado,"Ley 14/2003, de 10 de abril, de Patrimonio de la Generalitat Valenciana",76,JURIDICO
ESPECIAL,17,El patrimonio de las administraciones públicas: legislación básica del Estado,"Ley 14/2003, de 10 de abril, de Patrimonio de la Generalitat Valenciana",77,JURIDICO
ESPECIAL,17,El patrimonio de las administraciones públicas: legislación básica del Estado,"Ley 14/2003, de 10 de abril, de Patrimonio de la Generalitat Valenciana",78,JURIDICO
ESPECIAL,17,El patrimonio de las administraciones públicas: legislación básica del Estado,"Ley 14/2003, de 10 de abril, de Patrimonio de la Generalitat Valenciana",79,JURIDICO
ESPECIAL,17,El patrimonio de las administraciones públicas: legislación básica del Estado,"Ley 14/2003, de 10 de abril, de Patrimonio de la Generalitat Valenciana",80,JURIDICO
ESPECIAL,17,El patrimonio de las administraciones públicas: legislación básica del Estado,"Ley 14/2003, de 10 de abril, de Patrimonio de la Generalitat Valenciana",81,JURIDICO
ESPECIAL,17,El patrimonio de las administraciones públicas: legislación básica del Estado,"Ley 14/2003, de 10 de abril, de Patrimonio de la Generalitat Valenciana",82,JURIDICO
ESPECIAL,17,El patrimonio de las administraciones públicas: legislación básica del Estado,"Ley 14/2003, de 10 de abril, de Patrimonio de la Generalitat Valenciana",83,JURIDICO
ESPECIAL,17,El patrimonio de las administraciones públicas: legislación básica del Estado,"Ley 14/2003, de 10 de abril, de Patrimonio de la Generalitat Valenciana",84,JURIDICO
ESPECIAL,17,El patrimonio de las administraciones públicas: legislación básica del Estado,"Ley 14/2003, de 10 de abril, de Patrimonio de la Generalitat Valenciana",85,JURIDICO
ESPECIAL,17,El patrimonio de las administraciones públicas: legislación básica del Estado,"Ley 14/2003, de 10 de abril, de Patrimonio de la Generalitat Valenciana",86,JURIDICO
ESPECIAL,17,El patrimonio de las administraciones públicas: legislación básica del Estado,"Ley 14/2003, de 10 de abril, de Patrimonio de la Generalitat Valenciana",87,JURIDICO
ESPECIAL,17,El patrimonio de las administraciones públicas: legislación básica del Estado,"Ley 14/2003, de 10 de abril, de Patrimonio de la Generalitat Valenciana",88,JURIDICO
ESPECIAL,17,El patrimonio de las administraciones públicas: legislación básica del Estado,"Ley 14/2003, de 10 de abril, de Patrimonio de la Generalitat Valenciana",89,JURIDICO
ESPECIAL,17,El patrimonio de las administraciones públicas: legislación básica del Estado,"Ley 14/2003, de 10 de abril, de Patrimonio de la Generalitat Valenciana",90,JURIDICO
ESPECIAL,17,El patrimonio de las administraciones públicas: legislación básica del Estado,"Ley 14/2003, de 10 de abril, de Patrimonio de la Generalitat Valenciana",91,JURIDICO
ESPECIAL,17,El patrimonio de las administraciones públicas: legislación básica del Estado,"Ley 14/2003, de 10 de abril, de Patrimonio de la Generalitat Valenciana",92,JURIDICO
ESPECIAL,17,El patrimonio de las administraciones públicas: legislación básica del Estado,"Ley 14/2003, de 10 de abril, de Patrimonio de la Generalitat Valenciana",93,JURIDICO
ESPECIAL,17,El patrimonio de las administraciones públicas: legislación básica del Estado,"Ley 14/2003, de 10 de abril, de Patrimonio de la Generalitat Valenciana",94,JURIDICO
ESPECIAL,17,El patrimonio de las administraciones públicas: legislación básica del Estado,"Ley 14/2003, de 10 de abril, de Patrimonio de la Generalitat Valenciana",95,JURIDICO
ESPECIAL,17,El patrimonio de las administraciones públicas: legislación básica del Estado,"Ley 14/2003, de 10 de abril, de Patrimonio de la Generalitat Valenciana",96,JURIDICO
ESPECIAL,17,El patrimonio de las administraciones públicas: legislación básica del Estado,"Ley 14/2003, de 10 de abril, de Patrimonio de la Generalitat Valenciana",97,JURIDICO
ESPECIAL,17,El patrimonio de las administraciones públicas: legislación básica del Estado,"Ley 14/2003, de 10 de abril, de Patrimonio de la Generalitat Valenciana",98,JURIDICO
ESPECIAL,17,El patrimonio de las administraciones públicas: legislación básica del Estado,"Ley 14/2003, de 10 de abril, de Patrimonio de la Generalitat Valenciana",99,JURIDICO
ESPECIAL,17,El patrimonio de las administraciones públicas: legislación básica del Estado,"Ley 14/2003, de 10 de abril, de Patrimonio de la Generalitat Valenciana",100,JURIDICO
ESPECIAL,17,El patrimonio de las administraciones públicas: legislación básica del Estado,"Ley 14/2003, de 10 de abril, de Patrimonio de la Generalitat Valenciana",101,JURIDICO
ESPECIAL,17,El patrimonio de las administraciones públicas: legislación básica del Estado,"Ley 14/2003, de 10 de abril, de Patrimonio de la Generalitat Valenciana",102,JURIDICO
ESPECIAL,17,El patrimonio de las administraciones públicas: legislación básica del Estado,"Ley 14/2003, de 10 de abril, de Patrimonio de la Generalitat Valenciana",103,JURIDICO
ESPECIAL,17,El patrimonio de las administraciones públicas: legislación básica del Estado,"Ley 14/2003, de 10 de abril, de Patrimonio de la Generalitat Valenciana",104,JURIDICO
ESPECIAL,17,El patrimonio de las administraciones públicas: legislación básica del Estado,"Ley 14/2003, de 10 de abril, de Patrimonio de la Generalitat Valenciana",105,JURIDICO
ESPECIAL,17,El patrimonio de las administraciones públicas: legislación básica del Estado,"Ley 14/2003, de 10 de abril, de Patrimonio de la Generalitat Valenciana",106,JURIDICO
ESPECIAL,17,El patrimonio de las administraciones públicas: legislación básica del Estado,"Ley 14/2003, de 10 de abril, de Patrimonio de la Generalitat Valenciana",107,JURIDICO
ESPECIAL,17,El patrimonio de las administraciones públicas: legislación básica del Estado,"Ley 33/2003, de 3 de noviembre, del Patrimonio de las Administraciones Públicas",1,JURIDICO
ESPECIAL,17,El patrimonio de las administraciones públicas: legislación básica del Estado,"Ley 33/2003, de 3 de noviembre, del Patrimonio de las Administraciones Públicas",2,JURIDICO
ESPECIAL,17,El patrimonio de las administraciones públicas: legislación básica del Estado,"Ley 33/2003, de 3 de noviembre, del Patrimonio de las Administraciones Públicas",3,JURIDICO
ESPECIAL,17,El patrimonio de las administraciones públicas: legislación básica del Estado,"Ley 33/2003, de 3 de noviembre, del Patrimonio de las Administraciones Públicas",6,JURIDICO
ESPECIAL,17,El patrimonio de las administraciones públicas: legislación básica del Estado,"Ley 33/2003, de 3 de noviembre, del Patrimonio de las Administraciones Públicas",8,JURIDICO
ESPECIAL,17,El patrimonio de las administraciones públicas: legislación básica del Estado,"Ley 33/2003, de 3 de noviembre, del Patrimonio de las Administraciones Públicas",27,JURIDICO
ESPECIAL,17,El patrimonio de las administraciones públicas: legislación básica del Estado,"Ley 33/2003, de 3 de noviembre, del Patrimonio de las Administraciones Públicas",28,JURIDICO
ESPECIAL,17,El patrimonio de las administraciones públicas: legislación básica del Estado,"Ley 33/2003, de 3 de noviembre, del Patrimonio de las Administraciones Públicas",29,JURIDICO
ESPECIAL,17,El patrimonio de las administraciones públicas: legislación básica del Estado,"Ley 33/2003, de 3 de noviembre, del Patrimonio de las Administraciones Públicas",32,JURIDICO
ESPECIAL,17,El patrimonio de las administraciones públicas: legislación básica del Estado,"Ley 33/2003, de 3 de noviembre, del Patrimonio de las Administraciones Públicas",36,JURIDICO
ESPECIAL,17,El patrimonio de las administraciones públicas: legislación básica del Estado,"Ley 33/2003, de 3 de noviembre, del Patrimonio de las Administraciones Públicas",41,JURIDICO
ESPECIAL,17,El patrimonio de las administraciones públicas: legislación básica del Estado,"Ley 33/2003, de 3 de noviembre, del Patrimonio de las Administraciones Públicas",42,JURIDICO
ESPECIAL,17,El patrimonio de las administraciones públicas: legislación básica del Estado,"Ley 33/2003, de 3 de noviembre, del Patrimonio de las Administraciones Públicas",44,JURIDICO
ESPECIAL,17,El patrimonio de las administraciones públicas: legislación básica del Estado,"Ley 33/2003, de 3 de noviembre, del Patrimonio de las Administraciones Públicas",45,JURIDICO
ESPECIAL,17,El patrimonio de las administraciones públicas: legislación básica del Estado,"Ley 33/2003, de 3 de noviembre, del Patrimonio de las Administraciones Públicas",50,JURIDICO
ESPECIAL,17,El patrimonio de las administraciones públicas: legislación básica del Estado,"Ley 33/2003, de 3 de noviembre, del Patrimonio de las Administraciones Públicas",55,JURIDICO
ESPECIAL,17,El patrimonio de las administraciones públicas: legislación básica del Estado,"Ley 33/2003, de 3 de noviembre, del Patrimonio de las Administraciones Públicas",58,JURIDICO
ESPECIAL,17,El patrimonio de las administraciones públicas: legislación básica del Estado,"Ley 33/2003, de 3 de noviembre, del Patrimonio de las Administraciones Públicas",61,JURIDICO
ESPECIAL,17,El patrimonio de las administraciones públicas: legislación básica del Estado,"Ley 33/2003, de 3 de noviembre, del Patrimonio de las Administraciones Públicas",62,JURIDICO
ESPECIAL,17,El patrimonio de las administraciones públicas: legislación básica del Estado,"Ley 33/2003, de 3 de noviembre, del Patrimonio de las Administraciones Públicas",84,JURIDICO
ESPECIAL,17,El patrimonio de las administraciones públicas: legislación básica del Estado,"Ley 33/2003, de 3 de noviembre, del Patrimonio de las Administraciones Públicas",91,JURIDICO
ESPECIAL,17,El patrimonio de las administraciones públicas: legislación básica del Estado,"Ley 33/2003, de 3 de noviembre, del Patrimonio de las Administraciones Públicas",92,JURIDICO
ESPECIAL,17,El patrimonio de las administraciones públicas: legislación básica del Estado,"Ley 33/2003, de 3 de noviembre, del Patrimonio de las Administraciones Públicas",93,JURIDICO
ESPECIAL,17,El patrimonio de las administraciones públicas: legislación básica del Estado,"Ley 33/2003, de 3 de noviembre, del Patrimonio de las Administraciones Públicas",94,JURIDICO
ESPECIAL,17,El patrimonio de las administraciones públicas: legislación básica del Estado,"Ley 33/2003, de 3 de noviembre, del Patrimonio de las Administraciones Públicas",97,JURIDICO
ESPECIAL,17,El patrimonio de las administraciones públicas: legislación básica del Estado,"Ley 33/2003, de 3 de noviembre, del Patrimonio de las Administraciones Públicas",98,JURIDICO
ESPECIAL,17,El patrimonio de las administraciones públicas: legislación básica del Estado,"Ley 33/2003, de 3 de noviembre, del Patrimonio de las Administraciones Públicas",100,JURIDICO
ESPECIAL,17,El patrimonio de las administraciones públicas: legislación básica del Estado,"Ley 33/2003, de 3 de noviembre, del Patrimonio de las Administraciones Públicas",101,JURIDICO
ESPECIAL,17,El patrimonio de las administraciones públicas: legislación básica del Estado,"Ley 33/2003, de 3 de noviembre, del Patrimonio de las Administraciones Públicas",102,JURIDICO
ESPECIAL,17,El patrimonio de las administraciones públicas: legislación básica del Estado,"Ley 33/2003, de 3 de noviembre, del Patrimonio de las Administraciones Públicas",103,JURIDICO
ESPECIAL,17,El patrimonio de las administraciones públicas: legislación básica del Estado,"Ley 33/2003, de 3 de noviembre, del Patrimonio de las Administraciones Públicas",106,JURIDICO
ESPECIAL,17,El patrimonio de las administraciones públicas: legislación básica del Estado,"Ley 33/2003, de 3 de noviembre, del Patrimonio de las Administraciones Públicas",107,JURIDICO
ESPECIAL,17,El patrimonio de las administraciones públicas: legislación básica del Estado,"Ley 33/2003, de 3 de noviembre, del Patrimonio de las Administraciones Públicas",109,JURIDICO
ESPECIAL,17,El patrimonio de las administraciones públicas: legislación básica del Estado,"Ley 33/2003, de 3 de noviembre, del Patrimonio de las Administraciones Públicas",121,JURIDICO
ESPECIAL,17,El patrimonio de las administraciones públicas: legislación básica del Estado,"Ley 33/2003, de 3 de noviembre, del Patrimonio de las Administraciones Públicas",183,JURIDICO
ESPECIAL,17,El patrimonio de las administraciones públicas: legislación básica del Estado,"Ley 33/2003, de 3 de noviembre, del Patrimonio de las Administraciones Públicas",184,JURIDICO
ESPECIAL,17,El patrimonio de las administraciones públicas: legislación básica del Estado,"Ley 33/2003, de 3 de noviembre, del Patrimonio de las Administraciones Públicas",189,JURIDICO
ESPECIAL,17,El patrimonio de las administraciones públicas: legislación básica del Estado,"Ley 33/2003, de 3 de noviembre, del Patrimonio de las Administraciones Públicas",190,JURIDICO
ESPECIAL,17,El patrimonio de las administraciones públicas: legislación básica del Estado,"Ley 33/2003, de 3 de noviembre, del Patrimonio de las Administraciones Públicas",190 bis,JURIDICO
ESPECIAL,17,El patrimonio de las administraciones públicas: legislación básica del Estado,"Ley 33/2003, de 3 de noviembre, del Patrimonio de las Administraciones Públicas",191,JURIDICO
ESPECIAL,18,Las formas de actividad administrativa,GEN-Formas de Actividad Administrativa,1,JURIDICO
ESPECIAL,18,Las formas de actividad administrativa,GEN-Formas de Actividad Administrativa,2,JURIDICO
ESPECIAL,18,Las formas de actividad administrativa,GEN-Formas de Actividad Administrativa,3,JURIDICO
ESPECIAL,18,Las formas de actividad administrativa,GEN-Formas de Actividad Administrativa,4,JURIDICO
ESPECIAL,18,Las formas de actividad administrativa,GEN-Formas de Actividad Administrativa,5,JURIDICO
ESPECIAL,18,Las formas de actividad administrativa,GEN-Formas de Actividad Administrativa,6,JURIDICO
ESPECIAL,19,La Administración electrónica,"Decreto 54/2025, de 15 de abril, del Consell, de simplificación administrativa y transformación digital",1,JURIDICO
ESPECIAL,19,La Administración electrónica,"Decreto 54/2025, de 15 de abril, del Consell, de simplificación administrativa y transformación digital",2,JURIDICO
ESPECIAL,19,La Administración electrónica,"Decreto 54/2025, de 15 de abril, del Consell, de simplificación administrativa y transformación digital",3,JURIDICO
ESPECIAL,19,La Administración electrónica,"Decreto 54/2025, de 15 de abril, del Consell, de simplificación administrativa y transformación digital",4,JURIDICO
ESPECIAL,19,La Administración electrónica,"Decreto 54/2025, de 15 de abril, del Consell, de simplificación administrativa y transformación digital",5,JURIDICO
ESPECIAL,19,La Administración electrónica,"Decreto 54/2025, de 15 de abril, del Consell, de simplificación administrativa y transformación digital",6,JURIDICO
ESPECIAL,19,La Administración electrónica,"Decreto 54/2025, de 15 de abril, del Consell, de simplificación administrativa y transformación digital",7,JURIDICO
ESPECIAL,19,La Administración electrónica,"Decreto 54/2025, de 15 de abril, del Consell, de simplificación administrativa y transformación digital",8,JURIDICO
ESPECIAL,19,La Administración electrónica,"Decreto 54/2025, de 15 de abril, del Consell, de simplificación administrativa y transformación digital",9,JURIDICO
ESPECIAL,19,La Administración electrónica,"Decreto 54/2025, de 15 de abril, del Consell, de simplificación administrativa y transformación digital",10,JURIDICO
ESPECIAL,19,La Administración electrónica,"Decreto 54/2025, de 15 de abril, del Consell, de simplificación administrativa y transformación digital",11,JURIDICO
ESPECIAL,19,La Administración electrónica,"Decreto 54/2025, de 15 de abril, del Consell, de simplificación administrativa y transformación digital",12,JURIDICO
ESPECIAL,19,La Administración electrónica,"Decreto 54/2025, de 15 de abril, del Consell, de simplificación administrativa y transformación digital",13,JURIDICO
ESPECIAL,19,La Administración electrónica,"Decreto 54/2025, de 15 de abril, del Consell, de simplificación administrativa y transformación digital",14,JURIDICO
ESPECIAL,19,La Administración electrónica,"Decreto 54/2025, de 15 de abril, del Consell, de simplificación administrativa y transformación digital",15,JURIDICO
ESPECIAL,19,La Administración electrónica,"Decreto 54/2025, de 15 de abril, del Consell, de simplificación administrativa y transformación digital",16,JURIDICO
ESPECIAL,19,La Administración electrónica,"Decreto 54/2025, de 15 de abril, del Consell, de simplificación administrativa y transformación digital",17,JURIDICO
ESPECIAL,19,La Administración electrónica,"Decreto 54/2025, de 15 de abril, del Consell, de simplificación administrativa y transformación digital",18,JURIDICO
ESPECIAL,19,La Administración electrónica,"Decreto 54/2025, de 15 de abril, del Consell, de simplificación administrativa y transformación digital",19,JURIDICO
ESPECIAL,19,La Administración electrónica,"Decreto 54/2025, de 15 de abril, del Consell, de simplificación administrativa y transformación digital",20,JURIDICO
ESPECIAL,19,La Administración electrónica,"Decreto 54/2025, de 15 de abril, del Consell, de simplificación administrativa y transformación digital",21,JURIDICO
ESPECIAL,19,La Administración electrónica,"Decreto 54/2025, de 15 de abril, del Consell, de simplificación administrativa y transformación digital",22,JURIDICO
ESPECIAL,19,La Administración electrónica,"Decreto 54/2025, de 15 de abril, del Consell, de simplificación administrativa y transformación digital",23,JURIDICO
ESPECIAL,19,La Administración electrónica,"Decreto 54/2025, de 15 de abril, del Consell, de simplificación administrativa y transformación digital",24,JURIDICO
ESPECIAL,19,La Administración electrónica,"Decreto 54/2025, de 15 de abril, del Consell, de simplificación administrativa y transformación digital",25,JURIDICO
ESPECIAL,19,La Administración electrónica,"Decreto 54/2025, de 15 de abril, del Consell, de simplificación administrativa y transformación digital",26,JURIDICO
ESPECIAL,19,La Administración electrónica,"Decreto 54/2025, de 15 de abril, del Consell, de simplificación administrativa y transformación digital",27,JURIDICO
ESPECIAL,19,La Administración electrónica,"Decreto 54/2025, de 15 de abril, del Consell, de simplificación administrativa y transformación digital",28,JURIDICO
ESPECIAL,19,La Administración electrónica,"Decreto 54/2025, de 15 de abril, del Consell, de simplificación administrativa y transformación digital",29,JURIDICO
ESPECIAL,19,La Administración electrónica,"Decreto 54/2025, de 15 de abril, del Consell, de simplificación administrativa y transformación digital",30,JURIDICO
ESPECIAL,19,La Administración electrónica,"Decreto 54/2025, de 15 de abril, del Consell, de simplificación administrativa y transformación digital",31,JURIDICO
ESPECIAL,19,La Administración electrónica,"Decreto 54/2025, de 15 de abril, del Consell, de simplificación administrativa y transformación digital",32,JURIDICO
ESPECIAL,19,La Administración electrónica,"Decreto 54/2025, de 15 de abril, del Consell, de simplificación administrativa y transformación digital",33,JURIDICO
ESPECIAL,19,La Administración electrónica,"Decreto 54/2025, de 15 de abril, del Consell, de simplificación administrativa y transformación digital",34,JURIDICO
ESPECIAL,19,La Administración electrónica,"Decreto 54/2025, de 15 de abril, del Consell, de simplificación administrativa y transformación digital",35,JURIDICO
ESPECIAL,19,La Administración electrónica,"Decreto 54/2025, de 15 de abril, del Consell, de simplificación administrativa y transformación digital",36,JURIDICO
ESPECIAL,19,La Administración electrónica,"Decreto 54/2025, de 15 de abril, del Consell, de simplificación administrativa y transformación digital",37,JURIDICO
ESPECIAL,19,La Administración electrónica,"Decreto 54/2025, de 15 de abril, del Consell, de simplificación administrativa y transformación digital",38,JURIDICO
ESPECIAL,19,La Administración electrónica,"Decreto 54/2025, de 15 de abril, del Consell, de simplificación administrativa y transformación digital",39,JURIDICO
ESPECIAL,19,La Administración electrónica,"Decreto 54/2025, de 15 de abril, del Consell, de simplificación administrativa y transformación digital",40,JURIDICO
ESPECIAL,19,La Administración electrónica,"Decreto 54/2025, de 15 de abril, del Consell, de simplificación administrativa y transformación digital",41,JURIDICO
ESPECIAL,19,La Administración electrónica,"Decreto 54/2025, de 15 de abril, del Consell, de simplificación administrativa y transformación digital",42,JURIDICO
ESPECIAL,19,La Administración electrónica,"Decreto 54/2025, de 15 de abril, del Consell, de simplificación administrativa y transformación digital",43,JURIDICO
ESPECIAL,19,La Administración electrónica,"Decreto 54/2025, de 15 de abril, del Consell, de simplificación administrativa y transformación digital",44,JURIDICO
ESPECIAL,19,La Administración electrónica,"Decreto 54/2025, de 15 de abril, del Consell, de simplificación administrativa y transformación digital",45,JURIDICO
ESPECIAL,19,La Administración electrónica,"Decreto 54/2025, de 15 de abril, del Consell, de simplificación administrativa y transformación digital",46,JURIDICO
ESPECIAL,19,La Administración electrónica,"Decreto 54/2025, de 15 de abril, del Consell, de simplificación administrativa y transformación digital",47,JURIDICO
ESPECIAL,19,La Administración electrónica,"Decreto 54/2025, de 15 de abril, del Consell, de simplificación administrativa y transformación digital",48,JURIDICO
ESPECIAL,19,La Administración electrónica,"Decreto 54/2025, de 15 de abril, del Consell, de simplificación administrativa y transformación digital",49,JURIDICO
ESPECIAL,19,La Administración electrónica,"Decreto 54/2025, de 15 de abril, del Consell, de simplificación administrativa y transformación digital",50,JURIDICO
ESPECIAL,19,La Administración electrónica,"Decreto 54/2025, de 15 de abril, del Consell, de simplificación administrativa y transformación digital",51,JURIDICO
ESPECIAL,19,La Administración electrónica,"Decreto 54/2025, de 15 de abril, del Consell, de simplificación administrativa y transformación digital",52,JURIDICO
ESPECIAL,19,La Administración electrónica,"Decreto 54/2025, de 15 de abril, del Consell, de simplificación administrativa y transformación digital",53,JURIDICO
ESPECIAL,19,La Administración electrónica,"Decreto 54/2025, de 15 de abril, del Consell, de simplificación administrativa y transformación digital",54,JURIDICO
ESPECIAL,19,La Administración electrónica,"Decreto 54/2025, de 15 de abril, del Consell, de simplificación administrativa y transformación digital",55,JURIDICO
ESPECIAL,19,La Administración electrónica,"Decreto 54/2025, de 15 de abril, del Consell, de simplificación administrativa y transformación digital",56,JURIDICO
ESPECIAL,19,La Administración electrónica,"Decreto 54/2025, de 15 de abril, del Consell, de simplificación administrativa y transformación digital",57,JURIDICO
ESPECIAL,19,La Administración electrónica,"Decreto 54/2025, de 15 de abril, del Consell, de simplificación administrativa y transformación digital",58,JURIDICO
ESPECIAL,19,La Administración electrónica,"Decreto 54/2025, de 15 de abril, del Consell, de simplificación administrativa y transformación digital",59,JURIDICO
ESPECIAL,19,La Administración electrónica,"Decreto 54/2025, de 15 de abril, del Consell, de simplificación administrativa y transformación digital",60,JURIDICO
ESPECIAL,19,La Administración electrónica,"Decreto 54/2025, de 15 de abril, del Consell, de simplificación administrativa y transformación digital",61,JURIDICO
ESPECIAL,19,La Administración electrónica,"Decreto 54/2025, de 15 de abril, del Consell, de simplificación administrativa y transformación digital",62,JURIDICO
ESPECIAL,19,La Administración electrónica,"Real Decreto 203/2021, de 30 de marzo, por el que se aprueba el Reglamento de actuación y funcionamiento del sector público por medios electrónicos",1,JURIDICO
ESPECIAL,19,La Administración electrónica,"Real Decreto 203/2021, de 30 de marzo, por el que se aprueba el Reglamento de actuación y funcionamiento del sector público por medios electrónicos",2,JURIDICO
ESPECIAL,19,La Administración electrónica,"Real Decreto 203/2021, de 30 de marzo, por el que se aprueba el Reglamento de actuación y funcionamiento del sector público por medios electrónicos",3,JURIDICO
ESPECIAL,19,La Administración electrónica,"Real Decreto 203/2021, de 30 de marzo, por el que se aprueba el Reglamento de actuación y funcionamiento del sector público por medios electrónicos",4,JURIDICO
ESPECIAL,19,La Administración electrónica,"Real Decreto 203/2021, de 30 de marzo, por el que se aprueba el Reglamento de actuación y funcionamiento del sector público por medios electrónicos",5,JURIDICO
ESPECIAL,19,La Administración electrónica,"Real Decreto 203/2021, de 30 de marzo, por el que se aprueba el Reglamento de actuación y funcionamiento del sector público por medios electrónicos",7,JURIDICO
ESPECIAL,19,La Administración electrónica,"Real Decreto 203/2021, de 30 de marzo, por el que se aprueba el Reglamento de actuación y funcionamiento del sector público por medios electrónicos",9,JURIDICO
ESPECIAL,19,La Administración electrónica,"Real Decreto 203/2021, de 30 de marzo, por el que se aprueba el Reglamento de actuación y funcionamiento del sector público por medios electrónicos",10,JURIDICO
ESPECIAL,19,La Administración electrónica,"Real Decreto 203/2021, de 30 de marzo, por el que se aprueba el Reglamento de actuación y funcionamiento del sector público por medios electrónicos",11,JURIDICO
ESPECIAL,19,La Administración electrónica,"Real Decreto 203/2021, de 30 de marzo, por el que se aprueba el Reglamento de actuación y funcionamiento del sector público por medios electrónicos",12,JURIDICO
ESPECIAL,19,La Administración electrónica,"Real Decreto 203/2021, de 30 de marzo, por el que se aprueba el Reglamento de actuación y funcionamiento del sector público por medios electrónicos",13,JURIDICO
ESPECIAL,19,La Administración electrónica,"Real Decreto 203/2021, de 30 de marzo, por el que se aprueba el Reglamento de actuación y funcionamiento del sector público por medios electrónicos",14,JURIDICO
ESPECIAL,19,La Administración electrónica,"Real Decreto 203/2021, de 30 de marzo, por el que se aprueba el Reglamento de actuación y funcionamiento del sector público por medios electrónicos",15,JURIDICO
ESPECIAL,19,La Administración electrónica,"Real Decreto 203/2021, de 30 de marzo, por el que se aprueba el Reglamento de actuación y funcionamiento del sector público por medios electrónicos",16,JURIDICO
ESPECIAL,19,La Administración electrónica,"Real Decreto 203/2021, de 30 de marzo, por el que se aprueba el Reglamento de actuación y funcionamiento del sector público por medios electrónicos",18,JURIDICO
ESPECIAL,19,La Administración electrónica,"Real Decreto 203/2021, de 30 de marzo, por el que se aprueba el Reglamento de actuación y funcionamiento del sector público por medios electrónicos",19,JURIDICO
ESPECIAL,19,La Administración electrónica,"Real Decreto 203/2021, de 30 de marzo, por el que se aprueba el Reglamento de actuación y funcionamiento del sector público por medios electrónicos",20,JURIDICO
ESPECIAL,19,La Administración electrónica,"Real Decreto 203/2021, de 30 de marzo, por el que se aprueba el Reglamento de actuación y funcionamiento del sector público por medios electrónicos",21,JURIDICO
ESPECIAL,19,La Administración electrónica,"Real Decreto 203/2021, de 30 de marzo, por el que se aprueba el Reglamento de actuación y funcionamiento del sector público por medios electrónicos",22,JURIDICO
ESPECIAL,19,La Administración electrónica,"Real Decreto 203/2021, de 30 de marzo, por el que se aprueba el Reglamento de actuación y funcionamiento del sector público por medios electrónicos",23,JURIDICO
ESPECIAL,19,La Administración electrónica,"Real Decreto 203/2021, de 30 de marzo, por el que se aprueba el Reglamento de actuación y funcionamiento del sector público por medios electrónicos",25,JURIDICO
ESPECIAL,19,La Administración electrónica,"Real Decreto 203/2021, de 30 de marzo, por el que se aprueba el Reglamento de actuación y funcionamiento del sector público por medios electrónicos",26,JURIDICO
ESPECIAL,19,La Administración electrónica,"Real Decreto 203/2021, de 30 de marzo, por el que se aprueba el Reglamento de actuación y funcionamiento del sector público por medios electrónicos",27,JURIDICO
ESPECIAL,19,La Administración electrónica,"Real Decreto 203/2021, de 30 de marzo, por el que se aprueba el Reglamento de actuación y funcionamiento del sector público por medios electrónicos",28,JURIDICO
ESPECIAL,19,La Administración electrónica,"Real Decreto 203/2021, de 30 de marzo, por el que se aprueba el Reglamento de actuación y funcionamiento del sector público por medios electrónicos",29,JURIDICO
ESPECIAL,19,La Administración electrónica,"Real Decreto 203/2021, de 30 de marzo, por el que se aprueba el Reglamento de actuación y funcionamiento del sector público por medios electrónicos",30,JURIDICO
ESPECIAL,19,La Administración electrónica,"Real Decreto 203/2021, de 30 de marzo, por el que se aprueba el Reglamento de actuación y funcionamiento del sector público por medios electrónicos",32,JURIDICO
ESPECIAL,19,La Administración electrónica,"Real Decreto 203/2021, de 30 de marzo, por el que se aprueba el Reglamento de actuación y funcionamiento del sector público por medios electrónicos",34,JURIDICO
ESPECIAL,19,La Administración electrónica,"Real Decreto 203/2021, de 30 de marzo, por el que se aprueba el Reglamento de actuación y funcionamiento del sector público por medios electrónicos",35,JURIDICO
ESPECIAL,19,La Administración electrónica,"Real Decreto 203/2021, de 30 de marzo, por el que se aprueba el Reglamento de actuación y funcionamiento del sector público por medios electrónicos",37,JURIDICO
ESPECIAL,19,La Administración electrónica,"Real Decreto 203/2021, de 30 de marzo, por el que se aprueba el Reglamento de actuación y funcionamiento del sector público por medios electrónicos",38,JURIDICO
ESPECIAL,19,La Administración electrónica,"Real Decreto 203/2021, de 30 de marzo, por el que se aprueba el Reglamento de actuación y funcionamiento del sector público por medios electrónicos",39,JURIDICO
ESPECIAL,19,La Administración electrónica,"Real Decreto 203/2021, de 30 de marzo, por el que se aprueba el Reglamento de actuación y funcionamiento del sector público por medios electrónicos",41,JURIDICO
ESPECIAL,19,La Administración electrónica,"Real Decreto 203/2021, de 30 de marzo, por el que se aprueba el Reglamento de actuación y funcionamiento del sector público por medios electrónicos",42,JURIDICO
ESPECIAL,19,La Administración electrónica,"Real Decreto 203/2021, de 30 de marzo, por el que se aprueba el Reglamento de actuación y funcionamiento del sector público por medios electrónicos",43,JURIDICO
ESPECIAL,19,La Administración electrónica,"Real Decreto 203/2021, de 30 de marzo, por el que se aprueba el Reglamento de actuación y funcionamiento del sector público por medios electrónicos",44,JURIDICO
ESPECIAL,19,La Administración electrónica,"Real Decreto 203/2021, de 30 de marzo, por el que se aprueba el Reglamento de actuación y funcionamiento del sector público por medios electrónicos",45,JURIDICO
ESPECIAL,19,La Administración electrónica,"Real Decreto 203/2021, de 30 de marzo, por el que se aprueba el Reglamento de actuación y funcionamiento del sector público por medios electrónicos",46,JURIDICO
ESPECIAL,19,La Administración electrónica,"Real Decreto 203/2021, de 30 de marzo, por el que se aprueba el Reglamento de actuación y funcionamiento del sector público por medios electrónicos",47,JURIDICO
ESPECIAL,19,La Administración electrónica,"Real Decreto 203/2021, de 30 de marzo, por el que se aprueba el Reglamento de actuación y funcionamiento del sector público por medios electrónicos",49,JURIDICO
ESPECIAL,19,La Administración electrónica,"Real Decreto 203/2021, de 30 de marzo, por el que se aprueba el Reglamento de actuación y funcionamiento del sector público por medios electrónicos",50,JURIDICO
ESPECIAL,19,La Administración electrónica,"Real Decreto 203/2021, de 30 de marzo, por el que se aprueba el Reglamento de actuación y funcionamiento del sector público por medios electrónicos",51,JURIDICO
ESPECIAL,19,La Administración electrónica,"Real Decreto 203/2021, de 30 de marzo, por el que se aprueba el Reglamento de actuación y funcionamiento del sector público por medios electrónicos",52,JURIDICO
ESPECIAL,19,La Administración electrónica,"Real Decreto 203/2021, de 30 de marzo, por el que se aprueba el Reglamento de actuación y funcionamiento del sector público por medios electrónicos",53,JURIDICO
ESPECIAL,19,La Administración electrónica,"Real Decreto 203/2021, de 30 de marzo, por el que se aprueba el Reglamento de actuación y funcionamiento del sector público por medios electrónicos",54,JURIDICO
ESPECIAL,19,La Administración electrónica,"Real Decreto 203/2021, de 30 de marzo, por el que se aprueba el Reglamento de actuación y funcionamiento del sector público por medios electrónicos",55,JURIDICO
ESPECIAL,19,La Administración electrónica,"Real Decreto 203/2021, de 30 de marzo, por el que se aprueba el Reglamento de actuación y funcionamiento del sector público por medios electrónicos",56,JURIDICO
ESPECIAL,19,La Administración electrónica,"Real Decreto 203/2021, de 30 de marzo, por el que se aprueba el Reglamento de actuación y funcionamiento del sector público por medios electrónicos",58,JURIDICO
ESPECIAL,19,La Administración electrónica,"Real Decreto 203/2021, de 30 de marzo, por el que se aprueba el Reglamento de actuación y funcionamiento del sector público por medios electrónicos",59,JURIDICO
ESPECIAL,19,La Administración electrónica,"Real Decreto 203/2021, de 30 de marzo, por el que se aprueba el Reglamento de actuación y funcionamiento del sector público por medios electrónicos",60,JURIDICO
ESPECIAL,19,La Administración electrónica,"Real Decreto 203/2021, de 30 de marzo, por el que se aprueba el Reglamento de actuación y funcionamiento del sector público por medios electrónicos",61,JURIDICO
ESPECIAL,19,La Administración electrónica,"Real Decreto 203/2021, de 30 de marzo, por el que se aprueba el Reglamento de actuación y funcionamiento del sector público por medios electrónicos",62,JURIDICO
ESPECIAL,19,La Administración electrónica,"Real Decreto 203/2021, de 30 de marzo, por el que se aprueba el Reglamento de actuación y funcionamiento del sector público por medios electrónicos",63,JURIDICO
ESPECIAL,19,La Administración electrónica,"Real Decreto 203/2021, de 30 de marzo, por el que se aprueba el Reglamento de actuación y funcionamiento del sector público por medios electrónicos",64,JURIDICO
ESPECIAL,19,La Administración electrónica,"Real Decreto 203/2021, de 30 de marzo, por el que se aprueba el Reglamento de actuación y funcionamiento del sector público por medios electrónicos",65,JURIDICO
ESPECIAL,20,"Ley 38/2003, de 17 de noviembre, general de subvenciones","Ley 1/2015, de 6 de febrero, de Hacienda Pública, del Sector Público Instrumental y de Subvenciones",159,JURIDICO
ESPECIAL,20,"Ley 38/2003, de 17 de noviembre, general de subvenciones","Ley 1/2015, de 6 de febrero, de Hacienda Pública, del Sector Público Instrumental y de Subvenciones",160,JURIDICO
ESPECIAL,20,"Ley 38/2003, de 17 de noviembre, general de subvenciones","Ley 1/2015, de 6 de febrero, de Hacienda Pública, del Sector Público Instrumental y de Subvenciones",161,JURIDICO
ESPECIAL,20,"Ley 38/2003, de 17 de noviembre, general de subvenciones","Ley 1/2015, de 6 de febrero, de Hacienda Pública, del Sector Público Instrumental y de Subvenciones",162,JURIDICO
ESPECIAL,20,"Ley 38/2003, de 17 de noviembre, general de subvenciones","Ley 1/2015, de 6 de febrero, de Hacienda Pública, del Sector Público Instrumental y de Subvenciones",163,JURIDICO
ESPECIAL,20,"Ley 38/2003, de 17 de noviembre, general de subvenciones","Ley 1/2015, de 6 de febrero, de Hacienda Pública, del Sector Público Instrumental y de Subvenciones",164,JURIDICO
ESPECIAL,20,"Ley 38/2003, de 17 de noviembre, general de subvenciones","Ley 1/2015, de 6 de febrero, de Hacienda Pública, del Sector Público Instrumental y de Subvenciones",165,JURIDICO
ESPECIAL,20,"Ley 38/2003, de 17 de noviembre, general de subvenciones","Ley 1/2015, de 6 de febrero, de Hacienda Pública, del Sector Público Instrumental y de Subvenciones",166,JURIDICO
ESPECIAL,20,"Ley 38/2003, de 17 de noviembre, general de subvenciones","Ley 1/2015, de 6 de febrero, de Hacienda Pública, del Sector Público Instrumental y de Subvenciones",167,JURIDICO
ESPECIAL,20,"Ley 38/2003, de 17 de noviembre, general de subvenciones","Ley 1/2015, de 6 de febrero, de Hacienda Pública, del Sector Público Instrumental y de Subvenciones",168,JURIDICO
ESPECIAL,20,"Ley 38/2003, de 17 de noviembre, general de subvenciones","Ley 1/2015, de 6 de febrero, de Hacienda Pública, del Sector Público Instrumental y de Subvenciones",169,JURIDICO
ESPECIAL,20,"Ley 38/2003, de 17 de noviembre, general de subvenciones","Ley 1/2015, de 6 de febrero, de Hacienda Pública, del Sector Público Instrumental y de Subvenciones",170,JURIDICO
ESPECIAL,20,"Ley 38/2003, de 17 de noviembre, general de subvenciones","Ley 1/2015, de 6 de febrero, de Hacienda Pública, del Sector Público Instrumental y de Subvenciones",171,JURIDICO
ESPECIAL,20,"Ley 38/2003, de 17 de noviembre, general de subvenciones","Ley 1/2015, de 6 de febrero, de Hacienda Pública, del Sector Público Instrumental y de Subvenciones",172,JURIDICO
ESPECIAL,20,"Ley 38/2003, de 17 de noviembre, general de subvenciones","Ley 1/2015, de 6 de febrero, de Hacienda Pública, del Sector Público Instrumental y de Subvenciones",173,JURIDICO
ESPECIAL,20,"Ley 38/2003, de 17 de noviembre, general de subvenciones","Ley 1/2015, de 6 de febrero, de Hacienda Pública, del Sector Público Instrumental y de Subvenciones",174,JURIDICO
ESPECIAL,20,"Ley 38/2003, de 17 de noviembre, general de subvenciones","Ley 1/2015, de 6 de febrero, de Hacienda Pública, del Sector Público Instrumental y de Subvenciones",175,JURIDICO
ESPECIAL,20,"Ley 38/2003, de 17 de noviembre, general de subvenciones","Ley 1/2015, de 6 de febrero, de Hacienda Pública, del Sector Público Instrumental y de Subvenciones",176,JURIDICO
ESPECIAL,20,"Ley 38/2003, de 17 de noviembre, general de subvenciones","Ley 1/2015, de 6 de febrero, de Hacienda Pública, del Sector Público Instrumental y de Subvenciones",177,JURIDICO
ESPECIAL,20,"Ley 38/2003, de 17 de noviembre, general de subvenciones","Ley 38/2003, de 17 de noviembre, General de Subvenciones",1,JURIDICO
ESPECIAL,20,"Ley 38/2003, de 17 de noviembre, general de subvenciones","Ley 38/2003, de 17 de noviembre, General de Subvenciones",2,JURIDICO
ESPECIAL,20,"Ley 38/2003, de 17 de noviembre, general de subvenciones","Ley 38/2003, de 17 de noviembre, General de Subvenciones",3,JURIDICO
ESPECIAL,20,"Ley 38/2003, de 17 de noviembre, general de subvenciones","Ley 38/2003, de 17 de noviembre, General de Subvenciones",4,JURIDICO
ESPECIAL,20,"Ley 38/2003, de 17 de noviembre, general de subvenciones","Ley 38/2003, de 17 de noviembre, General de Subvenciones",5,JURIDICO
ESPECIAL,20,"Ley 38/2003, de 17 de noviembre, general de subvenciones","Ley 38/2003, de 17 de noviembre, General de Subvenciones",6,JURIDICO
ESPECIAL,20,"Ley 38/2003, de 17 de noviembre, general de subvenciones","Ley 38/2003, de 17 de noviembre, General de Subvenciones",7,JURIDICO
ESPECIAL,20,"Ley 38/2003, de 17 de noviembre, general de subvenciones","Ley 38/2003, de 17 de noviembre, General de Subvenciones",8,JURIDICO
ESPECIAL,20,"Ley 38/2003, de 17 de noviembre, general de subvenciones","Ley 38/2003, de 17 de noviembre, General de Subvenciones",9,JURIDICO
ESPECIAL,20,"Ley 38/2003, de 17 de noviembre, general de subvenciones","Ley 38/2003, de 17 de noviembre, General de Subvenciones",10,JURIDICO
ESPECIAL,20,"Ley 38/2003, de 17 de noviembre, general de subvenciones","Ley 38/2003, de 17 de noviembre, General de Subvenciones",11,JURIDICO
ESPECIAL,20,"Ley 38/2003, de 17 de noviembre, general de subvenciones","Ley 38/2003, de 17 de noviembre, General de Subvenciones",12,JURIDICO
ESPECIAL,20,"Ley 38/2003, de 17 de noviembre, general de subvenciones","Ley 38/2003, de 17 de noviembre, General de Subvenciones",13,JURIDICO
ESPECIAL,20,"Ley 38/2003, de 17 de noviembre, general de subvenciones","Ley 38/2003, de 17 de noviembre, General de Subvenciones",14,JURIDICO
ESPECIAL,20,"Ley 38/2003, de 17 de noviembre, general de subvenciones","Ley 38/2003, de 17 de noviembre, General de Subvenciones",15,JURIDICO
ESPECIAL,20,"Ley 38/2003, de 17 de noviembre, general de subvenciones","Ley 38/2003, de 17 de noviembre, General de Subvenciones",16,JURIDICO
ESPECIAL,20,"Ley 38/2003, de 17 de noviembre, general de subvenciones","Ley 38/2003, de 17 de noviembre, General de Subvenciones",17,JURIDICO
ESPECIAL,20,"Ley 38/2003, de 17 de noviembre, general de subvenciones","Ley 38/2003, de 17 de noviembre, General de Subvenciones",18,JURIDICO
ESPECIAL,20,"Ley 38/2003, de 17 de noviembre, general de subvenciones","Ley 38/2003, de 17 de noviembre, General de Subvenciones",19,JURIDICO
ESPECIAL,20,"Ley 38/2003, de 17 de noviembre, general de subvenciones","Ley 38/2003, de 17 de noviembre, General de Subvenciones",20,JURIDICO
ESPECIAL,20,"Ley 38/2003, de 17 de noviembre, general de subvenciones","Ley 38/2003, de 17 de noviembre, General de Subvenciones",21,JURIDICO
ESPECIAL,20,"Ley 38/2003, de 17 de noviembre, general de subvenciones","Ley 38/2003, de 17 de noviembre, General de Subvenciones",22,JURIDICO
ESPECIAL,20,"Ley 38/2003, de 17 de noviembre, general de subvenciones","Ley 38/2003, de 17 de noviembre, General de Subvenciones",23,JURIDICO
ESPECIAL,20,"Ley 38/2003, de 17 de noviembre, general de subvenciones","Ley 38/2003, de 17 de noviembre, General de Subvenciones",24,JURIDICO
ESPECIAL,20,"Ley 38/2003, de 17 de noviembre, general de subvenciones","Ley 38/2003, de 17 de noviembre, General de Subvenciones",25,JURIDICO
ESPECIAL,20,"Ley 38/2003, de 17 de noviembre, general de subvenciones","Ley 38/2003, de 17 de noviembre, General de Subvenciones",26,JURIDICO
ESPECIAL,20,"Ley 38/2003, de 17 de noviembre, general de subvenciones","Ley 38/2003, de 17 de noviembre, General de Subvenciones",27,JURIDICO
ESPECIAL,20,"Ley 38/2003, de 17 de noviembre, general de subvenciones","Ley 38/2003, de 17 de noviembre, General de Subvenciones",28,JURIDICO
ESPECIAL,20,"Ley 38/2003, de 17 de noviembre, general de subvenciones","Ley 38/2003, de 17 de noviembre, General de Subvenciones",29,JURIDICO
ESPECIAL,20,"Ley 38/2003, de 17 de noviembre, general de subvenciones","Ley 38/2003, de 17 de noviembre, General de Subvenciones",30,JURIDICO
ESPECIAL,20,"Ley 38/2003, de 17 de noviembre, general de subvenciones","Ley 38/2003, de 17 de noviembre, General de Subvenciones",31,JURIDICO
ESPECIAL,20,"Ley 38/2003, de 17 de noviembre, general de subvenciones","Ley 38/2003, de 17 de noviembre, General de Subvenciones",32,JURIDICO
ESPECIAL,20,"Ley 38/2003, de 17 de noviembre, general de subvenciones","Ley 38/2003, de 17 de noviembre, General de Subvenciones",33,JURIDICO
ESPECIAL,20,"Ley 38/2003, de 17 de noviembre, general de subvenciones","Ley 38/2003, de 17 de noviembre, General de Subvenciones",34,JURIDICO
ESPECIAL,20,"Ley 38/2003, de 17 de noviembre, general de subvenciones","Ley 38/2003, de 17 de noviembre, General de Subvenciones",35,JURIDICO
ESPECIAL,20,"Ley 38/2003, de 17 de noviembre, general de subvenciones","Ley 38/2003, de 17 de noviembre, General de Subvenciones",36,JURIDICO
ESPECIAL,20,"Ley 38/2003, de 17 de noviembre, general de subvenciones","Ley 38/2003, de 17 de noviembre, General de Subvenciones",37,JURIDICO
ESPECIAL,20,"Ley 38/2003, de 17 de noviembre, general de subvenciones","Ley 38/2003, de 17 de noviembre, General de Subvenciones",38,JURIDICO
ESPECIAL,20,"Ley 38/2003, de 17 de noviembre, general de subvenciones","Ley 38/2003, de 17 de noviembre, General de Subvenciones",39,JURIDICO
ESPECIAL,20,"Ley 38/2003, de 17 de noviembre, general de subvenciones","Ley 38/2003, de 17 de noviembre, General de Subvenciones",40,JURIDICO
ESPECIAL,20,"Ley 38/2003, de 17 de noviembre, general de subvenciones","Ley 38/2003, de 17 de noviembre, General de Subvenciones",41,JURIDICO
ESPECIAL,20,"Ley 38/2003, de 17 de noviembre, general de subvenciones","Ley 38/2003, de 17 de noviembre, General de Subvenciones",42,JURIDICO
ESPECIAL,20,"Ley 38/2003, de 17 de noviembre, general de subvenciones","Ley 38/2003, de 17 de noviembre, General de Subvenciones",43,JURIDICO
ESPECIAL,20,"Ley 38/2003, de 17 de noviembre, general de subvenciones","Ley 38/2003, de 17 de noviembre, General de Subvenciones",44,JURIDICO
ESPECIAL,20,"Ley 38/2003, de 17 de noviembre, general de subvenciones","Ley 38/2003, de 17 de noviembre, General de Subvenciones",45,JURIDICO
ESPECIAL,20,"Ley 38/2003, de 17 de noviembre, general de subvenciones","Ley 38/2003, de 17 de noviembre, General de Subvenciones",46,JURIDICO
ESPECIAL,20,"Ley 38/2003, de 17 de noviembre, general de subvenciones","Ley 38/2003, de 17 de noviembre, General de Subvenciones",47,JURIDICO
ESPECIAL,20,"Ley 38/2003, de 17 de noviembre, general de subvenciones","Ley 38/2003, de 17 de noviembre, General de Subvenciones",48,JURIDICO
ESPECIAL,20,"Ley 38/2003, de 17 de noviembre, general de subvenciones","Ley 38/2003, de 17 de noviembre, General de Subvenciones",49,JURIDICO
ESPECIAL,20,"Ley 38/2003, de 17 de noviembre, general de subvenciones","Ley 38/2003, de 17 de noviembre, General de Subvenciones",50,JURIDICO
ESPECIAL,20,"Ley 38/2003, de 17 de noviembre, general de subvenciones","Ley 38/2003, de 17 de noviembre, General de Subvenciones",51,JURIDICO
ESPECIAL,20,"Ley 38/2003, de 17 de noviembre, general de subvenciones","Ley 38/2003, de 17 de noviembre, General de Subvenciones",52,JURIDICO
ESPECIAL,20,"Ley 38/2003, de 17 de noviembre, general de subvenciones","Ley 38/2003, de 17 de noviembre, General de Subvenciones",53,JURIDICO
ESPECIAL,20,"Ley 38/2003, de 17 de noviembre, general de subvenciones","Ley 38/2003, de 17 de noviembre, General de Subvenciones",54,JURIDICO
ESPECIAL,20,"Ley 38/2003, de 17 de noviembre, general de subvenciones","Ley 38/2003, de 17 de noviembre, General de Subvenciones",55,JURIDICO
ESPECIAL,20,"Ley 38/2003, de 17 de noviembre, general de subvenciones","Ley 38/2003, de 17 de noviembre, General de Subvenciones",56,JURIDICO
ESPECIAL,20,"Ley 38/2003, de 17 de noviembre, general de subvenciones","Ley 38/2003, de 17 de noviembre, General de Subvenciones",57,JURIDICO
ESPECIAL,20,"Ley 38/2003, de 17 de noviembre, general de subvenciones","Ley 38/2003, de 17 de noviembre, General de Subvenciones",58,JURIDICO
ESPECIAL,20,"Ley 38/2003, de 17 de noviembre, general de subvenciones","Ley 38/2003, de 17 de noviembre, General de Subvenciones",59,JURIDICO
ESPECIAL,20,"Ley 38/2003, de 17 de noviembre, general de subvenciones","Ley 38/2003, de 17 de noviembre, General de Subvenciones",60,JURIDICO
ESPECIAL,20,"Ley 38/2003, de 17 de noviembre, general de subvenciones","Ley 38/2003, de 17 de noviembre, General de Subvenciones",61,JURIDICO
ESPECIAL,20,"Ley 38/2003, de 17 de noviembre, general de subvenciones","Ley 38/2003, de 17 de noviembre, General de Subvenciones",62,JURIDICO
ESPECIAL,20,"Ley 38/2003, de 17 de noviembre, general de subvenciones","Ley 38/2003, de 17 de noviembre, General de Subvenciones",63,JURIDICO
ESPECIAL,20,"Ley 38/2003, de 17 de noviembre, general de subvenciones","Ley 38/2003, de 17 de noviembre, General de Subvenciones",64,JURIDICO
ESPECIAL,20,"Ley 38/2003, de 17 de noviembre, general de subvenciones","Ley 38/2003, de 17 de noviembre, General de Subvenciones",65,JURIDICO
ESPECIAL,20,"Ley 38/2003, de 17 de noviembre, general de subvenciones","Ley 38/2003, de 17 de noviembre, General de Subvenciones",66,JURIDICO
ESPECIAL,20,"Ley 38/2003, de 17 de noviembre, general de subvenciones","Ley 38/2003, de 17 de noviembre, General de Subvenciones",67,JURIDICO
ESPECIAL,20,"Ley 38/2003, de 17 de noviembre, general de subvenciones","Ley 38/2003, de 17 de noviembre, General de Subvenciones",68,JURIDICO
ESPECIAL,20,"Ley 38/2003, de 17 de noviembre, general de subvenciones","Ley 38/2003, de 17 de noviembre, General de Subvenciones",69,JURIDICO
ESPECIAL,21,Los contratos del sector público (I): Disposiciones generales,"Ley 9/2017, de 8 de noviembre, de Contratos del Sector Público",1,JURIDICO
ESPECIAL,21,Los contratos del sector público (I): Disposiciones generales,"Ley 9/2017, de 8 de noviembre, de Contratos del Sector Público",2,JURIDICO
ESPECIAL,21,Los contratos del sector público (I): Disposiciones generales,"Ley 9/2017, de 8 de noviembre, de Contratos del Sector Público",3,JURIDICO
ESPECIAL,21,Los contratos del sector público (I): Disposiciones generales,"Ley 9/2017, de 8 de noviembre, de Contratos del Sector Público",4,JURIDICO
ESPECIAL,21,Los contratos del sector público (I): Disposiciones generales,"Ley 9/2017, de 8 de noviembre, de Contratos del Sector Público",5,JURIDICO
ESPECIAL,21,Los contratos del sector público (I): Disposiciones generales,"Ley 9/2017, de 8 de noviembre, de Contratos del Sector Público",6,JURIDICO
ESPECIAL,21,Los contratos del sector público (I): Disposiciones generales,"Ley 9/2017, de 8 de noviembre, de Contratos del Sector Público",7,JURIDICO
ESPECIAL,21,Los contratos del sector público (I): Disposiciones generales,"Ley 9/2017, de 8 de noviembre, de Contratos del Sector Público",8,JURIDICO
ESPECIAL,21,Los contratos del sector público (I): Disposiciones generales,"Ley 9/2017, de 8 de noviembre, de Contratos del Sector Público",9,JURIDICO
ESPECIAL,21,Los contratos del sector público (I): Disposiciones generales,"Ley 9/2017, de 8 de noviembre, de Contratos del Sector Público",10,JURIDICO
ESPECIAL,21,Los contratos del sector público (I): Disposiciones generales,"Ley 9/2017, de 8 de noviembre, de Contratos del Sector Público",11,JURIDICO
ESPECIAL,21,Los contratos del sector público (I): Disposiciones generales,"Ley 9/2017, de 8 de noviembre, de Contratos del Sector Público",12,JURIDICO
ESPECIAL,21,Los contratos del sector público (I): Disposiciones generales,"Ley 9/2017, de 8 de noviembre, de Contratos del Sector Público",13,JURIDICO
ESPECIAL,21,Los contratos del sector público (I): Disposiciones generales,"Ley 9/2017, de 8 de noviembre, de Contratos del Sector Público",14,JURIDICO
ESPECIAL,21,Los contratos del sector público (I): Disposiciones generales,"Ley 9/2017, de 8 de noviembre, de Contratos del Sector Público",15,JURIDICO
ESPECIAL,21,Los contratos del sector público (I): Disposiciones generales,"Ley 9/2017, de 8 de noviembre, de Contratos del Sector Público",16,JURIDICO
ESPECIAL,21,Los contratos del sector público (I): Disposiciones generales,"Ley 9/2017, de 8 de noviembre, de Contratos del Sector Público",17,JURIDICO
ESPECIAL,21,Los contratos del sector público (I): Disposiciones generales,"Ley 9/2017, de 8 de noviembre, de Contratos del Sector Público",18,JURIDICO
ESPECIAL,21,Los contratos del sector público (I): Disposiciones generales,"Ley 9/2017, de 8 de noviembre, de Contratos del Sector Público",19,JURIDICO
ESPECIAL,21,Los contratos del sector público (I): Disposiciones generales,"Ley 9/2017, de 8 de noviembre, de Contratos del Sector Público",20,JURIDICO
ESPECIAL,21,Los contratos del sector público (I): Disposiciones generales,"Ley 9/2017, de 8 de noviembre, de Contratos del Sector Público",21,JURIDICO
ESPECIAL,21,Los contratos del sector público (I): Disposiciones generales,"Ley 9/2017, de 8 de noviembre, de Contratos del Sector Público",22,JURIDICO
ESPECIAL,21,Los contratos del sector público (I): Disposiciones generales,"Ley 9/2017, de 8 de noviembre, de Contratos del Sector Público",23,JURIDICO
ESPECIAL,21,Los contratos del sector público (I): Disposiciones generales,"Ley 9/2017, de 8 de noviembre, de Contratos del Sector Público",24,JURIDICO
ESPECIAL,21,Los contratos del sector público (I): Disposiciones generales,"Ley 9/2017, de 8 de noviembre, de Contratos del Sector Público",25,JURIDICO
ESPECIAL,21,Los contratos del sector público (I): Disposiciones generales,"Ley 9/2017, de 8 de noviembre, de Contratos del Sector Público",26,JURIDICO
ESPECIAL,21,Los contratos del sector público (I): Disposiciones generales,"Ley 9/2017, de 8 de noviembre, de Contratos del Sector Público",27,JURIDICO
ESPECIAL,21,Los contratos del sector público (I): Disposiciones generales,"Ley 9/2017, de 8 de noviembre, de Contratos del Sector Público",28,JURIDICO
ESPECIAL,21,Los contratos del sector público (I): Disposiciones generales,"Ley 9/2017, de 8 de noviembre, de Contratos del Sector Público",29,JURIDICO
ESPECIAL,21,Los contratos del sector público (I): Disposiciones generales,"Ley 9/2017, de 8 de noviembre, de Contratos del Sector Público",30,JURIDICO
ESPECIAL,21,Los contratos del sector público (I): Disposiciones generales,"Ley 9/2017, de 8 de noviembre, de Contratos del Sector Público",31,JURIDICO
ESPECIAL,21,Los contratos del sector público (I): Disposiciones generales,"Ley 9/2017, de 8 de noviembre, de Contratos del Sector Público",32,JURIDICO
ESPECIAL,21,Los contratos del sector público (I): Disposiciones generales,"Ley 9/2017, de 8 de noviembre, de Contratos del Sector Público",33,JURIDICO
ESPECIAL,21,Los contratos del sector público (I): Disposiciones generales,"Ley 9/2017, de 8 de noviembre, de Contratos del Sector Público",34,JURIDICO
ESPECIAL,21,Los contratos del sector público (I): Disposiciones generales,"Ley 9/2017, de 8 de noviembre, de Contratos del Sector Público",35,JURIDICO
ESPECIAL,21,Los contratos del sector público (I): Disposiciones generales,"Ley 9/2017, de 8 de noviembre, de Contratos del Sector Público",36,JURIDICO
ESPECIAL,21,Los contratos del sector público (I): Disposiciones generales,"Ley 9/2017, de 8 de noviembre, de Contratos del Sector Público",37,JURIDICO
ESPECIAL,21,Los contratos del sector público (I): Disposiciones generales,"Ley 9/2017, de 8 de noviembre, de Contratos del Sector Público",38,JURIDICO
ESPECIAL,21,Los contratos del sector público (I): Disposiciones generales,"Ley 9/2017, de 8 de noviembre, de Contratos del Sector Público",39,JURIDICO
ESPECIAL,21,Los contratos del sector público (I): Disposiciones generales,"Ley 9/2017, de 8 de noviembre, de Contratos del Sector Público",40,JURIDICO
ESPECIAL,21,Los contratos del sector público (I): Disposiciones generales,"Ley 9/2017, de 8 de noviembre, de Contratos del Sector Público",41,JURIDICO
ESPECIAL,21,Los contratos del sector público (I): Disposiciones generales,"Ley 9/2017, de 8 de noviembre, de Contratos del Sector Público",42,JURIDICO
ESPECIAL,21,Los contratos del sector público (I): Disposiciones generales,"Ley 9/2017, de 8 de noviembre, de Contratos del Sector Público",43,JURIDICO
ESPECIAL,21,Los contratos del sector público (I): Disposiciones generales,"Ley 9/2017, de 8 de noviembre, de Contratos del Sector Público",44,JURIDICO
ESPECIAL,21,Los contratos del sector público (I): Disposiciones generales,"Ley 9/2017, de 8 de noviembre, de Contratos del Sector Público",45,JURIDICO
ESPECIAL,21,Los contratos del sector público (I): Disposiciones generales,"Ley 9/2017, de 8 de noviembre, de Contratos del Sector Público",46,JURIDICO
ESPECIAL,21,Los contratos del sector público (I): Disposiciones generales,"Ley 9/2017, de 8 de noviembre, de Contratos del Sector Público",47,JURIDICO
ESPECIAL,21,Los contratos del sector público (I): Disposiciones generales,"Ley 9/2017, de 8 de noviembre, de Contratos del Sector Público",48,JURIDICO
ESPECIAL,21,Los contratos del sector público (I): Disposiciones generales,"Ley 9/2017, de 8 de noviembre, de Contratos del Sector Público",49,JURIDICO
ESPECIAL,21,Los contratos del sector público (I): Disposiciones generales,"Ley 9/2017, de 8 de noviembre, de Contratos del Sector Público",50,JURIDICO
ESPECIAL,21,Los contratos del sector público (I): Disposiciones generales,"Ley 9/2017, de 8 de noviembre, de Contratos del Sector Público",51,JURIDICO
ESPECIAL,21,Los contratos del sector público (I): Disposiciones generales,"Ley 9/2017, de 8 de noviembre, de Contratos del Sector Público",52,JURIDICO
ESPECIAL,21,Los contratos del sector público (I): Disposiciones generales,"Ley 9/2017, de 8 de noviembre, de Contratos del Sector Público",53,JURIDICO
ESPECIAL,21,Los contratos del sector público (I): Disposiciones generales,"Ley 9/2017, de 8 de noviembre, de Contratos del Sector Público",54,JURIDICO
ESPECIAL,21,Los contratos del sector público (I): Disposiciones generales,"Ley 9/2017, de 8 de noviembre, de Contratos del Sector Público",55,JURIDICO
ESPECIAL,21,Los contratos del sector público (I): Disposiciones generales,"Ley 9/2017, de 8 de noviembre, de Contratos del Sector Público",56,JURIDICO
ESPECIAL,21,Los contratos del sector público (I): Disposiciones generales,"Ley 9/2017, de 8 de noviembre, de Contratos del Sector Público",57,JURIDICO
ESPECIAL,21,Los contratos del sector público (I): Disposiciones generales,"Ley 9/2017, de 8 de noviembre, de Contratos del Sector Público",58,JURIDICO
ESPECIAL,21,Los contratos del sector público (I): Disposiciones generales,"Ley 9/2017, de 8 de noviembre, de Contratos del Sector Público",59,JURIDICO
ESPECIAL,21,Los contratos del sector público (I): Disposiciones generales,"Ley 9/2017, de 8 de noviembre, de Contratos del Sector Público",60,JURIDICO
ESPECIAL,21,Los contratos del sector público (I): Disposiciones generales,"Ley 9/2017, de 8 de noviembre, de Contratos del Sector Público",61,JURIDICO
ESPECIAL,21,Los contratos del sector público (I): Disposiciones generales,"Ley 9/2017, de 8 de noviembre, de Contratos del Sector Público",62,JURIDICO
ESPECIAL,21,Los contratos del sector público (I): Disposiciones generales,"Ley 9/2017, de 8 de noviembre, de Contratos del Sector Público",63,JURIDICO
ESPECIAL,21,Los contratos del sector público (I): Disposiciones generales,"Ley 9/2017, de 8 de noviembre, de Contratos del Sector Público",64,JURIDICO
ESPECIAL,21,Los contratos del sector público (I): Disposiciones generales,"Ley 9/2017, de 8 de noviembre, de Contratos del Sector Público",65,JURIDICO
ESPECIAL,21,Los contratos del sector público (I): Disposiciones generales,"Ley 9/2017, de 8 de noviembre, de Contratos del Sector Público",66,JURIDICO
ESPECIAL,21,Los contratos del sector público (I): Disposiciones generales,"Ley 9/2017, de 8 de noviembre, de Contratos del Sector Público",67,JURIDICO
ESPECIAL,21,Los contratos del sector público (I): Disposiciones generales,"Ley 9/2017, de 8 de noviembre, de Contratos del Sector Público",68,JURIDICO
ESPECIAL,21,Los contratos del sector público (I): Disposiciones generales,"Ley 9/2017, de 8 de noviembre, de Contratos del Sector Público",69,JURIDICO
ESPECIAL,21,Los contratos del sector público (I): Disposiciones generales,"Ley 9/2017, de 8 de noviembre, de Contratos del Sector Público",70,JURIDICO
ESPECIAL,21,Los contratos del sector público (I): Disposiciones generales,"Ley 9/2017, de 8 de noviembre, de Contratos del Sector Público",71,JURIDICO
ESPECIAL,21,Los contratos del sector público (I): Disposiciones generales,"Ley 9/2017, de 8 de noviembre, de Contratos del Sector Público",72,JURIDICO
ESPECIAL,21,Los contratos del sector público (I): Disposiciones generales,"Ley 9/2017, de 8 de noviembre, de Contratos del Sector Público",73,JURIDICO
ESPECIAL,21,Los contratos del sector público (I): Disposiciones generales,"Ley 9/2017, de 8 de noviembre, de Contratos del Sector Público",74,JURIDICO
ESPECIAL,21,Los contratos del sector público (I): Disposiciones generales,"Ley 9/2017, de 8 de noviembre, de Contratos del Sector Público",75,JURIDICO
ESPECIAL,21,Los contratos del sector público (I): Disposiciones generales,"Ley 9/2017, de 8 de noviembre, de Contratos del Sector Público",76,JURIDICO
ESPECIAL,21,Los contratos del sector público (I): Disposiciones generales,"Ley 9/2017, de 8 de noviembre, de Contratos del Sector Público",77,JURIDICO
ESPECIAL,21,Los contratos del sector público (I): Disposiciones generales,"Ley 9/2017, de 8 de noviembre, de Contratos del Sector Público",78,JURIDICO
ESPECIAL,21,Los contratos del sector público (I): Disposiciones generales,"Ley 9/2017, de 8 de noviembre, de Contratos del Sector Público",79,JURIDICO
ESPECIAL,21,Los contratos del sector público (I): Disposiciones generales,"Ley 9/2017, de 8 de noviembre, de Contratos del Sector Público",80,JURIDICO
ESPECIAL,21,Los contratos del sector público (I): Disposiciones generales,"Ley 9/2017, de 8 de noviembre, de Contratos del Sector Público",81,JURIDICO
ESPECIAL,21,Los contratos del sector público (I): Disposiciones generales,"Ley 9/2017, de 8 de noviembre, de Contratos del Sector Público",82,JURIDICO
ESPECIAL,21,Los contratos del sector público (I): Disposiciones generales,"Ley 9/2017, de 8 de noviembre, de Contratos del Sector Público",83,JURIDICO
ESPECIAL,21,Los contratos del sector público (I): Disposiciones generales,"Ley 9/2017, de 8 de noviembre, de Contratos del Sector Público",84,JURIDICO
ESPECIAL,21,Los contratos del sector público (I): Disposiciones generales,"Ley 9/2017, de 8 de noviembre, de Contratos del Sector Público",85,JURIDICO
ESPECIAL,21,Los contratos del sector público (I): Disposiciones generales,"Ley 9/2017, de 8 de noviembre, de Contratos del Sector Público",86,JURIDICO
ESPECIAL,21,Los contratos del sector público (I): Disposiciones generales,"Ley 9/2017, de 8 de noviembre, de Contratos del Sector Público",87,JURIDICO
ESPECIAL,21,Los contratos del sector público (I): Disposiciones generales,"Ley 9/2017, de 8 de noviembre, de Contratos del Sector Público",88,JURIDICO
ESPECIAL,21,Los contratos del sector público (I): Disposiciones generales,"Ley 9/2017, de 8 de noviembre, de Contratos del Sector Público",89,JURIDICO
ESPECIAL,21,Los contratos del sector público (I): Disposiciones generales,"Ley 9/2017, de 8 de noviembre, de Contratos del Sector Público",90,JURIDICO
ESPECIAL,21,Los contratos del sector público (I): Disposiciones generales,"Ley 9/2017, de 8 de noviembre, de Contratos del Sector Público",91,JURIDICO
ESPECIAL,21,Los contratos del sector público (I): Disposiciones generales,"Ley 9/2017, de 8 de noviembre, de Contratos del Sector Público",92,JURIDICO
ESPECIAL,21,Los contratos del sector público (I): Disposiciones generales,"Ley 9/2017, de 8 de noviembre, de Contratos del Sector Público",93,JURIDICO
ESPECIAL,21,Los contratos del sector público (I): Disposiciones generales,"Ley 9/2017, de 8 de noviembre, de Contratos del Sector Público",94,JURIDICO
ESPECIAL,21,Los contratos del sector público (I): Disposiciones generales,"Ley 9/2017, de 8 de noviembre, de Contratos del Sector Público",95,JURIDICO
ESPECIAL,21,Los contratos del sector público (I): Disposiciones generales,"Ley 9/2017, de 8 de noviembre, de Contratos del Sector Público",96,JURIDICO
ESPECIAL,21,Los contratos del sector público (I): Disposiciones generales,"Ley 9/2017, de 8 de noviembre, de Contratos del Sector Público",97,JURIDICO
ESPECIAL,21,Los contratos del sector público (I): Disposiciones generales,"Ley 9/2017, de 8 de noviembre, de Contratos del Sector Público",98,JURIDICO
ESPECIAL,21,Los contratos del sector público (I): Disposiciones generales,"Ley 9/2017, de 8 de noviembre, de Contratos del Sector Público",99,JURIDICO
ESPECIAL,21,Los contratos del sector público (I): Disposiciones generales,"Ley 9/2017, de 8 de noviembre, de Contratos del Sector Público",100,JURIDICO
ESPECIAL,21,Los contratos del sector público (I): Disposiciones generales,"Ley 9/2017, de 8 de noviembre, de Contratos del Sector Público",101,JURIDICO
ESPECIAL,21,Los contratos del sector público (I): Disposiciones generales,"Ley 9/2017, de 8 de noviembre, de Contratos del Sector Público",102,JURIDICO
ESPECIAL,21,Los contratos del sector público (I): Disposiciones generales,"Ley 9/2017, de 8 de noviembre, de Contratos del Sector Público",103,JURIDICO
ESPECIAL,21,Los contratos del sector público (I): Disposiciones generales,"Ley 9/2017, de 8 de noviembre, de Contratos del Sector Público",104,JURIDICO
ESPECIAL,21,Los contratos del sector público (I): Disposiciones generales,"Ley 9/2017, de 8 de noviembre, de Contratos del Sector Público",105,JURIDICO
ESPECIAL,21,Los contratos del sector público (I): Disposiciones generales,"Ley 9/2017, de 8 de noviembre, de Contratos del Sector Público",106,JURIDICO
ESPECIAL,21,Los contratos del sector público (I): Disposiciones generales,"Ley 9/2017, de 8 de noviembre, de Contratos del Sector Público",107,JURIDICO
ESPECIAL,21,Los contratos del sector público (I): Disposiciones generales,"Ley 9/2017, de 8 de noviembre, de Contratos del Sector Público",108,JURIDICO
ESPECIAL,21,Los contratos del sector público (I): Disposiciones generales,"Ley 9/2017, de 8 de noviembre, de Contratos del Sector Público",109,JURIDICO
ESPECIAL,21,Los contratos del sector público (I): Disposiciones generales,"Ley 9/2017, de 8 de noviembre, de Contratos del Sector Público",110,JURIDICO
ESPECIAL,21,Los contratos del sector público (I): Disposiciones generales,"Ley 9/2017, de 8 de noviembre, de Contratos del Sector Público",111,JURIDICO
ESPECIAL,21,Los contratos del sector público (I): Disposiciones generales,"Ley 9/2017, de 8 de noviembre, de Contratos del Sector Público",112,JURIDICO
ESPECIAL,21,Los contratos del sector público (I): Disposiciones generales,"Ley 9/2017, de 8 de noviembre, de Contratos del Sector Público",113,JURIDICO
ESPECIAL,21,Los contratos del sector público (I): Disposiciones generales,"Ley 9/2017, de 8 de noviembre, de Contratos del Sector Público",114,JURIDICO
ESPECIAL,22,Los contratos del sector público (II): De los contratos de las Administraciones Públicas,"Ley 9/2017, de 8 de noviembre, de Contratos del Sector Público",115,JURIDICO
ESPECIAL,22,Los contratos del sector público (II): De los contratos de las Administraciones Públicas,"Ley 9/2017, de 8 de noviembre, de Contratos del Sector Público",116,JURIDICO
ESPECIAL,22,Los contratos del sector público (II): De los contratos de las Administraciones Públicas,"Ley 9/2017, de 8 de noviembre, de Contratos del Sector Público",117,JURIDICO
ESPECIAL,22,Los contratos del sector público (II): De los contratos de las Administraciones Públicas,"Ley 9/2017, de 8 de noviembre, de Contratos del Sector Público",118,JURIDICO
ESPECIAL,22,Los contratos del sector público (II): De los contratos de las Administraciones Públicas,"Ley 9/2017, de 8 de noviembre, de Contratos del Sector Público",119,JURIDICO
ESPECIAL,22,Los contratos del sector público (II): De los contratos de las Administraciones Públicas,"Ley 9/2017, de 8 de noviembre, de Contratos del Sector Público",120,JURIDICO
ESPECIAL,22,Los contratos del sector público (II): De los contratos de las Administraciones Públicas,"Ley 9/2017, de 8 de noviembre, de Contratos del Sector Público",121,JURIDICO
ESPECIAL,22,Los contratos del sector público (II): De los contratos de las Administraciones Públicas,"Ley 9/2017, de 8 de noviembre, de Contratos del Sector Público",122,JURIDICO
ESPECIAL,22,Los contratos del sector público (II): De los contratos de las Administraciones Públicas,"Ley 9/2017, de 8 de noviembre, de Contratos del Sector Público",123,JURIDICO
ESPECIAL,22,Los contratos del sector público (II): De los contratos de las Administraciones Públicas,"Ley 9/2017, de 8 de noviembre, de Contratos del Sector Público",124,JURIDICO
ESPECIAL,22,Los contratos del sector público (II): De los contratos de las Administraciones Públicas,"Ley 9/2017, de 8 de noviembre, de Contratos del Sector Público",125,JURIDICO
ESPECIAL,22,Los contratos del sector público (II): De los contratos de las Administraciones Públicas,"Ley 9/2017, de 8 de noviembre, de Contratos del Sector Público",126,JURIDICO
ESPECIAL,22,Los contratos del sector público (II): De los contratos de las Administraciones Públicas,"Ley 9/2017, de 8 de noviembre, de Contratos del Sector Público",127,JURIDICO
ESPECIAL,22,Los contratos del sector público (II): De los contratos de las Administraciones Públicas,"Ley 9/2017, de 8 de noviembre, de Contratos del Sector Público",128,JURIDICO
ESPECIAL,22,Los contratos del sector público (II): De los contratos de las Administraciones Públicas,"Ley 9/2017, de 8 de noviembre, de Contratos del Sector Público",129,JURIDICO
ESPECIAL,22,Los contratos del sector público (II): De los contratos de las Administraciones Públicas,"Ley 9/2017, de 8 de noviembre, de Contratos del Sector Público",130,JURIDICO
ESPECIAL,22,Los contratos del sector público (II): De los contratos de las Administraciones Públicas,"Ley 9/2017, de 8 de noviembre, de Contratos del Sector Público",131,JURIDICO
ESPECIAL,22,Los contratos del sector público (II): De los contratos de las Administraciones Públicas,"Ley 9/2017, de 8 de noviembre, de Contratos del Sector Público",132,JURIDICO
ESPECIAL,22,Los contratos del sector público (II): De los contratos de las Administraciones Públicas,"Ley 9/2017, de 8 de noviembre, de Contratos del Sector Público",133,JURIDICO
ESPECIAL,22,Los contratos del sector público (II): De los contratos de las Administraciones Públicas,"Ley 9/2017, de 8 de noviembre, de Contratos del Sector Público",134,JURIDICO
ESPECIAL,22,Los contratos del sector público (II): De los contratos de las Administraciones Públicas,"Ley 9/2017, de 8 de noviembre, de Contratos del Sector Público",135,JURIDICO
ESPECIAL,22,Los contratos del sector público (II): De los contratos de las Administraciones Públicas,"Ley 9/2017, de 8 de noviembre, de Contratos del Sector Público",136,JURIDICO
ESPECIAL,22,Los contratos del sector público (II): De los contratos de las Administraciones Públicas,"Ley 9/2017, de 8 de noviembre, de Contratos del Sector Público",137,JURIDICO
ESPECIAL,22,Los contratos del sector público (II): De los contratos de las Administraciones Públicas,"Ley 9/2017, de 8 de noviembre, de Contratos del Sector Público",138,JURIDICO
ESPECIAL,22,Los contratos del sector público (II): De los contratos de las Administraciones Públicas,"Ley 9/2017, de 8 de noviembre, de Contratos del Sector Público",139,JURIDICO
ESPECIAL,22,Los contratos del sector público (II): De los contratos de las Administraciones Públicas,"Ley 9/2017, de 8 de noviembre, de Contratos del Sector Público",140,JURIDICO
ESPECIAL,22,Los contratos del sector público (II): De los contratos de las Administraciones Públicas,"Ley 9/2017, de 8 de noviembre, de Contratos del Sector Público",141,JURIDICO
ESPECIAL,22,Los contratos del sector público (II): De los contratos de las Administraciones Públicas,"Ley 9/2017, de 8 de noviembre, de Contratos del Sector Público",142,JURIDICO
ESPECIAL,22,Los contratos del sector público (II): De los contratos de las Administraciones Públicas,"Ley 9/2017, de 8 de noviembre, de Contratos del Sector Público",143,JURIDICO
ESPECIAL,22,Los contratos del sector público (II): De los contratos de las Administraciones Públicas,"Ley 9/2017, de 8 de noviembre, de Contratos del Sector Público",144,JURIDICO
ESPECIAL,22,Los contratos del sector público (II): De los contratos de las Administraciones Públicas,"Ley 9/2017, de 8 de noviembre, de Contratos del Sector Público",145,JURIDICO
ESPECIAL,22,Los contratos del sector público (II): De los contratos de las Administraciones Públicas,"Ley 9/2017, de 8 de noviembre, de Contratos del Sector Público",146,JURIDICO
ESPECIAL,22,Los contratos del sector público (II): De los contratos de las Administraciones Públicas,"Ley 9/2017, de 8 de noviembre, de Contratos del Sector Público",147,JURIDICO
ESPECIAL,22,Los contratos del sector público (II): De los contratos de las Administraciones Públicas,"Ley 9/2017, de 8 de noviembre, de Contratos del Sector Público",148,JURIDICO
ESPECIAL,22,Los contratos del sector público (II): De los contratos de las Administraciones Públicas,"Ley 9/2017, de 8 de noviembre, de Contratos del Sector Público",149,JURIDICO
ESPECIAL,22,Los contratos del sector público (II): De los contratos de las Administraciones Públicas,"Ley 9/2017, de 8 de noviembre, de Contratos del Sector Público",150,JURIDICO
ESPECIAL,22,Los contratos del sector público (II): De los contratos de las Administraciones Públicas,"Ley 9/2017, de 8 de noviembre, de Contratos del Sector Público",151,JURIDICO
ESPECIAL,22,Los contratos del sector público (II): De los contratos de las Administraciones Públicas,"Ley 9/2017, de 8 de noviembre, de Contratos del Sector Público",152,JURIDICO
ESPECIAL,22,Los contratos del sector público (II): De los contratos de las Administraciones Públicas,"Ley 9/2017, de 8 de noviembre, de Contratos del Sector Público",153,JURIDICO
ESPECIAL,22,Los contratos del sector público (II): De los contratos de las Administraciones Públicas,"Ley 9/2017, de 8 de noviembre, de Contratos del Sector Público",154,JURIDICO
ESPECIAL,22,Los contratos del sector público (II): De los contratos de las Administraciones Públicas,"Ley 9/2017, de 8 de noviembre, de Contratos del Sector Público",155,JURIDICO
ESPECIAL,22,Los contratos del sector público (II): De los contratos de las Administraciones Públicas,"Ley 9/2017, de 8 de noviembre, de Contratos del Sector Público",156,JURIDICO
ESPECIAL,22,Los contratos del sector público (II): De los contratos de las Administraciones Públicas,"Ley 9/2017, de 8 de noviembre, de Contratos del Sector Público",157,JURIDICO
ESPECIAL,22,Los contratos del sector público (II): De los contratos de las Administraciones Públicas,"Ley 9/2017, de 8 de noviembre, de Contratos del Sector Público",158,JURIDICO
ESPECIAL,22,Los contratos del sector público (II): De los contratos de las Administraciones Públicas,"Ley 9/2017, de 8 de noviembre, de Contratos del Sector Público",159,JURIDICO
ESPECIAL,22,Los contratos del sector público (II): De los contratos de las Administraciones Públicas,"Ley 9/2017, de 8 de noviembre, de Contratos del Sector Público",160,JURIDICO
ESPECIAL,22,Los contratos del sector público (II): De los contratos de las Administraciones Públicas,"Ley 9/2017, de 8 de noviembre, de Contratos del Sector Público",161,JURIDICO
ESPECIAL,22,Los contratos del sector público (II): De los contratos de las Administraciones Públicas,"Ley 9/2017, de 8 de noviembre, de Contratos del Sector Público",162,JURIDICO
ESPECIAL,22,Los contratos del sector público (II): De los contratos de las Administraciones Públicas,"Ley 9/2017, de 8 de noviembre, de Contratos del Sector Público",163,JURIDICO
ESPECIAL,22,Los contratos del sector público (II): De los contratos de las Administraciones Públicas,"Ley 9/2017, de 8 de noviembre, de Contratos del Sector Público",164,JURIDICO
ESPECIAL,22,Los contratos del sector público (II): De los contratos de las Administraciones Públicas,"Ley 9/2017, de 8 de noviembre, de Contratos del Sector Público",165,JURIDICO
ESPECIAL,22,Los contratos del sector público (II): De los contratos de las Administraciones Públicas,"Ley 9/2017, de 8 de noviembre, de Contratos del Sector Público",166,JURIDICO
ESPECIAL,22,Los contratos del sector público (II): De los contratos de las Administraciones Públicas,"Ley 9/2017, de 8 de noviembre, de Contratos del Sector Público",167,JURIDICO
ESPECIAL,22,Los contratos del sector público (II): De los contratos de las Administraciones Públicas,"Ley 9/2017, de 8 de noviembre, de Contratos del Sector Público",168,JURIDICO
ESPECIAL,22,Los contratos del sector público (II): De los contratos de las Administraciones Públicas,"Ley 9/2017, de 8 de noviembre, de Contratos del Sector Público",169,JURIDICO
ESPECIAL,22,Los contratos del sector público (II): De los contratos de las Administraciones Públicas,"Ley 9/2017, de 8 de noviembre, de Contratos del Sector Público",170,JURIDICO
ESPECIAL,22,Los contratos del sector público (II): De los contratos de las Administraciones Públicas,"Ley 9/2017, de 8 de noviembre, de Contratos del Sector Público",171,JURIDICO
ESPECIAL,22,Los contratos del sector público (II): De los contratos de las Administraciones Públicas,"Ley 9/2017, de 8 de noviembre, de Contratos del Sector Público",172,JURIDICO
ESPECIAL,22,Los contratos del sector público (II): De los contratos de las Administraciones Públicas,"Ley 9/2017, de 8 de noviembre, de Contratos del Sector Público",173,JURIDICO
ESPECIAL,22,Los contratos del sector público (II): De los contratos de las Administraciones Públicas,"Ley 9/2017, de 8 de noviembre, de Contratos del Sector Público",174,JURIDICO
ESPECIAL,22,Los contratos del sector público (II): De los contratos de las Administraciones Públicas,"Ley 9/2017, de 8 de noviembre, de Contratos del Sector Público",175,JURIDICO
ESPECIAL,22,Los contratos del sector público (II): De los contratos de las Administraciones Públicas,"Ley 9/2017, de 8 de noviembre, de Contratos del Sector Público",176,JURIDICO
ESPECIAL,22,Los contratos del sector público (II): De los contratos de las Administraciones Públicas,"Ley 9/2017, de 8 de noviembre, de Contratos del Sector Público",177,JURIDICO
ESPECIAL,22,Los contratos del sector público (II): De los contratos de las Administraciones Públicas,"Ley 9/2017, de 8 de noviembre, de Contratos del Sector Público",178,JURIDICO
ESPECIAL,22,Los contratos del sector público (II): De los contratos de las Administraciones Públicas,"Ley 9/2017, de 8 de noviembre, de Contratos del Sector Público",179,JURIDICO
ESPECIAL,22,Los contratos del sector público (II): De los contratos de las Administraciones Públicas,"Ley 9/2017, de 8 de noviembre, de Contratos del Sector Público",180,JURIDICO
ESPECIAL,22,Los contratos del sector público (II): De los contratos de las Administraciones Públicas,"Ley 9/2017, de 8 de noviembre, de Contratos del Sector Público",181,JURIDICO
ESPECIAL,22,Los contratos del sector público (II): De los contratos de las Administraciones Públicas,"Ley 9/2017, de 8 de noviembre, de Contratos del Sector Público",182,JURIDICO
ESPECIAL,22,Los contratos del sector público (II): De los contratos de las Administraciones Públicas,"Ley 9/2017, de 8 de noviembre, de Contratos del Sector Público",183,JURIDICO
ESPECIAL,22,Los contratos del sector público (II): De los contratos de las Administraciones Públicas,"Ley 9/2017, de 8 de noviembre, de Contratos del Sector Público",184,JURIDICO
ESPECIAL,22,Los contratos del sector público (II): De los contratos de las Administraciones Públicas,"Ley 9/2017, de 8 de noviembre, de Contratos del Sector Público",185,JURIDICO
ESPECIAL,22,Los contratos del sector público (II): De los contratos de las Administraciones Públicas,"Ley 9/2017, de 8 de noviembre, de Contratos del Sector Público",186,JURIDICO
ESPECIAL,22,Los contratos del sector público (II): De los contratos de las Administraciones Públicas,"Ley 9/2017, de 8 de noviembre, de Contratos del Sector Público",187,JURIDICO
ESPECIAL,22,Los contratos del sector público (II): De los contratos de las Administraciones Públicas,"Ley 9/2017, de 8 de noviembre, de Contratos del Sector Público",188,JURIDICO
ESPECIAL,22,Los contratos del sector público (II): De los contratos de las Administraciones Públicas,"Ley 9/2017, de 8 de noviembre, de Contratos del Sector Público",189,JURIDICO
ESPECIAL,22,Los contratos del sector público (II): De los contratos de las Administraciones Públicas,"Ley 9/2017, de 8 de noviembre, de Contratos del Sector Público",190,JURIDICO
ESPECIAL,22,Los contratos del sector público (II): De los contratos de las Administraciones Públicas,"Ley 9/2017, de 8 de noviembre, de Contratos del Sector Público",191,JURIDICO
ESPECIAL,22,Los contratos del sector público (II): De los contratos de las Administraciones Públicas,"Ley 9/2017, de 8 de noviembre, de Contratos del Sector Público",192,JURIDICO
ESPECIAL,22,Los contratos del sector público (II): De los contratos de las Administraciones Públicas,"Ley 9/2017, de 8 de noviembre, de Contratos del Sector Público",193,JURIDICO
ESPECIAL,22,Los contratos del sector público (II): De los contratos de las Administraciones Públicas,"Ley 9/2017, de 8 de noviembre, de Contratos del Sector Público",194,JURIDICO
ESPECIAL,22,Los contratos del sector público (II): De los contratos de las Administraciones Públicas,"Ley 9/2017, de 8 de noviembre, de Contratos del Sector Público",195,JURIDICO
ESPECIAL,22,Los contratos del sector público (II): De los contratos de las Administraciones Públicas,"Ley 9/2017, de 8 de noviembre, de Contratos del Sector Público",196,JURIDICO
ESPECIAL,22,Los contratos del sector público (II): De los contratos de las Administraciones Públicas,"Ley 9/2017, de 8 de noviembre, de Contratos del Sector Público",197,JURIDICO
ESPECIAL,22,Los contratos del sector público (II): De los contratos de las Administraciones Públicas,"Ley 9/2017, de 8 de noviembre, de Contratos del Sector Público",198,JURIDICO
ESPECIAL,22,Los contratos del sector público (II): De los contratos de las Administraciones Públicas,"Ley 9/2017, de 8 de noviembre, de Contratos del Sector Público",199,JURIDICO
ESPECIAL,22,Los contratos del sector público (II): De los contratos de las Administraciones Públicas,"Ley 9/2017, de 8 de noviembre, de Contratos del Sector Público",200,JURIDICO
ESPECIAL,22,Los contratos del sector público (II): De los contratos de las Administraciones Públicas,"Ley 9/2017, de 8 de noviembre, de Contratos del Sector Público",201,JURIDICO
ESPECIAL,22,Los contratos del sector público (II): De los contratos de las Administraciones Públicas,"Ley 9/2017, de 8 de noviembre, de Contratos del Sector Público",202,JURIDICO
ESPECIAL,22,Los contratos del sector público (II): De los contratos de las Administraciones Públicas,"Ley 9/2017, de 8 de noviembre, de Contratos del Sector Público",203,JURIDICO
ESPECIAL,22,Los contratos del sector público (II): De los contratos de las Administraciones Públicas,"Ley 9/2017, de 8 de noviembre, de Contratos del Sector Público",204,JURIDICO
ESPECIAL,22,Los contratos del sector público (II): De los contratos de las Administraciones Públicas,"Ley 9/2017, de 8 de noviembre, de Contratos del Sector Público",205,JURIDICO
ESPECIAL,22,Los contratos del sector público (II): De los contratos de las Administraciones Públicas,"Ley 9/2017, de 8 de noviembre, de Contratos del Sector Público",206,JURIDICO
ESPECIAL,22,Los contratos del sector público (II): De los contratos de las Administraciones Públicas,"Ley 9/2017, de 8 de noviembre, de Contratos del Sector Público",207,JURIDICO
ESPECIAL,22,Los contratos del sector público (II): De los contratos de las Administraciones Públicas,"Ley 9/2017, de 8 de noviembre, de Contratos del Sector Público",208,JURIDICO
ESPECIAL,22,Los contratos del sector público (II): De los contratos de las Administraciones Públicas,"Ley 9/2017, de 8 de noviembre, de Contratos del Sector Público",209,JURIDICO
ESPECIAL,22,Los contratos del sector público (II): De los contratos de las Administraciones Públicas,"Ley 9/2017, de 8 de noviembre, de Contratos del Sector Público",210,JURIDICO
ESPECIAL,22,Los contratos del sector público (II): De los contratos de las Administraciones Públicas,"Ley 9/2017, de 8 de noviembre, de Contratos del Sector Público",211,JURIDICO
ESPECIAL,22,Los contratos del sector público (II): De los contratos de las Administraciones Públicas,"Ley 9/2017, de 8 de noviembre, de Contratos del Sector Público",212,JURIDICO
ESPECIAL,22,Los contratos del sector público (II): De los contratos de las Administraciones Públicas,"Ley 9/2017, de 8 de noviembre, de Contratos del Sector Público",213,JURIDICO
ESPECIAL,22,Los contratos del sector público (II): De los contratos de las Administraciones Públicas,"Ley 9/2017, de 8 de noviembre, de Contratos del Sector Público",214,JURIDICO
ESPECIAL,22,Los contratos del sector público (II): De los contratos de las Administraciones Públicas,"Ley 9/2017, de 8 de noviembre, de Contratos del Sector Público",215,JURIDICO
ESPECIAL,22,Los contratos del sector público (II): De los contratos de las Administraciones Públicas,"Ley 9/2017, de 8 de noviembre, de Contratos del Sector Público",216,JURIDICO
ESPECIAL,22,Los contratos del sector público (II): De los contratos de las Administraciones Públicas,"Ley 9/2017, de 8 de noviembre, de Contratos del Sector Público",217,JURIDICO
ESPECIAL,22,Los contratos del sector público (II): De los contratos de las Administraciones Públicas,"Ley 9/2017, de 8 de noviembre, de Contratos del Sector Público",218,JURIDICO
ESPECIAL,22,Los contratos del sector público (II): De los contratos de las Administraciones Públicas,"Ley 9/2017, de 8 de noviembre, de Contratos del Sector Público",219,JURIDICO
ESPECIAL,22,Los contratos del sector público (II): De los contratos de las Administraciones Públicas,"Ley 9/2017, de 8 de noviembre, de Contratos del Sector Público",220,JURIDICO
ESPECIAL,22,Los contratos del sector público (II): De los contratos de las Administraciones Públicas,"Ley 9/2017, de 8 de noviembre, de Contratos del Sector Público",221,JURIDICO
ESPECIAL,22,Los contratos del sector público (II): De los contratos de las Administraciones Públicas,"Ley 9/2017, de 8 de noviembre, de Contratos del Sector Público",222,JURIDICO
ESPECIAL,22,Los contratos del sector público (II): De los contratos de las Administraciones Públicas,"Ley 9/2017, de 8 de noviembre, de Contratos del Sector Público",223,JURIDICO
ESPECIAL,22,Los contratos del sector público (II): De los contratos de las Administraciones Públicas,"Ley 9/2017, de 8 de noviembre, de Contratos del Sector Público",224,JURIDICO
ESPECIAL,22,Los contratos del sector público (II): De los contratos de las Administraciones Públicas,"Ley 9/2017, de 8 de noviembre, de Contratos del Sector Público",225,JURIDICO
ESPECIAL,22,Los contratos del sector público (II): De los contratos de las Administraciones Públicas,"Ley 9/2017, de 8 de noviembre, de Contratos del Sector Público",226,JURIDICO
ESPECIAL,22,Los contratos del sector público (II): De los contratos de las Administraciones Públicas,"Ley 9/2017, de 8 de noviembre, de Contratos del Sector Público",227,JURIDICO
ESPECIAL,22,Los contratos del sector público (II): De los contratos de las Administraciones Públicas,"Ley 9/2017, de 8 de noviembre, de Contratos del Sector Público",228,JURIDICO
ESPECIAL,22,Los contratos del sector público (II): De los contratos de las Administraciones Públicas,"Ley 9/2017, de 8 de noviembre, de Contratos del Sector Público",229,JURIDICO
ESPECIAL,22,Los contratos del sector público (II): De los contratos de las Administraciones Públicas,"Ley 9/2017, de 8 de noviembre, de Contratos del Sector Público",230,JURIDICO
ESPECIAL,22,Los contratos del sector público (II): De los contratos de las Administraciones Públicas,"Ley 9/2017, de 8 de noviembre, de Contratos del Sector Público",231,JURIDICO
ESPECIAL,22,Los contratos del sector público (II): De los contratos de las Administraciones Públicas,"Ley 9/2017, de 8 de noviembre, de Contratos del Sector Público",232,JURIDICO
ESPECIAL,22,Los contratos del sector público (II): De los contratos de las Administraciones Públicas,"Ley 9/2017, de 8 de noviembre, de Contratos del Sector Público",233,JURIDICO
ESPECIAL,22,Los contratos del sector público (II): De los contratos de las Administraciones Públicas,"Ley 9/2017, de 8 de noviembre, de Contratos del Sector Público",234,JURIDICO
ESPECIAL,22,Los contratos del sector público (II): De los contratos de las Administraciones Públicas,"Ley 9/2017, de 8 de noviembre, de Contratos del Sector Público",235,JURIDICO
ESPECIAL,22,Los contratos del sector público (II): De los contratos de las Administraciones Públicas,"Ley 9/2017, de 8 de noviembre, de Contratos del Sector Público",236,JURIDICO
ESPECIAL,22,Los contratos del sector público (II): De los contratos de las Administraciones Públicas,"Ley 9/2017, de 8 de noviembre, de Contratos del Sector Público",237,JURIDICO
ESPECIAL,22,Los contratos del sector público (II): De los contratos de las Administraciones Públicas,"Ley 9/2017, de 8 de noviembre, de Contratos del Sector Público",238,JURIDICO
ESPECIAL,22,Los contratos del sector público (II): De los contratos de las Administraciones Públicas,"Ley 9/2017, de 8 de noviembre, de Contratos del Sector Público",239,JURIDICO
ESPECIAL,22,Los contratos del sector público (II): De los contratos de las Administraciones Públicas,"Ley 9/2017, de 8 de noviembre, de Contratos del Sector Público",240,JURIDICO
ESPECIAL,22,Los contratos del sector público (II): De los contratos de las Administraciones Públicas,"Ley 9/2017, de 8 de noviembre, de Contratos del Sector Público",241,JURIDICO
ESPECIAL,22,Los contratos del sector público (II): De los contratos de las Administraciones Públicas,"Ley 9/2017, de 8 de noviembre, de Contratos del Sector Público",242,JURIDICO
ESPECIAL,22,Los contratos del sector público (II): De los contratos de las Administraciones Públicas,"Ley 9/2017, de 8 de noviembre, de Contratos del Sector Público",243,JURIDICO
ESPECIAL,22,Los contratos del sector público (II): De los contratos de las Administraciones Públicas,"Ley 9/2017, de 8 de noviembre, de Contratos del Sector Público",244,JURIDICO
ESPECIAL,22,Los contratos del sector público (II): De los contratos de las Administraciones Públicas,"Ley 9/2017, de 8 de noviembre, de Contratos del Sector Público",245,JURIDICO
ESPECIAL,22,Los contratos del sector público (II): De los contratos de las Administraciones Públicas,"Ley 9/2017, de 8 de noviembre, de Contratos del Sector Público",246,JURIDICO
ESPECIAL,22,Los contratos del sector público (II): De los contratos de las Administraciones Públicas,"Ley 9/2017, de 8 de noviembre, de Contratos del Sector Público",247,JURIDICO
ESPECIAL,22,Los contratos del sector público (II): De los contratos de las Administraciones Públicas,"Ley 9/2017, de 8 de noviembre, de Contratos del Sector Público",248,JURIDICO
ESPECIAL,22,Los contratos del sector público (II): De los contratos de las Administraciones Públicas,"Ley 9/2017, de 8 de noviembre, de Contratos del Sector Público",249,JURIDICO
ESPECIAL,22,Los contratos del sector público (II): De los contratos de las Administraciones Públicas,"Ley 9/2017, de 8 de noviembre, de Contratos del Sector Público",250,JURIDICO
ESPECIAL,22,Los contratos del sector público (II): De los contratos de las Administraciones Públicas,"Ley 9/2017, de 8 de noviembre, de Contratos del Sector Público",251,JURIDICO
ESPECIAL,22,Los contratos del sector público (II): De los contratos de las Administraciones Públicas,"Ley 9/2017, de 8 de noviembre, de Contratos del Sector Público",252,JURIDICO
ESPECIAL,22,Los contratos del sector público (II): De los contratos de las Administraciones Públicas,"Ley 9/2017, de 8 de noviembre, de Contratos del Sector Público",253,JURIDICO
ESPECIAL,22,Los contratos del sector público (II): De los contratos de las Administraciones Públicas,"Ley 9/2017, de 8 de noviembre, de Contratos del Sector Público",254,JURIDICO
ESPECIAL,22,Los contratos del sector público (II): De los contratos de las Administraciones Públicas,"Ley 9/2017, de 8 de noviembre, de Contratos del Sector Público",255,JURIDICO
ESPECIAL,22,Los contratos del sector público (II): De los contratos de las Administraciones Públicas,"Ley 9/2017, de 8 de noviembre, de Contratos del Sector Público",256,JURIDICO
ESPECIAL,22,Los contratos del sector público (II): De los contratos de las Administraciones Públicas,"Ley 9/2017, de 8 de noviembre, de Contratos del Sector Público",257,JURIDICO
ESPECIAL,22,Los contratos del sector público (II): De los contratos de las Administraciones Públicas,"Ley 9/2017, de 8 de noviembre, de Contratos del Sector Público",258,JURIDICO
ESPECIAL,22,Los contratos del sector público (II): De los contratos de las Administraciones Públicas,"Ley 9/2017, de 8 de noviembre, de Contratos del Sector Público",259,JURIDICO
ESPECIAL,22,Los contratos del sector público (II): De los contratos de las Administraciones Públicas,"Ley 9/2017, de 8 de noviembre, de Contratos del Sector Público",260,JURIDICO
ESPECIAL,22,Los contratos del sector público (II): De los contratos de las Administraciones Públicas,"Ley 9/2017, de 8 de noviembre, de Contratos del Sector Público",261,JURIDICO
ESPECIAL,22,Los contratos del sector público (II): De los contratos de las Administraciones Públicas,"Ley 9/2017, de 8 de noviembre, de Contratos del Sector Público",262,JURIDICO
ESPECIAL,22,Los contratos del sector público (II): De los contratos de las Administraciones Públicas,"Ley 9/2017, de 8 de noviembre, de Contratos del Sector Público",263,JURIDICO
ESPECIAL,22,Los contratos del sector público (II): De los contratos de las Administraciones Públicas,"Ley 9/2017, de 8 de noviembre, de Contratos del Sector Público",264,JURIDICO
ESPECIAL,22,Los contratos del sector público (II): De los contratos de las Administraciones Públicas,"Ley 9/2017, de 8 de noviembre, de Contratos del Sector Público",265,JURIDICO
ESPECIAL,22,Los contratos del sector público (II): De los contratos de las Administraciones Públicas,"Ley 9/2017, de 8 de noviembre, de Contratos del Sector Público",266,JURIDICO
ESPECIAL,22,Los contratos del sector público (II): De los contratos de las Administraciones Públicas,"Ley 9/2017, de 8 de noviembre, de Contratos del Sector Público",267,JURIDICO
ESPECIAL,22,Los contratos del sector público (II): De los contratos de las Administraciones Públicas,"Ley 9/2017, de 8 de noviembre, de Contratos del Sector Público",268,JURIDICO
ESPECIAL,22,Los contratos del sector público (II): De los contratos de las Administraciones Públicas,"Ley 9/2017, de 8 de noviembre, de Contratos del Sector Público",269,JURIDICO
ESPECIAL,22,Los contratos del sector público (II): De los contratos de las Administraciones Públicas,"Ley 9/2017, de 8 de noviembre, de Contratos del Sector Público",270,JURIDICO
ESPECIAL,22,Los contratos del sector público (II): De los contratos de las Administraciones Públicas,"Ley 9/2017, de 8 de noviembre, de Contratos del Sector Público",271,JURIDICO
ESPECIAL,22,Los contratos del sector público (II): De los contratos de las Administraciones Públicas,"Ley 9/2017, de 8 de noviembre, de Contratos del Sector Público",272,JURIDICO
ESPECIAL,22,Los contratos del sector público (II): De los contratos de las Administraciones Públicas,"Ley 9/2017, de 8 de noviembre, de Contratos del Sector Público",273,JURIDICO
ESPECIAL,22,Los contratos del sector público (II): De los contratos de las Administraciones Públicas,"Ley 9/2017, de 8 de noviembre, de Contratos del Sector Público",274,JURIDICO
ESPECIAL,22,Los contratos del sector público (II): De los contratos de las Administraciones Públicas,"Ley 9/2017, de 8 de noviembre, de Contratos del Sector Público",275,JURIDICO
ESPECIAL,22,Los contratos del sector público (II): De los contratos de las Administraciones Públicas,"Ley 9/2017, de 8 de noviembre, de Contratos del Sector Público",276,JURIDICO
ESPECIAL,22,Los contratos del sector público (II): De los contratos de las Administraciones Públicas,"Ley 9/2017, de 8 de noviembre, de Contratos del Sector Público",277,JURIDICO
ESPECIAL,22,Los contratos del sector público (II): De los contratos de las Administraciones Públicas,"Ley 9/2017, de 8 de noviembre, de Contratos del Sector Público",278,JURIDICO
ESPECIAL,22,Los contratos del sector público (II): De los contratos de las Administraciones Públicas,"Ley 9/2017, de 8 de noviembre, de Contratos del Sector Público",279,JURIDICO
ESPECIAL,22,Los contratos del sector público (II): De los contratos de las Administraciones Públicas,"Ley 9/2017, de 8 de noviembre, de Contratos del Sector Público",280,JURIDICO
ESPECIAL,22,Los contratos del sector público (II): De los contratos de las Administraciones Públicas,"Ley 9/2017, de 8 de noviembre, de Contratos del Sector Público",281,JURIDICO
ESPECIAL,22,Los contratos del sector público (II): De los contratos de las Administraciones Públicas,"Ley 9/2017, de 8 de noviembre, de Contratos del Sector Público",282,JURIDICO
ESPECIAL,22,Los contratos del sector público (II): De los contratos de las Administraciones Públicas,"Ley 9/2017, de 8 de noviembre, de Contratos del Sector Público",283,JURIDICO
ESPECIAL,22,Los contratos del sector público (II): De los contratos de las Administraciones Públicas,"Ley 9/2017, de 8 de noviembre, de Contratos del Sector Público",284,JURIDICO
ESPECIAL,22,Los contratos del sector público (II): De los contratos de las Administraciones Públicas,"Ley 9/2017, de 8 de noviembre, de Contratos del Sector Público",285,JURIDICO
ESPECIAL,22,Los contratos del sector público (II): De los contratos de las Administraciones Públicas,"Ley 9/2017, de 8 de noviembre, de Contratos del Sector Público",286,JURIDICO
ESPECIAL,22,Los contratos del sector público (II): De los contratos de las Administraciones Públicas,"Ley 9/2017, de 8 de noviembre, de Contratos del Sector Público",287,JURIDICO
ESPECIAL,22,Los contratos del sector público (II): De los contratos de las Administraciones Públicas,"Ley 9/2017, de 8 de noviembre, de Contratos del Sector Público",288,JURIDICO
ESPECIAL,22,Los contratos del sector público (II): De los contratos de las Administraciones Públicas,"Ley 9/2017, de 8 de noviembre, de Contratos del Sector Público",289,JURIDICO
ESPECIAL,22,Los contratos del sector público (II): De los contratos de las Administraciones Públicas,"Ley 9/2017, de 8 de noviembre, de Contratos del Sector Público",290,JURIDICO
ESPECIAL,22,Los contratos del sector público (II): De los contratos de las Administraciones Públicas,"Ley 9/2017, de 8 de noviembre, de Contratos del Sector Público",291,JURIDICO
ESPECIAL,22,Los contratos del sector público (II): De los contratos de las Administraciones Públicas,"Ley 9/2017, de 8 de noviembre, de Contratos del Sector Público",292,JURIDICO
ESPECIAL,22,Los contratos del sector público (II): De los contratos de las Administraciones Públicas,"Ley 9/2017, de 8 de noviembre, de Contratos del Sector Público",293,JURIDICO
ESPECIAL,22,Los contratos del sector público (II): De los contratos de las Administraciones Públicas,"Ley 9/2017, de 8 de noviembre, de Contratos del Sector Público",294,JURIDICO
ESPECIAL,22,Los contratos del sector público (II): De los contratos de las Administraciones Públicas,"Ley 9/2017, de 8 de noviembre, de Contratos del Sector Público",295,JURIDICO
ESPECIAL,22,Los contratos del sector público (II): De los contratos de las Administraciones Públicas,"Ley 9/2017, de 8 de noviembre, de Contratos del Sector Público",296,JURIDICO
ESPECIAL,22,Los contratos del sector público (II): De los contratos de las Administraciones Públicas,"Ley 9/2017, de 8 de noviembre, de Contratos del Sector Público",297,JURIDICO
ESPECIAL,22,Los contratos del sector público (II): De los contratos de las Administraciones Públicas,"Ley 9/2017, de 8 de noviembre, de Contratos del Sector Público",298,JURIDICO
ESPECIAL,22,Los contratos del sector público (II): De los contratos de las Administraciones Públicas,"Ley 9/2017, de 8 de noviembre, de Contratos del Sector Público",299,JURIDICO
ESPECIAL,22,Los contratos del sector público (II): De los contratos de las Administraciones Públicas,"Ley 9/2017, de 8 de noviembre, de Contratos del Sector Público",300,JURIDICO
ESPECIAL,22,Los contratos del sector público (II): De los contratos de las Administraciones Públicas,"Ley 9/2017, de 8 de noviembre, de Contratos del Sector Público",301,JURIDICO
ESPECIAL,22,Los contratos del sector público (II): De los contratos de las Administraciones Públicas,"Ley 9/2017, de 8 de noviembre, de Contratos del Sector Público",302,JURIDICO
ESPECIAL,22,Los contratos del sector público (II): De los contratos de las Administraciones Públicas,"Ley 9/2017, de 8 de noviembre, de Contratos del Sector Público",303,JURIDICO
ESPECIAL,22,Los contratos del sector público (II): De los contratos de las Administraciones Públicas,"Ley 9/2017, de 8 de noviembre, de Contratos del Sector Público",304,JURIDICO
ESPECIAL,22,Los contratos del sector público (II): De los contratos de las Administraciones Públicas,"Ley 9/2017, de 8 de noviembre, de Contratos del Sector Público",305,JURIDICO
ESPECIAL,22,Los contratos del sector público (II): De los contratos de las Administraciones Públicas,"Ley 9/2017, de 8 de noviembre, de Contratos del Sector Público",306,JURIDICO
ESPECIAL,22,Los contratos del sector público (II): De los contratos de las Administraciones Públicas,"Ley 9/2017, de 8 de noviembre, de Contratos del Sector Público",307,JURIDICO
ESPECIAL,22,Los contratos del sector público (II): De los contratos de las Administraciones Públicas,"Ley 9/2017, de 8 de noviembre, de Contratos del Sector Público",308,JURIDICO
ESPECIAL,22,Los contratos del sector público (II): De los contratos de las Administraciones Públicas,"Ley 9/2017, de 8 de noviembre, de Contratos del Sector Público",309,JURIDICO
ESPECIAL,22,Los contratos del sector público (II): De los contratos de las Administraciones Públicas,"Ley 9/2017, de 8 de noviembre, de Contratos del Sector Público",310,JURIDICO
ESPECIAL,22,Los contratos del sector público (II): De los contratos de las Administraciones Públicas,"Ley 9/2017, de 8 de noviembre, de Contratos del Sector Público",311,JURIDICO
ESPECIAL,22,Los contratos del sector público (II): De los contratos de las Administraciones Públicas,"Ley 9/2017, de 8 de noviembre, de Contratos del Sector Público",312,JURIDICO
ESPECIAL,22,Los contratos del sector público (II): De los contratos de las Administraciones Públicas,"Ley 9/2017, de 8 de noviembre, de Contratos del Sector Público",313,JURIDICO
ESPECIAL,22,Los contratos del sector público (II): De los contratos de las Administraciones Públicas,"Ley 9/2017, de 8 de noviembre, de Contratos del Sector Público",314,JURIDICO
ESPECIAL,22,Los contratos del sector público (II): De los contratos de las Administraciones Públicas,"Ley 9/2017, de 8 de noviembre, de Contratos del Sector Público",315,JURIDICO
ESPECIAL,22,Los contratos del sector público (II): De los contratos de las Administraciones Públicas,"Ley 9/2017, de 8 de noviembre, de Contratos del Sector Público",316,JURIDICO
ESPECIAL,22,Los contratos del sector público (II): De los contratos de las Administraciones Públicas,"Ley 9/2017, de 8 de noviembre, de Contratos del Sector Público",317,JURIDICO
ESPECIAL,22,Los contratos del sector público (II): De los contratos de las Administraciones Públicas,"Ley 9/2017, de 8 de noviembre, de Contratos del Sector Público",318,JURIDICO
ESPECIAL,22,Los contratos del sector público (II): De los contratos de las Administraciones Públicas,"Ley 9/2017, de 8 de noviembre, de Contratos del Sector Público",319,JURIDICO
ESPECIAL,22,Los contratos del sector público (II): De los contratos de las Administraciones Públicas,"Ley 9/2017, de 8 de noviembre, de Contratos del Sector Público",320,JURIDICO
ESPECIAL,22,Los contratos del sector público (II): De los contratos de las Administraciones Públicas,"Ley 9/2017, de 8 de noviembre, de Contratos del Sector Público",321,JURIDICO
ESPECIAL,22,Los contratos del sector público (II): De los contratos de las Administraciones Públicas,"Ley 9/2017, de 8 de noviembre, de Contratos del Sector Público",322,JURIDICO
ESPECIAL,22,Los contratos del sector público (II): De los contratos de las Administraciones Públicas,"Ley 9/2017, de 8 de noviembre, de Contratos del Sector Público",323,JURIDICO
ESPECIAL,22,Los contratos del sector público (II): De los contratos de las Administraciones Públicas,"Ley 9/2017, de 8 de noviembre, de Contratos del Sector Público",324,JURIDICO
ESPECIAL,22,Los contratos del sector público (II): De los contratos de las Administraciones Públicas,"Ley 9/2017, de 8 de noviembre, de Contratos del Sector Público",325,JURIDICO
ESPECIAL,22,Los contratos del sector público (II): De los contratos de las Administraciones Públicas,"Ley 9/2017, de 8 de noviembre, de Contratos del Sector Público",326,JURIDICO
ESPECIAL,22,Los contratos del sector público (II): De los contratos de las Administraciones Públicas,"Ley 9/2017, de 8 de noviembre, de Contratos del Sector Público",327,JURIDICO
ESPECIAL,22,Los contratos del sector público (II): De los contratos de las Administraciones Públicas,"Ley 9/2017, de 8 de noviembre, de Contratos del Sector Público",328,JURIDICO
ESPECIAL,22,Los contratos del sector público (II): De los contratos de las Administraciones Públicas,"Ley 9/2017, de 8 de noviembre, de Contratos del Sector Público",329,JURIDICO
ESPECIAL,22,Los contratos del sector público (II): De los contratos de las Administraciones Públicas,"Ley 9/2017, de 8 de noviembre, de Contratos del Sector Público",330,JURIDICO
ESPECIAL,22,Los contratos del sector público (II): De los contratos de las Administraciones Públicas,"Ley 9/2017, de 8 de noviembre, de Contratos del Sector Público",331,JURIDICO
ESPECIAL,22,Los contratos del sector público (II): De los contratos de las Administraciones Públicas,"Ley 9/2017, de 8 de noviembre, de Contratos del Sector Público",332,JURIDICO
ESPECIAL,22,Los contratos del sector público (II): De los contratos de las Administraciones Públicas,"Ley 9/2017, de 8 de noviembre, de Contratos del Sector Público",333,JURIDICO
ESPECIAL,22,Los contratos del sector público (II): De los contratos de las Administraciones Públicas,"Ley 9/2017, de 8 de noviembre, de Contratos del Sector Público",334,JURIDICO
ESPECIAL,22,Los contratos del sector público (II): De los contratos de las Administraciones Públicas,"Ley 9/2017, de 8 de noviembre, de Contratos del Sector Público",335,JURIDICO
ESPECIAL,22,Los contratos del sector público (II): De los contratos de las Administraciones Públicas,"Ley 9/2017, de 8 de noviembre, de Contratos del Sector Público",336,JURIDICO
ESPECIAL,22,Los contratos del sector público (II): De los contratos de las Administraciones Públicas,"Ley 9/2017, de 8 de noviembre, de Contratos del Sector Público",337,JURIDICO
ESPECIAL,22,Los contratos del sector público (II): De los contratos de las Administraciones Públicas,"Ley 9/2017, de 8 de noviembre, de Contratos del Sector Público",338,JURIDICO
ESPECIAL,22,Los contratos del sector público (II): De los contratos de las Administraciones Públicas,"Ley 9/2017, de 8 de noviembre, de Contratos del Sector Público",339,JURIDICO
ESPECIAL,22,Los contratos del sector público (II): De los contratos de las Administraciones Públicas,"Ley 9/2017, de 8 de noviembre, de Contratos del Sector Público",340,JURIDICO
ESPECIAL,22,Los contratos del sector público (II): De los contratos de las Administraciones Públicas,"Ley 9/2017, de 8 de noviembre, de Contratos del Sector Público",341,JURIDICO
ESPECIAL,22,Los contratos del sector público (II): De los contratos de las Administraciones Públicas,"Ley 9/2017, de 8 de noviembre, de Contratos del Sector Público",342,JURIDICO
ESPECIAL,22,Los contratos del sector público (II): De los contratos de las Administraciones Públicas,"Ley 9/2017, de 8 de noviembre, de Contratos del Sector Público",343,JURIDICO
ESPECIAL,22,Los contratos del sector público (II): De los contratos de las Administraciones Públicas,"Ley 9/2017, de 8 de noviembre, de Contratos del Sector Público",344,JURIDICO
ESPECIAL,22,Los contratos del sector público (II): De los contratos de las Administraciones Públicas,"Ley 9/2017, de 8 de noviembre, de Contratos del Sector Público",345,JURIDICO
ESPECIAL,22,Los contratos del sector público (II): De los contratos de las Administraciones Públicas,"Ley 9/2017, de 8 de noviembre, de Contratos del Sector Público",346,JURIDICO
ESPECIAL,22,Los contratos del sector público (II): De los contratos de las Administraciones Públicas,"Ley 9/2017, de 8 de noviembre, de Contratos del Sector Público",347,JURIDICO
ESPECIAL,23,Expropiación forzosa: fundamento y naturaleza,Ley de 16 de diciembre de 1954 sobre expropiación forzosa,1,JURIDICO
ESPECIAL,23,Expropiación forzosa: fundamento y naturaleza,Ley de 16 de diciembre de 1954 sobre expropiación forzosa,2,JURIDICO
ESPECIAL,23,Expropiación forzosa: fundamento y naturaleza,Ley de 16 de diciembre de 1954 sobre expropiación forzosa,3,JURIDICO
ESPECIAL,23,Expropiación forzosa: fundamento y naturaleza,Ley de 16 de diciembre de 1954 sobre expropiación forzosa,4,JURIDICO
ESPECIAL,23,Expropiación forzosa: fundamento y naturaleza,Ley de 16 de diciembre de 1954 sobre expropiación forzosa,5,JURIDICO
ESPECIAL,23,Expropiación forzosa: fundamento y naturaleza,Ley de 16 de diciembre de 1954 sobre expropiación forzosa,6,JURIDICO
ESPECIAL,23,Expropiación forzosa: fundamento y naturaleza,Ley de 16 de diciembre de 1954 sobre expropiación forzosa,7,JURIDICO
ESPECIAL,23,Expropiación forzosa: fundamento y naturaleza,Ley de 16 de diciembre de 1954 sobre expropiación forzosa,8,JURIDICO
ESPECIAL,23,Expropiación forzosa: fundamento y naturaleza,Ley de 16 de diciembre de 1954 sobre expropiación forzosa,9,JURIDICO
ESPECIAL,23,Expropiación forzosa: fundamento y naturaleza,Ley de 16 de diciembre de 1954 sobre expropiación forzosa,10,JURIDICO
ESPECIAL,23,Expropiación forzosa: fundamento y naturaleza,Ley de 16 de diciembre de 1954 sobre expropiación forzosa,11,JURIDICO
ESPECIAL,23,Expropiación forzosa: fundamento y naturaleza,Ley de 16 de diciembre de 1954 sobre expropiación forzosa,12,JURIDICO
ESPECIAL,23,Expropiación forzosa: fundamento y naturaleza,Ley de 16 de diciembre de 1954 sobre expropiación forzosa,13,JURIDICO
ESPECIAL,23,Expropiación forzosa: fundamento y naturaleza,Ley de 16 de diciembre de 1954 sobre expropiación forzosa,14,JURIDICO
ESPECIAL,23,Expropiación forzosa: fundamento y naturaleza,Ley de 16 de diciembre de 1954 sobre expropiación forzosa,15,JURIDICO
ESPECIAL,23,Expropiación forzosa: fundamento y naturaleza,Ley de 16 de diciembre de 1954 sobre expropiación forzosa,16,JURIDICO
ESPECIAL,23,Expropiación forzosa: fundamento y naturaleza,Ley de 16 de diciembre de 1954 sobre expropiación forzosa,17,JURIDICO
ESPECIAL,23,Expropiación forzosa: fundamento y naturaleza,Ley de 16 de diciembre de 1954 sobre expropiación forzosa,18,JURIDICO
ESPECIAL,23,Expropiación forzosa: fundamento y naturaleza,Ley de 16 de diciembre de 1954 sobre expropiación forzosa,19,JURIDICO
ESPECIAL,23,Expropiación forzosa: fundamento y naturaleza,Ley de 16 de diciembre de 1954 sobre expropiación forzosa,20,JURIDICO
ESPECIAL,23,Expropiación forzosa: fundamento y naturaleza,Ley de 16 de diciembre de 1954 sobre expropiación forzosa,21,JURIDICO
ESPECIAL,23,Expropiación forzosa: fundamento y naturaleza,Ley de 16 de diciembre de 1954 sobre expropiación forzosa,22,JURIDICO
ESPECIAL,23,Expropiación forzosa: fundamento y naturaleza,Ley de 16 de diciembre de 1954 sobre expropiación forzosa,23,JURIDICO
ESPECIAL,23,Expropiación forzosa: fundamento y naturaleza,Ley de 16 de diciembre de 1954 sobre expropiación forzosa,24,JURIDICO
ESPECIAL,23,Expropiación forzosa: fundamento y naturaleza,Ley de 16 de diciembre de 1954 sobre expropiación forzosa,25,JURIDICO
ESPECIAL,23,Expropiación forzosa: fundamento y naturaleza,Ley de 16 de diciembre de 1954 sobre expropiación forzosa,26,JURIDICO
ESPECIAL,23,Expropiación forzosa: fundamento y naturaleza,Ley de 16 de diciembre de 1954 sobre expropiación forzosa,27,JURIDICO
ESPECIAL,23,Expropiación forzosa: fundamento y naturaleza,Ley de 16 de diciembre de 1954 sobre expropiación forzosa,28,JURIDICO
ESPECIAL,23,Expropiación forzosa: fundamento y naturaleza,Ley de 16 de diciembre de 1954 sobre expropiación forzosa,29,JURIDICO
ESPECIAL,23,Expropiación forzosa: fundamento y naturaleza,Ley de 16 de diciembre de 1954 sobre expropiación forzosa,30,JURIDICO
ESPECIAL,23,Expropiación forzosa: fundamento y naturaleza,Ley de 16 de diciembre de 1954 sobre expropiación forzosa,31,JURIDICO
ESPECIAL,23,Expropiación forzosa: fundamento y naturaleza,Ley de 16 de diciembre de 1954 sobre expropiación forzosa,32,JURIDICO
ESPECIAL,23,Expropiación forzosa: fundamento y naturaleza,Ley de 16 de diciembre de 1954 sobre expropiación forzosa,33,JURIDICO
ESPECIAL,23,Expropiación forzosa: fundamento y naturaleza,Ley de 16 de diciembre de 1954 sobre expropiación forzosa,34,JURIDICO
ESPECIAL,23,Expropiación forzosa: fundamento y naturaleza,Ley de 16 de diciembre de 1954 sobre expropiación forzosa,35,JURIDICO
ESPECIAL,23,Expropiación forzosa: fundamento y naturaleza,Ley de 16 de diciembre de 1954 sobre expropiación forzosa,36,JURIDICO
ESPECIAL,23,Expropiación forzosa: fundamento y naturaleza,Ley de 16 de diciembre de 1954 sobre expropiación forzosa,37,JURIDICO
ESPECIAL,23,Expropiación forzosa: fundamento y naturaleza,Ley de 16 de diciembre de 1954 sobre expropiación forzosa,38,JURIDICO
ESPECIAL,23,Expropiación forzosa: fundamento y naturaleza,Ley de 16 de diciembre de 1954 sobre expropiación forzosa,39,JURIDICO
ESPECIAL,23,Expropiación forzosa: fundamento y naturaleza,Ley de 16 de diciembre de 1954 sobre expropiación forzosa,40,JURIDICO
ESPECIAL,23,Expropiación forzosa: fundamento y naturaleza,Ley de 16 de diciembre de 1954 sobre expropiación forzosa,41,JURIDICO
ESPECIAL,23,Expropiación forzosa: fundamento y naturaleza,Ley de 16 de diciembre de 1954 sobre expropiación forzosa,42,JURIDICO
ESPECIAL,23,Expropiación forzosa: fundamento y naturaleza,Ley de 16 de diciembre de 1954 sobre expropiación forzosa,43,JURIDICO
ESPECIAL,23,Expropiación forzosa: fundamento y naturaleza,Ley de 16 de diciembre de 1954 sobre expropiación forzosa,44,JURIDICO
ESPECIAL,23,Expropiación forzosa: fundamento y naturaleza,Ley de 16 de diciembre de 1954 sobre expropiación forzosa,45,JURIDICO
ESPECIAL,23,Expropiación forzosa: fundamento y naturaleza,Ley de 16 de diciembre de 1954 sobre expropiación forzosa,46,JURIDICO
ESPECIAL,23,Expropiación forzosa: fundamento y naturaleza,Ley de 16 de diciembre de 1954 sobre expropiación forzosa,47,JURIDICO
ESPECIAL,23,Expropiación forzosa: fundamento y naturaleza,Ley de 16 de diciembre de 1954 sobre expropiación forzosa,48,JURIDICO
ESPECIAL,23,Expropiación forzosa: fundamento y naturaleza,Ley de 16 de diciembre de 1954 sobre expropiación forzosa,49,JURIDICO
ESPECIAL,23,Expropiación forzosa: fundamento y naturaleza,Ley de 16 de diciembre de 1954 sobre expropiación forzosa,50,JURIDICO
ESPECIAL,23,Expropiación forzosa: fundamento y naturaleza,Ley de 16 de diciembre de 1954 sobre expropiación forzosa,51,JURIDICO
ESPECIAL,23,Expropiación forzosa: fundamento y naturaleza,Ley de 16 de diciembre de 1954 sobre expropiación forzosa,52,JURIDICO
ESPECIAL,23,Expropiación forzosa: fundamento y naturaleza,Ley de 16 de diciembre de 1954 sobre expropiación forzosa,53,JURIDICO
ESPECIAL,23,Expropiación forzosa: fundamento y naturaleza,Ley de 16 de diciembre de 1954 sobre expropiación forzosa,54,JURIDICO
ESPECIAL,23,Expropiación forzosa: fundamento y naturaleza,Ley de 16 de diciembre de 1954 sobre expropiación forzosa,55,JURIDICO
ESPECIAL,23,Expropiación forzosa: fundamento y naturaleza,Ley de 16 de diciembre de 1954 sobre expropiación forzosa,56,JURIDICO
ESPECIAL,23,Expropiación forzosa: fundamento y naturaleza,Ley de 16 de diciembre de 1954 sobre expropiación forzosa,57,JURIDICO
ESPECIAL,23,Expropiación forzosa: fundamento y naturaleza,Ley de 16 de diciembre de 1954 sobre expropiación forzosa,58,JURIDICO
ESPECIAL,24,"La Ley 7/1985, de 2 de abril, reguladora de las bases del régimen local","Ley 7/1985, de 2 de abril, Reguladora de las Bases del Régimen Local",1,JURIDICO
ESPECIAL,24,"La Ley 7/1985, de 2 de abril, reguladora de las bases del régimen local","Ley 7/1985, de 2 de abril, Reguladora de las Bases del Régimen Local",2,JURIDICO
ESPECIAL,24,"La Ley 7/1985, de 2 de abril, reguladora de las bases del régimen local","Ley 7/1985, de 2 de abril, Reguladora de las Bases del Régimen Local",3,JURIDICO
ESPECIAL,24,"La Ley 7/1985, de 2 de abril, reguladora de las bases del régimen local","Ley 7/1985, de 2 de abril, Reguladora de las Bases del Régimen Local",4,JURIDICO
ESPECIAL,24,"La Ley 7/1985, de 2 de abril, reguladora de las bases del régimen local","Ley 7/1985, de 2 de abril, Reguladora de las Bases del Régimen Local",5,JURIDICO
ESPECIAL,24,"La Ley 7/1985, de 2 de abril, reguladora de las bases del régimen local","Ley 7/1985, de 2 de abril, Reguladora de las Bases del Régimen Local",6,JURIDICO
ESPECIAL,24,"La Ley 7/1985, de 2 de abril, reguladora de las bases del régimen local","Ley 7/1985, de 2 de abril, Reguladora de las Bases del Régimen Local",7,JURIDICO
ESPECIAL,24,"La Ley 7/1985, de 2 de abril, reguladora de las bases del régimen local","Ley 7/1985, de 2 de abril, Reguladora de las Bases del Régimen Local",8,JURIDICO
ESPECIAL,24,"La Ley 7/1985, de 2 de abril, reguladora de las bases del régimen local","Ley 7/1985, de 2 de abril, Reguladora de las Bases del Régimen Local",9,JURIDICO
ESPECIAL,24,"La Ley 7/1985, de 2 de abril, reguladora de las bases del régimen local","Ley 7/1985, de 2 de abril, Reguladora de las Bases del Régimen Local",10,JURIDICO
ESPECIAL,24,"La Ley 7/1985, de 2 de abril, reguladora de las bases del régimen local","Ley 7/1985, de 2 de abril, Reguladora de las Bases del Régimen Local",11,JURIDICO
ESPECIAL,24,"La Ley 7/1985, de 2 de abril, reguladora de las bases del régimen local","Ley 7/1985, de 2 de abril, Reguladora de las Bases del Régimen Local",12,JURIDICO
ESPECIAL,24,"La Ley 7/1985, de 2 de abril, reguladora de las bases del régimen local","Ley 7/1985, de 2 de abril, Reguladora de las Bases del Régimen Local",13,JURIDICO
ESPECIAL,24,"La Ley 7/1985, de 2 de abril, reguladora de las bases del régimen local","Ley 7/1985, de 2 de abril, Reguladora de las Bases del Régimen Local",14,JURIDICO
ESPECIAL,24,"La Ley 7/1985, de 2 de abril, reguladora de las bases del régimen local","Ley 7/1985, de 2 de abril, Reguladora de las Bases del Régimen Local",15,JURIDICO
ESPECIAL,24,"La Ley 7/1985, de 2 de abril, reguladora de las bases del régimen local","Ley 7/1985, de 2 de abril, Reguladora de las Bases del Régimen Local",16,JURIDICO
ESPECIAL,24,"La Ley 7/1985, de 2 de abril, reguladora de las bases del régimen local","Ley 7/1985, de 2 de abril, Reguladora de las Bases del Régimen Local",17,JURIDICO
ESPECIAL,24,"La Ley 7/1985, de 2 de abril, reguladora de las bases del régimen local","Ley 7/1985, de 2 de abril, Reguladora de las Bases del Régimen Local",18,JURIDICO
ESPECIAL,24,"La Ley 7/1985, de 2 de abril, reguladora de las bases del régimen local","Ley 7/1985, de 2 de abril, Reguladora de las Bases del Régimen Local",19,JURIDICO
ESPECIAL,24,"La Ley 7/1985, de 2 de abril, reguladora de las bases del régimen local","Ley 7/1985, de 2 de abril, Reguladora de las Bases del Régimen Local",20,JURIDICO
ESPECIAL,24,"La Ley 7/1985, de 2 de abril, reguladora de las bases del régimen local","Ley 7/1985, de 2 de abril, Reguladora de las Bases del Régimen Local",21,JURIDICO
ESPECIAL,24,"La Ley 7/1985, de 2 de abril, reguladora de las bases del régimen local","Ley 7/1985, de 2 de abril, Reguladora de las Bases del Régimen Local",22,JURIDICO
ESPECIAL,24,"La Ley 7/1985, de 2 de abril, reguladora de las bases del régimen local","Ley 7/1985, de 2 de abril, Reguladora de las Bases del Régimen Local",23,JURIDICO
ESPECIAL,24,"La Ley 7/1985, de 2 de abril, reguladora de las bases del régimen local","Ley 7/1985, de 2 de abril, Reguladora de las Bases del Régimen Local",24,JURIDICO
ESPECIAL,24,"La Ley 7/1985, de 2 de abril, reguladora de las bases del régimen local","Ley 7/1985, de 2 de abril, Reguladora de las Bases del Régimen Local",25,JURIDICO
ESPECIAL,24,"La Ley 7/1985, de 2 de abril, reguladora de las bases del régimen local","Ley 7/1985, de 2 de abril, Reguladora de las Bases del Régimen Local",26,JURIDICO
ESPECIAL,24,"La Ley 7/1985, de 2 de abril, reguladora de las bases del régimen local","Ley 7/1985, de 2 de abril, Reguladora de las Bases del Régimen Local",27,JURIDICO
ESPECIAL,24,"La Ley 7/1985, de 2 de abril, reguladora de las bases del régimen local","Ley 7/1985, de 2 de abril, Reguladora de las Bases del Régimen Local",28,JURIDICO
ESPECIAL,24,"La Ley 7/1985, de 2 de abril, reguladora de las bases del régimen local","Ley 7/1985, de 2 de abril, Reguladora de las Bases del Régimen Local",29,JURIDICO
ESPECIAL,24,"La Ley 7/1985, de 2 de abril, reguladora de las bases del régimen local","Ley 7/1985, de 2 de abril, Reguladora de las Bases del Régimen Local",30,JURIDICO
ESPECIAL,24,"La Ley 7/1985, de 2 de abril, reguladora de las bases del régimen local","Ley 7/1985, de 2 de abril, Reguladora de las Bases del Régimen Local",31,JURIDICO
ESPECIAL,24,"La Ley 7/1985, de 2 de abril, reguladora de las bases del régimen local","Ley 7/1985, de 2 de abril, Reguladora de las Bases del Régimen Local",32,JURIDICO
ESPECIAL,24,"La Ley 7/1985, de 2 de abril, reguladora de las bases del régimen local","Ley 7/1985, de 2 de abril, Reguladora de las Bases del Régimen Local",33,JURIDICO
ESPECIAL,24,"La Ley 7/1985, de 2 de abril, reguladora de las bases del régimen local","Ley 7/1985, de 2 de abril, Reguladora de las Bases del Régimen Local",34,JURIDICO
ESPECIAL,24,"La Ley 7/1985, de 2 de abril, reguladora de las bases del régimen local","Ley 7/1985, de 2 de abril, Reguladora de las Bases del Régimen Local",35,JURIDICO
ESPECIAL,24,"La Ley 7/1985, de 2 de abril, reguladora de las bases del régimen local","Ley 7/1985, de 2 de abril, Reguladora de las Bases del Régimen Local",36,JURIDICO
ESPECIAL,24,"La Ley 7/1985, de 2 de abril, reguladora de las bases del régimen local","Ley 7/1985, de 2 de abril, Reguladora de las Bases del Régimen Local",37,JURIDICO
ESPECIAL,24,"La Ley 7/1985, de 2 de abril, reguladora de las bases del régimen local","Ley 7/1985, de 2 de abril, Reguladora de las Bases del Régimen Local",38,JURIDICO
ESPECIAL,24,"La Ley 7/1985, de 2 de abril, reguladora de las bases del régimen local","Ley 7/1985, de 2 de abril, Reguladora de las Bases del Régimen Local",39,JURIDICO
ESPECIAL,24,"La Ley 7/1985, de 2 de abril, reguladora de las bases del régimen local","Ley 7/1985, de 2 de abril, Reguladora de las Bases del Régimen Local",40,JURIDICO
ESPECIAL,24,"La Ley 7/1985, de 2 de abril, reguladora de las bases del régimen local","Ley 7/1985, de 2 de abril, Reguladora de las Bases del Régimen Local",41,JURIDICO
ESPECIAL,24,"La Ley 7/1985, de 2 de abril, reguladora de las bases del régimen local","Ley 7/1985, de 2 de abril, Reguladora de las Bases del Régimen Local",46,JURIDICO
ESPECIAL,24,"La Ley 7/1985, de 2 de abril, reguladora de las bases del régimen local","Ley 7/1985, de 2 de abril, Reguladora de las Bases del Régimen Local",47,JURIDICO
ESPECIAL,24,"La Ley 7/1985, de 2 de abril, reguladora de las bases del régimen local","Ley 7/1985, de 2 de abril, Reguladora de las Bases del Régimen Local",48,JURIDICO
ESPECIAL,24,"La Ley 7/1985, de 2 de abril, reguladora de las bases del régimen local","Ley 7/1985, de 2 de abril, Reguladora de las Bases del Régimen Local",49,JURIDICO
ESPECIAL,24,"La Ley 7/1985, de 2 de abril, reguladora de las bases del régimen local","Ley 7/1985, de 2 de abril, Reguladora de las Bases del Régimen Local",50,JURIDICO
ESPECIAL,24,"La Ley 7/1985, de 2 de abril, reguladora de las bases del régimen local","Ley 7/1985, de 2 de abril, Reguladora de las Bases del Régimen Local",51,JURIDICO
ESPECIAL,24,"La Ley 7/1985, de 2 de abril, reguladora de las bases del régimen local","Ley 7/1985, de 2 de abril, Reguladora de las Bases del Régimen Local",52,JURIDICO
ESPECIAL,24,"La Ley 7/1985, de 2 de abril, reguladora de las bases del régimen local","Ley 7/1985, de 2 de abril, Reguladora de las Bases del Régimen Local",53,JURIDICO
ESPECIAL,24,"La Ley 7/1985, de 2 de abril, reguladora de las bases del régimen local","Ley 7/1985, de 2 de abril, Reguladora de las Bases del Régimen Local",54,JURIDICO
ESPECIAL,24,"La Ley 7/1985, de 2 de abril, reguladora de las bases del régimen local","Ley 7/1985, de 2 de abril, Reguladora de las Bases del Régimen Local",55,JURIDICO
ESPECIAL,24,"La Ley 7/1985, de 2 de abril, reguladora de las bases del régimen local","Ley 7/1985, de 2 de abril, Reguladora de las Bases del Régimen Local",56,JURIDICO
ESPECIAL,24,"La Ley 7/1985, de 2 de abril, reguladora de las bases del régimen local","Ley 7/1985, de 2 de abril, Reguladora de las Bases del Régimen Local",57,JURIDICO
ESPECIAL,24,"La Ley 7/1985, de 2 de abril, reguladora de las bases del régimen local","Ley 7/1985, de 2 de abril, Reguladora de las Bases del Régimen Local",58,JURIDICO
ESPECIAL,24,"La Ley 7/1985, de 2 de abril, reguladora de las bases del régimen local","Ley 7/1985, de 2 de abril, Reguladora de las Bases del Régimen Local",59,JURIDICO
ESPECIAL,24,"La Ley 7/1985, de 2 de abril, reguladora de las bases del régimen local","Ley 7/1985, de 2 de abril, Reguladora de las Bases del Régimen Local",60,JURIDICO
ESPECIAL,24,"La Ley 7/1985, de 2 de abril, reguladora de las bases del régimen local","Ley 7/1985, de 2 de abril, Reguladora de las Bases del Régimen Local",61,JURIDICO
ESPECIAL,24,"La Ley 7/1985, de 2 de abril, reguladora de las bases del régimen local","Ley 7/1985, de 2 de abril, Reguladora de las Bases del Régimen Local",62,JURIDICO
ESPECIAL,25,"Relaciones entre la Generalitat y su Sector público instrumental (SPI): régimen de control, contratación, endeudamiento y recursos humanos en el Decreto Ley 1/2011, del Consell, de Medidas urgentes de Régimen Económico Financiero del SPI","Decreto-ley 1/2011, de 30 de septiembre, del Consell, de medidas urgentes de régimen económico-financiero del sector público empresarial y fundacional",8,JURIDICO
ESPECIAL,25,"Relaciones entre la Generalitat y su Sector público instrumental (SPI): régimen de control, contratación, endeudamiento y recursos humanos en el Decreto Ley 1/2011, del Consell, de Medidas urgentes de Régimen Económico Financiero del SPI","Decreto-ley 1/2011, de 30 de septiembre, del Consell, de medidas urgentes de régimen económico-financiero del sector público empresarial y fundacional",9,JURIDICO
ESPECIAL,25,"Relaciones entre la Generalitat y su Sector público instrumental (SPI): régimen de control, contratación, endeudamiento y recursos humanos en el Decreto Ley 1/2011, del Consell, de Medidas urgentes de Régimen Económico Financiero del SPI","Decreto-ley 1/2011, de 30 de septiembre, del Consell, de medidas urgentes de régimen económico-financiero del sector público empresarial y fundacional",10,JURIDICO
ESPECIAL,25,"Relaciones entre la Generalitat y su Sector público instrumental (SPI): régimen de control, contratación, endeudamiento y recursos humanos en el Decreto Ley 1/2011, del Consell, de Medidas urgentes de Régimen Económico Financiero del SPI","Decreto-ley 1/2011, de 30 de septiembre, del Consell, de medidas urgentes de régimen económico-financiero del sector público empresarial y fundacional",11,JURIDICO
ESPECIAL,25,"Relaciones entre la Generalitat y su Sector público instrumental (SPI): régimen de control, contratación, endeudamiento y recursos humanos en el Decreto Ley 1/2011, del Consell, de Medidas urgentes de Régimen Económico Financiero del SPI","Decreto-ley 1/2011, de 30 de septiembre, del Consell, de medidas urgentes de régimen económico-financiero del sector público empresarial y fundacional",12,JURIDICO
ESPECIAL,25,"Relaciones entre la Generalitat y su Sector público instrumental (SPI): régimen de control, contratación, endeudamiento y recursos humanos en el Decreto Ley 1/2011, del Consell, de Medidas urgentes de Régimen Económico Financiero del SPI","Decreto-ley 1/2011, de 30 de septiembre, del Consell, de medidas urgentes de régimen económico-financiero del sector público empresarial y fundacional",13,JURIDICO
ESPECIAL,25,"Relaciones entre la Generalitat y su Sector público instrumental (SPI): régimen de control, contratación, endeudamiento y recursos humanos en el Decreto Ley 1/2011, del Consell, de Medidas urgentes de Régimen Económico Financiero del SPI","Decreto-ley 1/2011, de 30 de septiembre, del Consell, de medidas urgentes de régimen económico-financiero del sector público empresarial y fundacional",14,JURIDICO
ESPECIAL,25,"Relaciones entre la Generalitat y su Sector público instrumental (SPI): régimen de control, contratación, endeudamiento y recursos humanos en el Decreto Ley 1/2011, del Consell, de Medidas urgentes de Régimen Económico Financiero del SPI","Decreto-ley 1/2011, de 30 de septiembre, del Consell, de medidas urgentes de régimen económico-financiero del sector público empresarial y fundacional",15,JURIDICO
ESPECIAL,25,"Relaciones entre la Generalitat y su Sector público instrumental (SPI): régimen de control, contratación, endeudamiento y recursos humanos en el Decreto Ley 1/2011, del Consell, de Medidas urgentes de Régimen Económico Financiero del SPI","Decreto-ley 1/2011, de 30 de septiembre, del Consell, de medidas urgentes de régimen económico-financiero del sector público empresarial y fundacional",16,JURIDICO
ESPECIAL,25,"Relaciones entre la Generalitat y su Sector público instrumental (SPI): régimen de control, contratación, endeudamiento y recursos humanos en el Decreto Ley 1/2011, del Consell, de Medidas urgentes de Régimen Económico Financiero del SPI","Decreto-ley 1/2011, de 30 de septiembre, del Consell, de medidas urgentes de régimen económico-financiero del sector público empresarial y fundacional",17,JURIDICO
ESPECIAL,25,"Relaciones entre la Generalitat y su Sector público instrumental (SPI): régimen de control, contratación, endeudamiento y recursos humanos en el Decreto Ley 1/2011, del Consell, de Medidas urgentes de Régimen Económico Financiero del SPI","Decreto-ley 1/2011, de 30 de septiembre, del Consell, de medidas urgentes de régimen económico-financiero del sector público empresarial y fundacional",18,JURIDICO
ESPECIAL,25,"Relaciones entre la Generalitat y su Sector público instrumental (SPI): régimen de control, contratación, endeudamiento y recursos humanos en el Decreto Ley 1/2011, del Consell, de Medidas urgentes de Régimen Económico Financiero del SPI","Decreto-ley 1/2011, de 30 de septiembre, del Consell, de medidas urgentes de régimen económico-financiero del sector público empresarial y fundacional",19,JURIDICO
ESPECIAL,25,"Relaciones entre la Generalitat y su Sector público instrumental (SPI): régimen de control, contratación, endeudamiento y recursos humanos en el Decreto Ley 1/2011, del Consell, de Medidas urgentes de Régimen Económico Financiero del SPI","Decreto-ley 1/2011, de 30 de septiembre, del Consell, de medidas urgentes de régimen económico-financiero del sector público empresarial y fundacional",20,JURIDICO
ESPECIAL,25,"Relaciones entre la Generalitat y su Sector público instrumental (SPI): régimen de control, contratación, endeudamiento y recursos humanos en el Decreto Ley 1/2011, del Consell, de Medidas urgentes de Régimen Económico Financiero del SPI","Ley 4/2021, de 16 de abril, de la Función Pública Valenciana",3,JURIDICO
ESPECIAL,25,"Relaciones entre la Generalitat y su Sector público instrumental (SPI): régimen de control, contratación, endeudamiento y recursos humanos en el Decreto Ley 1/2011, del Consell, de Medidas urgentes de Régimen Económico Financiero del SPI","Ley 4/2021, de 16 de abril, de la Función Pública Valenciana",4,JURIDICO
ESPECIAL,25,"Relaciones entre la Generalitat y su Sector público instrumental (SPI): régimen de control, contratación, endeudamiento y recursos humanos en el Decreto Ley 1/2011, del Consell, de Medidas urgentes de Régimen Económico Financiero del SPI","Ley 4/2021, de 16 de abril, de la Función Pública Valenciana",5,JURIDICO
ESPECIAL,26,"Ley 6/2024, de 5 de diciembre, de la Generalitat, de simplificación administrativa: Título I","Ley 6/2024, de 5 de diciembre, de simplificación administrativa",1,JURIDICO
ESPECIAL,26,"Ley 6/2024, de 5 de diciembre, de la Generalitat, de simplificación administrativa: Título I","Ley 6/2024, de 5 de diciembre, de simplificación administrativa",2,JURIDICO
ESPECIAL,26,"Ley 6/2024, de 5 de diciembre, de la Generalitat, de simplificación administrativa: Título I","Ley 6/2024, de 5 de diciembre, de simplificación administrativa",3,JURIDICO
ESPECIAL,26,"Ley 6/2024, de 5 de diciembre, de la Generalitat, de simplificación administrativa: Título I","Ley 6/2024, de 5 de diciembre, de simplificación administrativa",4,JURIDICO
ESPECIAL,26,"Ley 6/2024, de 5 de diciembre, de la Generalitat, de simplificación administrativa: Título I","Ley 6/2024, de 5 de diciembre, de simplificación administrativa",5,JURIDICO
ESPECIAL,26,"Ley 6/2024, de 5 de diciembre, de la Generalitat, de simplificación administrativa: Título I","Ley 6/2024, de 5 de diciembre, de simplificación administrativa",6,JURIDICO
ESPECIAL,26,"Ley 6/2024, de 5 de diciembre, de la Generalitat, de simplificación administrativa: Título I","Ley 6/2024, de 5 de diciembre, de simplificación administrativa",7,JURIDICO
ESPECIAL,26,"Ley 6/2024, de 5 de diciembre, de la Generalitat, de simplificación administrativa: Título I","Ley 6/2024, de 5 de diciembre, de simplificación administrativa",8,JURIDICO
ESPECIAL,26,"Ley 6/2024, de 5 de diciembre, de la Generalitat, de simplificación administrativa: Título I","Ley 6/2024, de 5 de diciembre, de simplificación administrativa",9,JURIDICO
ESPECIAL,26,"Ley 6/2024, de 5 de diciembre, de la Generalitat, de simplificación administrativa: Título I","Ley 6/2024, de 5 de diciembre, de simplificación administrativa",10,JURIDICO
ESPECIAL,26,"Ley 6/2024, de 5 de diciembre, de la Generalitat, de simplificación administrativa: Título I","Ley 6/2024, de 5 de diciembre, de simplificación administrativa",11,JURIDICO
ESPECIAL,26,"Ley 6/2024, de 5 de diciembre, de la Generalitat, de simplificación administrativa: Título I","Ley 6/2024, de 5 de diciembre, de simplificación administrativa",12,JURIDICO
ESPECIAL,26,"Ley 6/2024, de 5 de diciembre, de la Generalitat, de simplificación administrativa: Título I","Ley 6/2024, de 5 de diciembre, de simplificación administrativa",13,JURIDICO
ESPECIAL,26,"Ley 6/2024, de 5 de diciembre, de la Generalitat, de simplificación administrativa: Título I","Ley 6/2024, de 5 de diciembre, de simplificación administrativa",14,JURIDICO
ESPECIAL,26,"Ley 6/2024, de 5 de diciembre, de la Generalitat, de simplificación administrativa: Título I","Ley 6/2024, de 5 de diciembre, de simplificación administrativa",15,JURIDICO
ESPECIAL,26,"Ley 6/2024, de 5 de diciembre, de la Generalitat, de simplificación administrativa: Título I","Ley 6/2024, de 5 de diciembre, de simplificación administrativa",16,JURIDICO
ESPECIAL,26,"Ley 6/2024, de 5 de diciembre, de la Generalitat, de simplificación administrativa: Título I","Ley 6/2024, de 5 de diciembre, de simplificación administrativa",17,JURIDICO
ESPECIAL,26,"Ley 6/2024, de 5 de diciembre, de la Generalitat, de simplificación administrativa: Título I","Ley 6/2024, de 5 de diciembre, de simplificación administrativa",18,JURIDICO
ESPECIAL,26,"Ley 6/2024, de 5 de diciembre, de la Generalitat, de simplificación administrativa: Título I","Ley 6/2024, de 5 de diciembre, de simplificación administrativa",19,JURIDICO
ESPECIAL,26,"Ley 6/2024, de 5 de diciembre, de la Generalitat, de simplificación administrativa: Título I","Ley 6/2024, de 5 de diciembre, de simplificación administrativa",20,JURIDICO
ESPECIAL,26,"Ley 6/2024, de 5 de diciembre, de la Generalitat, de simplificación administrativa: Título I","Ley 6/2024, de 5 de diciembre, de simplificación administrativa",21,JURIDICO
ESPECIAL,26,"Ley 6/2024, de 5 de diciembre, de la Generalitat, de simplificación administrativa: Título I","Ley 6/2024, de 5 de diciembre, de simplificación administrativa",22,JURIDICO
ESPECIAL,26,"Ley 6/2024, de 5 de diciembre, de la Generalitat, de simplificación administrativa: Título I","Ley 6/2024, de 5 de diciembre, de simplificación administrativa",23,JURIDICO
ESPECIAL,26,"Ley 6/2024, de 5 de diciembre, de la Generalitat, de simplificación administrativa: Título I","Ley 6/2024, de 5 de diciembre, de simplificación administrativa",24,JURIDICO
ESPECIAL,26,"Ley 6/2024, de 5 de diciembre, de la Generalitat, de simplificación administrativa: Título I","Ley 6/2024, de 5 de diciembre, de simplificación administrativa",25,JURIDICO
ESPECIAL,26,"Ley 6/2024, de 5 de diciembre, de la Generalitat, de simplificación administrativa: Título I","Ley 6/2024, de 5 de diciembre, de simplificación administrativa",26,JURIDICO
ESPECIAL,26,"Ley 6/2024, de 5 de diciembre, de la Generalitat, de simplificación administrativa: Título I","Ley 6/2024, de 5 de diciembre, de simplificación administrativa",27,JURIDICO
ESPECIAL,26,"Ley 6/2024, de 5 de diciembre, de la Generalitat, de simplificación administrativa: Título I","Ley 6/2024, de 5 de diciembre, de simplificación administrativa",28,JURIDICO
ESPECIAL,26,"Ley 6/2024, de 5 de diciembre, de la Generalitat, de simplificación administrativa: Título I","Ley 6/2024, de 5 de diciembre, de simplificación administrativa",29,JURIDICO
ESPECIAL,26,"Ley 6/2024, de 5 de diciembre, de la Generalitat, de simplificación administrativa: Título I","Ley 6/2024, de 5 de diciembre, de simplificación administrativa",30,JURIDICO
ESPECIAL,26,"Ley 6/2024, de 5 de diciembre, de la Generalitat, de simplificación administrativa: Título I","Ley 6/2024, de 5 de diciembre, de simplificación administrativa",31,JURIDICO
ESPECIAL,26,"Ley 6/2024, de 5 de diciembre, de la Generalitat, de simplificación administrativa: Título I","Ley 6/2024, de 5 de diciembre, de simplificación administrativa",32,JURIDICO
ESPECIAL,26,"Ley 6/2024, de 5 de diciembre, de la Generalitat, de simplificación administrativa: Título I","Ley 6/2024, de 5 de diciembre, de simplificación administrativa",33,JURIDICO
ESPECIAL,26,"Ley 6/2024, de 5 de diciembre, de la Generalitat, de simplificación administrativa: Título I","Ley 6/2024, de 5 de diciembre, de simplificación administrativa",34,JURIDICO
ESPECIAL,26,"Ley 6/2024, de 5 de diciembre, de la Generalitat, de simplificación administrativa: Título I","Ley 6/2024, de 5 de diciembre, de simplificación administrativa",35,JURIDICO
ESPECIAL,26,"Ley 6/2024, de 5 de diciembre, de la Generalitat, de simplificación administrativa: Título I","Ley 6/2024, de 5 de diciembre, de simplificación administrativa",36,JURIDICO
ESPECIAL,26,"Ley 6/2024, de 5 de diciembre, de la Generalitat, de simplificación administrativa: Título I","Ley 6/2024, de 5 de diciembre, de simplificación administrativa",37,JURIDICO
ESPECIAL,26,"Ley 6/2024, de 5 de diciembre, de la Generalitat, de simplificación administrativa: Título I","Ley 6/2024, de 5 de diciembre, de simplificación administrativa",38,JURIDICO
ESPECIAL,26,"Ley 6/2024, de 5 de diciembre, de la Generalitat, de simplificación administrativa: Título I","Ley 6/2024, de 5 de diciembre, de simplificación administrativa",39,JURIDICO
ESPECIAL,26,"Ley 6/2024, de 5 de diciembre, de la Generalitat, de simplificación administrativa: Título I","Ley 6/2024, de 5 de diciembre, de simplificación administrativa",40,JURIDICO
ESPECIAL,26,"Ley 6/2024, de 5 de diciembre, de la Generalitat, de simplificación administrativa: Título I","Ley 6/2024, de 5 de diciembre, de simplificación administrativa",41,JURIDICO
ESPECIAL,26,"Ley 6/2024, de 5 de diciembre, de la Generalitat, de simplificación administrativa: Título I","Ley 6/2024, de 5 de diciembre, de simplificación administrativa",42,JURIDICO
ESPECIAL,26,"Ley 6/2024, de 5 de diciembre, de la Generalitat, de simplificación administrativa: Título I","Ley 6/2024, de 5 de diciembre, de simplificación administrativa",43,JURIDICO
ESPECIAL,26,"Ley 6/2024, de 5 de diciembre, de la Generalitat, de simplificación administrativa: Título I","Ley 6/2024, de 5 de diciembre, de simplificación administrativa",44,JURIDICO
ESPECIAL,26,"Ley 6/2024, de 5 de diciembre, de la Generalitat, de simplificación administrativa: Título I","Ley 6/2024, de 5 de diciembre, de simplificación administrativa",45,JURIDICO
ESPECIAL,26,"Ley 6/2024, de 5 de diciembre, de la Generalitat, de simplificación administrativa: Título I","Ley 6/2024, de 5 de diciembre, de simplificación administrativa",46,JURIDICO
ESPECIAL,27,La transparencia y el buen gobierno: normativa básica estatal y autonómica,"Ley 1/2022, de 13 de abril, de Transparencia y Buen Gobierno de la Comunitat Valenciana",1,JURIDICO
ESPECIAL,27,La transparencia y el buen gobierno: normativa básica estatal y autonómica,"Ley 1/2022, de 13 de abril, de Transparencia y Buen Gobierno de la Comunitat Valenciana",2,JURIDICO
ESPECIAL,27,La transparencia y el buen gobierno: normativa básica estatal y autonómica,"Ley 1/2022, de 13 de abril, de Transparencia y Buen Gobierno de la Comunitat Valenciana",3,JURIDICO
ESPECIAL,27,La transparencia y el buen gobierno: normativa básica estatal y autonómica,"Ley 1/2022, de 13 de abril, de Transparencia y Buen Gobierno de la Comunitat Valenciana",4,JURIDICO
ESPECIAL,27,La transparencia y el buen gobierno: normativa básica estatal y autonómica,"Ley 1/2022, de 13 de abril, de Transparencia y Buen Gobierno de la Comunitat Valenciana",5,JURIDICO
ESPECIAL,27,La transparencia y el buen gobierno: normativa básica estatal y autonómica,"Ley 1/2022, de 13 de abril, de Transparencia y Buen Gobierno de la Comunitat Valenciana",6,JURIDICO
ESPECIAL,27,La transparencia y el buen gobierno: normativa básica estatal y autonómica,"Ley 1/2022, de 13 de abril, de Transparencia y Buen Gobierno de la Comunitat Valenciana",7,JURIDICO
ESPECIAL,27,La transparencia y el buen gobierno: normativa básica estatal y autonómica,"Ley 1/2022, de 13 de abril, de Transparencia y Buen Gobierno de la Comunitat Valenciana",8,JURIDICO
ESPECIAL,27,La transparencia y el buen gobierno: normativa básica estatal y autonómica,"Ley 1/2022, de 13 de abril, de Transparencia y Buen Gobierno de la Comunitat Valenciana",9,JURIDICO
ESPECIAL,27,La transparencia y el buen gobierno: normativa básica estatal y autonómica,"Ley 1/2022, de 13 de abril, de Transparencia y Buen Gobierno de la Comunitat Valenciana",10,JURIDICO
ESPECIAL,27,La transparencia y el buen gobierno: normativa básica estatal y autonómica,"Ley 1/2022, de 13 de abril, de Transparencia y Buen Gobierno de la Comunitat Valenciana",11,JURIDICO
ESPECIAL,27,La transparencia y el buen gobierno: normativa básica estatal y autonómica,"Ley 1/2022, de 13 de abril, de Transparencia y Buen Gobierno de la Comunitat Valenciana",12,JURIDICO
ESPECIAL,27,La transparencia y el buen gobierno: normativa básica estatal y autonómica,"Ley 1/2022, de 13 de abril, de Transparencia y Buen Gobierno de la Comunitat Valenciana",13,JURIDICO
ESPECIAL,27,La transparencia y el buen gobierno: normativa básica estatal y autonómica,"Ley 1/2022, de 13 de abril, de Transparencia y Buen Gobierno de la Comunitat Valenciana",14,JURIDICO
ESPECIAL,27,La transparencia y el buen gobierno: normativa básica estatal y autonómica,"Ley 1/2022, de 13 de abril, de Transparencia y Buen Gobierno de la Comunitat Valenciana",15,JURIDICO
ESPECIAL,27,La transparencia y el buen gobierno: normativa básica estatal y autonómica,"Ley 1/2022, de 13 de abril, de Transparencia y Buen Gobierno de la Comunitat Valenciana",16,JURIDICO
ESPECIAL,27,La transparencia y el buen gobierno: normativa básica estatal y autonómica,"Ley 1/2022, de 13 de abril, de Transparencia y Buen Gobierno de la Comunitat Valenciana",17,JURIDICO
ESPECIAL,27,La transparencia y el buen gobierno: normativa básica estatal y autonómica,"Ley 1/2022, de 13 de abril, de Transparencia y Buen Gobierno de la Comunitat Valenciana",18,JURIDICO
ESPECIAL,27,La transparencia y el buen gobierno: normativa básica estatal y autonómica,"Ley 1/2022, de 13 de abril, de Transparencia y Buen Gobierno de la Comunitat Valenciana",19,JURIDICO
ESPECIAL,27,La transparencia y el buen gobierno: normativa básica estatal y autonómica,"Ley 1/2022, de 13 de abril, de Transparencia y Buen Gobierno de la Comunitat Valenciana",20,JURIDICO
ESPECIAL,27,La transparencia y el buen gobierno: normativa básica estatal y autonómica,"Ley 1/2022, de 13 de abril, de Transparencia y Buen Gobierno de la Comunitat Valenciana",21,JURIDICO
ESPECIAL,27,La transparencia y el buen gobierno: normativa básica estatal y autonómica,"Ley 1/2022, de 13 de abril, de Transparencia y Buen Gobierno de la Comunitat Valenciana",22,JURIDICO
ESPECIAL,27,La transparencia y el buen gobierno: normativa básica estatal y autonómica,"Ley 1/2022, de 13 de abril, de Transparencia y Buen Gobierno de la Comunitat Valenciana",23,JURIDICO
ESPECIAL,27,La transparencia y el buen gobierno: normativa básica estatal y autonómica,"Ley 1/2022, de 13 de abril, de Transparencia y Buen Gobierno de la Comunitat Valenciana",24,JURIDICO
ESPECIAL,27,La transparencia y el buen gobierno: normativa básica estatal y autonómica,"Ley 1/2022, de 13 de abril, de Transparencia y Buen Gobierno de la Comunitat Valenciana",25,JURIDICO
ESPECIAL,27,La transparencia y el buen gobierno: normativa básica estatal y autonómica,"Ley 1/2022, de 13 de abril, de Transparencia y Buen Gobierno de la Comunitat Valenciana",26,JURIDICO
ESPECIAL,27,La transparencia y el buen gobierno: normativa básica estatal y autonómica,"Ley 1/2022, de 13 de abril, de Transparencia y Buen Gobierno de la Comunitat Valenciana",27,JURIDICO
ESPECIAL,27,La transparencia y el buen gobierno: normativa básica estatal y autonómica,"Ley 1/2022, de 13 de abril, de Transparencia y Buen Gobierno de la Comunitat Valenciana",28,JURIDICO
ESPECIAL,27,La transparencia y el buen gobierno: normativa básica estatal y autonómica,"Ley 1/2022, de 13 de abril, de Transparencia y Buen Gobierno de la Comunitat Valenciana",29,JURIDICO
ESPECIAL,27,La transparencia y el buen gobierno: normativa básica estatal y autonómica,"Ley 1/2022, de 13 de abril, de Transparencia y Buen Gobierno de la Comunitat Valenciana",30,JURIDICO
ESPECIAL,27,La transparencia y el buen gobierno: normativa básica estatal y autonómica,"Ley 1/2022, de 13 de abril, de Transparencia y Buen Gobierno de la Comunitat Valenciana",31,JURIDICO
ESPECIAL,27,La transparencia y el buen gobierno: normativa básica estatal y autonómica,"Ley 1/2022, de 13 de abril, de Transparencia y Buen Gobierno de la Comunitat Valenciana",32,JURIDICO
ESPECIAL,27,La transparencia y el buen gobierno: normativa básica estatal y autonómica,"Ley 1/2022, de 13 de abril, de Transparencia y Buen Gobierno de la Comunitat Valenciana",33,JURIDICO
ESPECIAL,27,La transparencia y el buen gobierno: normativa básica estatal y autonómica,"Ley 1/2022, de 13 de abril, de Transparencia y Buen Gobierno de la Comunitat Valenciana",34,JURIDICO
ESPECIAL,27,La transparencia y el buen gobierno: normativa básica estatal y autonómica,"Ley 1/2022, de 13 de abril, de Transparencia y Buen Gobierno de la Comunitat Valenciana",35,JURIDICO
ESPECIAL,27,La transparencia y el buen gobierno: normativa básica estatal y autonómica,"Ley 1/2022, de 13 de abril, de Transparencia y Buen Gobierno de la Comunitat Valenciana",36,JURIDICO
ESPECIAL,27,La transparencia y el buen gobierno: normativa básica estatal y autonómica,"Ley 1/2022, de 13 de abril, de Transparencia y Buen Gobierno de la Comunitat Valenciana",37,JURIDICO
ESPECIAL,27,La transparencia y el buen gobierno: normativa básica estatal y autonómica,"Ley 1/2022, de 13 de abril, de Transparencia y Buen Gobierno de la Comunitat Valenciana",38,JURIDICO
ESPECIAL,27,La transparencia y el buen gobierno: normativa básica estatal y autonómica,"Ley 1/2022, de 13 de abril, de Transparencia y Buen Gobierno de la Comunitat Valenciana",39,JURIDICO
ESPECIAL,27,La transparencia y el buen gobierno: normativa básica estatal y autonómica,"Ley 1/2022, de 13 de abril, de Transparencia y Buen Gobierno de la Comunitat Valenciana",40,JURIDICO
ESPECIAL,27,La transparencia y el buen gobierno: normativa básica estatal y autonómica,"Ley 1/2022, de 13 de abril, de Transparencia y Buen Gobierno de la Comunitat Valenciana",41,JURIDICO
ESPECIAL,27,La transparencia y el buen gobierno: normativa básica estatal y autonómica,"Ley 1/2022, de 13 de abril, de Transparencia y Buen Gobierno de la Comunitat Valenciana",42,JURIDICO
ESPECIAL,27,La transparencia y el buen gobierno: normativa básica estatal y autonómica,"Ley 1/2022, de 13 de abril, de Transparencia y Buen Gobierno de la Comunitat Valenciana",43,JURIDICO
ESPECIAL,27,La transparencia y el buen gobierno: normativa básica estatal y autonómica,"Ley 1/2022, de 13 de abril, de Transparencia y Buen Gobierno de la Comunitat Valenciana",44,JURIDICO
ESPECIAL,27,La transparencia y el buen gobierno: normativa básica estatal y autonómica,"Ley 1/2022, de 13 de abril, de Transparencia y Buen Gobierno de la Comunitat Valenciana",45,JURIDICO
ESPECIAL,27,La transparencia y el buen gobierno: normativa básica estatal y autonómica,"Ley 1/2022, de 13 de abril, de Transparencia y Buen Gobierno de la Comunitat Valenciana",46,JURIDICO
ESPECIAL,27,La transparencia y el buen gobierno: normativa básica estatal y autonómica,"Ley 1/2022, de 13 de abril, de Transparencia y Buen Gobierno de la Comunitat Valenciana",47,JURIDICO
ESPECIAL,27,La transparencia y el buen gobierno: normativa básica estatal y autonómica,"Ley 1/2022, de 13 de abril, de Transparencia y Buen Gobierno de la Comunitat Valenciana",48,JURIDICO
ESPECIAL,27,La transparencia y el buen gobierno: normativa básica estatal y autonómica,"Ley 1/2022, de 13 de abril, de Transparencia y Buen Gobierno de la Comunitat Valenciana",49,JURIDICO
ESPECIAL,27,La transparencia y el buen gobierno: normativa básica estatal y autonómica,"Ley 1/2022, de 13 de abril, de Transparencia y Buen Gobierno de la Comunitat Valenciana",50,JURIDICO
ESPECIAL,27,La transparencia y el buen gobierno: normativa básica estatal y autonómica,"Ley 1/2022, de 13 de abril, de Transparencia y Buen Gobierno de la Comunitat Valenciana",51,JURIDICO
ESPECIAL,27,La transparencia y el buen gobierno: normativa básica estatal y autonómica,"Ley 1/2022, de 13 de abril, de Transparencia y Buen Gobierno de la Comunitat Valenciana",52,JURIDICO
ESPECIAL,27,La transparencia y el buen gobierno: normativa básica estatal y autonómica,"Ley 1/2022, de 13 de abril, de Transparencia y Buen Gobierno de la Comunitat Valenciana",53,JURIDICO
ESPECIAL,27,La transparencia y el buen gobierno: normativa básica estatal y autonómica,"Ley 1/2022, de 13 de abril, de Transparencia y Buen Gobierno de la Comunitat Valenciana",54,JURIDICO
ESPECIAL,27,La transparencia y el buen gobierno: normativa básica estatal y autonómica,"Ley 1/2022, de 13 de abril, de Transparencia y Buen Gobierno de la Comunitat Valenciana",55,JURIDICO
ESPECIAL,27,La transparencia y el buen gobierno: normativa básica estatal y autonómica,"Ley 1/2022, de 13 de abril, de Transparencia y Buen Gobierno de la Comunitat Valenciana",56,JURIDICO
ESPECIAL,27,La transparencia y el buen gobierno: normativa básica estatal y autonómica,"Ley 1/2022, de 13 de abril, de Transparencia y Buen Gobierno de la Comunitat Valenciana",57,JURIDICO
ESPECIAL,27,La transparencia y el buen gobierno: normativa básica estatal y autonómica,"Ley 1/2022, de 13 de abril, de Transparencia y Buen Gobierno de la Comunitat Valenciana",58,JURIDICO
ESPECIAL,27,La transparencia y el buen gobierno: normativa básica estatal y autonómica,"Ley 1/2022, de 13 de abril, de Transparencia y Buen Gobierno de la Comunitat Valenciana",63,JURIDICO
ESPECIAL,27,La transparencia y el buen gobierno: normativa básica estatal y autonómica,"Ley 1/2022, de 13 de abril, de Transparencia y Buen Gobierno de la Comunitat Valenciana",64,JURIDICO
ESPECIAL,27,La transparencia y el buen gobierno: normativa básica estatal y autonómica,"Ley 1/2022, de 13 de abril, de Transparencia y Buen Gobierno de la Comunitat Valenciana",65,JURIDICO
ESPECIAL,27,La transparencia y el buen gobierno: normativa básica estatal y autonómica,"Ley 1/2022, de 13 de abril, de Transparencia y Buen Gobierno de la Comunitat Valenciana",66,JURIDICO
ESPECIAL,27,La transparencia y el buen gobierno: normativa básica estatal y autonómica,"Ley 1/2022, de 13 de abril, de Transparencia y Buen Gobierno de la Comunitat Valenciana",67,JURIDICO
ESPECIAL,27,La transparencia y el buen gobierno: normativa básica estatal y autonómica,"Ley 1/2022, de 13 de abril, de Transparencia y Buen Gobierno de la Comunitat Valenciana",68,JURIDICO
ESPECIAL,27,La transparencia y el buen gobierno: normativa básica estatal y autonómica,"Ley 1/2022, de 13 de abril, de Transparencia y Buen Gobierno de la Comunitat Valenciana",69,JURIDICO
ESPECIAL,27,La transparencia y el buen gobierno: normativa básica estatal y autonómica,"Ley 1/2022, de 13 de abril, de Transparencia y Buen Gobierno de la Comunitat Valenciana",70,JURIDICO
ESPECIAL,27,La transparencia y el buen gobierno: normativa básica estatal y autonómica,"Ley 1/2022, de 13 de abril, de Transparencia y Buen Gobierno de la Comunitat Valenciana",71,JURIDICO
ESPECIAL,27,La transparencia y el buen gobierno: normativa básica estatal y autonómica,"Ley 1/2022, de 13 de abril, de Transparencia y Buen Gobierno de la Comunitat Valenciana",72,JURIDICO
ESPECIAL,27,La transparencia y el buen gobierno: normativa básica estatal y autonómica,"Ley 1/2022, de 13 de abril, de Transparencia y Buen Gobierno de la Comunitat Valenciana",73,JURIDICO
ESPECIAL,27,La transparencia y el buen gobierno: normativa básica estatal y autonómica,"Ley 1/2022, de 13 de abril, de Transparencia y Buen Gobierno de la Comunitat Valenciana",74,JURIDICO
ESPECIAL,27,La transparencia y el buen gobierno: normativa básica estatal y autonómica,"Ley 1/2022, de 13 de abril, de Transparencia y Buen Gobierno de la Comunitat Valenciana",75,JURIDICO
ESPECIAL,27,La transparencia y el buen gobierno: normativa básica estatal y autonómica,"Ley 1/2022, de 13 de abril, de Transparencia y Buen Gobierno de la Comunitat Valenciana",76,JURIDICO
ESPECIAL,27,La transparencia y el buen gobierno: normativa básica estatal y autonómica,"Ley 19/2013, de 9 de diciembre, de transparencia, acceso a la información pública y buen gobierno",1,JURIDICO
ESPECIAL,27,La transparencia y el buen gobierno: normativa básica estatal y autonómica,"Ley 19/2013, de 9 de diciembre, de transparencia, acceso a la información pública y buen gobierno",2,JURIDICO
ESPECIAL,27,La transparencia y el buen gobierno: normativa básica estatal y autonómica,"Ley 19/2013, de 9 de diciembre, de transparencia, acceso a la información pública y buen gobierno",3,JURIDICO
ESPECIAL,27,La transparencia y el buen gobierno: normativa básica estatal y autonómica,"Ley 19/2013, de 9 de diciembre, de transparencia, acceso a la información pública y buen gobierno",4,JURIDICO
ESPECIAL,27,La transparencia y el buen gobierno: normativa básica estatal y autonómica,"Ley 19/2013, de 9 de diciembre, de transparencia, acceso a la información pública y buen gobierno",5,JURIDICO
ESPECIAL,27,La transparencia y el buen gobierno: normativa básica estatal y autonómica,"Ley 19/2013, de 9 de diciembre, de transparencia, acceso a la información pública y buen gobierno",6,JURIDICO
ESPECIAL,27,La transparencia y el buen gobierno: normativa básica estatal y autonómica,"Ley 19/2013, de 9 de diciembre, de transparencia, acceso a la información pública y buen gobierno",7,JURIDICO
ESPECIAL,27,La transparencia y el buen gobierno: normativa básica estatal y autonómica,"Ley 19/2013, de 9 de diciembre, de transparencia, acceso a la información pública y buen gobierno",8,JURIDICO
ESPECIAL,27,La transparencia y el buen gobierno: normativa básica estatal y autonómica,"Ley 19/2013, de 9 de diciembre, de transparencia, acceso a la información pública y buen gobierno",9,JURIDICO
ESPECIAL,27,La transparencia y el buen gobierno: normativa básica estatal y autonómica,"Ley 19/2013, de 9 de diciembre, de transparencia, acceso a la información pública y buen gobierno",10,JURIDICO
ESPECIAL,27,La transparencia y el buen gobierno: normativa básica estatal y autonómica,"Ley 19/2013, de 9 de diciembre, de transparencia, acceso a la información pública y buen gobierno",11,JURIDICO
ESPECIAL,27,La transparencia y el buen gobierno: normativa básica estatal y autonómica,"Ley 19/2013, de 9 de diciembre, de transparencia, acceso a la información pública y buen gobierno",12,JURIDICO
ESPECIAL,27,La transparencia y el buen gobierno: normativa básica estatal y autonómica,"Ley 19/2013, de 9 de diciembre, de transparencia, acceso a la información pública y buen gobierno",13,JURIDICO
ESPECIAL,27,La transparencia y el buen gobierno: normativa básica estatal y autonómica,"Ley 19/2013, de 9 de diciembre, de transparencia, acceso a la información pública y buen gobierno",14,JURIDICO
ESPECIAL,27,La transparencia y el buen gobierno: normativa básica estatal y autonómica,"Ley 19/2013, de 9 de diciembre, de transparencia, acceso a la información pública y buen gobierno",15,JURIDICO
ESPECIAL,27,La transparencia y el buen gobierno: normativa básica estatal y autonómica,"Ley 19/2013, de 9 de diciembre, de transparencia, acceso a la información pública y buen gobierno",16,JURIDICO
ESPECIAL,27,La transparencia y el buen gobierno: normativa básica estatal y autonómica,"Ley 19/2013, de 9 de diciembre, de transparencia, acceso a la información pública y buen gobierno",17,JURIDICO
ESPECIAL,27,La transparencia y el buen gobierno: normativa básica estatal y autonómica,"Ley 19/2013, de 9 de diciembre, de transparencia, acceso a la información pública y buen gobierno",18,JURIDICO
ESPECIAL,27,La transparencia y el buen gobierno: normativa básica estatal y autonómica,"Ley 19/2013, de 9 de diciembre, de transparencia, acceso a la información pública y buen gobierno",19,JURIDICO
ESPECIAL,27,La transparencia y el buen gobierno: normativa básica estatal y autonómica,"Ley 19/2013, de 9 de diciembre, de transparencia, acceso a la información pública y buen gobierno",20,JURIDICO
ESPECIAL,27,La transparencia y el buen gobierno: normativa básica estatal y autonómica,"Ley 19/2013, de 9 de diciembre, de transparencia, acceso a la información pública y buen gobierno",21,JURIDICO
ESPECIAL,27,La transparencia y el buen gobierno: normativa básica estatal y autonómica,"Ley 19/2013, de 9 de diciembre, de transparencia, acceso a la información pública y buen gobierno",22,JURIDICO
ESPECIAL,27,La transparencia y el buen gobierno: normativa básica estatal y autonómica,"Ley 19/2013, de 9 de diciembre, de transparencia, acceso a la información pública y buen gobierno",23,JURIDICO
ESPECIAL,27,La transparencia y el buen gobierno: normativa básica estatal y autonómica,"Ley 19/2013, de 9 de diciembre, de transparencia, acceso a la información pública y buen gobierno",24,JURIDICO
ESPECIAL,27,La transparencia y el buen gobierno: normativa básica estatal y autonómica,"Ley 19/2013, de 9 de diciembre, de transparencia, acceso a la información pública y buen gobierno",25,JURIDICO
ESPECIAL,27,La transparencia y el buen gobierno: normativa básica estatal y autonómica,"Ley 19/2013, de 9 de diciembre, de transparencia, acceso a la información pública y buen gobierno",26,JURIDICO
ESPECIAL,27,La transparencia y el buen gobierno: normativa básica estatal y autonómica,"Ley 19/2013, de 9 de diciembre, de transparencia, acceso a la información pública y buen gobierno",27,JURIDICO
ESPECIAL,27,La transparencia y el buen gobierno: normativa básica estatal y autonómica,"Ley 19/2013, de 9 de diciembre, de transparencia, acceso a la información pública y buen gobierno",28,JURIDICO
ESPECIAL,27,La transparencia y el buen gobierno: normativa básica estatal y autonómica,"Ley 19/2013, de 9 de diciembre, de transparencia, acceso a la información pública y buen gobierno",29,JURIDICO
ESPECIAL,27,La transparencia y el buen gobierno: normativa básica estatal y autonómica,"Ley 19/2013, de 9 de diciembre, de transparencia, acceso a la información pública y buen gobierno",30,JURIDICO
ESPECIAL,27,La transparencia y el buen gobierno: normativa básica estatal y autonómica,"Ley 19/2013, de 9 de diciembre, de transparencia, acceso a la información pública y buen gobierno",31,JURIDICO
ESPECIAL,27,La transparencia y el buen gobierno: normativa básica estatal y autonómica,"Ley 19/2013, de 9 de diciembre, de transparencia, acceso a la información pública y buen gobierno",32,JURIDICO
ESPECIAL,27,La transparencia y el buen gobierno: normativa básica estatal y autonómica,"Ley 19/2013, de 9 de diciembre, de transparencia, acceso a la información pública y buen gobierno",33,JURIDICO
ESPECIAL,27,La transparencia y el buen gobierno: normativa básica estatal y autonómica,"Ley 19/2013, de 9 de diciembre, de transparencia, acceso a la información pública y buen gobierno",34,JURIDICO
ESPECIAL,27,La transparencia y el buen gobierno: normativa básica estatal y autonómica,"Ley 19/2013, de 9 de diciembre, de transparencia, acceso a la información pública y buen gobierno",35,JURIDICO
ESPECIAL,27,La transparencia y el buen gobierno: normativa básica estatal y autonómica,"Ley 19/2013, de 9 de diciembre, de transparencia, acceso a la información pública y buen gobierno",36,JURIDICO
ESPECIAL,27,La transparencia y el buen gobierno: normativa básica estatal y autonómica,"Ley 19/2013, de 9 de diciembre, de transparencia, acceso a la información pública y buen gobierno",37,JURIDICO
ESPECIAL,27,La transparencia y el buen gobierno: normativa básica estatal y autonómica,"Ley 19/2013, de 9 de diciembre, de transparencia, acceso a la información pública y buen gobierno",38,JURIDICO
ESPECIAL,27,La transparencia y el buen gobierno: normativa básica estatal y autonómica,"Ley 19/2013, de 9 de diciembre, de transparencia, acceso a la información pública y buen gobierno",39,JURIDICO
ESPECIAL,27,La transparencia y el buen gobierno: normativa básica estatal y autonómica,"Ley 19/2013, de 9 de diciembre, de transparencia, acceso a la información pública y buen gobierno",40,JURIDICO
ESPECIAL,27,La transparencia y el buen gobierno: normativa básica estatal y autonómica,"Ley Orgánica 3/2018, de 5 de diciembre, de Protección de Datos Personales y garantía de los derechos digitales",1,JURIDICO
ESPECIAL,27,La transparencia y el buen gobierno: normativa básica estatal y autonómica,"Ley Orgánica 3/2018, de 5 de diciembre, de Protección de Datos Personales y garantía de los derechos digitales",2,JURIDICO
ESPECIAL,27,La transparencia y el buen gobierno: normativa básica estatal y autonómica,"Ley Orgánica 3/2018, de 5 de diciembre, de Protección de Datos Personales y garantía de los derechos digitales",3,JURIDICO
ESPECIAL,27,La transparencia y el buen gobierno: normativa básica estatal y autonómica,"Ley Orgánica 3/2018, de 5 de diciembre, de Protección de Datos Personales y garantía de los derechos digitales",4,JURIDICO
ESPECIAL,27,La transparencia y el buen gobierno: normativa básica estatal y autonómica,"Ley Orgánica 3/2018, de 5 de diciembre, de Protección de Datos Personales y garantía de los derechos digitales",5,JURIDICO
ESPECIAL,27,La transparencia y el buen gobierno: normativa básica estatal y autonómica,"Ley Orgánica 3/2018, de 5 de diciembre, de Protección de Datos Personales y garantía de los derechos digitales",6,JURIDICO
ESPECIAL,27,La transparencia y el buen gobierno: normativa básica estatal y autonómica,"Ley Orgánica 3/2018, de 5 de diciembre, de Protección de Datos Personales y garantía de los derechos digitales",7,JURIDICO
ESPECIAL,27,La transparencia y el buen gobierno: normativa básica estatal y autonómica,"Ley Orgánica 3/2018, de 5 de diciembre, de Protección de Datos Personales y garantía de los derechos digitales",8,JURIDICO
ESPECIAL,27,La transparencia y el buen gobierno: normativa básica estatal y autonómica,"Ley Orgánica 3/2018, de 5 de diciembre, de Protección de Datos Personales y garantía de los derechos digitales",9,JURIDICO
ESPECIAL,27,La transparencia y el buen gobierno: normativa básica estatal y autonómica,"Ley Orgánica 3/2018, de 5 de diciembre, de Protección de Datos Personales y garantía de los derechos digitales",10,JURIDICO
ESPECIAL,27,La transparencia y el buen gobierno: normativa básica estatal y autonómica,"Ley Orgánica 3/2018, de 5 de diciembre, de Protección de Datos Personales y garantía de los derechos digitales",11,JURIDICO
ESPECIAL,27,La transparencia y el buen gobierno: normativa básica estatal y autonómica,"Ley Orgánica 3/2018, de 5 de diciembre, de Protección de Datos Personales y garantía de los derechos digitales",12,JURIDICO
ESPECIAL,27,La transparencia y el buen gobierno: normativa básica estatal y autonómica,"Ley Orgánica 3/2018, de 5 de diciembre, de Protección de Datos Personales y garantía de los derechos digitales",13,JURIDICO
ESPECIAL,27,La transparencia y el buen gobierno: normativa básica estatal y autonómica,"Ley Orgánica 3/2018, de 5 de diciembre, de Protección de Datos Personales y garantía de los derechos digitales",14,JURIDICO
ESPECIAL,27,La transparencia y el buen gobierno: normativa básica estatal y autonómica,"Ley Orgánica 3/2018, de 5 de diciembre, de Protección de Datos Personales y garantía de los derechos digitales",15,JURIDICO
ESPECIAL,27,La transparencia y el buen gobierno: normativa básica estatal y autonómica,"Ley Orgánica 3/2018, de 5 de diciembre, de Protección de Datos Personales y garantía de los derechos digitales",16,JURIDICO
ESPECIAL,27,La transparencia y el buen gobierno: normativa básica estatal y autonómica,"Ley Orgánica 3/2018, de 5 de diciembre, de Protección de Datos Personales y garantía de los derechos digitales",17,JURIDICO
ESPECIAL,27,La transparencia y el buen gobierno: normativa básica estatal y autonómica,"Ley Orgánica 3/2018, de 5 de diciembre, de Protección de Datos Personales y garantía de los derechos digitales",18,JURIDICO
ESPECIAL,27,La transparencia y el buen gobierno: normativa básica estatal y autonómica,"Ley Orgánica 3/2018, de 5 de diciembre, de Protección de Datos Personales y garantía de los derechos digitales",19,JURIDICO
ESPECIAL,27,La transparencia y el buen gobierno: normativa básica estatal y autonómica,"Ley Orgánica 3/2018, de 5 de diciembre, de Protección de Datos Personales y garantía de los derechos digitales",20,JURIDICO
ESPECIAL,27,La transparencia y el buen gobierno: normativa básica estatal y autonómica,"Ley Orgánica 3/2018, de 5 de diciembre, de Protección de Datos Personales y garantía de los derechos digitales",21,JURIDICO
ESPECIAL,27,La transparencia y el buen gobierno: normativa básica estatal y autonómica,"Ley Orgánica 3/2018, de 5 de diciembre, de Protección de Datos Personales y garantía de los derechos digitales",22,JURIDICO
ESPECIAL,27,La transparencia y el buen gobierno: normativa básica estatal y autonómica,"Ley Orgánica 3/2018, de 5 de diciembre, de Protección de Datos Personales y garantía de los derechos digitales",23,JURIDICO
ESPECIAL,27,La transparencia y el buen gobierno: normativa básica estatal y autonómica,"Ley Orgánica 3/2018, de 5 de diciembre, de Protección de Datos Personales y garantía de los derechos digitales",24,JURIDICO
ESPECIAL,27,La transparencia y el buen gobierno: normativa básica estatal y autonómica,"Ley Orgánica 3/2018, de 5 de diciembre, de Protección de Datos Personales y garantía de los derechos digitales",25,JURIDICO
ESPECIAL,27,La transparencia y el buen gobierno: normativa básica estatal y autonómica,"Ley Orgánica 3/2018, de 5 de diciembre, de Protección de Datos Personales y garantía de los derechos digitales",26,JURIDICO
ESPECIAL,27,La transparencia y el buen gobierno: normativa básica estatal y autonómica,"Ley Orgánica 3/2018, de 5 de diciembre, de Protección de Datos Personales y garantía de los derechos digitales",27,JURIDICO
ESPECIAL,27,La transparencia y el buen gobierno: normativa básica estatal y autonómica,"Ley Orgánica 3/2018, de 5 de diciembre, de Protección de Datos Personales y garantía de los derechos digitales",28,JURIDICO
ESPECIAL,27,La transparencia y el buen gobierno: normativa básica estatal y autonómica,"Ley Orgánica 3/2018, de 5 de diciembre, de Protección de Datos Personales y garantía de los derechos digitales",29,JURIDICO
ESPECIAL,27,La transparencia y el buen gobierno: normativa básica estatal y autonómica,"Ley Orgánica 3/2018, de 5 de diciembre, de Protección de Datos Personales y garantía de los derechos digitales",30,JURIDICO
ESPECIAL,27,La transparencia y el buen gobierno: normativa básica estatal y autonómica,"Ley Orgánica 3/2018, de 5 de diciembre, de Protección de Datos Personales y garantía de los derechos digitales",31,JURIDICO
ESPECIAL,27,La transparencia y el buen gobierno: normativa básica estatal y autonómica,"Ley Orgánica 3/2018, de 5 de diciembre, de Protección de Datos Personales y garantía de los derechos digitales",32,JURIDICO
ESPECIAL,27,La transparencia y el buen gobierno: normativa básica estatal y autonómica,"Ley Orgánica 3/2018, de 5 de diciembre, de Protección de Datos Personales y garantía de los derechos digitales",33,JURIDICO
ESPECIAL,27,La transparencia y el buen gobierno: normativa básica estatal y autonómica,"Ley Orgánica 3/2018, de 5 de diciembre, de Protección de Datos Personales y garantía de los derechos digitales",34,JURIDICO
ESPECIAL,27,La transparencia y el buen gobierno: normativa básica estatal y autonómica,"Ley Orgánica 3/2018, de 5 de diciembre, de Protección de Datos Personales y garantía de los derechos digitales",35,JURIDICO
ESPECIAL,27,La transparencia y el buen gobierno: normativa básica estatal y autonómica,"Ley Orgánica 3/2018, de 5 de diciembre, de Protección de Datos Personales y garantía de los derechos digitales",36,JURIDICO
ESPECIAL,27,La transparencia y el buen gobierno: normativa básica estatal y autonómica,"Ley Orgánica 3/2018, de 5 de diciembre, de Protección de Datos Personales y garantía de los derechos digitales",37,JURIDICO
ESPECIAL,27,La transparencia y el buen gobierno: normativa básica estatal y autonómica,"Ley Orgánica 3/2018, de 5 de diciembre, de Protección de Datos Personales y garantía de los derechos digitales",38,JURIDICO
ESPECIAL,27,La transparencia y el buen gobierno: normativa básica estatal y autonómica,"Ley Orgánica 3/2018, de 5 de diciembre, de Protección de Datos Personales y garantía de los derechos digitales",39,JURIDICO
ESPECIAL,27,La transparencia y el buen gobierno: normativa básica estatal y autonómica,"Ley Orgánica 3/2018, de 5 de diciembre, de Protección de Datos Personales y garantía de los derechos digitales",40,JURIDICO
ESPECIAL,27,La transparencia y el buen gobierno: normativa básica estatal y autonómica,"Ley Orgánica 3/2018, de 5 de diciembre, de Protección de Datos Personales y garantía de los derechos digitales",41,JURIDICO
ESPECIAL,27,La transparencia y el buen gobierno: normativa básica estatal y autonómica,"Ley Orgánica 3/2018, de 5 de diciembre, de Protección de Datos Personales y garantía de los derechos digitales",42,JURIDICO
ESPECIAL,27,La transparencia y el buen gobierno: normativa básica estatal y autonómica,"Ley Orgánica 3/2018, de 5 de diciembre, de Protección de Datos Personales y garantía de los derechos digitales",43,JURIDICO
ESPECIAL,27,La transparencia y el buen gobierno: normativa básica estatal y autonómica,"Ley Orgánica 3/2018, de 5 de diciembre, de Protección de Datos Personales y garantía de los derechos digitales",44,JURIDICO
ESPECIAL,27,La transparencia y el buen gobierno: normativa básica estatal y autonómica,"Ley Orgánica 3/2018, de 5 de diciembre, de Protección de Datos Personales y garantía de los derechos digitales",45,JURIDICO
ESPECIAL,27,La transparencia y el buen gobierno: normativa básica estatal y autonómica,"Ley Orgánica 3/2018, de 5 de diciembre, de Protección de Datos Personales y garantía de los derechos digitales",46,JURIDICO
ESPECIAL,27,La transparencia y el buen gobierno: normativa básica estatal y autonómica,"Ley Orgánica 3/2018, de 5 de diciembre, de Protección de Datos Personales y garantía de los derechos digitales",47,JURIDICO
ESPECIAL,27,La transparencia y el buen gobierno: normativa básica estatal y autonómica,"Ley Orgánica 3/2018, de 5 de diciembre, de Protección de Datos Personales y garantía de los derechos digitales",48,JURIDICO
ESPECIAL,27,La transparencia y el buen gobierno: normativa básica estatal y autonómica,"Ley Orgánica 3/2018, de 5 de diciembre, de Protección de Datos Personales y garantía de los derechos digitales",49,JURIDICO
ESPECIAL,27,La transparencia y el buen gobierno: normativa básica estatal y autonómica,"Ley Orgánica 3/2018, de 5 de diciembre, de Protección de Datos Personales y garantía de los derechos digitales",50,JURIDICO
ESPECIAL,27,La transparencia y el buen gobierno: normativa básica estatal y autonómica,"Ley Orgánica 3/2018, de 5 de diciembre, de Protección de Datos Personales y garantía de los derechos digitales",51,JURIDICO
ESPECIAL,27,La transparencia y el buen gobierno: normativa básica estatal y autonómica,"Ley Orgánica 3/2018, de 5 de diciembre, de Protección de Datos Personales y garantía de los derechos digitales",52,JURIDICO
ESPECIAL,27,La transparencia y el buen gobierno: normativa básica estatal y autonómica,"Ley Orgánica 3/2018, de 5 de diciembre, de Protección de Datos Personales y garantía de los derechos digitales",53,JURIDICO
ESPECIAL,27,La transparencia y el buen gobierno: normativa básica estatal y autonómica,"Ley Orgánica 3/2018, de 5 de diciembre, de Protección de Datos Personales y garantía de los derechos digitales",54,JURIDICO
ESPECIAL,27,La transparencia y el buen gobierno: normativa básica estatal y autonómica,"Ley Orgánica 3/2018, de 5 de diciembre, de Protección de Datos Personales y garantía de los derechos digitales",55,JURIDICO
ESPECIAL,27,La transparencia y el buen gobierno: normativa básica estatal y autonómica,"Ley Orgánica 3/2018, de 5 de diciembre, de Protección de Datos Personales y garantía de los derechos digitales",56,JURIDICO
ESPECIAL,27,La transparencia y el buen gobierno: normativa básica estatal y autonómica,"Ley Orgánica 3/2018, de 5 de diciembre, de Protección de Datos Personales y garantía de los derechos digitales",57,JURIDICO
ESPECIAL,27,La transparencia y el buen gobierno: normativa básica estatal y autonómica,"Ley Orgánica 3/2018, de 5 de diciembre, de Protección de Datos Personales y garantía de los derechos digitales",58,JURIDICO
ESPECIAL,27,La transparencia y el buen gobierno: normativa básica estatal y autonómica,"Ley Orgánica 3/2018, de 5 de diciembre, de Protección de Datos Personales y garantía de los derechos digitales",59,JURIDICO
ESPECIAL,27,La transparencia y el buen gobierno: normativa básica estatal y autonómica,"Ley Orgánica 3/2018, de 5 de diciembre, de Protección de Datos Personales y garantía de los derechos digitales",60,JURIDICO
ESPECIAL,27,La transparencia y el buen gobierno: normativa básica estatal y autonómica,"Ley Orgánica 3/2018, de 5 de diciembre, de Protección de Datos Personales y garantía de los derechos digitales",61,JURIDICO
ESPECIAL,27,La transparencia y el buen gobierno: normativa básica estatal y autonómica,"Ley Orgánica 3/2018, de 5 de diciembre, de Protección de Datos Personales y garantía de los derechos digitales",62,JURIDICO
ESPECIAL,27,La transparencia y el buen gobierno: normativa básica estatal y autonómica,"Ley Orgánica 3/2018, de 5 de diciembre, de Protección de Datos Personales y garantía de los derechos digitales",63,JURIDICO
ESPECIAL,27,La transparencia y el buen gobierno: normativa básica estatal y autonómica,"Ley Orgánica 3/2018, de 5 de diciembre, de Protección de Datos Personales y garantía de los derechos digitales",64,JURIDICO
ESPECIAL,27,La transparencia y el buen gobierno: normativa básica estatal y autonómica,"Ley Orgánica 3/2018, de 5 de diciembre, de Protección de Datos Personales y garantía de los derechos digitales",65,JURIDICO
ESPECIAL,27,La transparencia y el buen gobierno: normativa básica estatal y autonómica,"Ley Orgánica 3/2018, de 5 de diciembre, de Protección de Datos Personales y garantía de los derechos digitales",66,JURIDICO
ESPECIAL,27,La transparencia y el buen gobierno: normativa básica estatal y autonómica,"Ley Orgánica 3/2018, de 5 de diciembre, de Protección de Datos Personales y garantía de los derechos digitales",67,JURIDICO
ESPECIAL,27,La transparencia y el buen gobierno: normativa básica estatal y autonómica,"Ley Orgánica 3/2018, de 5 de diciembre, de Protección de Datos Personales y garantía de los derechos digitales",68,JURIDICO
ESPECIAL,27,La transparencia y el buen gobierno: normativa básica estatal y autonómica,"Ley Orgánica 3/2018, de 5 de diciembre, de Protección de Datos Personales y garantía de los derechos digitales",69,JURIDICO
ESPECIAL,27,La transparencia y el buen gobierno: normativa básica estatal y autonómica,"Ley Orgánica 3/2018, de 5 de diciembre, de Protección de Datos Personales y garantía de los derechos digitales",70,JURIDICO
ESPECIAL,27,La transparencia y el buen gobierno: normativa básica estatal y autonómica,"Ley Orgánica 3/2018, de 5 de diciembre, de Protección de Datos Personales y garantía de los derechos digitales",71,JURIDICO
ESPECIAL,27,La transparencia y el buen gobierno: normativa básica estatal y autonómica,"Ley Orgánica 3/2018, de 5 de diciembre, de Protección de Datos Personales y garantía de los derechos digitales",72,JURIDICO
ESPECIAL,27,La transparencia y el buen gobierno: normativa básica estatal y autonómica,"Ley Orgánica 3/2018, de 5 de diciembre, de Protección de Datos Personales y garantía de los derechos digitales",73,JURIDICO
ESPECIAL,27,La transparencia y el buen gobierno: normativa básica estatal y autonómica,"Ley Orgánica 3/2018, de 5 de diciembre, de Protección de Datos Personales y garantía de los derechos digitales",74,JURIDICO
ESPECIAL,27,La transparencia y el buen gobierno: normativa básica estatal y autonómica,"Ley Orgánica 3/2018, de 5 de diciembre, de Protección de Datos Personales y garantía de los derechos digitales",75,JURIDICO
ESPECIAL,27,La transparencia y el buen gobierno: normativa básica estatal y autonómica,"Ley Orgánica 3/2018, de 5 de diciembre, de Protección de Datos Personales y garantía de los derechos digitales",76,JURIDICO
ESPECIAL,27,La transparencia y el buen gobierno: normativa básica estatal y autonómica,"Ley Orgánica 3/2018, de 5 de diciembre, de Protección de Datos Personales y garantía de los derechos digitales",77,JURIDICO
ESPECIAL,27,La transparencia y el buen gobierno: normativa básica estatal y autonómica,"Ley Orgánica 3/2018, de 5 de diciembre, de Protección de Datos Personales y garantía de los derechos digitales",78,JURIDICO
ESPECIAL,27,La transparencia y el buen gobierno: normativa básica estatal y autonómica,"Ley Orgánica 3/2018, de 5 de diciembre, de Protección de Datos Personales y garantía de los derechos digitales",79,JURIDICO
ESPECIAL,27,La transparencia y el buen gobierno: normativa básica estatal y autonómica,"Ley Orgánica 3/2018, de 5 de diciembre, de Protección de Datos Personales y garantía de los derechos digitales",80,JURIDICO
ESPECIAL,27,La transparencia y el buen gobierno: normativa básica estatal y autonómica,"Ley Orgánica 3/2018, de 5 de diciembre, de Protección de Datos Personales y garantía de los derechos digitales",81,JURIDICO
ESPECIAL,27,La transparencia y el buen gobierno: normativa básica estatal y autonómica,"Ley Orgánica 3/2018, de 5 de diciembre, de Protección de Datos Personales y garantía de los derechos digitales",82,JURIDICO
ESPECIAL,27,La transparencia y el buen gobierno: normativa básica estatal y autonómica,"Ley Orgánica 3/2018, de 5 de diciembre, de Protección de Datos Personales y garantía de los derechos digitales",83,JURIDICO
ESPECIAL,27,La transparencia y el buen gobierno: normativa básica estatal y autonómica,"Ley Orgánica 3/2018, de 5 de diciembre, de Protección de Datos Personales y garantía de los derechos digitales",84,JURIDICO
ESPECIAL,27,La transparencia y el buen gobierno: normativa básica estatal y autonómica,"Ley Orgánica 3/2018, de 5 de diciembre, de Protección de Datos Personales y garantía de los derechos digitales",85,JURIDICO
ESPECIAL,27,La transparencia y el buen gobierno: normativa básica estatal y autonómica,"Ley Orgánica 3/2018, de 5 de diciembre, de Protección de Datos Personales y garantía de los derechos digitales",86,JURIDICO
ESPECIAL,27,La transparencia y el buen gobierno: normativa básica estatal y autonómica,"Ley Orgánica 3/2018, de 5 de diciembre, de Protección de Datos Personales y garantía de los derechos digitales",87,JURIDICO
ESPECIAL,27,La transparencia y el buen gobierno: normativa básica estatal y autonómica,"Ley Orgánica 3/2018, de 5 de diciembre, de Protección de Datos Personales y garantía de los derechos digitales",88,JURIDICO
ESPECIAL,27,La transparencia y el buen gobierno: normativa básica estatal y autonómica,"Ley Orgánica 3/2018, de 5 de diciembre, de Protección de Datos Personales y garantía de los derechos digitales",89,JURIDICO
ESPECIAL,27,La transparencia y el buen gobierno: normativa básica estatal y autonómica,"Ley Orgánica 3/2018, de 5 de diciembre, de Protección de Datos Personales y garantía de los derechos digitales",90,JURIDICO
ESPECIAL,27,La transparencia y el buen gobierno: normativa básica estatal y autonómica,"Ley Orgánica 3/2018, de 5 de diciembre, de Protección de Datos Personales y garantía de los derechos digitales",91,JURIDICO
ESPECIAL,27,La transparencia y el buen gobierno: normativa básica estatal y autonómica,"Ley Orgánica 3/2018, de 5 de diciembre, de Protección de Datos Personales y garantía de los derechos digitales",92,JURIDICO
ESPECIAL,27,La transparencia y el buen gobierno: normativa básica estatal y autonómica,"Ley Orgánica 3/2018, de 5 de diciembre, de Protección de Datos Personales y garantía de los derechos digitales",93,JURIDICO
ESPECIAL,27,La transparencia y el buen gobierno: normativa básica estatal y autonómica,"Ley Orgánica 3/2018, de 5 de diciembre, de Protección de Datos Personales y garantía de los derechos digitales",94,JURIDICO
ESPECIAL,27,La transparencia y el buen gobierno: normativa básica estatal y autonómica,"Ley Orgánica 3/2018, de 5 de diciembre, de Protección de Datos Personales y garantía de los derechos digitales",95,JURIDICO
ESPECIAL,27,La transparencia y el buen gobierno: normativa básica estatal y autonómica,"Ley Orgánica 3/2018, de 5 de diciembre, de Protección de Datos Personales y garantía de los derechos digitales",96,JURIDICO
ESPECIAL,27,La transparencia y el buen gobierno: normativa básica estatal y autonómica,"Ley Orgánica 3/2018, de 5 de diciembre, de Protección de Datos Personales y garantía de los derechos digitales",97,JURIDICO
ESPECIAL,27,La transparencia y el buen gobierno: normativa básica estatal y autonómica,"Reglamento (UE) 2016/679, de 27 de abril de 2016, General de Protección de Datos",1,JURIDICO
ESPECIAL,27,La transparencia y el buen gobierno: normativa básica estatal y autonómica,"Reglamento (UE) 2016/679, de 27 de abril de 2016, General de Protección de Datos",2,JURIDICO
ESPECIAL,27,La transparencia y el buen gobierno: normativa básica estatal y autonómica,"Reglamento (UE) 2016/679, de 27 de abril de 2016, General de Protección de Datos",3,JURIDICO
ESPECIAL,27,La transparencia y el buen gobierno: normativa básica estatal y autonómica,"Reglamento (UE) 2016/679, de 27 de abril de 2016, General de Protección de Datos",4,JURIDICO
ESPECIAL,27,La transparencia y el buen gobierno: normativa básica estatal y autonómica,"Reglamento (UE) 2016/679, de 27 de abril de 2016, General de Protección de Datos",5,JURIDICO
ESPECIAL,27,La transparencia y el buen gobierno: normativa básica estatal y autonómica,"Reglamento (UE) 2016/679, de 27 de abril de 2016, General de Protección de Datos",6,JURIDICO
ESPECIAL,27,La transparencia y el buen gobierno: normativa básica estatal y autonómica,"Reglamento (UE) 2016/679, de 27 de abril de 2016, General de Protección de Datos",7,JURIDICO
ESPECIAL,27,La transparencia y el buen gobierno: normativa básica estatal y autonómica,"Reglamento (UE) 2016/679, de 27 de abril de 2016, General de Protección de Datos",8,JURIDICO
ESPECIAL,27,La transparencia y el buen gobierno: normativa básica estatal y autonómica,"Reglamento (UE) 2016/679, de 27 de abril de 2016, General de Protección de Datos",9,JURIDICO
ESPECIAL,27,La transparencia y el buen gobierno: normativa básica estatal y autonómica,"Reglamento (UE) 2016/679, de 27 de abril de 2016, General de Protección de Datos",10,JURIDICO
ESPECIAL,27,La transparencia y el buen gobierno: normativa básica estatal y autonómica,"Reglamento (UE) 2016/679, de 27 de abril de 2016, General de Protección de Datos",11,JURIDICO
ESPECIAL,27,La transparencia y el buen gobierno: normativa básica estatal y autonómica,"Reglamento (UE) 2016/679, de 27 de abril de 2016, General de Protección de Datos",12,JURIDICO
ESPECIAL,27,La transparencia y el buen gobierno: normativa básica estatal y autonómica,"Reglamento (UE) 2016/679, de 27 de abril de 2016, General de Protección de Datos",13,JURIDICO
ESPECIAL,27,La transparencia y el buen gobierno: normativa básica estatal y autonómica,"Reglamento (UE) 2016/679, de 27 de abril de 2016, General de Protección de Datos",14,JURIDICO
ESPECIAL,27,La transparencia y el buen gobierno: normativa básica estatal y autonómica,"Reglamento (UE) 2016/679, de 27 de abril de 2016, General de Protección de Datos",15,JURIDICO
ESPECIAL,27,La transparencia y el buen gobierno: normativa básica estatal y autonómica,"Reglamento (UE) 2016/679, de 27 de abril de 2016, General de Protección de Datos",16,JURIDICO
ESPECIAL,27,La transparencia y el buen gobierno: normativa básica estatal y autonómica,"Reglamento (UE) 2016/679, de 27 de abril de 2016, General de Protección de Datos",17,JURIDICO
ESPECIAL,27,La transparencia y el buen gobierno: normativa básica estatal y autonómica,"Reglamento (UE) 2016/679, de 27 de abril de 2016, General de Protección de Datos",18,JURIDICO
ESPECIAL,27,La transparencia y el buen gobierno: normativa básica estatal y autonómica,"Reglamento (UE) 2016/679, de 27 de abril de 2016, General de Protección de Datos",19,JURIDICO
ESPECIAL,27,La transparencia y el buen gobierno: normativa básica estatal y autonómica,"Reglamento (UE) 2016/679, de 27 de abril de 2016, General de Protección de Datos",20,JURIDICO
ESPECIAL,27,La transparencia y el buen gobierno: normativa básica estatal y autonómica,"Reglamento (UE) 2016/679, de 27 de abril de 2016, General de Protección de Datos",21,JURIDICO
ESPECIAL,27,La transparencia y el buen gobierno: normativa básica estatal y autonómica,"Reglamento (UE) 2016/679, de 27 de abril de 2016, General de Protección de Datos",22,JURIDICO
ESPECIAL,27,La transparencia y el buen gobierno: normativa básica estatal y autonómica,"Reglamento (UE) 2016/679, de 27 de abril de 2016, General de Protección de Datos",23,JURIDICO
ESPECIAL,27,La transparencia y el buen gobierno: normativa básica estatal y autonómica,"Reglamento (UE) 2016/679, de 27 de abril de 2016, General de Protección de Datos",24,JURIDICO
ESPECIAL,27,La transparencia y el buen gobierno: normativa básica estatal y autonómica,"Reglamento (UE) 2016/679, de 27 de abril de 2016, General de Protección de Datos",25,JURIDICO
ESPECIAL,27,La transparencia y el buen gobierno: normativa básica estatal y autonómica,"Reglamento (UE) 2016/679, de 27 de abril de 2016, General de Protección de Datos",26,JURIDICO
ESPECIAL,27,La transparencia y el buen gobierno: normativa básica estatal y autonómica,"Reglamento (UE) 2016/679, de 27 de abril de 2016, General de Protección de Datos",27,JURIDICO
ESPECIAL,27,La transparencia y el buen gobierno: normativa básica estatal y autonómica,"Reglamento (UE) 2016/679, de 27 de abril de 2016, General de Protección de Datos",28,JURIDICO
ESPECIAL,27,La transparencia y el buen gobierno: normativa básica estatal y autonómica,"Reglamento (UE) 2016/679, de 27 de abril de 2016, General de Protección de Datos",29,JURIDICO
ESPECIAL,27,La transparencia y el buen gobierno: normativa básica estatal y autonómica,"Reglamento (UE) 2016/679, de 27 de abril de 2016, General de Protección de Datos",30,JURIDICO
ESPECIAL,27,La transparencia y el buen gobierno: normativa básica estatal y autonómica,"Reglamento (UE) 2016/679, de 27 de abril de 2016, General de Protección de Datos",31,JURIDICO
ESPECIAL,27,La transparencia y el buen gobierno: normativa básica estatal y autonómica,"Reglamento (UE) 2016/679, de 27 de abril de 2016, General de Protección de Datos",32,JURIDICO
ESPECIAL,27,La transparencia y el buen gobierno: normativa básica estatal y autonómica,"Reglamento (UE) 2016/679, de 27 de abril de 2016, General de Protección de Datos",33,JURIDICO
ESPECIAL,27,La transparencia y el buen gobierno: normativa básica estatal y autonómica,"Reglamento (UE) 2016/679, de 27 de abril de 2016, General de Protección de Datos",34,JURIDICO
ESPECIAL,27,La transparencia y el buen gobierno: normativa básica estatal y autonómica,"Reglamento (UE) 2016/679, de 27 de abril de 2016, General de Protección de Datos",35,JURIDICO
ESPECIAL,27,La transparencia y el buen gobierno: normativa básica estatal y autonómica,"Reglamento (UE) 2016/679, de 27 de abril de 2016, General de Protección de Datos",36,JURIDICO
ESPECIAL,27,La transparencia y el buen gobierno: normativa básica estatal y autonómica,"Reglamento (UE) 2016/679, de 27 de abril de 2016, General de Protección de Datos",37,JURIDICO
ESPECIAL,27,La transparencia y el buen gobierno: normativa básica estatal y autonómica,"Reglamento (UE) 2016/679, de 27 de abril de 2016, General de Protección de Datos",38,JURIDICO
ESPECIAL,27,La transparencia y el buen gobierno: normativa básica estatal y autonómica,"Reglamento (UE) 2016/679, de 27 de abril de 2016, General de Protección de Datos",39,JURIDICO
ESPECIAL,27,La transparencia y el buen gobierno: normativa básica estatal y autonómica,"Reglamento (UE) 2016/679, de 27 de abril de 2016, General de Protección de Datos",40,JURIDICO
ESPECIAL,27,La transparencia y el buen gobierno: normativa básica estatal y autonómica,"Reglamento (UE) 2016/679, de 27 de abril de 2016, General de Protección de Datos",41,JURIDICO
ESPECIAL,27,La transparencia y el buen gobierno: normativa básica estatal y autonómica,"Reglamento (UE) 2016/679, de 27 de abril de 2016, General de Protección de Datos",42,JURIDICO
ESPECIAL,27,La transparencia y el buen gobierno: normativa básica estatal y autonómica,"Reglamento (UE) 2016/679, de 27 de abril de 2016, General de Protección de Datos",43,JURIDICO
ESPECIAL,27,La transparencia y el buen gobierno: normativa básica estatal y autonómica,"Reglamento (UE) 2016/679, de 27 de abril de 2016, General de Protección de Datos",44,JURIDICO
ESPECIAL,27,La transparencia y el buen gobierno: normativa básica estatal y autonómica,"Reglamento (UE) 2016/679, de 27 de abril de 2016, General de Protección de Datos",45,JURIDICO
ESPECIAL,27,La transparencia y el buen gobierno: normativa básica estatal y autonómica,"Reglamento (UE) 2016/679, de 27 de abril de 2016, General de Protección de Datos",46,JURIDICO
ESPECIAL,27,La transparencia y el buen gobierno: normativa básica estatal y autonómica,"Reglamento (UE) 2016/679, de 27 de abril de 2016, General de Protección de Datos",47,JURIDICO
ESPECIAL,27,La transparencia y el buen gobierno: normativa básica estatal y autonómica,"Reglamento (UE) 2016/679, de 27 de abril de 2016, General de Protección de Datos",48,JURIDICO
ESPECIAL,27,La transparencia y el buen gobierno: normativa básica estatal y autonómica,"Reglamento (UE) 2016/679, de 27 de abril de 2016, General de Protección de Datos",49,JURIDICO
ESPECIAL,27,La transparencia y el buen gobierno: normativa básica estatal y autonómica,"Reglamento (UE) 2016/679, de 27 de abril de 2016, General de Protección de Datos",50,JURIDICO
ESPECIAL,27,La transparencia y el buen gobierno: normativa básica estatal y autonómica,"Reglamento (UE) 2016/679, de 27 de abril de 2016, General de Protección de Datos",51,JURIDICO
ESPECIAL,27,La transparencia y el buen gobierno: normativa básica estatal y autonómica,"Reglamento (UE) 2016/679, de 27 de abril de 2016, General de Protección de Datos",52,JURIDICO
ESPECIAL,27,La transparencia y el buen gobierno: normativa básica estatal y autonómica,"Reglamento (UE) 2016/679, de 27 de abril de 2016, General de Protección de Datos",53,JURIDICO
ESPECIAL,27,La transparencia y el buen gobierno: normativa básica estatal y autonómica,"Reglamento (UE) 2016/679, de 27 de abril de 2016, General de Protección de Datos",54,JURIDICO
ESPECIAL,27,La transparencia y el buen gobierno: normativa básica estatal y autonómica,"Reglamento (UE) 2016/679, de 27 de abril de 2016, General de Protección de Datos",55,JURIDICO
ESPECIAL,27,La transparencia y el buen gobierno: normativa básica estatal y autonómica,"Reglamento (UE) 2016/679, de 27 de abril de 2016, General de Protección de Datos",56,JURIDICO
ESPECIAL,27,La transparencia y el buen gobierno: normativa básica estatal y autonómica,"Reglamento (UE) 2016/679, de 27 de abril de 2016, General de Protección de Datos",57,JURIDICO
ESPECIAL,27,La transparencia y el buen gobierno: normativa básica estatal y autonómica,"Reglamento (UE) 2016/679, de 27 de abril de 2016, General de Protección de Datos",58,JURIDICO
ESPECIAL,27,La transparencia y el buen gobierno: normativa básica estatal y autonómica,"Reglamento (UE) 2016/679, de 27 de abril de 2016, General de Protección de Datos",59,JURIDICO
ESPECIAL,27,La transparencia y el buen gobierno: normativa básica estatal y autonómica,"Reglamento (UE) 2016/679, de 27 de abril de 2016, General de Protección de Datos",60,JURIDICO
ESPECIAL,27,La transparencia y el buen gobierno: normativa básica estatal y autonómica,"Reglamento (UE) 2016/679, de 27 de abril de 2016, General de Protección de Datos",61,JURIDICO
ESPECIAL,27,La transparencia y el buen gobierno: normativa básica estatal y autonómica,"Reglamento (UE) 2016/679, de 27 de abril de 2016, General de Protección de Datos",62,JURIDICO
ESPECIAL,27,La transparencia y el buen gobierno: normativa básica estatal y autonómica,"Reglamento (UE) 2016/679, de 27 de abril de 2016, General de Protección de Datos",63,JURIDICO
ESPECIAL,27,La transparencia y el buen gobierno: normativa básica estatal y autonómica,"Reglamento (UE) 2016/679, de 27 de abril de 2016, General de Protección de Datos",64,JURIDICO
ESPECIAL,27,La transparencia y el buen gobierno: normativa básica estatal y autonómica,"Reglamento (UE) 2016/679, de 27 de abril de 2016, General de Protección de Datos",65,JURIDICO
ESPECIAL,27,La transparencia y el buen gobierno: normativa básica estatal y autonómica,"Reglamento (UE) 2016/679, de 27 de abril de 2016, General de Protección de Datos",66,JURIDICO
ESPECIAL,27,La transparencia y el buen gobierno: normativa básica estatal y autonómica,"Reglamento (UE) 2016/679, de 27 de abril de 2016, General de Protección de Datos",67,JURIDICO
ESPECIAL,27,La transparencia y el buen gobierno: normativa básica estatal y autonómica,"Reglamento (UE) 2016/679, de 27 de abril de 2016, General de Protección de Datos",68,JURIDICO
ESPECIAL,27,La transparencia y el buen gobierno: normativa básica estatal y autonómica,"Reglamento (UE) 2016/679, de 27 de abril de 2016, General de Protección de Datos",69,JURIDICO
ESPECIAL,27,La transparencia y el buen gobierno: normativa básica estatal y autonómica,"Reglamento (UE) 2016/679, de 27 de abril de 2016, General de Protección de Datos",70,JURIDICO
ESPECIAL,27,La transparencia y el buen gobierno: normativa básica estatal y autonómica,"Reglamento (UE) 2016/679, de 27 de abril de 2016, General de Protección de Datos",71,JURIDICO
ESPECIAL,27,La transparencia y el buen gobierno: normativa básica estatal y autonómica,"Reglamento (UE) 2016/679, de 27 de abril de 2016, General de Protección de Datos",72,JURIDICO
ESPECIAL,27,La transparencia y el buen gobierno: normativa básica estatal y autonómica,"Reglamento (UE) 2016/679, de 27 de abril de 2016, General de Protección de Datos",73,JURIDICO
ESPECIAL,27,La transparencia y el buen gobierno: normativa básica estatal y autonómica,"Reglamento (UE) 2016/679, de 27 de abril de 2016, General de Protección de Datos",74,JURIDICO
ESPECIAL,27,La transparencia y el buen gobierno: normativa básica estatal y autonómica,"Reglamento (UE) 2016/679, de 27 de abril de 2016, General de Protección de Datos",75,JURIDICO
ESPECIAL,27,La transparencia y el buen gobierno: normativa básica estatal y autonómica,"Reglamento (UE) 2016/679, de 27 de abril de 2016, General de Protección de Datos",76,JURIDICO
ESPECIAL,27,La transparencia y el buen gobierno: normativa básica estatal y autonómica,"Reglamento (UE) 2016/679, de 27 de abril de 2016, General de Protección de Datos",77,JURIDICO
ESPECIAL,27,La transparencia y el buen gobierno: normativa básica estatal y autonómica,"Reglamento (UE) 2016/679, de 27 de abril de 2016, General de Protección de Datos",78,JURIDICO
ESPECIAL,27,La transparencia y el buen gobierno: normativa básica estatal y autonómica,"Reglamento (UE) 2016/679, de 27 de abril de 2016, General de Protección de Datos",79,JURIDICO
ESPECIAL,27,La transparencia y el buen gobierno: normativa básica estatal y autonómica,"Reglamento (UE) 2016/679, de 27 de abril de 2016, General de Protección de Datos",80,JURIDICO
ESPECIAL,27,La transparencia y el buen gobierno: normativa básica estatal y autonómica,"Reglamento (UE) 2016/679, de 27 de abril de 2016, General de Protección de Datos",81,JURIDICO
ESPECIAL,27,La transparencia y el buen gobierno: normativa básica estatal y autonómica,"Reglamento (UE) 2016/679, de 27 de abril de 2016, General de Protección de Datos",82,JURIDICO
ESPECIAL,27,La transparencia y el buen gobierno: normativa básica estatal y autonómica,"Reglamento (UE) 2016/679, de 27 de abril de 2016, General de Protección de Datos",83,JURIDICO
ESPECIAL,27,La transparencia y el buen gobierno: normativa básica estatal y autonómica,"Reglamento (UE) 2016/679, de 27 de abril de 2016, General de Protección de Datos",84,JURIDICO
ESPECIAL,27,La transparencia y el buen gobierno: normativa básica estatal y autonómica,"Reglamento (UE) 2016/679, de 27 de abril de 2016, General de Protección de Datos",85,JURIDICO
ESPECIAL,27,La transparencia y el buen gobierno: normativa básica estatal y autonómica,"Reglamento (UE) 2016/679, de 27 de abril de 2016, General de Protección de Datos",86,JURIDICO
ESPECIAL,27,La transparencia y el buen gobierno: normativa básica estatal y autonómica,"Reglamento (UE) 2016/679, de 27 de abril de 2016, General de Protección de Datos",87,JURIDICO
ESPECIAL,27,La transparencia y el buen gobierno: normativa básica estatal y autonómica,"Reglamento (UE) 2016/679, de 27 de abril de 2016, General de Protección de Datos",88,JURIDICO
ESPECIAL,27,La transparencia y el buen gobierno: normativa básica estatal y autonómica,"Reglamento (UE) 2016/679, de 27 de abril de 2016, General de Protección de Datos",89,JURIDICO
ESPECIAL,27,La transparencia y el buen gobierno: normativa básica estatal y autonómica,"Reglamento (UE) 2016/679, de 27 de abril de 2016, General de Protección de Datos",90,JURIDICO
ESPECIAL,27,La transparencia y el buen gobierno: normativa básica estatal y autonómica,"Reglamento (UE) 2016/679, de 27 de abril de 2016, General de Protección de Datos",91,JURIDICO
ESPECIAL,27,La transparencia y el buen gobierno: normativa básica estatal y autonómica,"Reglamento (UE) 2016/679, de 27 de abril de 2016, General de Protección de Datos",92,JURIDICO
ESPECIAL,27,La transparencia y el buen gobierno: normativa básica estatal y autonómica,"Reglamento (UE) 2016/679, de 27 de abril de 2016, General de Protección de Datos",93,JURIDICO
ESPECIAL,27,La transparencia y el buen gobierno: normativa básica estatal y autonómica,"Reglamento (UE) 2016/679, de 27 de abril de 2016, General de Protección de Datos",94,JURIDICO
ESPECIAL,27,La transparencia y el buen gobierno: normativa básica estatal y autonómica,"Reglamento (UE) 2016/679, de 27 de abril de 2016, General de Protección de Datos",95,JURIDICO
ESPECIAL,27,La transparencia y el buen gobierno: normativa básica estatal y autonómica,"Reglamento (UE) 2016/679, de 27 de abril de 2016, General de Protección de Datos",96,JURIDICO
ESPECIAL,27,La transparencia y el buen gobierno: normativa básica estatal y autonómica,"Reglamento (UE) 2016/679, de 27 de abril de 2016, General de Protección de Datos",97,JURIDICO
ESPECIAL,27,La transparencia y el buen gobierno: normativa básica estatal y autonómica,"Reglamento (UE) 2016/679, de 27 de abril de 2016, General de Protección de Datos",98,JURIDICO
ESPECIAL,27,La transparencia y el buen gobierno: normativa básica estatal y autonómica,"Reglamento (UE) 2016/679, de 27 de abril de 2016, General de Protección de Datos",99,JURIDICO
ESPECIAL,28,"El conflicto de interés: su regulación en la normativa europea, estatal y autonómica","Ley 8/2016, de 28 de octubre, de incompatibilidades y conflictos de intereses de personas con cargos públicos no electos",1,JURIDICO
ESPECIAL,28,"El conflicto de interés: su regulación en la normativa europea, estatal y autonómica","Ley 8/2016, de 28 de octubre, de incompatibilidades y conflictos de intereses de personas con cargos públicos no electos",2,JURIDICO
ESPECIAL,28,"El conflicto de interés: su regulación en la normativa europea, estatal y autonómica","Ley 8/2016, de 28 de octubre, de incompatibilidades y conflictos de intereses de personas con cargos públicos no electos",3,JURIDICO
ESPECIAL,28,"El conflicto de interés: su regulación en la normativa europea, estatal y autonómica","Ley 8/2016, de 28 de octubre, de incompatibilidades y conflictos de intereses de personas con cargos públicos no electos",4,JURIDICO
ESPECIAL,28,"El conflicto de interés: su regulación en la normativa europea, estatal y autonómica","Ley 8/2016, de 28 de octubre, de incompatibilidades y conflictos de intereses de personas con cargos públicos no electos",5,JURIDICO
ESPECIAL,28,"El conflicto de interés: su regulación en la normativa europea, estatal y autonómica","Ley 8/2016, de 28 de octubre, de incompatibilidades y conflictos de intereses de personas con cargos públicos no electos",6,JURIDICO
ESPECIAL,28,"El conflicto de interés: su regulación en la normativa europea, estatal y autonómica","Ley 8/2016, de 28 de octubre, de incompatibilidades y conflictos de intereses de personas con cargos públicos no electos",7,JURIDICO
ESPECIAL,28,"El conflicto de interés: su regulación en la normativa europea, estatal y autonómica","Ley 8/2016, de 28 de octubre, de incompatibilidades y conflictos de intereses de personas con cargos públicos no electos",8,JURIDICO
ESPECIAL,28,"El conflicto de interés: su regulación en la normativa europea, estatal y autonómica","Ley 8/2016, de 28 de octubre, de incompatibilidades y conflictos de intereses de personas con cargos públicos no electos",15,JURIDICO
ESPECIAL,28,"El conflicto de interés: su regulación en la normativa europea, estatal y autonómica","Ley 8/2016, de 28 de octubre, de incompatibilidades y conflictos de intereses de personas con cargos públicos no electos",16,JURIDICO
ESPECIAL,28,"El conflicto de interés: su regulación en la normativa europea, estatal y autonómica","Ley 8/2016, de 28 de octubre, de incompatibilidades y conflictos de intereses de personas con cargos públicos no electos",17,JURIDICO
ESPECIAL,28,"El conflicto de interés: su regulación en la normativa europea, estatal y autonómica","Ley 8/2016, de 28 de octubre, de incompatibilidades y conflictos de intereses de personas con cargos públicos no electos",18,JURIDICO
ESPECIAL,28,"El conflicto de interés: su regulación en la normativa europea, estatal y autonómica","Reglamento (UE, Euratom) 2024/2509, de 23 de septiembre de 2024, sobre las normas financieras aplicables al presupuesto general de la Unión",61,JURIDICO
ESPECIAL,29,La regulación constitucional de la función pública,Constitución Española de 1978,"23,2",JURIDICO
ESPECIAL,29,La regulación constitucional de la función pública,Constitución Española de 1978,"103,3",JURIDICO
ESPECIAL,29,La regulación constitucional de la función pública,Constitución Española de 1978,149.1.18,JURIDICO
ESPECIAL,29,La regulación constitucional de la función pública,"Real Decreto Legislativo 5/2015, de 30 de octubre, texto refundido de la Ley del Estatuto Básico del Empleado Público",1,JURIDICO
ESPECIAL,29,La regulación constitucional de la función pública,"Real Decreto Legislativo 5/2015, de 30 de octubre, texto refundido de la Ley del Estatuto Básico del Empleado Público",2,JURIDICO
ESPECIAL,29,La regulación constitucional de la función pública,"Real Decreto Legislativo 5/2015, de 30 de octubre, texto refundido de la Ley del Estatuto Básico del Empleado Público",3,JURIDICO
ESPECIAL,29,La regulación constitucional de la función pública,"Real Decreto Legislativo 5/2015, de 30 de octubre, texto refundido de la Ley del Estatuto Básico del Empleado Público",4,JURIDICO
ESPECIAL,29,La regulación constitucional de la función pública,"Real Decreto Legislativo 5/2015, de 30 de octubre, texto refundido de la Ley del Estatuto Básico del Empleado Público",5,JURIDICO
ESPECIAL,29,La regulación constitucional de la función pública,"Real Decreto Legislativo 5/2015, de 30 de octubre, texto refundido de la Ley del Estatuto Básico del Empleado Público",6,JURIDICO
ESPECIAL,29,La regulación constitucional de la función pública,"Real Decreto Legislativo 5/2015, de 30 de octubre, texto refundido de la Ley del Estatuto Básico del Empleado Público",7,JURIDICO
ESPECIAL,29,La regulación constitucional de la función pública,"Real Decreto Legislativo 5/2015, de 30 de octubre, texto refundido de la Ley del Estatuto Básico del Empleado Público",8,JURIDICO
ESPECIAL,29,La regulación constitucional de la función pública,"Real Decreto Legislativo 5/2015, de 30 de octubre, texto refundido de la Ley del Estatuto Básico del Empleado Público",9,JURIDICO
ESPECIAL,29,La regulación constitucional de la función pública,"Real Decreto Legislativo 5/2015, de 30 de octubre, texto refundido de la Ley del Estatuto Básico del Empleado Público",10,JURIDICO
ESPECIAL,29,La regulación constitucional de la función pública,"Real Decreto Legislativo 5/2015, de 30 de octubre, texto refundido de la Ley del Estatuto Básico del Empleado Público",11,JURIDICO
ESPECIAL,29,La regulación constitucional de la función pública,"Real Decreto Legislativo 5/2015, de 30 de octubre, texto refundido de la Ley del Estatuto Básico del Empleado Público",12,JURIDICO
ESPECIAL,29,La regulación constitucional de la función pública,"Real Decreto Legislativo 5/2015, de 30 de octubre, texto refundido de la Ley del Estatuto Básico del Empleado Público",13,JURIDICO
ESPECIAL,29,La regulación constitucional de la función pública,"Real Decreto Legislativo 5/2015, de 30 de octubre, texto refundido de la Ley del Estatuto Básico del Empleado Público",14,JURIDICO
ESPECIAL,29,La regulación constitucional de la función pública,"Real Decreto Legislativo 5/2015, de 30 de octubre, texto refundido de la Ley del Estatuto Básico del Empleado Público",15,JURIDICO
ESPECIAL,29,La regulación constitucional de la función pública,"Real Decreto Legislativo 5/2015, de 30 de octubre, texto refundido de la Ley del Estatuto Básico del Empleado Público",16,JURIDICO
ESPECIAL,29,La regulación constitucional de la función pública,"Real Decreto Legislativo 5/2015, de 30 de octubre, texto refundido de la Ley del Estatuto Básico del Empleado Público",17,JURIDICO
ESPECIAL,29,La regulación constitucional de la función pública,"Real Decreto Legislativo 5/2015, de 30 de octubre, texto refundido de la Ley del Estatuto Básico del Empleado Público",18,JURIDICO
ESPECIAL,29,La regulación constitucional de la función pública,"Real Decreto Legislativo 5/2015, de 30 de octubre, texto refundido de la Ley del Estatuto Básico del Empleado Público",19,JURIDICO
ESPECIAL,29,La regulación constitucional de la función pública,"Real Decreto Legislativo 5/2015, de 30 de octubre, texto refundido de la Ley del Estatuto Básico del Empleado Público",20,JURIDICO
ESPECIAL,29,La regulación constitucional de la función pública,"Real Decreto Legislativo 5/2015, de 30 de octubre, texto refundido de la Ley del Estatuto Básico del Empleado Público",21,JURIDICO
ESPECIAL,29,La regulación constitucional de la función pública,"Real Decreto Legislativo 5/2015, de 30 de octubre, texto refundido de la Ley del Estatuto Básico del Empleado Público",22,JURIDICO
ESPECIAL,29,La regulación constitucional de la función pública,"Real Decreto Legislativo 5/2015, de 30 de octubre, texto refundido de la Ley del Estatuto Básico del Empleado Público",23,JURIDICO
ESPECIAL,29,La regulación constitucional de la función pública,"Real Decreto Legislativo 5/2015, de 30 de octubre, texto refundido de la Ley del Estatuto Básico del Empleado Público",24,JURIDICO
ESPECIAL,29,La regulación constitucional de la función pública,"Real Decreto Legislativo 5/2015, de 30 de octubre, texto refundido de la Ley del Estatuto Básico del Empleado Público",25,JURIDICO
ESPECIAL,29,La regulación constitucional de la función pública,"Real Decreto Legislativo 5/2015, de 30 de octubre, texto refundido de la Ley del Estatuto Básico del Empleado Público",26,JURIDICO
ESPECIAL,29,La regulación constitucional de la función pública,"Real Decreto Legislativo 5/2015, de 30 de octubre, texto refundido de la Ley del Estatuto Básico del Empleado Público",27,JURIDICO
ESPECIAL,29,La regulación constitucional de la función pública,"Real Decreto Legislativo 5/2015, de 30 de octubre, texto refundido de la Ley del Estatuto Básico del Empleado Público",28,JURIDICO
ESPECIAL,29,La regulación constitucional de la función pública,"Real Decreto Legislativo 5/2015, de 30 de octubre, texto refundido de la Ley del Estatuto Básico del Empleado Público",29,JURIDICO
ESPECIAL,29,La regulación constitucional de la función pública,"Real Decreto Legislativo 5/2015, de 30 de octubre, texto refundido de la Ley del Estatuto Básico del Empleado Público",30,JURIDICO
ESPECIAL,29,La regulación constitucional de la función pública,"Real Decreto Legislativo 5/2015, de 30 de octubre, texto refundido de la Ley del Estatuto Básico del Empleado Público",31,JURIDICO
ESPECIAL,29,La regulación constitucional de la función pública,"Real Decreto Legislativo 5/2015, de 30 de octubre, texto refundido de la Ley del Estatuto Básico del Empleado Público",32,JURIDICO
ESPECIAL,29,La regulación constitucional de la función pública,"Real Decreto Legislativo 5/2015, de 30 de octubre, texto refundido de la Ley del Estatuto Básico del Empleado Público",33,JURIDICO
ESPECIAL,29,La regulación constitucional de la función pública,"Real Decreto Legislativo 5/2015, de 30 de octubre, texto refundido de la Ley del Estatuto Básico del Empleado Público",34,JURIDICO
ESPECIAL,29,La regulación constitucional de la función pública,"Real Decreto Legislativo 5/2015, de 30 de octubre, texto refundido de la Ley del Estatuto Básico del Empleado Público",35,JURIDICO
ESPECIAL,29,La regulación constitucional de la función pública,"Real Decreto Legislativo 5/2015, de 30 de octubre, texto refundido de la Ley del Estatuto Básico del Empleado Público",36,JURIDICO
ESPECIAL,29,La regulación constitucional de la función pública,"Real Decreto Legislativo 5/2015, de 30 de octubre, texto refundido de la Ley del Estatuto Básico del Empleado Público",37,JURIDICO
ESPECIAL,29,La regulación constitucional de la función pública,"Real Decreto Legislativo 5/2015, de 30 de octubre, texto refundido de la Ley del Estatuto Básico del Empleado Público",38,JURIDICO
ESPECIAL,29,La regulación constitucional de la función pública,"Real Decreto Legislativo 5/2015, de 30 de octubre, texto refundido de la Ley del Estatuto Básico del Empleado Público",39,JURIDICO
ESPECIAL,29,La regulación constitucional de la función pública,"Real Decreto Legislativo 5/2015, de 30 de octubre, texto refundido de la Ley del Estatuto Básico del Empleado Público",40,JURIDICO
ESPECIAL,29,La regulación constitucional de la función pública,"Real Decreto Legislativo 5/2015, de 30 de octubre, texto refundido de la Ley del Estatuto Básico del Empleado Público",41,JURIDICO
ESPECIAL,29,La regulación constitucional de la función pública,"Real Decreto Legislativo 5/2015, de 30 de octubre, texto refundido de la Ley del Estatuto Básico del Empleado Público",42,JURIDICO
ESPECIAL,29,La regulación constitucional de la función pública,"Real Decreto Legislativo 5/2015, de 30 de octubre, texto refundido de la Ley del Estatuto Básico del Empleado Público",43,JURIDICO
ESPECIAL,29,La regulación constitucional de la función pública,"Real Decreto Legislativo 5/2015, de 30 de octubre, texto refundido de la Ley del Estatuto Básico del Empleado Público",44,JURIDICO
ESPECIAL,29,La regulación constitucional de la función pública,"Real Decreto Legislativo 5/2015, de 30 de octubre, texto refundido de la Ley del Estatuto Básico del Empleado Público",45,JURIDICO
ESPECIAL,29,La regulación constitucional de la función pública,"Real Decreto Legislativo 5/2015, de 30 de octubre, texto refundido de la Ley del Estatuto Básico del Empleado Público",46,JURIDICO
ESPECIAL,29,La regulación constitucional de la función pública,"Real Decreto Legislativo 5/2015, de 30 de octubre, texto refundido de la Ley del Estatuto Básico del Empleado Público",47,JURIDICO
ESPECIAL,29,La regulación constitucional de la función pública,"Real Decreto Legislativo 5/2015, de 30 de octubre, texto refundido de la Ley del Estatuto Básico del Empleado Público",48,JURIDICO
ESPECIAL,29,La regulación constitucional de la función pública,"Real Decreto Legislativo 5/2015, de 30 de octubre, texto refundido de la Ley del Estatuto Básico del Empleado Público",49,JURIDICO
ESPECIAL,29,La regulación constitucional de la función pública,"Real Decreto Legislativo 5/2015, de 30 de octubre, texto refundido de la Ley del Estatuto Básico del Empleado Público",50,JURIDICO
ESPECIAL,29,La regulación constitucional de la función pública,"Real Decreto Legislativo 5/2015, de 30 de octubre, texto refundido de la Ley del Estatuto Básico del Empleado Público",51,JURIDICO
ESPECIAL,29,La regulación constitucional de la función pública,"Real Decreto Legislativo 5/2015, de 30 de octubre, texto refundido de la Ley del Estatuto Básico del Empleado Público",52,JURIDICO
ESPECIAL,29,La regulación constitucional de la función pública,"Real Decreto Legislativo 5/2015, de 30 de octubre, texto refundido de la Ley del Estatuto Básico del Empleado Público",53,JURIDICO
ESPECIAL,29,La regulación constitucional de la función pública,"Real Decreto Legislativo 5/2015, de 30 de octubre, texto refundido de la Ley del Estatuto Básico del Empleado Público",54,JURIDICO
ESPECIAL,29,La regulación constitucional de la función pública,"Real Decreto Legislativo 5/2015, de 30 de octubre, texto refundido de la Ley del Estatuto Básico del Empleado Público",55,JURIDICO
ESPECIAL,29,La regulación constitucional de la función pública,"Real Decreto Legislativo 5/2015, de 30 de octubre, texto refundido de la Ley del Estatuto Básico del Empleado Público",56,JURIDICO
ESPECIAL,29,La regulación constitucional de la función pública,"Real Decreto Legislativo 5/2015, de 30 de octubre, texto refundido de la Ley del Estatuto Básico del Empleado Público",57,JURIDICO
ESPECIAL,29,La regulación constitucional de la función pública,"Real Decreto Legislativo 5/2015, de 30 de octubre, texto refundido de la Ley del Estatuto Básico del Empleado Público",58,JURIDICO
ESPECIAL,29,La regulación constitucional de la función pública,"Real Decreto Legislativo 5/2015, de 30 de octubre, texto refundido de la Ley del Estatuto Básico del Empleado Público",59,JURIDICO
ESPECIAL,29,La regulación constitucional de la función pública,"Real Decreto Legislativo 5/2015, de 30 de octubre, texto refundido de la Ley del Estatuto Básico del Empleado Público",60,JURIDICO
ESPECIAL,29,La regulación constitucional de la función pública,"Real Decreto Legislativo 5/2015, de 30 de octubre, texto refundido de la Ley del Estatuto Básico del Empleado Público",61,JURIDICO
ESPECIAL,29,La regulación constitucional de la función pública,"Real Decreto Legislativo 5/2015, de 30 de octubre, texto refundido de la Ley del Estatuto Básico del Empleado Público",62,JURIDICO
ESPECIAL,29,La regulación constitucional de la función pública,"Real Decreto Legislativo 5/2015, de 30 de octubre, texto refundido de la Ley del Estatuto Básico del Empleado Público",63,JURIDICO
ESPECIAL,29,La regulación constitucional de la función pública,"Real Decreto Legislativo 5/2015, de 30 de octubre, texto refundido de la Ley del Estatuto Básico del Empleado Público",64,JURIDICO
ESPECIAL,29,La regulación constitucional de la función pública,"Real Decreto Legislativo 5/2015, de 30 de octubre, texto refundido de la Ley del Estatuto Básico del Empleado Público",65,JURIDICO
ESPECIAL,29,La regulación constitucional de la función pública,"Real Decreto Legislativo 5/2015, de 30 de octubre, texto refundido de la Ley del Estatuto Básico del Empleado Público",66,JURIDICO
ESPECIAL,29,La regulación constitucional de la función pública,"Real Decreto Legislativo 5/2015, de 30 de octubre, texto refundido de la Ley del Estatuto Básico del Empleado Público",67,JURIDICO
ESPECIAL,29,La regulación constitucional de la función pública,"Real Decreto Legislativo 5/2015, de 30 de octubre, texto refundido de la Ley del Estatuto Básico del Empleado Público",68,JURIDICO
ESPECIAL,29,La regulación constitucional de la función pública,"Real Decreto Legislativo 5/2015, de 30 de octubre, texto refundido de la Ley del Estatuto Básico del Empleado Público",69,JURIDICO
ESPECIAL,29,La regulación constitucional de la función pública,"Real Decreto Legislativo 5/2015, de 30 de octubre, texto refundido de la Ley del Estatuto Básico del Empleado Público",70,JURIDICO
ESPECIAL,29,La regulación constitucional de la función pública,"Real Decreto Legislativo 5/2015, de 30 de octubre, texto refundido de la Ley del Estatuto Básico del Empleado Público",71,JURIDICO
ESPECIAL,29,La regulación constitucional de la función pública,"Real Decreto Legislativo 5/2015, de 30 de octubre, texto refundido de la Ley del Estatuto Básico del Empleado Público",72,JURIDICO
ESPECIAL,29,La regulación constitucional de la función pública,"Real Decreto Legislativo 5/2015, de 30 de octubre, texto refundido de la Ley del Estatuto Básico del Empleado Público",73,JURIDICO
ESPECIAL,29,La regulación constitucional de la función pública,"Real Decreto Legislativo 5/2015, de 30 de octubre, texto refundido de la Ley del Estatuto Básico del Empleado Público",74,JURIDICO
ESPECIAL,29,La regulación constitucional de la función pública,"Real Decreto Legislativo 5/2015, de 30 de octubre, texto refundido de la Ley del Estatuto Básico del Empleado Público",75,JURIDICO
ESPECIAL,29,La regulación constitucional de la función pública,"Real Decreto Legislativo 5/2015, de 30 de octubre, texto refundido de la Ley del Estatuto Básico del Empleado Público",76,JURIDICO
ESPECIAL,29,La regulación constitucional de la función pública,"Real Decreto Legislativo 5/2015, de 30 de octubre, texto refundido de la Ley del Estatuto Básico del Empleado Público",77,JURIDICO
ESPECIAL,29,La regulación constitucional de la función pública,"Real Decreto Legislativo 5/2015, de 30 de octubre, texto refundido de la Ley del Estatuto Básico del Empleado Público",78,JURIDICO
ESPECIAL,29,La regulación constitucional de la función pública,"Real Decreto Legislativo 5/2015, de 30 de octubre, texto refundido de la Ley del Estatuto Básico del Empleado Público",79,JURIDICO
ESPECIAL,29,La regulación constitucional de la función pública,"Real Decreto Legislativo 5/2015, de 30 de octubre, texto refundido de la Ley del Estatuto Básico del Empleado Público",80,JURIDICO
ESPECIAL,29,La regulación constitucional de la función pública,"Real Decreto Legislativo 5/2015, de 30 de octubre, texto refundido de la Ley del Estatuto Básico del Empleado Público",81,JURIDICO
ESPECIAL,29,La regulación constitucional de la función pública,"Real Decreto Legislativo 5/2015, de 30 de octubre, texto refundido de la Ley del Estatuto Básico del Empleado Público",82,JURIDICO
ESPECIAL,29,La regulación constitucional de la función pública,"Real Decreto Legislativo 5/2015, de 30 de octubre, texto refundido de la Ley del Estatuto Básico del Empleado Público",83,JURIDICO
ESPECIAL,29,La regulación constitucional de la función pública,"Real Decreto Legislativo 5/2015, de 30 de octubre, texto refundido de la Ley del Estatuto Básico del Empleado Público",84,JURIDICO
ESPECIAL,29,La regulación constitucional de la función pública,"Real Decreto Legislativo 5/2015, de 30 de octubre, texto refundido de la Ley del Estatuto Básico del Empleado Público",85,JURIDICO
ESPECIAL,29,La regulación constitucional de la función pública,"Real Decreto Legislativo 5/2015, de 30 de octubre, texto refundido de la Ley del Estatuto Básico del Empleado Público",86,JURIDICO
ESPECIAL,29,La regulación constitucional de la función pública,"Real Decreto Legislativo 5/2015, de 30 de octubre, texto refundido de la Ley del Estatuto Básico del Empleado Público",87,JURIDICO
ESPECIAL,29,La regulación constitucional de la función pública,"Real Decreto Legislativo 5/2015, de 30 de octubre, texto refundido de la Ley del Estatuto Básico del Empleado Público",88,JURIDICO
ESPECIAL,29,La regulación constitucional de la función pública,"Real Decreto Legislativo 5/2015, de 30 de octubre, texto refundido de la Ley del Estatuto Básico del Empleado Público",89,JURIDICO
ESPECIAL,29,La regulación constitucional de la función pública,"Real Decreto Legislativo 5/2015, de 30 de octubre, texto refundido de la Ley del Estatuto Básico del Empleado Público",90,JURIDICO
ESPECIAL,29,La regulación constitucional de la función pública,"Real Decreto Legislativo 5/2015, de 30 de octubre, texto refundido de la Ley del Estatuto Básico del Empleado Público",91,JURIDICO
ESPECIAL,29,La regulación constitucional de la función pública,"Real Decreto Legislativo 5/2015, de 30 de octubre, texto refundido de la Ley del Estatuto Básico del Empleado Público",92,JURIDICO
ESPECIAL,29,La regulación constitucional de la función pública,"Real Decreto Legislativo 5/2015, de 30 de octubre, texto refundido de la Ley del Estatuto Básico del Empleado Público",93,JURIDICO
ESPECIAL,29,La regulación constitucional de la función pública,"Real Decreto Legislativo 5/2015, de 30 de octubre, texto refundido de la Ley del Estatuto Básico del Empleado Público",94,JURIDICO
ESPECIAL,29,La regulación constitucional de la función pública,"Real Decreto Legislativo 5/2015, de 30 de octubre, texto refundido de la Ley del Estatuto Básico del Empleado Público",95,JURIDICO
ESPECIAL,29,La regulación constitucional de la función pública,"Real Decreto Legislativo 5/2015, de 30 de octubre, texto refundido de la Ley del Estatuto Básico del Empleado Público",96,JURIDICO
ESPECIAL,29,La regulación constitucional de la función pública,"Real Decreto Legislativo 5/2015, de 30 de octubre, texto refundido de la Ley del Estatuto Básico del Empleado Público",97,JURIDICO
ESPECIAL,29,La regulación constitucional de la función pública,"Real Decreto Legislativo 5/2015, de 30 de octubre, texto refundido de la Ley del Estatuto Básico del Empleado Público",98,JURIDICO
ESPECIAL,29,La regulación constitucional de la función pública,"Real Decreto Legislativo 5/2015, de 30 de octubre, texto refundido de la Ley del Estatuto Básico del Empleado Público",99,JURIDICO
ESPECIAL,29,La regulación constitucional de la función pública,"Real Decreto Legislativo 5/2015, de 30 de octubre, texto refundido de la Ley del Estatuto Básico del Empleado Público",100,JURIDICO
ESPECIAL,30,El sistema de la Seguridad Social: estructura y campo de aplicación,"Real Decreto Legislativo 8/2015, de 30 de octubre, texto refundido de la Ley General de la Seguridad Social",7,JURIDICO
ESPECIAL,30,El sistema de la Seguridad Social: estructura y campo de aplicación,"Real Decreto Legislativo 8/2015, de 30 de octubre, texto refundido de la Ley General de la Seguridad Social",8,JURIDICO
ESPECIAL,30,El sistema de la Seguridad Social: estructura y campo de aplicación,"Real Decreto Legislativo 8/2015, de 30 de octubre, texto refundido de la Ley General de la Seguridad Social",9,JURIDICO
ESPECIAL,30,El sistema de la Seguridad Social: estructura y campo de aplicación,"Real Decreto Legislativo 8/2015, de 30 de octubre, texto refundido de la Ley General de la Seguridad Social",10,JURIDICO
ESPECIAL,30,El sistema de la Seguridad Social: estructura y campo de aplicación,"Real Decreto Legislativo 8/2015, de 30 de octubre, texto refundido de la Ley General de la Seguridad Social",11,JURIDICO
ESPECIAL,30,El sistema de la Seguridad Social: estructura y campo de aplicación,"Real Decreto Legislativo 8/2015, de 30 de octubre, texto refundido de la Ley General de la Seguridad Social",12,JURIDICO
ESPECIAL,30,El sistema de la Seguridad Social: estructura y campo de aplicación,"Real Decreto Legislativo 8/2015, de 30 de octubre, texto refundido de la Ley General de la Seguridad Social",13,JURIDICO
ESPECIAL,30,El sistema de la Seguridad Social: estructura y campo de aplicación,"Real Decreto Legislativo 8/2015, de 30 de octubre, texto refundido de la Ley General de la Seguridad Social",14,JURIDICO
ESPECIAL,30,El sistema de la Seguridad Social: estructura y campo de aplicación,"Real Decreto Legislativo 8/2015, de 30 de octubre, texto refundido de la Ley General de la Seguridad Social",15,JURIDICO
ESPECIAL,30,El sistema de la Seguridad Social: estructura y campo de aplicación,"Real Decreto Legislativo 8/2015, de 30 de octubre, texto refundido de la Ley General de la Seguridad Social",16,JURIDICO
ESPECIAL,30,El sistema de la Seguridad Social: estructura y campo de aplicación,"Real Decreto Legislativo 8/2015, de 30 de octubre, texto refundido de la Ley General de la Seguridad Social",17,JURIDICO
ESPECIAL,30,El sistema de la Seguridad Social: estructura y campo de aplicación,"Real Decreto Legislativo 8/2015, de 30 de octubre, texto refundido de la Ley General de la Seguridad Social",18,JURIDICO
ESPECIAL,30,El sistema de la Seguridad Social: estructura y campo de aplicación,"Real Decreto Legislativo 8/2015, de 30 de octubre, texto refundido de la Ley General de la Seguridad Social",19,JURIDICO
ESPECIAL,30,El sistema de la Seguridad Social: estructura y campo de aplicación,"Real Decreto Legislativo 8/2015, de 30 de octubre, texto refundido de la Ley General de la Seguridad Social",20,JURIDICO
ESPECIAL,30,El sistema de la Seguridad Social: estructura y campo de aplicación,"Real Decreto Legislativo 8/2015, de 30 de octubre, texto refundido de la Ley General de la Seguridad Social",42,JURIDICO
ESPECIAL,30,El sistema de la Seguridad Social: estructura y campo de aplicación,"Real Decreto Legislativo 8/2015, de 30 de octubre, texto refundido de la Ley General de la Seguridad Social",43,JURIDICO
ESPECIAL,30,El sistema de la Seguridad Social: estructura y campo de aplicación,"Real Decreto Legislativo 8/2015, de 30 de octubre, texto refundido de la Ley General de la Seguridad Social",44,JURIDICO
ESPECIAL,30,El sistema de la Seguridad Social: estructura y campo de aplicación,"Real Decreto Legislativo 8/2015, de 30 de octubre, texto refundido de la Ley General de la Seguridad Social",45,JURIDICO
ESPECIAL,30,El sistema de la Seguridad Social: estructura y campo de aplicación,"Real Decreto Legislativo 8/2015, de 30 de octubre, texto refundido de la Ley General de la Seguridad Social",46,JURIDICO
ESPECIAL,30,El sistema de la Seguridad Social: estructura y campo de aplicación,"Real Decreto Legislativo 8/2015, de 30 de octubre, texto refundido de la Ley General de la Seguridad Social",47,JURIDICO
ESPECIAL,30,El sistema de la Seguridad Social: estructura y campo de aplicación,"Real Decreto Legislativo 8/2015, de 30 de octubre, texto refundido de la Ley General de la Seguridad Social",48,JURIDICO
ESPECIAL,30,El sistema de la Seguridad Social: estructura y campo de aplicación,"Real Decreto Legislativo 8/2015, de 30 de octubre, texto refundido de la Ley General de la Seguridad Social",49,JURIDICO
ESPECIAL,30,El sistema de la Seguridad Social: estructura y campo de aplicación,"Real Decreto Legislativo 8/2015, de 30 de octubre, texto refundido de la Ley General de la Seguridad Social",50,JURIDICO
ESPECIAL,30,El sistema de la Seguridad Social: estructura y campo de aplicación,"Real Decreto Legislativo 8/2015, de 30 de octubre, texto refundido de la Ley General de la Seguridad Social",51,JURIDICO
ESPECIAL,30,El sistema de la Seguridad Social: estructura y campo de aplicación,"Real Decreto Legislativo 8/2015, de 30 de octubre, texto refundido de la Ley General de la Seguridad Social",52,JURIDICO
ESPECIAL,30,El sistema de la Seguridad Social: estructura y campo de aplicación,"Real Decreto Legislativo 8/2015, de 30 de octubre, texto refundido de la Ley General de la Seguridad Social",53,JURIDICO
ESPECIAL,30,El sistema de la Seguridad Social: estructura y campo de aplicación,"Real Decreto Legislativo 8/2015, de 30 de octubre, texto refundido de la Ley General de la Seguridad Social",54,JURIDICO
ESPECIAL,30,El sistema de la Seguridad Social: estructura y campo de aplicación,"Real Decreto Legislativo 8/2015, de 30 de octubre, texto refundido de la Ley General de la Seguridad Social",55,JURIDICO
ESPECIAL,30,El sistema de la Seguridad Social: estructura y campo de aplicación,"Real Decreto Legislativo 8/2015, de 30 de octubre, texto refundido de la Ley General de la Seguridad Social",56,JURIDICO
ESPECIAL,30,El sistema de la Seguridad Social: estructura y campo de aplicación,"Real Decreto Legislativo 8/2015, de 30 de octubre, texto refundido de la Ley General de la Seguridad Social",57,JURIDICO
ESPECIAL,30,El sistema de la Seguridad Social: estructura y campo de aplicación,"Real Decreto Legislativo 8/2015, de 30 de octubre, texto refundido de la Ley General de la Seguridad Social",58,JURIDICO
ESPECIAL,30,El sistema de la Seguridad Social: estructura y campo de aplicación,"Real Decreto Legislativo 8/2015, de 30 de octubre, texto refundido de la Ley General de la Seguridad Social",59,JURIDICO
ESPECIAL,30,El sistema de la Seguridad Social: estructura y campo de aplicación,"Real Decreto Legislativo 8/2015, de 30 de octubre, texto refundido de la Ley General de la Seguridad Social",60,JURIDICO
ESPECIAL,30,El sistema de la Seguridad Social: estructura y campo de aplicación,"Real Decreto Legislativo 8/2015, de 30 de octubre, texto refundido de la Ley General de la Seguridad Social",61,JURIDICO
ESPECIAL,30,El sistema de la Seguridad Social: estructura y campo de aplicación,"Real Decreto Legislativo 8/2015, de 30 de octubre, texto refundido de la Ley General de la Seguridad Social",62,JURIDICO
ESPECIAL,30,El sistema de la Seguridad Social: estructura y campo de aplicación,"Real Decreto Legislativo 8/2015, de 30 de octubre, texto refundido de la Ley General de la Seguridad Social",63,JURIDICO
ESPECIAL,30,El sistema de la Seguridad Social: estructura y campo de aplicación,"Real Decreto Legislativo 8/2015, de 30 de octubre, texto refundido de la Ley General de la Seguridad Social",64,JURIDICO
ESPECIAL,30,El sistema de la Seguridad Social: estructura y campo de aplicación,"Real Decreto Legislativo 8/2015, de 30 de octubre, texto refundido de la Ley General de la Seguridad Social",65,JURIDICO
ESPECIAL,31,"La Función Pública en la Generalitat (I): Ley 4/2021, de 16 de abril, de la Generalitat, de la Función Pública Valenciana: Objeto, principios y ámbito de aplicación de la ley","Ley 4/2021, de 16 de abril, de la Función Pública Valenciana",1,JURIDICO
ESPECIAL,31,"La Función Pública en la Generalitat (I): Ley 4/2021, de 16 de abril, de la Generalitat, de la Función Pública Valenciana: Objeto, principios y ámbito de aplicación de la ley","Ley 4/2021, de 16 de abril, de la Función Pública Valenciana",2,JURIDICO
ESPECIAL,31,"La Función Pública en la Generalitat (I): Ley 4/2021, de 16 de abril, de la Generalitat, de la Función Pública Valenciana: Objeto, principios y ámbito de aplicación de la ley","Ley 4/2021, de 16 de abril, de la Función Pública Valenciana",6,JURIDICO
ESPECIAL,31,"La Función Pública en la Generalitat (I): Ley 4/2021, de 16 de abril, de la Generalitat, de la Función Pública Valenciana: Objeto, principios y ámbito de aplicación de la ley","Ley 4/2021, de 16 de abril, de la Función Pública Valenciana",7,JURIDICO
ESPECIAL,31,"La Función Pública en la Generalitat (I): Ley 4/2021, de 16 de abril, de la Generalitat, de la Función Pública Valenciana: Objeto, principios y ámbito de aplicación de la ley","Ley 4/2021, de 16 de abril, de la Función Pública Valenciana",8,JURIDICO
ESPECIAL,31,"La Función Pública en la Generalitat (I): Ley 4/2021, de 16 de abril, de la Generalitat, de la Función Pública Valenciana: Objeto, principios y ámbito de aplicación de la ley","Ley 4/2021, de 16 de abril, de la Función Pública Valenciana",9,JURIDICO
ESPECIAL,31,"La Función Pública en la Generalitat (I): Ley 4/2021, de 16 de abril, de la Generalitat, de la Función Pública Valenciana: Objeto, principios y ámbito de aplicación de la ley","Ley 4/2021, de 16 de abril, de la Función Pública Valenciana",10,JURIDICO
ESPECIAL,31,"La Función Pública en la Generalitat (I): Ley 4/2021, de 16 de abril, de la Generalitat, de la Función Pública Valenciana: Objeto, principios y ámbito de aplicación de la ley","Ley 4/2021, de 16 de abril, de la Función Pública Valenciana",11,JURIDICO
ESPECIAL,31,"La Función Pública en la Generalitat (I): Ley 4/2021, de 16 de abril, de la Generalitat, de la Función Pública Valenciana: Objeto, principios y ámbito de aplicación de la ley","Ley 4/2021, de 16 de abril, de la Función Pública Valenciana",12,JURIDICO
ESPECIAL,31,"La Función Pública en la Generalitat (I): Ley 4/2021, de 16 de abril, de la Generalitat, de la Función Pública Valenciana: Objeto, principios y ámbito de aplicación de la ley","Ley 4/2021, de 16 de abril, de la Función Pública Valenciana",13,JURIDICO
ESPECIAL,31,"La Función Pública en la Generalitat (I): Ley 4/2021, de 16 de abril, de la Generalitat, de la Función Pública Valenciana: Objeto, principios y ámbito de aplicación de la ley","Ley 4/2021, de 16 de abril, de la Función Pública Valenciana",14,JURIDICO
ESPECIAL,31,"La Función Pública en la Generalitat (I): Ley 4/2021, de 16 de abril, de la Generalitat, de la Función Pública Valenciana: Objeto, principios y ámbito de aplicación de la ley","Ley 4/2021, de 16 de abril, de la Función Pública Valenciana",15,JURIDICO
ESPECIAL,31,"La Función Pública en la Generalitat (I): Ley 4/2021, de 16 de abril, de la Generalitat, de la Función Pública Valenciana: Objeto, principios y ámbito de aplicación de la ley","Ley 4/2021, de 16 de abril, de la Función Pública Valenciana",16,JURIDICO
ESPECIAL,31,"La Función Pública en la Generalitat (I): Ley 4/2021, de 16 de abril, de la Generalitat, de la Función Pública Valenciana: Objeto, principios y ámbito de aplicación de la ley","Ley 4/2021, de 16 de abril, de la Función Pública Valenciana",17,JURIDICO
ESPECIAL,31,"La Función Pública en la Generalitat (I): Ley 4/2021, de 16 de abril, de la Generalitat, de la Función Pública Valenciana: Objeto, principios y ámbito de aplicación de la ley","Ley 4/2021, de 16 de abril, de la Función Pública Valenciana",18,JURIDICO
ESPECIAL,31,"La Función Pública en la Generalitat (I): Ley 4/2021, de 16 de abril, de la Generalitat, de la Función Pública Valenciana: Objeto, principios y ámbito de aplicación de la ley","Ley 4/2021, de 16 de abril, de la Función Pública Valenciana",19,JURIDICO
ESPECIAL,31,"La Función Pública en la Generalitat (I): Ley 4/2021, de 16 de abril, de la Generalitat, de la Función Pública Valenciana: Objeto, principios y ámbito de aplicación de la ley","Ley 4/2021, de 16 de abril, de la Función Pública Valenciana",20,JURIDICO
ESPECIAL,31,"La Función Pública en la Generalitat (I): Ley 4/2021, de 16 de abril, de la Generalitat, de la Función Pública Valenciana: Objeto, principios y ámbito de aplicación de la ley","Ley 4/2021, de 16 de abril, de la Función Pública Valenciana",21,JURIDICO
ESPECIAL,31,"La Función Pública en la Generalitat (I): Ley 4/2021, de 16 de abril, de la Generalitat, de la Función Pública Valenciana: Objeto, principios y ámbito de aplicación de la ley","Ley 4/2021, de 16 de abril, de la Función Pública Valenciana",22,JURIDICO
ESPECIAL,31,"La Función Pública en la Generalitat (I): Ley 4/2021, de 16 de abril, de la Generalitat, de la Función Pública Valenciana: Objeto, principios y ámbito de aplicación de la ley","Ley 4/2021, de 16 de abril, de la Función Pública Valenciana",23,JURIDICO
ESPECIAL,31,"La Función Pública en la Generalitat (I): Ley 4/2021, de 16 de abril, de la Generalitat, de la Función Pública Valenciana: Objeto, principios y ámbito de aplicación de la ley","Ley 4/2021, de 16 de abril, de la Función Pública Valenciana",24,JURIDICO
ESPECIAL,31,"La Función Pública en la Generalitat (I): Ley 4/2021, de 16 de abril, de la Generalitat, de la Función Pública Valenciana: Objeto, principios y ámbito de aplicación de la ley","Ley 4/2021, de 16 de abril, de la Función Pública Valenciana",25,JURIDICO
ESPECIAL,31,"La Función Pública en la Generalitat (I): Ley 4/2021, de 16 de abril, de la Generalitat, de la Función Pública Valenciana: Objeto, principios y ámbito de aplicación de la ley","Ley 4/2021, de 16 de abril, de la Función Pública Valenciana",26,JURIDICO
ESPECIAL,31,"La Función Pública en la Generalitat (I): Ley 4/2021, de 16 de abril, de la Generalitat, de la Función Pública Valenciana: Objeto, principios y ámbito de aplicación de la ley","Ley 4/2021, de 16 de abril, de la Función Pública Valenciana",27,JURIDICO
ESPECIAL,32,La Función Pública en la Generalitat (II),"Ley 4/2021, de 16 de abril, de la Función Pública Valenciana",28,JURIDICO
ESPECIAL,32,La Función Pública en la Generalitat (II),"Ley 4/2021, de 16 de abril, de la Función Pública Valenciana",29,JURIDICO
ESPECIAL,32,La Función Pública en la Generalitat (II),"Ley 4/2021, de 16 de abril, de la Función Pública Valenciana",30,JURIDICO
ESPECIAL,32,La Función Pública en la Generalitat (II),"Ley 4/2021, de 16 de abril, de la Función Pública Valenciana",31,JURIDICO
ESPECIAL,32,La Función Pública en la Generalitat (II),"Ley 4/2021, de 16 de abril, de la Función Pública Valenciana",32,JURIDICO
ESPECIAL,32,La Función Pública en la Generalitat (II),"Ley 4/2021, de 16 de abril, de la Función Pública Valenciana",33,JURIDICO
ESPECIAL,32,La Función Pública en la Generalitat (II),"Ley 4/2021, de 16 de abril, de la Función Pública Valenciana",34,JURIDICO
ESPECIAL,32,La Función Pública en la Generalitat (II),"Ley 4/2021, de 16 de abril, de la Función Pública Valenciana",35,JURIDICO
ESPECIAL,32,La Función Pública en la Generalitat (II),"Ley 4/2021, de 16 de abril, de la Función Pública Valenciana",36,JURIDICO
ESPECIAL,32,La Función Pública en la Generalitat (II),"Ley 4/2021, de 16 de abril, de la Función Pública Valenciana",37,JURIDICO
ESPECIAL,32,La Función Pública en la Generalitat (II),"Ley 4/2021, de 16 de abril, de la Función Pública Valenciana",38,JURIDICO
ESPECIAL,32,La Función Pública en la Generalitat (II),"Ley 4/2021, de 16 de abril, de la Función Pública Valenciana",39,JURIDICO
ESPECIAL,32,La Función Pública en la Generalitat (II),"Ley 4/2021, de 16 de abril, de la Función Pública Valenciana",40,JURIDICO
ESPECIAL,32,La Función Pública en la Generalitat (II),"Ley 4/2021, de 16 de abril, de la Función Pública Valenciana",41,JURIDICO
ESPECIAL,32,La Función Pública en la Generalitat (II),"Ley 4/2021, de 16 de abril, de la Función Pública Valenciana",42,JURIDICO
ESPECIAL,32,La Función Pública en la Generalitat (II),"Ley 4/2021, de 16 de abril, de la Función Pública Valenciana",43,JURIDICO
ESPECIAL,32,La Función Pública en la Generalitat (II),"Ley 4/2021, de 16 de abril, de la Función Pública Valenciana",44,JURIDICO
ESPECIAL,32,La Función Pública en la Generalitat (II),"Ley 4/2021, de 16 de abril, de la Función Pública Valenciana",45,JURIDICO
ESPECIAL,32,La Función Pública en la Generalitat (II),"Ley 4/2021, de 16 de abril, de la Función Pública Valenciana",46,JURIDICO
ESPECIAL,32,La Función Pública en la Generalitat (II),"Ley 4/2021, de 16 de abril, de la Función Pública Valenciana",47,JURIDICO
ESPECIAL,32,La Función Pública en la Generalitat (II),"Ley 4/2021, de 16 de abril, de la Función Pública Valenciana",48,JURIDICO
ESPECIAL,32,La Función Pública en la Generalitat (II),"Ley 4/2021, de 16 de abril, de la Función Pública Valenciana",49,JURIDICO
ESPECIAL,32,La Función Pública en la Generalitat (II),"Ley 4/2021, de 16 de abril, de la Función Pública Valenciana",50,JURIDICO
ESPECIAL,32,La Función Pública en la Generalitat (II),"Ley 4/2021, de 16 de abril, de la Función Pública Valenciana",51,JURIDICO
ESPECIAL,32,La Función Pública en la Generalitat (II),"Ley 4/2021, de 16 de abril, de la Función Pública Valenciana",52,JURIDICO
ESPECIAL,32,La Función Pública en la Generalitat (II),"Ley 4/2021, de 16 de abril, de la Función Pública Valenciana",53,JURIDICO
ESPECIAL,32,La Función Pública en la Generalitat (II),"Ley 4/2021, de 16 de abril, de la Función Pública Valenciana",54,JURIDICO
ESPECIAL,32,La Función Pública en la Generalitat (II),"Ley 4/2021, de 16 de abril, de la Función Pública Valenciana",55,JURIDICO
ESPECIAL,32,La Función Pública en la Generalitat (II),"Ley 4/2021, de 16 de abril, de la Función Pública Valenciana",56,JURIDICO
ESPECIAL,32,La Función Pública en la Generalitat (II),"Ley 4/2021, de 16 de abril, de la Función Pública Valenciana",57,JURIDICO
ESPECIAL,32,La Función Pública en la Generalitat (II),"Ley 4/2021, de 16 de abril, de la Función Pública Valenciana",58,JURIDICO
ESPECIAL,32,La Función Pública en la Generalitat (II),"Ley 4/2021, de 16 de abril, de la Función Pública Valenciana",59,JURIDICO
ESPECIAL,33,La Función Pública en la Generalitat (III),"Ley 4/2021, de 16 de abril, de la Función Pública Valenciana",60,JURIDICO
ESPECIAL,33,La Función Pública en la Generalitat (III),"Ley 4/2021, de 16 de abril, de la Función Pública Valenciana",61,JURIDICO
ESPECIAL,33,La Función Pública en la Generalitat (III),"Ley 4/2021, de 16 de abril, de la Función Pública Valenciana",62,JURIDICO
ESPECIAL,33,La Función Pública en la Generalitat (III),"Ley 4/2021, de 16 de abril, de la Función Pública Valenciana",63,JURIDICO
ESPECIAL,33,La Función Pública en la Generalitat (III),"Ley 4/2021, de 16 de abril, de la Función Pública Valenciana",64,JURIDICO
ESPECIAL,33,La Función Pública en la Generalitat (III),"Ley 4/2021, de 16 de abril, de la Función Pública Valenciana",65,JURIDICO
ESPECIAL,33,La Función Pública en la Generalitat (III),"Ley 4/2021, de 16 de abril, de la Función Pública Valenciana",66,JURIDICO
ESPECIAL,33,La Función Pública en la Generalitat (III),"Ley 4/2021, de 16 de abril, de la Función Pública Valenciana",67,JURIDICO
ESPECIAL,33,La Función Pública en la Generalitat (III),"Ley 4/2021, de 16 de abril, de la Función Pública Valenciana",68,JURIDICO
ESPECIAL,33,La Función Pública en la Generalitat (III),"Ley 4/2021, de 16 de abril, de la Función Pública Valenciana",69,JURIDICO
ESPECIAL,33,La Función Pública en la Generalitat (III),"Ley 4/2021, de 16 de abril, de la Función Pública Valenciana",70,JURIDICO
ESPECIAL,33,La Función Pública en la Generalitat (III),"Ley 4/2021, de 16 de abril, de la Función Pública Valenciana",71,JURIDICO
ESPECIAL,33,La Función Pública en la Generalitat (III),"Ley 4/2021, de 16 de abril, de la Función Pública Valenciana",72,JURIDICO
ESPECIAL,33,La Función Pública en la Generalitat (III),"Ley 4/2021, de 16 de abril, de la Función Pública Valenciana",73,JURIDICO
ESPECIAL,33,La Función Pública en la Generalitat (III),"Ley 4/2021, de 16 de abril, de la Función Pública Valenciana",74,JURIDICO
ESPECIAL,33,La Función Pública en la Generalitat (III),"Ley 4/2021, de 16 de abril, de la Función Pública Valenciana",75,JURIDICO
ESPECIAL,33,La Función Pública en la Generalitat (III),"Ley 4/2021, de 16 de abril, de la Función Pública Valenciana",107,JURIDICO
ESPECIAL,33,La Función Pública en la Generalitat (III),"Ley 4/2021, de 16 de abril, de la Función Pública Valenciana",108,JURIDICO
ESPECIAL,33,La Función Pública en la Generalitat (III),"Ley 4/2021, de 16 de abril, de la Función Pública Valenciana",109,JURIDICO
ESPECIAL,33,La Función Pública en la Generalitat (III),"Ley 4/2021, de 16 de abril, de la Función Pública Valenciana",110,JURIDICO
ESPECIAL,33,La Función Pública en la Generalitat (III),"Ley 4/2021, de 16 de abril, de la Función Pública Valenciana",111,JURIDICO
ESPECIAL,33,La Función Pública en la Generalitat (III),"Ley 4/2021, de 16 de abril, de la Función Pública Valenciana",112,JURIDICO
ESPECIAL,33,La Función Pública en la Generalitat (III),"Ley 4/2021, de 16 de abril, de la Función Pública Valenciana",113,JURIDICO
ESPECIAL,33,La Función Pública en la Generalitat (III),"Ley 4/2021, de 16 de abril, de la Función Pública Valenciana",114,JURIDICO
ESPECIAL,33,La Función Pública en la Generalitat (III),"Ley 4/2021, de 16 de abril, de la Función Pública Valenciana",115,JURIDICO
ESPECIAL,33,La Función Pública en la Generalitat (III),"Ley 4/2021, de 16 de abril, de la Función Pública Valenciana",116,JURIDICO
ESPECIAL,33,La Función Pública en la Generalitat (III),"Ley 4/2021, de 16 de abril, de la Función Pública Valenciana",117,JURIDICO
ESPECIAL,33,La Función Pública en la Generalitat (III),"Ley 4/2021, de 16 de abril, de la Función Pública Valenciana",118,JURIDICO
ESPECIAL,33,La Función Pública en la Generalitat (III),"Ley 4/2021, de 16 de abril, de la Función Pública Valenciana",119,JURIDICO
ESPECIAL,33,La Función Pública en la Generalitat (III),"Ley 4/2021, de 16 de abril, de la Función Pública Valenciana",120,JURIDICO
ESPECIAL,33,La Función Pública en la Generalitat (III),"Ley 4/2021, de 16 de abril, de la Función Pública Valenciana",121,JURIDICO
ESPECIAL,33,La Función Pública en la Generalitat (III),"Ley 4/2021, de 16 de abril, de la Función Pública Valenciana",122,JURIDICO
ESPECIAL,33,La Función Pública en la Generalitat (III),"Ley 4/2021, de 16 de abril, de la Función Pública Valenciana",123,JURIDICO
ESPECIAL,33,La Función Pública en la Generalitat (III),"Ley 4/2021, de 16 de abril, de la Función Pública Valenciana",124,JURIDICO
ESPECIAL,33,La Función Pública en la Generalitat (III),"Ley 4/2021, de 16 de abril, de la Función Pública Valenciana",125,JURIDICO
ESPECIAL,33,La Función Pública en la Generalitat (III),"Ley 4/2021, de 16 de abril, de la Función Pública Valenciana",126,JURIDICO
ESPECIAL,33,La Función Pública en la Generalitat (III),"Ley 4/2021, de 16 de abril, de la Función Pública Valenciana",127,JURIDICO
ESPECIAL,33,La Función Pública en la Generalitat (III),"Ley 4/2021, de 16 de abril, de la Función Pública Valenciana",128,JURIDICO
ESPECIAL,33,La Función Pública en la Generalitat (III),"Ley 4/2021, de 16 de abril, de la Función Pública Valenciana",129,JURIDICO
ESPECIAL,33,La Función Pública en la Generalitat (III),"Ley 4/2021, de 16 de abril, de la Función Pública Valenciana",130,JURIDICO
ESPECIAL,33,La Función Pública en la Generalitat (III),"Ley 4/2021, de 16 de abril, de la Función Pública Valenciana",131,JURIDICO
ESPECIAL,33,La Función Pública en la Generalitat (III),"Ley 4/2021, de 16 de abril, de la Función Pública Valenciana",132,JURIDICO
ESPECIAL,33,La Función Pública en la Generalitat (III),"Ley 4/2021, de 16 de abril, de la Función Pública Valenciana",133,JURIDICO
ESPECIAL,33,La Función Pública en la Generalitat (III),"Ley 4/2021, de 16 de abril, de la Función Pública Valenciana",134,JURIDICO
ESPECIAL,33,La Función Pública en la Generalitat (III),"Ley 4/2021, de 16 de abril, de la Función Pública Valenciana",135,JURIDICO
ESPECIAL,33,La Función Pública en la Generalitat (III),"Ley 4/2021, de 16 de abril, de la Función Pública Valenciana",136,JURIDICO
ESPECIAL,33,La Función Pública en la Generalitat (III),"Ley 4/2021, de 16 de abril, de la Función Pública Valenciana",137,JURIDICO
ESPECIAL,34,La Función Pública en la Generalitat (IV),"Ley 4/2021, de 16 de abril, de la Función Pública Valenciana",76,JURIDICO
ESPECIAL,34,La Función Pública en la Generalitat (IV),"Ley 4/2021, de 16 de abril, de la Función Pública Valenciana",77,JURIDICO
ESPECIAL,34,La Función Pública en la Generalitat (IV),"Ley 4/2021, de 16 de abril, de la Función Pública Valenciana",79,JURIDICO
ESPECIAL,34,La Función Pública en la Generalitat (IV),"Ley 4/2021, de 16 de abril, de la Función Pública Valenciana",80,JURIDICO
ESPECIAL,34,La Función Pública en la Generalitat (IV),"Ley 4/2021, de 16 de abril, de la Función Pública Valenciana",81,JURIDICO
ESPECIAL,34,La Función Pública en la Generalitat (IV),"Ley 4/2021, de 16 de abril, de la Función Pública Valenciana",82,JURIDICO
ESPECIAL,34,La Función Pública en la Generalitat (IV),"Ley 4/2021, de 16 de abril, de la Función Pública Valenciana",83,JURIDICO
ESPECIAL,34,La Función Pública en la Generalitat (IV),"Ley 4/2021, de 16 de abril, de la Función Pública Valenciana",84,JURIDICO
ESPECIAL,34,La Función Pública en la Generalitat (IV),"Ley 4/2021, de 16 de abril, de la Función Pública Valenciana",85,JURIDICO
ESPECIAL,34,La Función Pública en la Generalitat (IV),"Ley 4/2021, de 16 de abril, de la Función Pública Valenciana",86,JURIDICO
ESPECIAL,34,La Función Pública en la Generalitat (IV),"Ley 4/2021, de 16 de abril, de la Función Pública Valenciana",87,JURIDICO
ESPECIAL,34,La Función Pública en la Generalitat (IV),"Ley 4/2021, de 16 de abril, de la Función Pública Valenciana",88,JURIDICO
ESPECIAL,34,La Función Pública en la Generalitat (IV),"Ley 4/2021, de 16 de abril, de la Función Pública Valenciana",89,JURIDICO
ESPECIAL,34,La Función Pública en la Generalitat (IV),"Ley 4/2021, de 16 de abril, de la Función Pública Valenciana",90,JURIDICO
ESPECIAL,34,La Función Pública en la Generalitat (IV),"Ley 4/2021, de 16 de abril, de la Función Pública Valenciana",91,JURIDICO
ESPECIAL,34,La Función Pública en la Generalitat (IV),"Ley 4/2021, de 16 de abril, de la Función Pública Valenciana",92,JURIDICO
ESPECIAL,34,La Función Pública en la Generalitat (IV),"Ley 4/2021, de 16 de abril, de la Función Pública Valenciana",93,JURIDICO
ESPECIAL,34,La Función Pública en la Generalitat (IV),"Ley 4/2021, de 16 de abril, de la Función Pública Valenciana",94,JURIDICO
ESPECIAL,34,La Función Pública en la Generalitat (IV),"Ley 4/2021, de 16 de abril, de la Función Pública Valenciana",95,JURIDICO
ESPECIAL,34,La Función Pública en la Generalitat (IV),"Ley 4/2021, de 16 de abril, de la Función Pública Valenciana",96,JURIDICO
ESPECIAL,34,La Función Pública en la Generalitat (IV),"Ley 4/2021, de 16 de abril, de la Función Pública Valenciana",97,JURIDICO
ESPECIAL,34,La Función Pública en la Generalitat (IV),"Ley 4/2021, de 16 de abril, de la Función Pública Valenciana",98,JURIDICO
ESPECIAL,34,La Función Pública en la Generalitat (IV),"Ley 4/2021, de 16 de abril, de la Función Pública Valenciana",99,JURIDICO
ESPECIAL,34,La Función Pública en la Generalitat (IV),"Ley 4/2021, de 16 de abril, de la Función Pública Valenciana",100,JURIDICO
ESPECIAL,34,La Función Pública en la Generalitat (IV),"Ley 4/2021, de 16 de abril, de la Función Pública Valenciana",101,JURIDICO
ESPECIAL,34,La Función Pública en la Generalitat (IV),"Ley 4/2021, de 16 de abril, de la Función Pública Valenciana",102,JURIDICO
ESPECIAL,34,La Función Pública en la Generalitat (IV),"Ley 4/2021, de 16 de abril, de la Función Pública Valenciana",103,JURIDICO
ESPECIAL,34,La Función Pública en la Generalitat (IV),"Ley 4/2021, de 16 de abril, de la Función Pública Valenciana",104,JURIDICO
ESPECIAL,34,La Función Pública en la Generalitat (IV),"Ley 4/2021, de 16 de abril, de la Función Pública Valenciana",105,JURIDICO
ESPECIAL,34,La Función Pública en la Generalitat (IV),"Ley 4/2021, de 16 de abril, de la Función Pública Valenciana",106,JURIDICO
ESPECIAL,34,La Función Pública en la Generalitat (IV),"Ley 4/2021, de 16 de abril, de la Función Pública Valenciana",138,JURIDICO
ESPECIAL,34,La Función Pública en la Generalitat (IV),"Ley 4/2021, de 16 de abril, de la Función Pública Valenciana",139,JURIDICO
ESPECIAL,34,La Función Pública en la Generalitat (IV),"Ley 4/2021, de 16 de abril, de la Función Pública Valenciana",140,JURIDICO
ESPECIAL,34,La Función Pública en la Generalitat (IV),"Ley 4/2021, de 16 de abril, de la Función Pública Valenciana",141,JURIDICO
ESPECIAL,34,La Función Pública en la Generalitat (IV),"Ley 4/2021, de 16 de abril, de la Función Pública Valenciana",142,JURIDICO
ESPECIAL,34,La Función Pública en la Generalitat (IV),"Ley 4/2021, de 16 de abril, de la Función Pública Valenciana",143,JURIDICO
ESPECIAL,34,La Función Pública en la Generalitat (IV),"Ley 4/2021, de 16 de abril, de la Función Pública Valenciana",144,JURIDICO
ESPECIAL,34,La Función Pública en la Generalitat (IV),"Ley 4/2021, de 16 de abril, de la Función Pública Valenciana",145,JURIDICO
ESPECIAL,34,La Función Pública en la Generalitat (IV),"Ley 4/2021, de 16 de abril, de la Función Pública Valenciana",146,JURIDICO
ESPECIAL,34,La Función Pública en la Generalitat (IV),"Ley 4/2021, de 16 de abril, de la Función Pública Valenciana",147,JURIDICO
ESPECIAL,34,La Función Pública en la Generalitat (IV),"Ley 4/2021, de 16 de abril, de la Función Pública Valenciana",148,JURIDICO
ESPECIAL,34,La Función Pública en la Generalitat (IV),"Ley 4/2021, de 16 de abril, de la Función Pública Valenciana",149,JURIDICO
ESPECIAL,34,La Función Pública en la Generalitat (IV),"Ley 4/2021, de 16 de abril, de la Función Pública Valenciana",150,JURIDICO
ESPECIAL,34,La Función Pública en la Generalitat (IV),"Ley 4/2021, de 16 de abril, de la Función Pública Valenciana",151,JURIDICO
ESPECIAL,34,La Función Pública en la Generalitat (IV),"Ley 4/2021, de 16 de abril, de la Función Pública Valenciana",152,JURIDICO
ESPECIAL,34,La Función Pública en la Generalitat (IV),"Ley 4/2021, de 16 de abril, de la Función Pública Valenciana",153,JURIDICO
ESPECIAL,34,La Función Pública en la Generalitat (IV),"Ley 4/2021, de 16 de abril, de la Función Pública Valenciana",154,JURIDICO
ESPECIAL,34,La Función Pública en la Generalitat (IV),"Ley 4/2021, de 16 de abril, de la Función Pública Valenciana",155,JURIDICO
ESPECIAL,34,La Función Pública en la Generalitat (IV),"Ley 4/2021, de 16 de abril, de la Función Pública Valenciana",156,JURIDICO
ESPECIAL,34,La Función Pública en la Generalitat (IV),"Ley 4/2021, de 16 de abril, de la Función Pública Valenciana",157,JURIDICO
ESPECIAL,34,La Función Pública en la Generalitat (IV),"Ley 4/2021, de 16 de abril, de la Función Pública Valenciana",158,JURIDICO
ESPECIAL,34,La Función Pública en la Generalitat (IV),"Ley 4/2021, de 16 de abril, de la Función Pública Valenciana",159,JURIDICO
ESPECIAL,34,La Función Pública en la Generalitat (IV),"Ley 4/2021, de 16 de abril, de la Función Pública Valenciana",160,JURIDICO
ESPECIAL,34,La Función Pública en la Generalitat (IV),"Ley 4/2021, de 16 de abril, de la Función Pública Valenciana",161,JURIDICO
ESPECIAL,34,La Función Pública en la Generalitat (IV),"Ley 4/2021, de 16 de abril, de la Función Pública Valenciana",162,JURIDICO
ESPECIAL,34,La Función Pública en la Generalitat (IV),"Ley 4/2021, de 16 de abril, de la Función Pública Valenciana",163,JURIDICO
ESPECIAL,34,La Función Pública en la Generalitat (IV),"Ley 4/2021, de 16 de abril, de la Función Pública Valenciana",164,JURIDICO
ESPECIAL,34,La Función Pública en la Generalitat (IV),"Ley 4/2021, de 16 de abril, de la Función Pública Valenciana",165,JURIDICO
ESPECIAL,34,La Función Pública en la Generalitat (IV),"Ley 4/2021, de 16 de abril, de la Función Pública Valenciana",166,JURIDICO
ESPECIAL,34,La Función Pública en la Generalitat (IV),"Ley 4/2021, de 16 de abril, de la Función Pública Valenciana",182,JURIDICO
ESPECIAL,34,La Función Pública en la Generalitat (IV),"Ley 4/2021, de 16 de abril, de la Función Pública Valenciana",183,JURIDICO
ESPECIAL,34,La Función Pública en la Generalitat (IV),"Ley 4/2021, de 16 de abril, de la Función Pública Valenciana",184,JURIDICO
ESPECIAL,34,La Función Pública en la Generalitat (IV),"Ley 4/2021, de 16 de abril, de la Función Pública Valenciana",185,JURIDICO
ESPECIAL,34,La Función Pública en la Generalitat (IV),"Ley 4/2021, de 16 de abril, de la Función Pública Valenciana",186,JURIDICO
ESPECIAL,34,La Función Pública en la Generalitat (IV),"Ley 4/2021, de 16 de abril, de la Función Pública Valenciana",187,JURIDICO
ESPECIAL,34,La Función Pública en la Generalitat (IV),"Ley 4/2021, de 16 de abril, de la Función Pública Valenciana",188,JURIDICO
ESPECIAL,34,La Función Pública en la Generalitat (IV),"Ley 4/2021, de 16 de abril, de la Función Pública Valenciana",189,JURIDICO
ESPECIAL,34,La Función Pública en la Generalitat (IV),"Ley 4/2021, de 16 de abril, de la Función Pública Valenciana",190,JURIDICO
ESPECIAL,34,La Función Pública en la Generalitat (IV),"Ley 4/2021, de 16 de abril, de la Función Pública Valenciana",191,JURIDICO
ESPECIAL,35,Financiación de las Comunidades Autónomas de régimen común,Constitución Española de 1978,133,JURIDICO
ESPECIAL,35,Financiación de las Comunidades Autónomas de régimen común,Constitución Española de 1978,134,JURIDICO
ESPECIAL,35,Financiación de las Comunidades Autónomas de régimen común,Constitución Española de 1978,135,JURIDICO
ESPECIAL,35,Financiación de las Comunidades Autónomas de régimen común,Constitución Española de 1978,136,JURIDICO
ESPECIAL,35,Financiación de las Comunidades Autónomas de régimen común,Constitución Española de 1978,156,JURIDICO
ESPECIAL,35,Financiación de las Comunidades Autónomas de régimen común,Constitución Española de 1978,157,JURIDICO
ESPECIAL,35,Financiación de las Comunidades Autónomas de régimen común,Constitución Española de 1978,158,JURIDICO
ESPECIAL,35,Financiación de las Comunidades Autónomas de régimen común,"Ley 22/2009, de 18 de diciembre, por la que se regula el sistema de financiación de las Comunidades Autónomas de régimen común y Ciudades con Estatuto de Autonomía",1,JURIDICO
ESPECIAL,35,Financiación de las Comunidades Autónomas de régimen común,"Ley 22/2009, de 18 de diciembre, por la que se regula el sistema de financiación de las Comunidades Autónomas de régimen común y Ciudades con Estatuto de Autonomía",2,JURIDICO
ESPECIAL,35,Financiación de las Comunidades Autónomas de régimen común,"Ley 22/2009, de 18 de diciembre, por la que se regula el sistema de financiación de las Comunidades Autónomas de régimen común y Ciudades con Estatuto de Autonomía",3,JURIDICO
ESPECIAL,35,Financiación de las Comunidades Autónomas de régimen común,"Ley 22/2009, de 18 de diciembre, por la que se regula el sistema de financiación de las Comunidades Autónomas de régimen común y Ciudades con Estatuto de Autonomía",4,JURIDICO
ESPECIAL,35,Financiación de las Comunidades Autónomas de régimen común,"Ley 22/2009, de 18 de diciembre, por la que se regula el sistema de financiación de las Comunidades Autónomas de régimen común y Ciudades con Estatuto de Autonomía",5,JURIDICO
ESPECIAL,35,Financiación de las Comunidades Autónomas de régimen común,"Ley 22/2009, de 18 de diciembre, por la que se regula el sistema de financiación de las Comunidades Autónomas de régimen común y Ciudades con Estatuto de Autonomía",6,JURIDICO
ESPECIAL,35,Financiación de las Comunidades Autónomas de régimen común,"Ley 22/2009, de 18 de diciembre, por la que se regula el sistema de financiación de las Comunidades Autónomas de régimen común y Ciudades con Estatuto de Autonomía",7,JURIDICO
ESPECIAL,35,Financiación de las Comunidades Autónomas de régimen común,"Ley 22/2009, de 18 de diciembre, por la que se regula el sistema de financiación de las Comunidades Autónomas de régimen común y Ciudades con Estatuto de Autonomía",8,JURIDICO
ESPECIAL,35,Financiación de las Comunidades Autónomas de régimen común,"Ley 22/2009, de 18 de diciembre, por la que se regula el sistema de financiación de las Comunidades Autónomas de régimen común y Ciudades con Estatuto de Autonomía",9,JURIDICO
ESPECIAL,35,Financiación de las Comunidades Autónomas de régimen común,"Ley 22/2009, de 18 de diciembre, por la que se regula el sistema de financiación de las Comunidades Autónomas de régimen común y Ciudades con Estatuto de Autonomía",10,JURIDICO
ESPECIAL,35,Financiación de las Comunidades Autónomas de régimen común,"Ley 22/2009, de 18 de diciembre, por la que se regula el sistema de financiación de las Comunidades Autónomas de régimen común y Ciudades con Estatuto de Autonomía",22,JURIDICO
ESPECIAL,35,Financiación de las Comunidades Autónomas de régimen común,"Ley 22/2009, de 18 de diciembre, por la que se regula el sistema de financiación de las Comunidades Autónomas de régimen común y Ciudades con Estatuto de Autonomía",23,JURIDICO
ESPECIAL,35,Financiación de las Comunidades Autónomas de régimen común,"Ley 22/2009, de 18 de diciembre, por la que se regula el sistema de financiación de las Comunidades Autónomas de régimen común y Ciudades con Estatuto de Autonomía",24,JURIDICO
ESPECIAL,35,Financiación de las Comunidades Autónomas de régimen común,"Ley 22/2009, de 18 de diciembre, por la que se regula el sistema de financiación de las Comunidades Autónomas de régimen común y Ciudades con Estatuto de Autonomía",25,JURIDICO
ESPECIAL,35,Financiación de las Comunidades Autónomas de régimen común,"Ley 22/2009, de 18 de diciembre, por la que se regula el sistema de financiación de las Comunidades Autónomas de régimen común y Ciudades con Estatuto de Autonomía",26,JURIDICO
ESPECIAL,35,Financiación de las Comunidades Autónomas de régimen común,"Ley Orgánica 5/1982, de 1 de julio, de Estatuto de Autonomía de la Comunitat Valenciana",67,JURIDICO
ESPECIAL,35,Financiación de las Comunidades Autónomas de régimen común,"Ley Orgánica 5/1982, de 1 de julio, de Estatuto de Autonomía de la Comunitat Valenciana",68,JURIDICO
ESPECIAL,35,Financiación de las Comunidades Autónomas de régimen común,"Ley Orgánica 5/1982, de 1 de julio, de Estatuto de Autonomía de la Comunitat Valenciana",69,JURIDICO
ESPECIAL,35,Financiación de las Comunidades Autónomas de régimen común,"Ley Orgánica 5/1982, de 1 de julio, de Estatuto de Autonomía de la Comunitat Valenciana",70,JURIDICO
ESPECIAL,35,Financiación de las Comunidades Autónomas de régimen común,"Ley Orgánica 5/1982, de 1 de julio, de Estatuto de Autonomía de la Comunitat Valenciana",71,JURIDICO
ESPECIAL,35,Financiación de las Comunidades Autónomas de régimen común,"Ley Orgánica 5/1982, de 1 de julio, de Estatuto de Autonomía de la Comunitat Valenciana",72,JURIDICO
ESPECIAL,35,Financiación de las Comunidades Autónomas de régimen común,"Ley Orgánica 5/1982, de 1 de julio, de Estatuto de Autonomía de la Comunitat Valenciana",73,JURIDICO
ESPECIAL,35,Financiación de las Comunidades Autónomas de régimen común,"Ley Orgánica 5/1982, de 1 de julio, de Estatuto de Autonomía de la Comunitat Valenciana",74,JURIDICO
ESPECIAL,35,Financiación de las Comunidades Autónomas de régimen común,"Ley Orgánica 5/1982, de 1 de julio, de Estatuto de Autonomía de la Comunitat Valenciana",75,JURIDICO
ESPECIAL,35,Financiación de las Comunidades Autónomas de régimen común,"Ley Orgánica 5/1982, de 1 de julio, de Estatuto de Autonomía de la Comunitat Valenciana",76,JURIDICO
ESPECIAL,35,Financiación de las Comunidades Autónomas de régimen común,"Ley Orgánica 5/1982, de 1 de julio, de Estatuto de Autonomía de la Comunitat Valenciana",77,JURIDICO
ESPECIAL,35,Financiación de las Comunidades Autónomas de régimen común,"Ley Orgánica 8/1980, de 22 de septiembre, de Financiación de las Comunidades Autónomas",4,JURIDICO
ESPECIAL,35,Financiación de las Comunidades Autónomas de régimen común,"Ley Orgánica 8/1980, de 22 de septiembre, de Financiación de las Comunidades Autónomas",5,JURIDICO
ESPECIAL,35,Financiación de las Comunidades Autónomas de régimen común,"Ley Orgánica 8/1980, de 22 de septiembre, de Financiación de las Comunidades Autónomas",6,JURIDICO
ESPECIAL,35,Financiación de las Comunidades Autónomas de régimen común,"Ley Orgánica 8/1980, de 22 de septiembre, de Financiación de las Comunidades Autónomas",7,JURIDICO
ESPECIAL,35,Financiación de las Comunidades Autónomas de régimen común,"Ley Orgánica 8/1980, de 22 de septiembre, de Financiación de las Comunidades Autónomas",8,JURIDICO
ESPECIAL,35,Financiación de las Comunidades Autónomas de régimen común,"Ley Orgánica 8/1980, de 22 de septiembre, de Financiación de las Comunidades Autónomas",9,JURIDICO
ESPECIAL,35,Financiación de las Comunidades Autónomas de régimen común,"Ley Orgánica 8/1980, de 22 de septiembre, de Financiación de las Comunidades Autónomas",10,JURIDICO
ESPECIAL,35,Financiación de las Comunidades Autónomas de régimen común,"Ley Orgánica 8/1980, de 22 de septiembre, de Financiación de las Comunidades Autónomas",11,JURIDICO
ESPECIAL,35,Financiación de las Comunidades Autónomas de régimen común,"Ley Orgánica 8/1980, de 22 de septiembre, de Financiación de las Comunidades Autónomas",12,JURIDICO
ESPECIAL,35,Financiación de las Comunidades Autónomas de régimen común,"Ley Orgánica 8/1980, de 22 de septiembre, de Financiación de las Comunidades Autónomas",13,JURIDICO
ESPECIAL,35,Financiación de las Comunidades Autónomas de régimen común,"Ley Orgánica 8/1980, de 22 de septiembre, de Financiación de las Comunidades Autónomas",13 bis,JURIDICO
ESPECIAL,35,Financiación de las Comunidades Autónomas de régimen común,"Ley Orgánica 8/1980, de 22 de septiembre, de Financiación de las Comunidades Autónomas",14,JURIDICO
ESPECIAL,35,Financiación de las Comunidades Autónomas de régimen común,"Ley Orgánica 8/1980, de 22 de septiembre, de Financiación de las Comunidades Autónomas",15,JURIDICO
ESPECIAL,35,Financiación de las Comunidades Autónomas de régimen común,"Ley Orgánica 8/1980, de 22 de septiembre, de Financiación de las Comunidades Autónomas",16,JURIDICO
ESPECIAL,35,Financiación de las Comunidades Autónomas de régimen común,"Ley Orgánica 8/1980, de 22 de septiembre, de Financiación de las Comunidades Autónomas",17,JURIDICO
ESPECIAL,35,Financiación de las Comunidades Autónomas de régimen común,"Ley Orgánica 8/1980, de 22 de septiembre, de Financiación de las Comunidades Autónomas",18,JURIDICO
ESPECIAL,35,Financiación de las Comunidades Autónomas de régimen común,"Ley Orgánica 8/1980, de 22 de septiembre, de Financiación de las Comunidades Autónomas",19,JURIDICO
ESPECIAL,35,Financiación de las Comunidades Autónomas de régimen común,"Ley Orgánica 8/1980, de 22 de septiembre, de Financiación de las Comunidades Autónomas",20,JURIDICO
ESPECIAL,35,Financiación de las Comunidades Autónomas de régimen común,"Ley Orgánica 8/1980, de 22 de septiembre, de Financiación de las Comunidades Autónomas",21,JURIDICO
ESPECIAL,35,Financiación de las Comunidades Autónomas de régimen común,"Ley Orgánica 8/1980, de 22 de septiembre, de Financiación de las Comunidades Autónomas",22,JURIDICO
ESPECIAL,35,Financiación de las Comunidades Autónomas de régimen común,"Ley Orgánica 8/1980, de 22 de septiembre, de Financiación de las Comunidades Autónomas",23,JURIDICO
ESPECIAL,35,Financiación de las Comunidades Autónomas de régimen común,"Ley Orgánica 8/1980, de 22 de septiembre, de Financiación de las Comunidades Autónomas",24,JURIDICO
ESPECIAL,36,"La Ley 1/2015, de 6 de febrero, de la Generalitat, de hacienda pública, del sector público instrumental y de subvenciones: ámbito de aplicación y organización del sector público de la Generalitat","Ley 1/2015, de 6 de febrero, de Hacienda Pública, del Sector Público Instrumental y de Subvenciones",1,JURIDICO
ESPECIAL,36,"La Ley 1/2015, de 6 de febrero, de la Generalitat, de hacienda pública, del sector público instrumental y de subvenciones: ámbito de aplicación y organización del sector público de la Generalitat","Ley 1/2015, de 6 de febrero, de Hacienda Pública, del Sector Público Instrumental y de Subvenciones",2,JURIDICO
ESPECIAL,36,"La Ley 1/2015, de 6 de febrero, de la Generalitat, de hacienda pública, del sector público instrumental y de subvenciones: ámbito de aplicación y organización del sector público de la Generalitat","Ley 1/2015, de 6 de febrero, de Hacienda Pública, del Sector Público Instrumental y de Subvenciones",3,JURIDICO
ESPECIAL,36,"La Ley 1/2015, de 6 de febrero, de la Generalitat, de hacienda pública, del sector público instrumental y de subvenciones: ámbito de aplicación y organización del sector público de la Generalitat","Ley 1/2015, de 6 de febrero, de Hacienda Pública, del Sector Público Instrumental y de Subvenciones",4,JURIDICO
ESPECIAL,36,"La Ley 1/2015, de 6 de febrero, de la Generalitat, de hacienda pública, del sector público instrumental y de subvenciones: ámbito de aplicación y organización del sector público de la Generalitat","Ley 1/2015, de 6 de febrero, de Hacienda Pública, del Sector Público Instrumental y de Subvenciones",5,JURIDICO
ESPECIAL,36,"La Ley 1/2015, de 6 de febrero, de la Generalitat, de hacienda pública, del sector público instrumental y de subvenciones: ámbito de aplicación y organización del sector público de la Generalitat","Ley 1/2015, de 6 de febrero, de Hacienda Pública, del Sector Público Instrumental y de Subvenciones",6,JURIDICO
ESPECIAL,36,"La Ley 1/2015, de 6 de febrero, de la Generalitat, de hacienda pública, del sector público instrumental y de subvenciones: ámbito de aplicación y organización del sector público de la Generalitat","Ley 1/2015, de 6 de febrero, de Hacienda Pública, del Sector Público Instrumental y de Subvenciones",7,JURIDICO
ESPECIAL,36,"La Ley 1/2015, de 6 de febrero, de la Generalitat, de hacienda pública, del sector público instrumental y de subvenciones: ámbito de aplicación y organización del sector público de la Generalitat","Ley 1/2015, de 6 de febrero, de Hacienda Pública, del Sector Público Instrumental y de Subvenciones",8,JURIDICO
ESPECIAL,36,"La Ley 1/2015, de 6 de febrero, de la Generalitat, de hacienda pública, del sector público instrumental y de subvenciones: ámbito de aplicación y organización del sector público de la Generalitat","Ley 1/2015, de 6 de febrero, de Hacienda Pública, del Sector Público Instrumental y de Subvenciones",9,JURIDICO
ESPECIAL,36,"La Ley 1/2015, de 6 de febrero, de la Generalitat, de hacienda pública, del sector público instrumental y de subvenciones: ámbito de aplicación y organización del sector público de la Generalitat","Ley 1/2015, de 6 de febrero, de Hacienda Pública, del Sector Público Instrumental y de Subvenciones",10,JURIDICO
ESPECIAL,36,"La Ley 1/2015, de 6 de febrero, de la Generalitat, de hacienda pública, del sector público instrumental y de subvenciones: ámbito de aplicación y organización del sector público de la Generalitat","Ley 1/2015, de 6 de febrero, de Hacienda Pública, del Sector Público Instrumental y de Subvenciones",11,JURIDICO
ESPECIAL,36,"La Ley 1/2015, de 6 de febrero, de la Generalitat, de hacienda pública, del sector público instrumental y de subvenciones: ámbito de aplicación y organización del sector público de la Generalitat","Ley 1/2015, de 6 de febrero, de Hacienda Pública, del Sector Público Instrumental y de Subvenciones",12,JURIDICO
ESPECIAL,36,"La Ley 1/2015, de 6 de febrero, de la Generalitat, de hacienda pública, del sector público instrumental y de subvenciones: ámbito de aplicación y organización del sector público de la Generalitat","Ley 1/2015, de 6 de febrero, de Hacienda Pública, del Sector Público Instrumental y de Subvenciones",13,JURIDICO
ESPECIAL,36,"La Ley 1/2015, de 6 de febrero, de la Generalitat, de hacienda pública, del sector público instrumental y de subvenciones: ámbito de aplicación y organización del sector público de la Generalitat","Ley 1/2015, de 6 de febrero, de Hacienda Pública, del Sector Público Instrumental y de Subvenciones",14,JURIDICO
ESPECIAL,36,"La Ley 1/2015, de 6 de febrero, de la Generalitat, de hacienda pública, del sector público instrumental y de subvenciones: ámbito de aplicación y organización del sector público de la Generalitat","Ley 1/2015, de 6 de febrero, de Hacienda Pública, del Sector Público Instrumental y de Subvenciones",15,JURIDICO
ESPECIAL,36,"La Ley 1/2015, de 6 de febrero, de la Generalitat, de hacienda pública, del sector público instrumental y de subvenciones: ámbito de aplicación y organización del sector público de la Generalitat","Ley 1/2015, de 6 de febrero, de Hacienda Pública, del Sector Público Instrumental y de Subvenciones",16,JURIDICO
ESPECIAL,36,"La Ley 1/2015, de 6 de febrero, de la Generalitat, de hacienda pública, del sector público instrumental y de subvenciones: ámbito de aplicación y organización del sector público de la Generalitat","Ley 1/2015, de 6 de febrero, de Hacienda Pública, del Sector Público Instrumental y de Subvenciones",17,JURIDICO
ESPECIAL,36,"La Ley 1/2015, de 6 de febrero, de la Generalitat, de hacienda pública, del sector público instrumental y de subvenciones: ámbito de aplicación y organización del sector público de la Generalitat","Ley 1/2015, de 6 de febrero, de Hacienda Pública, del Sector Público Instrumental y de Subvenciones",18,JURIDICO
ESPECIAL,36,"La Ley 1/2015, de 6 de febrero, de la Generalitat, de hacienda pública, del sector público instrumental y de subvenciones: ámbito de aplicación y organización del sector público de la Generalitat","Ley 1/2015, de 6 de febrero, de Hacienda Pública, del Sector Público Instrumental y de Subvenciones",19,JURIDICO
ESPECIAL,36,"La Ley 1/2015, de 6 de febrero, de la Generalitat, de hacienda pública, del sector público instrumental y de subvenciones: ámbito de aplicación y organización del sector público de la Generalitat","Ley 1/2015, de 6 de febrero, de Hacienda Pública, del Sector Público Instrumental y de Subvenciones",20,JURIDICO
ESPECIAL,36,"La Ley 1/2015, de 6 de febrero, de la Generalitat, de hacienda pública, del sector público instrumental y de subvenciones: ámbito de aplicación y organización del sector público de la Generalitat","Ley 1/2015, de 6 de febrero, de Hacienda Pública, del Sector Público Instrumental y de Subvenciones",21,JURIDICO
ESPECIAL,36,"La Ley 1/2015, de 6 de febrero, de la Generalitat, de hacienda pública, del sector público instrumental y de subvenciones: ámbito de aplicación y organización del sector público de la Generalitat","Ley 1/2015, de 6 de febrero, de Hacienda Pública, del Sector Público Instrumental y de Subvenciones",22,JURIDICO
ESPECIAL,36,"La Ley 1/2015, de 6 de febrero, de la Generalitat, de hacienda pública, del sector público instrumental y de subvenciones: ámbito de aplicación y organización del sector público de la Generalitat","Ley 1/2015, de 6 de febrero, de Hacienda Pública, del Sector Público Instrumental y de Subvenciones",23,JURIDICO
ESPECIAL,36,"La Ley 1/2015, de 6 de febrero, de la Generalitat, de hacienda pública, del sector público instrumental y de subvenciones: ámbito de aplicación y organización del sector público de la Generalitat","Ley 1/2015, de 6 de febrero, de Hacienda Pública, del Sector Público Instrumental y de Subvenciones",152,JURIDICO
ESPECIAL,36,"La Ley 1/2015, de 6 de febrero, de la Generalitat, de hacienda pública, del sector público instrumental y de subvenciones: ámbito de aplicación y organización del sector público de la Generalitat","Ley 1/2015, de 6 de febrero, de Hacienda Pública, del Sector Público Instrumental y de Subvenciones",153,JURIDICO
ESPECIAL,36,"La Ley 1/2015, de 6 de febrero, de la Generalitat, de hacienda pública, del sector público instrumental y de subvenciones: ámbito de aplicación y organización del sector público de la Generalitat","Ley 1/2015, de 6 de febrero, de Hacienda Pública, del Sector Público Instrumental y de Subvenciones",154,JURIDICO
ESPECIAL,36,"La Ley 1/2015, de 6 de febrero, de la Generalitat, de hacienda pública, del sector público instrumental y de subvenciones: ámbito de aplicación y organización del sector público de la Generalitat","Ley 1/2015, de 6 de febrero, de Hacienda Pública, del Sector Público Instrumental y de Subvenciones",155,JURIDICO
ESPECIAL,36,"La Ley 1/2015, de 6 de febrero, de la Generalitat, de hacienda pública, del sector público instrumental y de subvenciones: ámbito de aplicación y organización del sector público de la Generalitat","Ley 1/2015, de 6 de febrero, de Hacienda Pública, del Sector Público Instrumental y de Subvenciones",156,JURIDICO
ESPECIAL,36,"La Ley 1/2015, de 6 de febrero, de la Generalitat, de hacienda pública, del sector público instrumental y de subvenciones: ámbito de aplicación y organización del sector público de la Generalitat","Ley 1/2015, de 6 de febrero, de Hacienda Pública, del Sector Público Instrumental y de Subvenciones",157,JURIDICO
ESPECIAL,36,"La Ley 1/2015, de 6 de febrero, de la Generalitat, de hacienda pública, del sector público instrumental y de subvenciones: ámbito de aplicación y organización del sector público de la Generalitat","Ley 1/2015, de 6 de febrero, de Hacienda Pública, del Sector Público Instrumental y de Subvenciones",158,JURIDICO
ESPECIAL,37,El presupuesto de la Generalitat (I),"Ley 1/2015, de 6 de febrero, de Hacienda Pública, del Sector Público Instrumental y de Subvenciones",24,JURIDICO
ESPECIAL,37,El presupuesto de la Generalitat (I),"Ley 1/2015, de 6 de febrero, de Hacienda Pública, del Sector Público Instrumental y de Subvenciones",25,JURIDICO
ESPECIAL,37,El presupuesto de la Generalitat (I),"Ley 1/2015, de 6 de febrero, de Hacienda Pública, del Sector Público Instrumental y de Subvenciones",26,JURIDICO
ESPECIAL,37,El presupuesto de la Generalitat (I),"Ley 1/2015, de 6 de febrero, de Hacienda Pública, del Sector Público Instrumental y de Subvenciones",27,JURIDICO
ESPECIAL,37,El presupuesto de la Generalitat (I),"Ley 1/2015, de 6 de febrero, de Hacienda Pública, del Sector Público Instrumental y de Subvenciones",28,JURIDICO
ESPECIAL,37,El presupuesto de la Generalitat (I),"Ley 1/2015, de 6 de febrero, de Hacienda Pública, del Sector Público Instrumental y de Subvenciones",29,JURIDICO
ESPECIAL,37,El presupuesto de la Generalitat (I),"Ley 1/2015, de 6 de febrero, de Hacienda Pública, del Sector Público Instrumental y de Subvenciones",30,JURIDICO
ESPECIAL,37,El presupuesto de la Generalitat (I),"Ley 1/2015, de 6 de febrero, de Hacienda Pública, del Sector Público Instrumental y de Subvenciones",31,JURIDICO
ESPECIAL,37,El presupuesto de la Generalitat (I),"Ley 1/2015, de 6 de febrero, de Hacienda Pública, del Sector Público Instrumental y de Subvenciones",32,JURIDICO
ESPECIAL,37,El presupuesto de la Generalitat (I),"Ley 1/2015, de 6 de febrero, de Hacienda Pública, del Sector Público Instrumental y de Subvenciones",33,JURIDICO
ESPECIAL,37,El presupuesto de la Generalitat (I),"Ley 1/2015, de 6 de febrero, de Hacienda Pública, del Sector Público Instrumental y de Subvenciones",34,JURIDICO
ESPECIAL,37,El presupuesto de la Generalitat (I),"Ley 1/2015, de 6 de febrero, de Hacienda Pública, del Sector Público Instrumental y de Subvenciones",35,JURIDICO
ESPECIAL,37,El presupuesto de la Generalitat (I),"Ley 1/2015, de 6 de febrero, de Hacienda Pública, del Sector Público Instrumental y de Subvenciones",36,JURIDICO
ESPECIAL,37,El presupuesto de la Generalitat (I),"Ley 1/2015, de 6 de febrero, de Hacienda Pública, del Sector Público Instrumental y de Subvenciones",37,JURIDICO
ESPECIAL,37,El presupuesto de la Generalitat (I),"Ley 1/2015, de 6 de febrero, de Hacienda Pública, del Sector Público Instrumental y de Subvenciones",38,JURIDICO
ESPECIAL,37,El presupuesto de la Generalitat (I),"Ley 1/2015, de 6 de febrero, de Hacienda Pública, del Sector Público Instrumental y de Subvenciones",56,JURIDICO
ESPECIAL,37,El presupuesto de la Generalitat (I),"Ley 1/2015, de 6 de febrero, de Hacienda Pública, del Sector Público Instrumental y de Subvenciones",57,JURIDICO
ESPECIAL,37,El presupuesto de la Generalitat (I),"Ley 1/2015, de 6 de febrero, de Hacienda Pública, del Sector Público Instrumental y de Subvenciones",58,JURIDICO
ESPECIAL,37,El presupuesto de la Generalitat (I),"Ley 1/2015, de 6 de febrero, de Hacienda Pública, del Sector Público Instrumental y de Subvenciones",59,JURIDICO
ESPECIAL,37,El presupuesto de la Generalitat (I),"Ley 1/2015, de 6 de febrero, de Hacienda Pública, del Sector Público Instrumental y de Subvenciones",60,JURIDICO
ESPECIAL,37,El presupuesto de la Generalitat (I),"Ley 1/2015, de 6 de febrero, de Hacienda Pública, del Sector Público Instrumental y de Subvenciones",61,JURIDICO
ESPECIAL,37,El presupuesto de la Generalitat (I),"Ley 1/2015, de 6 de febrero, de Hacienda Pública, del Sector Público Instrumental y de Subvenciones",62,JURIDICO
ESPECIAL,37,El presupuesto de la Generalitat (I),"Ley 1/2015, de 6 de febrero, de Hacienda Pública, del Sector Público Instrumental y de Subvenciones",63,JURIDICO
ESPECIAL,37,El presupuesto de la Generalitat (I),"Ley 1/2015, de 6 de febrero, de Hacienda Pública, del Sector Público Instrumental y de Subvenciones",64,JURIDICO
ESPECIAL,37,El presupuesto de la Generalitat (I),"Ley 1/2015, de 6 de febrero, de Hacienda Pública, del Sector Público Instrumental y de Subvenciones",65,JURIDICO
ESPECIAL,37,El presupuesto de la Generalitat (I),"Ley 1/2015, de 6 de febrero, de Hacienda Pública, del Sector Público Instrumental y de Subvenciones",66,JURIDICO
ESPECIAL,38,El presupuesto de la Generalitat (II),"Ley 1/2015, de 6 de febrero, de Hacienda Pública, del Sector Público Instrumental y de Subvenciones",39,JURIDICO
ESPECIAL,38,El presupuesto de la Generalitat (II),"Ley 1/2015, de 6 de febrero, de Hacienda Pública, del Sector Público Instrumental y de Subvenciones",40,JURIDICO
ESPECIAL,38,El presupuesto de la Generalitat (II),"Ley 1/2015, de 6 de febrero, de Hacienda Pública, del Sector Público Instrumental y de Subvenciones",41,JURIDICO
ESPECIAL,38,El presupuesto de la Generalitat (II),"Ley 1/2015, de 6 de febrero, de Hacienda Pública, del Sector Público Instrumental y de Subvenciones",42,JURIDICO
ESPECIAL,38,El presupuesto de la Generalitat (II),"Ley 1/2015, de 6 de febrero, de Hacienda Pública, del Sector Público Instrumental y de Subvenciones",43,JURIDICO
ESPECIAL,38,El presupuesto de la Generalitat (II),"Ley 1/2015, de 6 de febrero, de Hacienda Pública, del Sector Público Instrumental y de Subvenciones",44,JURIDICO
ESPECIAL,38,El presupuesto de la Generalitat (II),"Ley 1/2015, de 6 de febrero, de Hacienda Pública, del Sector Público Instrumental y de Subvenciones",45,JURIDICO
ESPECIAL,38,El presupuesto de la Generalitat (II),"Ley 1/2015, de 6 de febrero, de Hacienda Pública, del Sector Público Instrumental y de Subvenciones",46,JURIDICO
ESPECIAL,38,El presupuesto de la Generalitat (II),"Ley 1/2015, de 6 de febrero, de Hacienda Pública, del Sector Público Instrumental y de Subvenciones",47,JURIDICO
ESPECIAL,38,El presupuesto de la Generalitat (II),"Ley 1/2015, de 6 de febrero, de Hacienda Pública, del Sector Público Instrumental y de Subvenciones",48,JURIDICO
ESPECIAL,38,El presupuesto de la Generalitat (II),"Ley 1/2015, de 6 de febrero, de Hacienda Pública, del Sector Público Instrumental y de Subvenciones",49,JURIDICO
ESPECIAL,38,El presupuesto de la Generalitat (II),"Ley 1/2015, de 6 de febrero, de Hacienda Pública, del Sector Público Instrumental y de Subvenciones",50,JURIDICO
ESPECIAL,38,El presupuesto de la Generalitat (II),"Ley 1/2015, de 6 de febrero, de Hacienda Pública, del Sector Público Instrumental y de Subvenciones",51,JURIDICO
ESPECIAL,38,El presupuesto de la Generalitat (II),"Ley 1/2015, de 6 de febrero, de Hacienda Pública, del Sector Público Instrumental y de Subvenciones",52,JURIDICO
ESPECIAL,38,El presupuesto de la Generalitat (II),"Ley 1/2015, de 6 de febrero, de Hacienda Pública, del Sector Público Instrumental y de Subvenciones",53,JURIDICO
ESPECIAL,38,El presupuesto de la Generalitat (II),"Ley 1/2015, de 6 de febrero, de Hacienda Pública, del Sector Público Instrumental y de Subvenciones",54,JURIDICO
ESPECIAL,38,El presupuesto de la Generalitat (II),"Ley 1/2015, de 6 de febrero, de Hacienda Pública, del Sector Público Instrumental y de Subvenciones",55,JURIDICO
ESPECIAL,39,"El control interno de la gestión económico-financiera de la Generalitat efectuado por la Intervención General de la Generalitat: ámbito y objetivos, principios de actuación y prerrogativas, deberes y facultades del personal controlador, deber de colaboración y asistencia jurídica; planes anuales y elevación al Consell de informes generales","Ley 1/2015, de 6 de febrero, de Hacienda Pública, del Sector Público Instrumental y de Subvenciones",92,JURIDICO
ESPECIAL,39,"El control interno de la gestión económico-financiera de la Generalitat efectuado por la Intervención General de la Generalitat: ámbito y objetivos, principios de actuación y prerrogativas, deberes y facultades del personal controlador, deber de colaboración y asistencia jurídica; planes anuales y elevación al Consell de informes generales","Ley 1/2015, de 6 de febrero, de Hacienda Pública, del Sector Público Instrumental y de Subvenciones",93,JURIDICO
ESPECIAL,39,"El control interno de la gestión económico-financiera de la Generalitat efectuado por la Intervención General de la Generalitat: ámbito y objetivos, principios de actuación y prerrogativas, deberes y facultades del personal controlador, deber de colaboración y asistencia jurídica; planes anuales y elevación al Consell de informes generales","Ley 1/2015, de 6 de febrero, de Hacienda Pública, del Sector Público Instrumental y de Subvenciones",94,JURIDICO
ESPECIAL,39,"El control interno de la gestión económico-financiera de la Generalitat efectuado por la Intervención General de la Generalitat: ámbito y objetivos, principios de actuación y prerrogativas, deberes y facultades del personal controlador, deber de colaboración y asistencia jurídica; planes anuales y elevación al Consell de informes generales","Ley 1/2015, de 6 de febrero, de Hacienda Pública, del Sector Público Instrumental y de Subvenciones",95,JURIDICO
ESPECIAL,39,"El control interno de la gestión económico-financiera de la Generalitat efectuado por la Intervención General de la Generalitat: ámbito y objetivos, principios de actuación y prerrogativas, deberes y facultades del personal controlador, deber de colaboración y asistencia jurídica; planes anuales y elevación al Consell de informes generales","Ley 1/2015, de 6 de febrero, de Hacienda Pública, del Sector Público Instrumental y de Subvenciones",96,JURIDICO
ESPECIAL,39,"El control interno de la gestión económico-financiera de la Generalitat efectuado por la Intervención General de la Generalitat: ámbito y objetivos, principios de actuación y prerrogativas, deberes y facultades del personal controlador, deber de colaboración y asistencia jurídica; planes anuales y elevación al Consell de informes generales","Ley 1/2015, de 6 de febrero, de Hacienda Pública, del Sector Público Instrumental y de Subvenciones",97,JURIDICO
ESPECIAL,39,"El control interno de la gestión económico-financiera de la Generalitat efectuado por la Intervención General de la Generalitat: ámbito y objetivos, principios de actuación y prerrogativas, deberes y facultades del personal controlador, deber de colaboración y asistencia jurídica; planes anuales y elevación al Consell de informes generales","Ley 1/2015, de 6 de febrero, de Hacienda Pública, del Sector Público Instrumental y de Subvenciones",98,JURIDICO
ESPECIAL,39,"El control interno de la gestión económico-financiera de la Generalitat efectuado por la Intervención General de la Generalitat: ámbito y objetivos, principios de actuación y prerrogativas, deberes y facultades del personal controlador, deber de colaboración y asistencia jurídica; planes anuales y elevación al Consell de informes generales","Ley 1/2015, de 6 de febrero, de Hacienda Pública, del Sector Público Instrumental y de Subvenciones",99,JURIDICO
ESPECIAL,39,"El control interno de la gestión económico-financiera de la Generalitat efectuado por la Intervención General de la Generalitat: ámbito y objetivos, principios de actuación y prerrogativas, deberes y facultades del personal controlador, deber de colaboración y asistencia jurídica; planes anuales y elevación al Consell de informes generales","Ley 1/2015, de 6 de febrero, de Hacienda Pública, del Sector Público Instrumental y de Subvenciones",100,JURIDICO
ESPECIAL,39,"El control interno de la gestión económico-financiera de la Generalitat efectuado por la Intervención General de la Generalitat: ámbito y objetivos, principios de actuación y prerrogativas, deberes y facultades del personal controlador, deber de colaboración y asistencia jurídica; planes anuales y elevación al Consell de informes generales","Ley 1/2015, de 6 de febrero, de Hacienda Pública, del Sector Público Instrumental y de Subvenciones",101,JURIDICO
ESPECIAL,39,"El control interno de la gestión económico-financiera de la Generalitat efectuado por la Intervención General de la Generalitat: ámbito y objetivos, principios de actuación y prerrogativas, deberes y facultades del personal controlador, deber de colaboración y asistencia jurídica; planes anuales y elevación al Consell de informes generales","Ley 1/2015, de 6 de febrero, de Hacienda Pública, del Sector Público Instrumental y de Subvenciones",102,JURIDICO
ESPECIAL,39,"El control interno de la gestión económico-financiera de la Generalitat efectuado por la Intervención General de la Generalitat: ámbito y objetivos, principios de actuación y prerrogativas, deberes y facultades del personal controlador, deber de colaboración y asistencia jurídica; planes anuales y elevación al Consell de informes generales","Ley 1/2015, de 6 de febrero, de Hacienda Pública, del Sector Público Instrumental y de Subvenciones",103,JURIDICO
ESPECIAL,39,"El control interno de la gestión económico-financiera de la Generalitat efectuado por la Intervención General de la Generalitat: ámbito y objetivos, principios de actuación y prerrogativas, deberes y facultades del personal controlador, deber de colaboración y asistencia jurídica; planes anuales y elevación al Consell de informes generales","Ley 1/2015, de 6 de febrero, de Hacienda Pública, del Sector Público Instrumental y de Subvenciones",104,JURIDICO
ESPECIAL,39,"El control interno de la gestión económico-financiera de la Generalitat efectuado por la Intervención General de la Generalitat: ámbito y objetivos, principios de actuación y prerrogativas, deberes y facultades del personal controlador, deber de colaboración y asistencia jurídica; planes anuales y elevación al Consell de informes generales","Ley 1/2015, de 6 de febrero, de Hacienda Pública, del Sector Público Instrumental y de Subvenciones",105,JURIDICO
ESPECIAL,39,"El control interno de la gestión económico-financiera de la Generalitat efectuado por la Intervención General de la Generalitat: ámbito y objetivos, principios de actuación y prerrogativas, deberes y facultades del personal controlador, deber de colaboración y asistencia jurídica; planes anuales y elevación al Consell de informes generales","Ley 1/2015, de 6 de febrero, de Hacienda Pública, del Sector Público Instrumental y de Subvenciones",106,JURIDICO
ESPECIAL,39,"El control interno de la gestión económico-financiera de la Generalitat efectuado por la Intervención General de la Generalitat: ámbito y objetivos, principios de actuación y prerrogativas, deberes y facultades del personal controlador, deber de colaboración y asistencia jurídica; planes anuales y elevación al Consell de informes generales","Ley 1/2015, de 6 de febrero, de Hacienda Pública, del Sector Público Instrumental y de Subvenciones",107,JURIDICO
ESPECIAL,39,"El control interno de la gestión económico-financiera de la Generalitat efectuado por la Intervención General de la Generalitat: ámbito y objetivos, principios de actuación y prerrogativas, deberes y facultades del personal controlador, deber de colaboración y asistencia jurídica; planes anuales y elevación al Consell de informes generales","Ley 1/2015, de 6 de febrero, de Hacienda Pública, del Sector Público Instrumental y de Subvenciones",108,JURIDICO
ESPECIAL,39,"El control interno de la gestión económico-financiera de la Generalitat efectuado por la Intervención General de la Generalitat: ámbito y objetivos, principios de actuación y prerrogativas, deberes y facultades del personal controlador, deber de colaboración y asistencia jurídica; planes anuales y elevación al Consell de informes generales","Ley 1/2015, de 6 de febrero, de Hacienda Pública, del Sector Público Instrumental y de Subvenciones",109,JURIDICO
ESPECIAL,39,"El control interno de la gestión económico-financiera de la Generalitat efectuado por la Intervención General de la Generalitat: ámbito y objetivos, principios de actuación y prerrogativas, deberes y facultades del personal controlador, deber de colaboración y asistencia jurídica; planes anuales y elevación al Consell de informes generales","Ley 1/2015, de 6 de febrero, de Hacienda Pública, del Sector Público Instrumental y de Subvenciones",110,JURIDICO
ESPECIAL,39,"El control interno de la gestión económico-financiera de la Generalitat efectuado por la Intervención General de la Generalitat: ámbito y objetivos, principios de actuación y prerrogativas, deberes y facultades del personal controlador, deber de colaboración y asistencia jurídica; planes anuales y elevación al Consell de informes generales","Ley 1/2015, de 6 de febrero, de Hacienda Pública, del Sector Público Instrumental y de Subvenciones",111,JURIDICO
ESPECIAL,39,"El control interno de la gestión económico-financiera de la Generalitat efectuado por la Intervención General de la Generalitat: ámbito y objetivos, principios de actuación y prerrogativas, deberes y facultades del personal controlador, deber de colaboración y asistencia jurídica; planes anuales y elevación al Consell de informes generales","Ley 1/2015, de 6 de febrero, de Hacienda Pública, del Sector Público Instrumental y de Subvenciones",112,JURIDICO
ESPECIAL,39,"El control interno de la gestión económico-financiera de la Generalitat efectuado por la Intervención General de la Generalitat: ámbito y objetivos, principios de actuación y prerrogativas, deberes y facultades del personal controlador, deber de colaboración y asistencia jurídica; planes anuales y elevación al Consell de informes generales","Ley 1/2015, de 6 de febrero, de Hacienda Pública, del Sector Público Instrumental y de Subvenciones",113,JURIDICO
ESPECIAL,39,"El control interno de la gestión económico-financiera de la Generalitat efectuado por la Intervención General de la Generalitat: ámbito y objetivos, principios de actuación y prerrogativas, deberes y facultades del personal controlador, deber de colaboración y asistencia jurídica; planes anuales y elevación al Consell de informes generales","Ley 1/2015, de 6 de febrero, de Hacienda Pública, del Sector Público Instrumental y de Subvenciones",114,JURIDICO
ESPECIAL,39,"El control interno de la gestión económico-financiera de la Generalitat efectuado por la Intervención General de la Generalitat: ámbito y objetivos, principios de actuación y prerrogativas, deberes y facultades del personal controlador, deber de colaboración y asistencia jurídica; planes anuales y elevación al Consell de informes generales","Ley 1/2015, de 6 de febrero, de Hacienda Pública, del Sector Público Instrumental y de Subvenciones",115,JURIDICO
ESPECIAL,39,"El control interno de la gestión económico-financiera de la Generalitat efectuado por la Intervención General de la Generalitat: ámbito y objetivos, principios de actuación y prerrogativas, deberes y facultades del personal controlador, deber de colaboración y asistencia jurídica; planes anuales y elevación al Consell de informes generales","Ley 1/2015, de 6 de febrero, de Hacienda Pública, del Sector Público Instrumental y de Subvenciones",116,JURIDICO
ESPECIAL,39,"El control interno de la gestión económico-financiera de la Generalitat efectuado por la Intervención General de la Generalitat: ámbito y objetivos, principios de actuación y prerrogativas, deberes y facultades del personal controlador, deber de colaboración y asistencia jurídica; planes anuales y elevación al Consell de informes generales","Ley 1/2015, de 6 de febrero, de Hacienda Pública, del Sector Público Instrumental y de Subvenciones",117,JURIDICO
ESPECIAL,39,"El control interno de la gestión económico-financiera de la Generalitat efectuado por la Intervención General de la Generalitat: ámbito y objetivos, principios de actuación y prerrogativas, deberes y facultades del personal controlador, deber de colaboración y asistencia jurídica; planes anuales y elevación al Consell de informes generales","Ley 1/2015, de 6 de febrero, de Hacienda Pública, del Sector Público Instrumental y de Subvenciones",118,JURIDICO
ESPECIAL,39,"El control interno de la gestión económico-financiera de la Generalitat efectuado por la Intervención General de la Generalitat: ámbito y objetivos, principios de actuación y prerrogativas, deberes y facultades del personal controlador, deber de colaboración y asistencia jurídica; planes anuales y elevación al Consell de informes generales","Ley 1/2015, de 6 de febrero, de Hacienda Pública, del Sector Público Instrumental y de Subvenciones",119,JURIDICO
ESPECIAL,39,"El control interno de la gestión económico-financiera de la Generalitat efectuado por la Intervención General de la Generalitat: ámbito y objetivos, principios de actuación y prerrogativas, deberes y facultades del personal controlador, deber de colaboración y asistencia jurídica; planes anuales y elevación al Consell de informes generales","Ley 1/2015, de 6 de febrero, de Hacienda Pública, del Sector Público Instrumental y de Subvenciones",120,JURIDICO
ESPECIAL,39,"El control interno de la gestión económico-financiera de la Generalitat efectuado por la Intervención General de la Generalitat: ámbito y objetivos, principios de actuación y prerrogativas, deberes y facultades del personal controlador, deber de colaboración y asistencia jurídica; planes anuales y elevación al Consell de informes generales","Ley 1/2015, de 6 de febrero, de Hacienda Pública, del Sector Público Instrumental y de Subvenciones",121,JURIDICO
ESPECIAL,39,"El control interno de la gestión económico-financiera de la Generalitat efectuado por la Intervención General de la Generalitat: ámbito y objetivos, principios de actuación y prerrogativas, deberes y facultades del personal controlador, deber de colaboración y asistencia jurídica; planes anuales y elevación al Consell de informes generales","Ley 1/2015, de 6 de febrero, de Hacienda Pública, del Sector Público Instrumental y de Subvenciones",122,JURIDICO
ESPECIAL,39,"El control interno de la gestión económico-financiera de la Generalitat efectuado por la Intervención General de la Generalitat: ámbito y objetivos, principios de actuación y prerrogativas, deberes y facultades del personal controlador, deber de colaboración y asistencia jurídica; planes anuales y elevación al Consell de informes generales","Ley 1/2015, de 6 de febrero, de Hacienda Pública, del Sector Público Instrumental y de Subvenciones",123,JURIDICO
ESPECIAL,39,"El control interno de la gestión económico-financiera de la Generalitat efectuado por la Intervención General de la Generalitat: ámbito y objetivos, principios de actuación y prerrogativas, deberes y facultades del personal controlador, deber de colaboración y asistencia jurídica; planes anuales y elevación al Consell de informes generales","Ley 1/2015, de 6 de febrero, de Hacienda Pública, del Sector Público Instrumental y de Subvenciones",123 bis,JURIDICO
ESPECIAL,39,"El control interno de la gestión económico-financiera de la Generalitat efectuado por la Intervención General de la Generalitat: ámbito y objetivos, principios de actuación y prerrogativas, deberes y facultades del personal controlador, deber de colaboración y asistencia jurídica; planes anuales y elevación al Consell de informes generales","Ley 1/2015, de 6 de febrero, de Hacienda Pública, del Sector Público Instrumental y de Subvenciones",123 quinquies,JURIDICO
ESPECIAL,39,"El control interno de la gestión económico-financiera de la Generalitat efectuado por la Intervención General de la Generalitat: ámbito y objetivos, principios de actuación y prerrogativas, deberes y facultades del personal controlador, deber de colaboración y asistencia jurídica; planes anuales y elevación al Consell de informes generales","Ley 1/2015, de 6 de febrero, de Hacienda Pública, del Sector Público Instrumental y de Subvenciones",123 quáter,JURIDICO
ESPECIAL,39,"El control interno de la gestión económico-financiera de la Generalitat efectuado por la Intervención General de la Generalitat: ámbito y objetivos, principios de actuación y prerrogativas, deberes y facultades del personal controlador, deber de colaboración y asistencia jurídica; planes anuales y elevación al Consell de informes generales","Ley 1/2015, de 6 de febrero, de Hacienda Pública, del Sector Público Instrumental y de Subvenciones",123 ter,JURIDICO
ESPECIAL,40,Características del ordenamiento jurídico de la Unión Europea,Tratado de Funcionamiento de la Unión Europea,288,JURIDICO
ESPECIAL,40,Características del ordenamiento jurídico de la Unión Europea,Tratado de Funcionamiento de la Unión Europea,289,JURIDICO
ESPECIAL,40,Características del ordenamiento jurídico de la Unión Europea,Tratado de Funcionamiento de la Unión Europea,290,JURIDICO
ESPECIAL,40,Características del ordenamiento jurídico de la Unión Europea,Tratado de Funcionamiento de la Unión Europea,291,JURIDICO
ESPECIAL,40,Características del ordenamiento jurídico de la Unión Europea,Tratado de Funcionamiento de la Unión Europea,292,JURIDICO
ESPECIAL,40,Características del ordenamiento jurídico de la Unión Europea,Tratado de Funcionamiento de la Unión Europea,293,JURIDICO
ESPECIAL,40,Características del ordenamiento jurídico de la Unión Europea,Tratado de Funcionamiento de la Unión Europea,294,JURIDICO
ESPECIAL,40,Características del ordenamiento jurídico de la Unión Europea,Tratado de Funcionamiento de la Unión Europea,295,JURIDICO
ESPECIAL,40,Características del ordenamiento jurídico de la Unión Europea,Tratado de Funcionamiento de la Unión Europea,296,JURIDICO
ESPECIAL,40,Características del ordenamiento jurídico de la Unión Europea,Tratado de Funcionamiento de la Unión Europea,297,JURIDICO
ESPECIAL,40,Características del ordenamiento jurídico de la Unión Europea,Tratado de Funcionamiento de la Unión Europea,298,JURIDICO
ESPECIAL,40,Características del ordenamiento jurídico de la Unión Europea,Tratado de Funcionamiento de la Unión Europea,299,JURIDICO
ESPECIAL,40,Características del ordenamiento jurídico de la Unión Europea,Tratado de la Unión Europea,48,JURIDICO
ESPECIAL,41,Derechos fundamentales y ciudadanía de la Unión,Carta de los Derechos Fundamentales de la Unión Europea,39,JURIDICO
ESPECIAL,41,Derechos fundamentales y ciudadanía de la Unión,Carta de los Derechos Fundamentales de la Unión Europea,40,JURIDICO
ESPECIAL,41,Derechos fundamentales y ciudadanía de la Unión,Carta de los Derechos Fundamentales de la Unión Europea,42,JURIDICO
ESPECIAL,41,Derechos fundamentales y ciudadanía de la Unión,Carta de los Derechos Fundamentales de la Unión Europea,43,JURIDICO
ESPECIAL,41,Derechos fundamentales y ciudadanía de la Unión,Carta de los Derechos Fundamentales de la Unión Europea,44,JURIDICO
ESPECIAL,41,Derechos fundamentales y ciudadanía de la Unión,Carta de los Derechos Fundamentales de la Unión Europea,45,JURIDICO
ESPECIAL,41,Derechos fundamentales y ciudadanía de la Unión,Carta de los Derechos Fundamentales de la Unión Europea,46,JURIDICO
ESPECIAL,41,Derechos fundamentales y ciudadanía de la Unión,Tratado de Funcionamiento de la Unión Europea,20,JURIDICO
ESPECIAL,41,Derechos fundamentales y ciudadanía de la Unión,Tratado de Funcionamiento de la Unión Europea,21,JURIDICO
ESPECIAL,41,Derechos fundamentales y ciudadanía de la Unión,Tratado de Funcionamiento de la Unión Europea,22,JURIDICO
ESPECIAL,41,Derechos fundamentales y ciudadanía de la Unión,Tratado de Funcionamiento de la Unión Europea,23,JURIDICO
ESPECIAL,41,Derechos fundamentales y ciudadanía de la Unión,Tratado de Funcionamiento de la Unión Europea,24,JURIDICO
ESPECIAL,41,Derechos fundamentales y ciudadanía de la Unión,Tratado de Funcionamiento de la Unión Europea,25,JURIDICO
ESPECIAL,41,Derechos fundamentales y ciudadanía de la Unión,Tratado de Funcionamiento de la Unión Europea,26,JURIDICO
ESPECIAL,41,Derechos fundamentales y ciudadanía de la Unión,Tratado de Funcionamiento de la Unión Europea,27,JURIDICO
ESPECIAL,41,Derechos fundamentales y ciudadanía de la Unión,Tratado de Funcionamiento de la Unión Europea,28,JURIDICO
ESPECIAL,41,Derechos fundamentales y ciudadanía de la Unión,Tratado de Funcionamiento de la Unión Europea,29,JURIDICO
ESPECIAL,41,Derechos fundamentales y ciudadanía de la Unión,Tratado de Funcionamiento de la Unión Europea,30,JURIDICO
ESPECIAL,41,Derechos fundamentales y ciudadanía de la Unión,Tratado de Funcionamiento de la Unión Europea,31,JURIDICO
ESPECIAL,41,Derechos fundamentales y ciudadanía de la Unión,Tratado de Funcionamiento de la Unión Europea,32,JURIDICO
ESPECIAL,41,Derechos fundamentales y ciudadanía de la Unión,Tratado de Funcionamiento de la Unión Europea,33,JURIDICO
ESPECIAL,41,Derechos fundamentales y ciudadanía de la Unión,Tratado de Funcionamiento de la Unión Europea,34,JURIDICO
ESPECIAL,41,Derechos fundamentales y ciudadanía de la Unión,Tratado de Funcionamiento de la Unión Europea,35,JURIDICO
ESPECIAL,41,Derechos fundamentales y ciudadanía de la Unión,Tratado de Funcionamiento de la Unión Europea,36,JURIDICO
ESPECIAL,41,Derechos fundamentales y ciudadanía de la Unión,Tratado de Funcionamiento de la Unión Europea,37,JURIDICO
ESPECIAL,41,Derechos fundamentales y ciudadanía de la Unión,Tratado de Funcionamiento de la Unión Europea,45,JURIDICO
ESPECIAL,41,Derechos fundamentales y ciudadanía de la Unión,Tratado de Funcionamiento de la Unión Europea,46,JURIDICO
ESPECIAL,41,Derechos fundamentales y ciudadanía de la Unión,Tratado de Funcionamiento de la Unión Europea,47,JURIDICO
ESPECIAL,41,Derechos fundamentales y ciudadanía de la Unión,Tratado de Funcionamiento de la Unión Europea,48,JURIDICO
ESPECIAL,41,Derechos fundamentales y ciudadanía de la Unión,Tratado de Funcionamiento de la Unión Europea,49,JURIDICO
ESPECIAL,41,Derechos fundamentales y ciudadanía de la Unión,Tratado de Funcionamiento de la Unión Europea,50,JURIDICO
ESPECIAL,41,Derechos fundamentales y ciudadanía de la Unión,Tratado de Funcionamiento de la Unión Europea,51,JURIDICO
ESPECIAL,41,Derechos fundamentales y ciudadanía de la Unión,Tratado de Funcionamiento de la Unión Europea,52,JURIDICO
ESPECIAL,41,Derechos fundamentales y ciudadanía de la Unión,Tratado de Funcionamiento de la Unión Europea,53,JURIDICO
ESPECIAL,41,Derechos fundamentales y ciudadanía de la Unión,Tratado de Funcionamiento de la Unión Europea,54,JURIDICO
ESPECIAL,41,Derechos fundamentales y ciudadanía de la Unión,Tratado de Funcionamiento de la Unión Europea,55,JURIDICO
ESPECIAL,41,Derechos fundamentales y ciudadanía de la Unión,Tratado de Funcionamiento de la Unión Europea,56,JURIDICO
ESPECIAL,41,Derechos fundamentales y ciudadanía de la Unión,Tratado de Funcionamiento de la Unión Europea,57,JURIDICO
ESPECIAL,41,Derechos fundamentales y ciudadanía de la Unión,Tratado de Funcionamiento de la Unión Europea,58,JURIDICO
ESPECIAL,41,Derechos fundamentales y ciudadanía de la Unión,Tratado de Funcionamiento de la Unión Europea,59,JURIDICO
ESPECIAL,41,Derechos fundamentales y ciudadanía de la Unión,Tratado de Funcionamiento de la Unión Europea,60,JURIDICO
ESPECIAL,41,Derechos fundamentales y ciudadanía de la Unión,Tratado de Funcionamiento de la Unión Europea,61,JURIDICO
ESPECIAL,41,Derechos fundamentales y ciudadanía de la Unión,Tratado de Funcionamiento de la Unión Europea,62,JURIDICO
ESPECIAL,41,Derechos fundamentales y ciudadanía de la Unión,Tratado de Funcionamiento de la Unión Europea,63,JURIDICO
ESPECIAL,41,Derechos fundamentales y ciudadanía de la Unión,Tratado de Funcionamiento de la Unión Europea,64,JURIDICO
ESPECIAL,41,Derechos fundamentales y ciudadanía de la Unión,Tratado de Funcionamiento de la Unión Europea,65,JURIDICO
ESPECIAL,41,Derechos fundamentales y ciudadanía de la Unión,Tratado de Funcionamiento de la Unión Europea,66,JURIDICO
ESPECIAL,41,Derechos fundamentales y ciudadanía de la Unión,Tratado de Funcionamiento de la Unión Europea,67,JURIDICO
ESPECIAL,41,Derechos fundamentales y ciudadanía de la Unión,Tratado de Funcionamiento de la Unión Europea,68,JURIDICO
ESPECIAL,41,Derechos fundamentales y ciudadanía de la Unión,Tratado de Funcionamiento de la Unión Europea,69,JURIDICO
ESPECIAL,41,Derechos fundamentales y ciudadanía de la Unión,Tratado de Funcionamiento de la Unión Europea,70,JURIDICO
ESPECIAL,41,Derechos fundamentales y ciudadanía de la Unión,Tratado de Funcionamiento de la Unión Europea,71,JURIDICO
ESPECIAL,41,Derechos fundamentales y ciudadanía de la Unión,Tratado de Funcionamiento de la Unión Europea,72,JURIDICO
ESPECIAL,41,Derechos fundamentales y ciudadanía de la Unión,Tratado de Funcionamiento de la Unión Europea,73,JURIDICO
ESPECIAL,41,Derechos fundamentales y ciudadanía de la Unión,Tratado de Funcionamiento de la Unión Europea,74,JURIDICO
ESPECIAL,41,Derechos fundamentales y ciudadanía de la Unión,Tratado de Funcionamiento de la Unión Europea,75,JURIDICO
ESPECIAL,41,Derechos fundamentales y ciudadanía de la Unión,Tratado de Funcionamiento de la Unión Europea,76,JURIDICO
ESPECIAL,41,Derechos fundamentales y ciudadanía de la Unión,Tratado de Funcionamiento de la Unión Europea,77,JURIDICO
ESPECIAL,41,Derechos fundamentales y ciudadanía de la Unión,Tratado de Funcionamiento de la Unión Europea,78,JURIDICO
ESPECIAL,41,Derechos fundamentales y ciudadanía de la Unión,Tratado de Funcionamiento de la Unión Europea,79,JURIDICO
ESPECIAL,41,Derechos fundamentales y ciudadanía de la Unión,Tratado de Funcionamiento de la Unión Europea,80,JURIDICO
ESPECIAL,41,Derechos fundamentales y ciudadanía de la Unión,Tratado de Funcionamiento de la Unión Europea,81,JURIDICO
ESPECIAL,41,Derechos fundamentales y ciudadanía de la Unión,Tratado de Funcionamiento de la Unión Europea,82,JURIDICO
ESPECIAL,41,Derechos fundamentales y ciudadanía de la Unión,Tratado de Funcionamiento de la Unión Europea,83,JURIDICO
ESPECIAL,41,Derechos fundamentales y ciudadanía de la Unión,Tratado de Funcionamiento de la Unión Europea,84,JURIDICO
ESPECIAL,41,Derechos fundamentales y ciudadanía de la Unión,Tratado de Funcionamiento de la Unión Europea,85,JURIDICO
ESPECIAL,41,Derechos fundamentales y ciudadanía de la Unión,Tratado de Funcionamiento de la Unión Europea,86,JURIDICO
ESPECIAL,41,Derechos fundamentales y ciudadanía de la Unión,Tratado de Funcionamiento de la Unión Europea,87,JURIDICO
ESPECIAL,41,Derechos fundamentales y ciudadanía de la Unión,Tratado de Funcionamiento de la Unión Europea,88,JURIDICO
ESPECIAL,41,Derechos fundamentales y ciudadanía de la Unión,Tratado de Funcionamiento de la Unión Europea,89,JURIDICO
ESPECIAL,41,Derechos fundamentales y ciudadanía de la Unión,Tratado de Funcionamiento de la Unión Europea,101,JURIDICO
ESPECIAL,41,Derechos fundamentales y ciudadanía de la Unión,Tratado de Funcionamiento de la Unión Europea,102,JURIDICO
ESPECIAL,41,Derechos fundamentales y ciudadanía de la Unión,Tratado de Funcionamiento de la Unión Europea,103,JURIDICO
ESPECIAL,41,Derechos fundamentales y ciudadanía de la Unión,Tratado de Funcionamiento de la Unión Europea,104,JURIDICO
ESPECIAL,41,Derechos fundamentales y ciudadanía de la Unión,Tratado de Funcionamiento de la Unión Europea,105,JURIDICO
ESPECIAL,41,Derechos fundamentales y ciudadanía de la Unión,Tratado de Funcionamiento de la Unión Europea,106,JURIDICO
ESPECIAL,41,Derechos fundamentales y ciudadanía de la Unión,Tratado de Funcionamiento de la Unión Europea,107,JURIDICO
ESPECIAL,41,Derechos fundamentales y ciudadanía de la Unión,Tratado de Funcionamiento de la Unión Europea,108,JURIDICO
ESPECIAL,41,Derechos fundamentales y ciudadanía de la Unión,Tratado de Funcionamiento de la Unión Europea,109,JURIDICO
ESPECIAL,41,Derechos fundamentales y ciudadanía de la Unión,Tratado de la Unión Europea,12,JURIDICO
ESPECIAL,42,Derecho de la Unión Europea,"Ley 10/2009, de 20 de noviembre, de creación del Comité Valenciano para los Asuntos Europeos",1,JURIDICO
ESPECIAL,42,Derecho de la Unión Europea,"Ley 10/2009, de 20 de noviembre, de creación del Comité Valenciano para los Asuntos Europeos",2,JURIDICO
ESPECIAL,42,Derecho de la Unión Europea,"Ley 10/2009, de 20 de noviembre, de creación del Comité Valenciano para los Asuntos Europeos",3,JURIDICO
ESPECIAL,42,Derecho de la Unión Europea,"Ley 10/2009, de 20 de noviembre, de creación del Comité Valenciano para los Asuntos Europeos",4,JURIDICO
ESPECIAL,42,Derecho de la Unión Europea,"Ley 10/2009, de 20 de noviembre, de creación del Comité Valenciano para los Asuntos Europeos",5,JURIDICO
ESPECIAL,42,Derecho de la Unión Europea,"Ley 10/2009, de 20 de noviembre, de creación del Comité Valenciano para los Asuntos Europeos",6,JURIDICO
ESPECIAL,42,Derecho de la Unión Europea,"Ley 10/2009, de 20 de noviembre, de creación del Comité Valenciano para los Asuntos Europeos",7,JURIDICO
ESPECIAL,42,Derecho de la Unión Europea,"Ley 10/2009, de 20 de noviembre, de creación del Comité Valenciano para los Asuntos Europeos",8,JURIDICO
ESPECIAL,42,Derecho de la Unión Europea,"Ley 10/2009, de 20 de noviembre, de creación del Comité Valenciano para los Asuntos Europeos",9,JURIDICO
ESPECIAL,42,Derecho de la Unión Europea,"Ley 10/2009, de 20 de noviembre, de creación del Comité Valenciano para los Asuntos Europeos",10,JURIDICO
ESPECIAL,42,Derecho de la Unión Europea,"Ley 10/2009, de 20 de noviembre, de creación del Comité Valenciano para los Asuntos Europeos",11,JURIDICO
ESPECIAL,42,Derecho de la Unión Europea,"Ley 10/2009, de 20 de noviembre, de creación del Comité Valenciano para los Asuntos Europeos",12,JURIDICO
ESPECIAL,42,Derecho de la Unión Europea,"Ley 2/1997, de 13 de marzo, por la que se regula la Conferencia para Asuntos Relacionados con las Comunidades Europeas",1,JURIDICO
ESPECIAL,42,Derecho de la Unión Europea,"Ley 2/1997, de 13 de marzo, por la que se regula la Conferencia para Asuntos Relacionados con las Comunidades Europeas",2,JURIDICO
ESPECIAL,42,Derecho de la Unión Europea,"Ley 2/1997, de 13 de marzo, por la que se regula la Conferencia para Asuntos Relacionados con las Comunidades Europeas",3,JURIDICO
ESPECIAL,42,Derecho de la Unión Europea,"Ley 2/1997, de 13 de marzo, por la que se regula la Conferencia para Asuntos Relacionados con las Comunidades Europeas",4,JURIDICO
ESPECIAL,43,"Las competencias de la Generalitat en materia de prestación social, servicios sociales, dependencia, discapacidad, familias, infancia y adolescencia, adopciones, juventud, mujer, migración y voluntariado","Ley 3/2019, de 18 de febrero, de servicios sociales inclusivos de la Comunitat Valenciana",1,JURIDICO
ESPECIAL,43,"Las competencias de la Generalitat en materia de prestación social, servicios sociales, dependencia, discapacidad, familias, infancia y adolescencia, adopciones, juventud, mujer, migración y voluntariado","Ley 3/2019, de 18 de febrero, de servicios sociales inclusivos de la Comunitat Valenciana",2,JURIDICO
ESPECIAL,43,"Las competencias de la Generalitat en materia de prestación social, servicios sociales, dependencia, discapacidad, familias, infancia y adolescencia, adopciones, juventud, mujer, migración y voluntariado","Ley 3/2019, de 18 de febrero, de servicios sociales inclusivos de la Comunitat Valenciana",3,JURIDICO
ESPECIAL,43,"Las competencias de la Generalitat en materia de prestación social, servicios sociales, dependencia, discapacidad, familias, infancia y adolescencia, adopciones, juventud, mujer, migración y voluntariado","Ley 3/2019, de 18 de febrero, de servicios sociales inclusivos de la Comunitat Valenciana",4,JURIDICO
ESPECIAL,43,"Las competencias de la Generalitat en materia de prestación social, servicios sociales, dependencia, discapacidad, familias, infancia y adolescencia, adopciones, juventud, mujer, migración y voluntariado","Ley 3/2019, de 18 de febrero, de servicios sociales inclusivos de la Comunitat Valenciana",5,JURIDICO
ESPECIAL,43,"Las competencias de la Generalitat en materia de prestación social, servicios sociales, dependencia, discapacidad, familias, infancia y adolescencia, adopciones, juventud, mujer, migración y voluntariado","Ley 3/2019, de 18 de febrero, de servicios sociales inclusivos de la Comunitat Valenciana",6,JURIDICO
ESPECIAL,43,"Las competencias de la Generalitat en materia de prestación social, servicios sociales, dependencia, discapacidad, familias, infancia y adolescencia, adopciones, juventud, mujer, migración y voluntariado","Ley 3/2019, de 18 de febrero, de servicios sociales inclusivos de la Comunitat Valenciana",28,JURIDICO
ESPECIAL,43,"Las competencias de la Generalitat en materia de prestación social, servicios sociales, dependencia, discapacidad, familias, infancia y adolescencia, adopciones, juventud, mujer, migración y voluntariado","Ley 11/2003, de 10 de abril, sobre el Estatuto de las Personas con Discapacidad",1,JURIDICO
ESPECIAL,43,"Las competencias de la Generalitat en materia de prestación social, servicios sociales, dependencia, discapacidad, familias, infancia y adolescencia, adopciones, juventud, mujer, migración y voluntariado","Ley 11/2003, de 10 de abril, sobre el Estatuto de las Personas con Discapacidad",2,JURIDICO
ESPECIAL,43,"Las competencias de la Generalitat en materia de prestación social, servicios sociales, dependencia, discapacidad, familias, infancia y adolescencia, adopciones, juventud, mujer, migración y voluntariado","Ley 11/2003, de 10 de abril, sobre el Estatuto de las Personas con Discapacidad",3,JURIDICO
ESPECIAL,43,"Las competencias de la Generalitat en materia de prestación social, servicios sociales, dependencia, discapacidad, familias, infancia y adolescencia, adopciones, juventud, mujer, migración y voluntariado","Ley 11/2003, de 10 de abril, sobre el Estatuto de las Personas con Discapacidad",4,JURIDICO
ESPECIAL,43,"Las competencias de la Generalitat en materia de prestación social, servicios sociales, dependencia, discapacidad, familias, infancia y adolescencia, adopciones, juventud, mujer, migración y voluntariado","Ley 11/2003, de 10 de abril, sobre el Estatuto de las Personas con Discapacidad",5,JURIDICO
ESPECIAL,43,"Las competencias de la Generalitat en materia de prestación social, servicios sociales, dependencia, discapacidad, familias, infancia y adolescencia, adopciones, juventud, mujer, migración y voluntariado","Ley 26/2018, de 21 de diciembre, de derechos y garantías de la infancia y la adolescencia",1,JURIDICO
ESPECIAL,43,"Las competencias de la Generalitat en materia de prestación social, servicios sociales, dependencia, discapacidad, familias, infancia y adolescencia, adopciones, juventud, mujer, migración y voluntariado","Ley 26/2018, de 21 de diciembre, de derechos y garantías de la infancia y la adolescencia",2,JURIDICO
ESPECIAL,43,"Las competencias de la Generalitat en materia de prestación social, servicios sociales, dependencia, discapacidad, familias, infancia y adolescencia, adopciones, juventud, mujer, migración y voluntariado","Ley 26/2018, de 21 de diciembre, de derechos y garantías de la infancia y la adolescencia",3,JURIDICO
ESPECIAL,43,"Las competencias de la Generalitat en materia de prestación social, servicios sociales, dependencia, discapacidad, familias, infancia y adolescencia, adopciones, juventud, mujer, migración y voluntariado","Ley 26/2018, de 21 de diciembre, de derechos y garantías de la infancia y la adolescencia",4,JURIDICO
ESPECIAL,43,"Las competencias de la Generalitat en materia de prestación social, servicios sociales, dependencia, discapacidad, familias, infancia y adolescencia, adopciones, juventud, mujer, migración y voluntariado","Ley 26/2018, de 21 de diciembre, de derechos y garantías de la infancia y la adolescencia",5,JURIDICO
ESPECIAL,43,"Las competencias de la Generalitat en materia de prestación social, servicios sociales, dependencia, discapacidad, familias, infancia y adolescencia, adopciones, juventud, mujer, migración y voluntariado","Ley 26/2018, de 21 de diciembre, de derechos y garantías de la infancia y la adolescencia",168,JURIDICO
ESPECIAL,43,"Las competencias de la Generalitat en materia de prestación social, servicios sociales, dependencia, discapacidad, familias, infancia y adolescencia, adopciones, juventud, mujer, migración y voluntariado","Ley 15/2017, de 10 de noviembre, de políticas integrales de juventud",1,JURIDICO
ESPECIAL,43,"Las competencias de la Generalitat en materia de prestación social, servicios sociales, dependencia, discapacidad, familias, infancia y adolescencia, adopciones, juventud, mujer, migración y voluntariado","Ley 15/2017, de 10 de noviembre, de políticas integrales de juventud",2,JURIDICO
ESPECIAL,43,"Las competencias de la Generalitat en materia de prestación social, servicios sociales, dependencia, discapacidad, familias, infancia y adolescencia, adopciones, juventud, mujer, migración y voluntariado","Ley 15/2017, de 10 de noviembre, de políticas integrales de juventud",3,JURIDICO
ESPECIAL,43,"Las competencias de la Generalitat en materia de prestación social, servicios sociales, dependencia, discapacidad, familias, infancia y adolescencia, adopciones, juventud, mujer, migración y voluntariado","Ley 15/2017, de 10 de noviembre, de políticas integrales de juventud",4,JURIDICO
ESPECIAL,43,"Las competencias de la Generalitat en materia de prestación social, servicios sociales, dependencia, discapacidad, familias, infancia y adolescencia, adopciones, juventud, mujer, migración y voluntariado","Ley 15/2017, de 10 de noviembre, de políticas integrales de juventud",5,JURIDICO
ESPECIAL,43,"Las competencias de la Generalitat en materia de prestación social, servicios sociales, dependencia, discapacidad, familias, infancia y adolescencia, adopciones, juventud, mujer, migración y voluntariado","Ley 15/2017, de 10 de noviembre, de políticas integrales de juventud",32,JURIDICO
ESPECIAL,43,"Las competencias de la Generalitat en materia de prestación social, servicios sociales, dependencia, discapacidad, familias, infancia y adolescencia, adopciones, juventud, mujer, migración y voluntariado","Ley 15/2017, de 10 de noviembre, de políticas integrales de juventud",33,JURIDICO
ESPECIAL,43,"Las competencias de la Generalitat en materia de prestación social, servicios sociales, dependencia, discapacidad, familias, infancia y adolescencia, adopciones, juventud, mujer, migración y voluntariado","Ley 15/2017, de 10 de noviembre, de políticas integrales de juventud",34,JURIDICO
ESPECIAL,44,"Las competencias de la Generalitat en materia de Régimen Local, Justicia, Interior, Espectáculos, Protección Civil, Emergencias y Administración Pública","Ley 8/2010, de 23 de junio, de régimen local de la Comunitat Valenciana",1,JURIDICO
ESPECIAL,44,"Las competencias de la Generalitat en materia de Régimen Local, Justicia, Interior, Espectáculos, Protección Civil, Emergencias y Administración Pública","Ley 8/2010, de 23 de junio, de régimen local de la Comunitat Valenciana",2,JURIDICO
ESPECIAL,44,"Las competencias de la Generalitat en materia de Régimen Local, Justicia, Interior, Espectáculos, Protección Civil, Emergencias y Administración Pública","Ley 8/2010, de 23 de junio, de régimen local de la Comunitat Valenciana",3,JURIDICO
ESPECIAL,44,"Las competencias de la Generalitat en materia de Régimen Local, Justicia, Interior, Espectáculos, Protección Civil, Emergencias y Administración Pública","Ley 8/2010, de 23 de junio, de régimen local de la Comunitat Valenciana",4,JURIDICO
ESPECIAL,44,"Las competencias de la Generalitat en materia de Régimen Local, Justicia, Interior, Espectáculos, Protección Civil, Emergencias y Administración Pública","Ley 17/2017, de 13 de diciembre, de coordinación de policías locales de la Comunitat Valenciana",1,JURIDICO
ESPECIAL,44,"Las competencias de la Generalitat en materia de Régimen Local, Justicia, Interior, Espectáculos, Protección Civil, Emergencias y Administración Pública","Ley 17/2017, de 13 de diciembre, de coordinación de policías locales de la Comunitat Valenciana",2,JURIDICO
ESPECIAL,44,"Las competencias de la Generalitat en materia de Régimen Local, Justicia, Interior, Espectáculos, Protección Civil, Emergencias y Administración Pública","Ley 17/2017, de 13 de diciembre, de coordinación de policías locales de la Comunitat Valenciana",3,JURIDICO
ESPECIAL,44,"Las competencias de la Generalitat en materia de Régimen Local, Justicia, Interior, Espectáculos, Protección Civil, Emergencias y Administración Pública","Ley 17/2017, de 13 de diciembre, de coordinación de policías locales de la Comunitat Valenciana",4,JURIDICO
ESPECIAL,44,"Las competencias de la Generalitat en materia de Régimen Local, Justicia, Interior, Espectáculos, Protección Civil, Emergencias y Administración Pública","Ley 17/2017, de 13 de diciembre, de coordinación de policías locales de la Comunitat Valenciana",5,JURIDICO
ESPECIAL,44,"Las competencias de la Generalitat en materia de Régimen Local, Justicia, Interior, Espectáculos, Protección Civil, Emergencias y Administración Pública","Ley 17/2017, de 13 de diciembre, de coordinación de policías locales de la Comunitat Valenciana",6,JURIDICO
ESPECIAL,44,"Las competencias de la Generalitat en materia de Régimen Local, Justicia, Interior, Espectáculos, Protección Civil, Emergencias y Administración Pública","Ley 13/2010, de 23 de noviembre, de Protección Civil y Gestión de Emergencias",1,JURIDICO
ESPECIAL,44,"Las competencias de la Generalitat en materia de Régimen Local, Justicia, Interior, Espectáculos, Protección Civil, Emergencias y Administración Pública","Ley 13/2010, de 23 de noviembre, de Protección Civil y Gestión de Emergencias",2,JURIDICO
ESPECIAL,44,"Las competencias de la Generalitat en materia de Régimen Local, Justicia, Interior, Espectáculos, Protección Civil, Emergencias y Administración Pública","Ley 13/2010, de 23 de noviembre, de Protección Civil y Gestión de Emergencias",3,JURIDICO
ESPECIAL,44,"Las competencias de la Generalitat en materia de Régimen Local, Justicia, Interior, Espectáculos, Protección Civil, Emergencias y Administración Pública","Ley 13/2010, de 23 de noviembre, de Protección Civil y Gestión de Emergencias",4,JURIDICO
ESPECIAL,44,"Las competencias de la Generalitat en materia de Régimen Local, Justicia, Interior, Espectáculos, Protección Civil, Emergencias y Administración Pública","Ley 13/2010, de 23 de noviembre, de Protección Civil y Gestión de Emergencias",5,JURIDICO
ESPECIAL,44,"Las competencias de la Generalitat en materia de Régimen Local, Justicia, Interior, Espectáculos, Protección Civil, Emergencias y Administración Pública","Ley 13/2010, de 23 de noviembre, de Protección Civil y Gestión de Emergencias",10,JURIDICO
ESPECIAL,44,"Las competencias de la Generalitat en materia de Régimen Local, Justicia, Interior, Espectáculos, Protección Civil, Emergencias y Administración Pública","Ley 13/2010, de 23 de noviembre, de Protección Civil y Gestión de Emergencias",11,JURIDICO
ESPECIAL,44,"Las competencias de la Generalitat en materia de Régimen Local, Justicia, Interior, Espectáculos, Protección Civil, Emergencias y Administración Pública","Ley 13/2010, de 23 de noviembre, de Protección Civil y Gestión de Emergencias",12,JURIDICO
ESPECIAL,44,"Las competencias de la Generalitat en materia de Régimen Local, Justicia, Interior, Espectáculos, Protección Civil, Emergencias y Administración Pública","Ley 13/2010, de 23 de noviembre, de Protección Civil y Gestión de Emergencias",13,JURIDICO
ESPECIAL,44,"Las competencias de la Generalitat en materia de Régimen Local, Justicia, Interior, Espectáculos, Protección Civil, Emergencias y Administración Pública","Ley 14/2010, de 3 de diciembre, de espectáculos públicos, actividades recreativas y establecimientos públicos",1,JURIDICO
ESPECIAL,44,"Las competencias de la Generalitat en materia de Régimen Local, Justicia, Interior, Espectáculos, Protección Civil, Emergencias y Administración Pública","Ley 14/2010, de 3 de diciembre, de espectáculos públicos, actividades recreativas y establecimientos públicos",2,JURIDICO
ESPECIAL,44,"Las competencias de la Generalitat en materia de Régimen Local, Justicia, Interior, Espectáculos, Protección Civil, Emergencias y Administración Pública","Ley 14/2010, de 3 de diciembre, de espectáculos públicos, actividades recreativas y establecimientos públicos",3,JURIDICO
ESPECIAL,44,"Las competencias de la Generalitat en materia de Régimen Local, Justicia, Interior, Espectáculos, Protección Civil, Emergencias y Administración Pública","Ley 14/2010, de 3 de diciembre, de espectáculos públicos, actividades recreativas y establecimientos públicos",4,JURIDICO
ESPECIAL,44,"Las competencias de la Generalitat en materia de Régimen Local, Justicia, Interior, Espectáculos, Protección Civil, Emergencias y Administración Pública","Ley 14/2010, de 3 de diciembre, de espectáculos públicos, actividades recreativas y establecimientos públicos",5,JURIDICO
ESPECIAL,44,"Las competencias de la Generalitat en materia de Régimen Local, Justicia, Interior, Espectáculos, Protección Civil, Emergencias y Administración Pública","Ley 14/2010, de 3 de diciembre, de espectáculos públicos, actividades recreativas y establecimientos públicos",6,JURIDICO
ESPECIAL,44,"Las competencias de la Generalitat en materia de Régimen Local, Justicia, Interior, Espectáculos, Protección Civil, Emergencias y Administración Pública","Ley 14/2010, de 3 de diciembre, de espectáculos públicos, actividades recreativas y establecimientos públicos",7,JURIDICO
ESPECIAL,45,"Las competencias de la Generalitat en materia de educación, formación profesional reglada, política lingüística, universidades, ciencia, I+D+i","Ley Orgánica 2/2006, de 3 de mayo, de Educación",1,JURIDICO
ESPECIAL,45,"Las competencias de la Generalitat en materia de educación, formación profesional reglada, política lingüística, universidades, ciencia, I+D+i","Ley Orgánica 2/2006, de 3 de mayo, de Educación",2,JURIDICO
ESPECIAL,45,"Las competencias de la Generalitat en materia de educación, formación profesional reglada, política lingüística, universidades, ciencia, I+D+i","Ley Orgánica 2/2006, de 3 de mayo, de Educación",3,JURIDICO
ESPECIAL,45,"Las competencias de la Generalitat en materia de educación, formación profesional reglada, política lingüística, universidades, ciencia, I+D+i","Ley 1/2024, de 27 de junio, por la que se regula la libertad educativa",1,JURIDICO
ESPECIAL,45,"Las competencias de la Generalitat en materia de educación, formación profesional reglada, política lingüística, universidades, ciencia, I+D+i","Ley 1/2024, de 27 de junio, por la que se regula la libertad educativa",2,JURIDICO
ESPECIAL,45,"Las competencias de la Generalitat en materia de educación, formación profesional reglada, política lingüística, universidades, ciencia, I+D+i","Ley 1/2024, de 27 de junio, por la que se regula la libertad educativa",3,JURIDICO
ESPECIAL,45,"Las competencias de la Generalitat en materia de educación, formación profesional reglada, política lingüística, universidades, ciencia, I+D+i","Ley 4/2007, de 9 de febrero, de coordinación del Sistema Universitario Valenciano",1,JURIDICO
ESPECIAL,45,"Las competencias de la Generalitat en materia de educación, formación profesional reglada, política lingüística, universidades, ciencia, I+D+i","Ley 4/2007, de 9 de febrero, de coordinación del Sistema Universitario Valenciano",2,JURIDICO
ESPECIAL,45,"Las competencias de la Generalitat en materia de educación, formación profesional reglada, política lingüística, universidades, ciencia, I+D+i","Ley 4/2007, de 9 de febrero, de coordinación del Sistema Universitario Valenciano",3,JURIDICO
ESPECIAL,45,"Las competencias de la Generalitat en materia de educación, formación profesional reglada, política lingüística, universidades, ciencia, I+D+i","Ley 2/2009, de 14 de abril, de coordinación del sistema valenciano de investigación científica y desarrollo tecnológico",1,JURIDICO
ESPECIAL,45,"Las competencias de la Generalitat en materia de educación, formación profesional reglada, política lingüística, universidades, ciencia, I+D+i","Ley 2/2009, de 14 de abril, de coordinación del sistema valenciano de investigación científica y desarrollo tecnológico",2,JURIDICO
ESPECIAL,45,"Las competencias de la Generalitat en materia de educación, formación profesional reglada, política lingüística, universidades, ciencia, I+D+i","Ley 2/2009, de 14 de abril, de coordinación del sistema valenciano de investigación científica y desarrollo tecnológico",3,JURIDICO
ESPECIAL,46,"Las competencias de la Generalitat en materia de sanidad, salud pública, farmacia","Ley 10/2014, de 29 de diciembre, de Salud de la Comunitat Valenciana",1,JURIDICO
ESPECIAL,46,"Las competencias de la Generalitat en materia de sanidad, salud pública, farmacia","Ley 10/2014, de 29 de diciembre, de Salud de la Comunitat Valenciana",2,JURIDICO
ESPECIAL,46,"Las competencias de la Generalitat en materia de sanidad, salud pública, farmacia","Ley 10/2014, de 29 de diciembre, de Salud de la Comunitat Valenciana",3,JURIDICO
ESPECIAL,46,"Las competencias de la Generalitat en materia de sanidad, salud pública, farmacia","Ley 10/2014, de 29 de diciembre, de Salud de la Comunitat Valenciana",5,JURIDICO
ESPECIAL,46,"Las competencias de la Generalitat en materia de sanidad, salud pública, farmacia","Ley 6/1998, de 22 de junio, de Ordenación Farmacéutica de la Comunitat Valenciana",1,JURIDICO
ESPECIAL,46,"Las competencias de la Generalitat en materia de sanidad, salud pública, farmacia","Ley 6/1998, de 22 de junio, de Ordenación Farmacéutica de la Comunitat Valenciana",2,JURIDICO
ESPECIAL,46,"Las competencias de la Generalitat en materia de sanidad, salud pública, farmacia","Ley 6/1998, de 22 de junio, de Ordenación Farmacéutica de la Comunitat Valenciana",5,JURIDICO
ESPECIAL,47,"Las competencias de la Generalitat en materia de economía social, fomento del empleo, formación profesional ocupacional y continua, intermediación en el mercado laboral","Ley 5/2011, de 29 de marzo, de Economía Social",1,JURIDICO
ESPECIAL,47,"Las competencias de la Generalitat en materia de economía social, fomento del empleo, formación profesional ocupacional y continua, intermediación en el mercado laboral","Ley 5/2011, de 29 de marzo, de Economía Social",2,JURIDICO
ESPECIAL,47,"Las competencias de la Generalitat en materia de economía social, fomento del empleo, formación profesional ocupacional y continua, intermediación en el mercado laboral","Ley 5/2011, de 29 de marzo, de Economía Social",4,JURIDICO
ESPECIAL,47,"Las competencias de la Generalitat en materia de economía social, fomento del empleo, formación profesional ocupacional y continua, intermediación en el mercado laboral","Ley 5/2011, de 29 de marzo, de Economía Social",5,JURIDICO
ESPECIAL,47,"Las competencias de la Generalitat en materia de economía social, fomento del empleo, formación profesional ocupacional y continua, intermediación en el mercado laboral","Ley 3/2000, de 17 de abril, por la que se crea el Servicio Valenciano de Empleo y Formación",1,JURIDICO
ESPECIAL,47,"Las competencias de la Generalitat en materia de economía social, fomento del empleo, formación profesional ocupacional y continua, intermediación en el mercado laboral","Ley 3/2000, de 17 de abril, por la que se crea el Servicio Valenciano de Empleo y Formación",2,JURIDICO
ESPECIAL,48,"Las competencias de la Generalitat en materia de industria, energía, sectores productivos, comercio interior y exterior, turismo, ferias sectoriales y actividades promocionales, artesanía y consumo","Ley 3/2011, de 23 de marzo, de comercio de la Comunitat Valenciana",1,JURIDICO
ESPECIAL,48,"Las competencias de la Generalitat en materia de industria, energía, sectores productivos, comercio interior y exterior, turismo, ferias sectoriales y actividades promocionales, artesanía y consumo","Ley 3/2011, de 23 de marzo, de comercio de la Comunitat Valenciana",2,JURIDICO
ESPECIAL,48,"Las competencias de la Generalitat en materia de industria, energía, sectores productivos, comercio interior y exterior, turismo, ferias sectoriales y actividades promocionales, artesanía y consumo","Ley 15/2018, de 7 de junio, de turismo, ocio y hospitalidad de la Comunitat Valenciana",1,JURIDICO
ESPECIAL,48,"Las competencias de la Generalitat en materia de industria, energía, sectores productivos, comercio interior y exterior, turismo, ferias sectoriales y actividades promocionales, artesanía y consumo","Ley 15/2018, de 7 de junio, de turismo, ocio y hospitalidad de la Comunitat Valenciana",7,JURIDICO
ESPECIAL,48,"Las competencias de la Generalitat en materia de industria, energía, sectores productivos, comercio interior y exterior, turismo, ferias sectoriales y actividades promocionales, artesanía y consumo","Ley 1/2011, de 22 de marzo, por la que se aprueba el Estatuto de los Consumidores y Usuarios de la Comunitat Valenciana",1,JURIDICO
ESPECIAL,49,"Las competencias de la Generalitat en materia de agricultura, ganadería, pesca, alimentación, desarrollo rural, política agraria común","Ley 5/2019, de 28 de febrero, de estructuras agrarias de la Comunitat Valenciana",1,JURIDICO
ESPECIAL,49,"Las competencias de la Generalitat en materia de agricultura, ganadería, pesca, alimentación, desarrollo rural, política agraria común","Ley 5/2019, de 28 de febrero, de estructuras agrarias de la Comunitat Valenciana",2,JURIDICO
ESPECIAL,49,"Las competencias de la Generalitat en materia de agricultura, ganadería, pesca, alimentación, desarrollo rural, política agraria común","Ley 5/2017, de 10 de febrero, de pesca marítima y acuicultura de la Comunitat Valenciana",1,JURIDICO
ESPECIAL,49,"Las competencias de la Generalitat en materia de agricultura, ganadería, pesca, alimentación, desarrollo rural, política agraria común","Ley 5/2017, de 10 de febrero, de pesca marítima y acuicultura de la Comunitat Valenciana",3,JURIDICO
ESPECIAL,49,"Las competencias de la Generalitat en materia de agricultura, ganadería, pesca, alimentación, desarrollo rural, política agraria común","Ley 5/2017, de 10 de febrero, de pesca marítima y acuicultura de la Comunitat Valenciana",4,JURIDICO
ESPECIAL,50,"Las competencias de la Generalitat en materia de medio ambiente, montes, recursos hídricos, cambio climático y prevención de incendios","Ley 6/2022, de 5 de diciembre, del cambio climático y la transición ecológica de la Comunitat Valenciana",1,JURIDICO
ESPECIAL,50,"Las competencias de la Generalitat en materia de medio ambiente, montes, recursos hídricos, cambio climático y prevención de incendios","Ley 6/2022, de 5 de diciembre, del cambio climático y la transición ecológica de la Comunitat Valenciana",2,JURIDICO
ESPECIAL,50,"Las competencias de la Generalitat en materia de medio ambiente, montes, recursos hídricos, cambio climático y prevención de incendios","Ley 6/2022, de 5 de diciembre, del cambio climático y la transición ecológica de la Comunitat Valenciana",3,JURIDICO
ESPECIAL,50,"Las competencias de la Generalitat en materia de medio ambiente, montes, recursos hídricos, cambio climático y prevención de incendios","Ley 3/1993, de 9 de diciembre, Forestal de la Comunitat Valenciana",1,JURIDICO
ESPECIAL,50,"Las competencias de la Generalitat en materia de medio ambiente, montes, recursos hídricos, cambio climático y prevención de incendios","Ley 3/1993, de 9 de diciembre, Forestal de la Comunitat Valenciana",2,JURIDICO
ESPECIAL,50,"Las competencias de la Generalitat en materia de medio ambiente, montes, recursos hídricos, cambio climático y prevención de incendios","Ley 3/1993, de 9 de diciembre, Forestal de la Comunitat Valenciana",3,JURIDICO
ESPECIAL,50,"Las competencias de la Generalitat en materia de medio ambiente, montes, recursos hídricos, cambio climático y prevención de incendios","Ley 3/1993, de 9 de diciembre, Forestal de la Comunitat Valenciana",55,JURIDICO
ESPECIAL,51,"Las competencias de la Generalitat en materia de ordenación del territorio y del litoral, urbanismo, obras públicas, vivienda, transportes, puertos, costas y aeropuertos","Decreto Legislativo 1/2021, de 18 de junio, del Consell, texto refundido de la Ley de ordenación del territorio, urbanismo y paisaje",1,JURIDICO
ESPECIAL,51,"Las competencias de la Generalitat en materia de ordenación del territorio y del litoral, urbanismo, obras públicas, vivienda, transportes, puertos, costas y aeropuertos","Decreto Legislativo 1/2021, de 18 de junio, del Consell, texto refundido de la Ley de ordenación del territorio, urbanismo y paisaje",2,JURIDICO
ESPECIAL,51,"Las competencias de la Generalitat en materia de ordenación del territorio y del litoral, urbanismo, obras públicas, vivienda, transportes, puertos, costas y aeropuertos","Ley 6/2011, de 1 de abril, de Movilidad de la Comunitat Valenciana",1,JURIDICO
ESPECIAL,51,"Las competencias de la Generalitat en materia de ordenación del territorio y del litoral, urbanismo, obras públicas, vivienda, transportes, puertos, costas y aeropuertos","Ley 6/2011, de 1 de abril, de Movilidad de la Comunitat Valenciana",2,JURIDICO
ESPECIAL,51,"Las competencias de la Generalitat en materia de ordenación del territorio y del litoral, urbanismo, obras públicas, vivienda, transportes, puertos, costas y aeropuertos","Ley 6/2011, de 1 de abril, de Movilidad de la Comunitat Valenciana",3,JURIDICO
ESPECIAL,51,"Las competencias de la Generalitat en materia de ordenación del territorio y del litoral, urbanismo, obras públicas, vivienda, transportes, puertos, costas y aeropuertos","Ley 8/2004, de 20 de octubre, de la Vivienda de la Comunitat Valenciana",1,JURIDICO
ESPECIAL,52,"Las competencias de la Generalitat en materia de cultura. El patrimonio histórico. Normativa aplicable en la Comunitat Valenciana en materia de patrimonio cultural valenciano, archivos, bibliotecas y deporte","Ley 4/1998, de 11 de junio, del Patrimonio Cultural Valenciano",1,JURIDICO
ESPECIAL,52,"Las competencias de la Generalitat en materia de cultura. El patrimonio histórico. Normativa aplicable en la Comunitat Valenciana en materia de patrimonio cultural valenciano, archivos, bibliotecas y deporte","Ley 4/1998, de 11 de junio, del Patrimonio Cultural Valenciano",2,JURIDICO
ESPECIAL,52,"Las competencias de la Generalitat en materia de cultura. El patrimonio histórico. Normativa aplicable en la Comunitat Valenciana en materia de patrimonio cultural valenciano, archivos, bibliotecas y deporte","Ley 3/2005, de 15 de junio, de Archivos",1,JURIDICO
ESPECIAL,52,"Las competencias de la Generalitat en materia de cultura. El patrimonio histórico. Normativa aplicable en la Comunitat Valenciana en materia de patrimonio cultural valenciano, archivos, bibliotecas y deporte","Ley 3/2005, de 15 de junio, de Archivos",2,JURIDICO
ESPECIAL,52,"Las competencias de la Generalitat en materia de cultura. El patrimonio histórico. Normativa aplicable en la Comunitat Valenciana en materia de patrimonio cultural valenciano, archivos, bibliotecas y deporte","Ley 4/2011, de 23 de marzo, de Bibliotecas de la Comunitat Valenciana",1,JURIDICO
ESPECIAL,52,"Las competencias de la Generalitat en materia de cultura. El patrimonio histórico. Normativa aplicable en la Comunitat Valenciana en materia de patrimonio cultural valenciano, archivos, bibliotecas y deporte","Ley 2/2011, de 22 de marzo, del Deporte y la Actividad Física de la Comunitat Valenciana",1,JURIDICO
ESPECIAL,52,"Las competencias de la Generalitat en materia de cultura. El patrimonio histórico. Normativa aplicable en la Comunitat Valenciana en materia de patrimonio cultural valenciano, archivos, bibliotecas y deporte","Ley 2/2011, de 22 de marzo, del Deporte y la Actividad Física de la Comunitat Valenciana",5,JURIDICO
ESPECIAL,53,Gobierno abierto: principios,Carta de los Derechos Fundamentales de la Unión Europea,41,JURIDICO
ESPECIAL,53,Gobierno abierto: principios,"Ley 25/2018, de 10 de diciembre, reguladora de la actividad de los grupos de interés de la Comunitat Valenciana",1,JURIDICO
ESPECIAL,53,Gobierno abierto: principios,"Ley 25/2018, de 10 de diciembre, reguladora de la actividad de los grupos de interés de la Comunitat Valenciana",2,JURIDICO
ESPECIAL,53,Gobierno abierto: principios,"Ley 25/2018, de 10 de diciembre, reguladora de la actividad de los grupos de interés de la Comunitat Valenciana",3,JURIDICO
ESPECIAL,53,Gobierno abierto: principios,"Ley 25/2018, de 10 de diciembre, reguladora de la actividad de los grupos de interés de la Comunitat Valenciana",4,JURIDICO
ESPECIAL,53,Gobierno abierto: principios,"Ley 25/2018, de 10 de diciembre, reguladora de la actividad de los grupos de interés de la Comunitat Valenciana",5,JURIDICO
ESPECIAL,53,Gobierno abierto: principios,"Ley 25/2018, de 10 de diciembre, reguladora de la actividad de los grupos de interés de la Comunitat Valenciana",6,JURIDICO
ESPECIAL,53,Gobierno abierto: principios,"Ley 25/2018, de 10 de diciembre, reguladora de la actividad de los grupos de interés de la Comunitat Valenciana",7,JURIDICO
ESPECIAL,53,Gobierno abierto: principios,"Ley 25/2018, de 10 de diciembre, reguladora de la actividad de los grupos de interés de la Comunitat Valenciana",8,JURIDICO
ESPECIAL,53,Gobierno abierto: principios,"Ley 25/2018, de 10 de diciembre, reguladora de la actividad de los grupos de interés de la Comunitat Valenciana",9,JURIDICO
ESPECIAL,53,Gobierno abierto: principios,"Ley 25/2018, de 10 de diciembre, reguladora de la actividad de los grupos de interés de la Comunitat Valenciana",10,JURIDICO
ESPECIAL,53,Gobierno abierto: principios,"Ley 25/2018, de 10 de diciembre, reguladora de la actividad de los grupos de interés de la Comunitat Valenciana",11,JURIDICO
ESPECIAL,53,Gobierno abierto: principios,"Ley 25/2018, de 10 de diciembre, reguladora de la actividad de los grupos de interés de la Comunitat Valenciana",12,JURIDICO
ESPECIAL,53,Gobierno abierto: principios,"Ley 25/2018, de 10 de diciembre, reguladora de la actividad de los grupos de interés de la Comunitat Valenciana",13,JURIDICO
ESPECIAL,53,Gobierno abierto: principios,"Ley 25/2018, de 10 de diciembre, reguladora de la actividad de los grupos de interés de la Comunitat Valenciana",14,JURIDICO
ESPECIAL,53,Gobierno abierto: principios,"Ley 25/2018, de 10 de diciembre, reguladora de la actividad de los grupos de interés de la Comunitat Valenciana",15,JURIDICO
ESPECIAL,53,Gobierno abierto: principios,"Ley 25/2018, de 10 de diciembre, reguladora de la actividad de los grupos de interés de la Comunitat Valenciana",16,JURIDICO
ESPECIAL,53,Gobierno abierto: principios,"Ley 25/2018, de 10 de diciembre, reguladora de la actividad de los grupos de interés de la Comunitat Valenciana",17,JURIDICO
ESPECIAL,53,Gobierno abierto: principios,"Ley 25/2018, de 10 de diciembre, reguladora de la actividad de los grupos de interés de la Comunitat Valenciana",18,JURIDICO
ESPECIAL,53,Gobierno abierto: principios,"Ley 25/2018, de 10 de diciembre, reguladora de la actividad de los grupos de interés de la Comunitat Valenciana",19,JURIDICO
ESPECIAL,53,Gobierno abierto: principios,"Ley 25/2018, de 10 de diciembre, reguladora de la actividad de los grupos de interés de la Comunitat Valenciana",20,JURIDICO
ESPECIAL,53,Gobierno abierto: principios,"Ley 25/2018, de 10 de diciembre, reguladora de la actividad de los grupos de interés de la Comunitat Valenciana",21,JURIDICO
ESPECIAL,53,Gobierno abierto: principios,"Ley 25/2018, de 10 de diciembre, reguladora de la actividad de los grupos de interés de la Comunitat Valenciana",22,JURIDICO
ESPECIAL,53,Gobierno abierto: principios,"Ley 25/2018, de 10 de diciembre, reguladora de la actividad de los grupos de interés de la Comunitat Valenciana",23,JURIDICO
ESPECIAL,53,Gobierno abierto: principios,"Ley 25/2018, de 10 de diciembre, reguladora de la actividad de los grupos de interés de la Comunitat Valenciana",24,JURIDICO
ESPECIAL,53,Gobierno abierto: principios,"Ley 25/2018, de 10 de diciembre, reguladora de la actividad de los grupos de interés de la Comunitat Valenciana",25,JURIDICO
ESPECIAL,53,Gobierno abierto: principios,"Ley 25/2018, de 10 de diciembre, reguladora de la actividad de los grupos de interés de la Comunitat Valenciana",26,JURIDICO
ESPECIAL,53,Gobierno abierto: principios,"Ley 25/2018, de 10 de diciembre, reguladora de la actividad de los grupos de interés de la Comunitat Valenciana",27,JURIDICO
ESPECIAL,53,Gobierno abierto: principios,"Ley 25/2018, de 10 de diciembre, reguladora de la actividad de los grupos de interés de la Comunitat Valenciana",28,JURIDICO
ESPECIAL,53,Gobierno abierto: principios,"Ley 25/2018, de 10 de diciembre, reguladora de la actividad de los grupos de interés de la Comunitat Valenciana",29,JURIDICO
ESPECIAL,53,Gobierno abierto: principios,"Ley 25/2018, de 10 de diciembre, reguladora de la actividad de los grupos de interés de la Comunitat Valenciana",30,JURIDICO
ESPECIAL,53,Gobierno abierto: principios,"Ley 25/2018, de 10 de diciembre, reguladora de la actividad de los grupos de interés de la Comunitat Valenciana",31,JURIDICO
ESPECIAL,53,Gobierno abierto: principios,"Ley 25/2018, de 10 de diciembre, reguladora de la actividad de los grupos de interés de la Comunitat Valenciana",32,JURIDICO
ESPECIAL,53,Gobierno abierto: principios,"Ley 25/2018, de 10 de diciembre, reguladora de la actividad de los grupos de interés de la Comunitat Valenciana",33,JURIDICO
ESPECIAL,53,Gobierno abierto: principios,"Ley 25/2018, de 10 de diciembre, reguladora de la actividad de los grupos de interés de la Comunitat Valenciana",34,JURIDICO
ESPECIAL,53,Gobierno abierto: principios,"Ley 4/2023, de 13 de abril, de Participación Ciudadana y Fomento del Asociacionismo de la Comunitat Valenciana",1,JURIDICO
ESPECIAL,53,Gobierno abierto: principios,"Ley 4/2023, de 13 de abril, de Participación Ciudadana y Fomento del Asociacionismo de la Comunitat Valenciana",2,JURIDICO
ESPECIAL,53,Gobierno abierto: principios,"Ley 4/2023, de 13 de abril, de Participación Ciudadana y Fomento del Asociacionismo de la Comunitat Valenciana",3,JURIDICO
ESPECIAL,53,Gobierno abierto: principios,"Ley 4/2023, de 13 de abril, de Participación Ciudadana y Fomento del Asociacionismo de la Comunitat Valenciana",4,JURIDICO
ESPECIAL,53,Gobierno abierto: principios,"Ley 4/2023, de 13 de abril, de Participación Ciudadana y Fomento del Asociacionismo de la Comunitat Valenciana",5,JURIDICO
ESPECIAL,53,Gobierno abierto: principios,"Ley 4/2023, de 13 de abril, de Participación Ciudadana y Fomento del Asociacionismo de la Comunitat Valenciana",6,JURIDICO
ESPECIAL,53,Gobierno abierto: principios,"Ley 4/2023, de 13 de abril, de Participación Ciudadana y Fomento del Asociacionismo de la Comunitat Valenciana",7,JURIDICO
ESPECIAL,53,Gobierno abierto: principios,"Ley 4/2023, de 13 de abril, de Participación Ciudadana y Fomento del Asociacionismo de la Comunitat Valenciana",8,JURIDICO
ESPECIAL,53,Gobierno abierto: principios,"Ley 4/2023, de 13 de abril, de Participación Ciudadana y Fomento del Asociacionismo de la Comunitat Valenciana",9,JURIDICO
ESPECIAL,53,Gobierno abierto: principios,"Ley 4/2023, de 13 de abril, de Participación Ciudadana y Fomento del Asociacionismo de la Comunitat Valenciana",10,JURIDICO
ESPECIAL,53,Gobierno abierto: principios,"Ley 4/2023, de 13 de abril, de Participación Ciudadana y Fomento del Asociacionismo de la Comunitat Valenciana",11,JURIDICO
ESPECIAL,53,Gobierno abierto: principios,"Ley 4/2023, de 13 de abril, de Participación Ciudadana y Fomento del Asociacionismo de la Comunitat Valenciana",12,JURIDICO
ESPECIAL,53,Gobierno abierto: principios,"Ley 4/2023, de 13 de abril, de Participación Ciudadana y Fomento del Asociacionismo de la Comunitat Valenciana",13,JURIDICO
ESPECIAL,53,Gobierno abierto: principios,"Ley 4/2023, de 13 de abril, de Participación Ciudadana y Fomento del Asociacionismo de la Comunitat Valenciana",14,JURIDICO
ESPECIAL,53,Gobierno abierto: principios,"Ley 4/2023, de 13 de abril, de Participación Ciudadana y Fomento del Asociacionismo de la Comunitat Valenciana",15,JURIDICO
ESPECIAL,53,Gobierno abierto: principios,"Ley 4/2023, de 13 de abril, de Participación Ciudadana y Fomento del Asociacionismo de la Comunitat Valenciana",16,JURIDICO
ESPECIAL,53,Gobierno abierto: principios,"Ley 4/2023, de 13 de abril, de Participación Ciudadana y Fomento del Asociacionismo de la Comunitat Valenciana",17,JURIDICO
ESPECIAL,53,Gobierno abierto: principios,"Ley 4/2023, de 13 de abril, de Participación Ciudadana y Fomento del Asociacionismo de la Comunitat Valenciana",18,JURIDICO
ESPECIAL,53,Gobierno abierto: principios,"Ley 4/2023, de 13 de abril, de Participación Ciudadana y Fomento del Asociacionismo de la Comunitat Valenciana",19,JURIDICO
ESPECIAL,53,Gobierno abierto: principios,"Ley 4/2023, de 13 de abril, de Participación Ciudadana y Fomento del Asociacionismo de la Comunitat Valenciana",20,JURIDICO
ESPECIAL,53,Gobierno abierto: principios,"Ley 4/2023, de 13 de abril, de Participación Ciudadana y Fomento del Asociacionismo de la Comunitat Valenciana",21,JURIDICO
ESPECIAL,53,Gobierno abierto: principios,"Ley 4/2023, de 13 de abril, de Participación Ciudadana y Fomento del Asociacionismo de la Comunitat Valenciana",22,JURIDICO
ESPECIAL,53,Gobierno abierto: principios,"Ley 4/2023, de 13 de abril, de Participación Ciudadana y Fomento del Asociacionismo de la Comunitat Valenciana",23,JURIDICO
ESPECIAL,53,Gobierno abierto: principios,"Ley 4/2023, de 13 de abril, de Participación Ciudadana y Fomento del Asociacionismo de la Comunitat Valenciana",24,JURIDICO
ESPECIAL,53,Gobierno abierto: principios,"Ley 4/2023, de 13 de abril, de Participación Ciudadana y Fomento del Asociacionismo de la Comunitat Valenciana",25,JURIDICO
ESPECIAL,53,Gobierno abierto: principios,"Ley 4/2023, de 13 de abril, de Participación Ciudadana y Fomento del Asociacionismo de la Comunitat Valenciana",26,JURIDICO
ESPECIAL,53,Gobierno abierto: principios,"Ley 4/2023, de 13 de abril, de Participación Ciudadana y Fomento del Asociacionismo de la Comunitat Valenciana",27,JURIDICO
ESPECIAL,53,Gobierno abierto: principios,"Ley 4/2023, de 13 de abril, de Participación Ciudadana y Fomento del Asociacionismo de la Comunitat Valenciana",28,JURIDICO
ESPECIAL,53,Gobierno abierto: principios,"Ley 4/2023, de 13 de abril, de Participación Ciudadana y Fomento del Asociacionismo de la Comunitat Valenciana",29,JURIDICO
ESPECIAL,53,Gobierno abierto: principios,"Ley 4/2023, de 13 de abril, de Participación Ciudadana y Fomento del Asociacionismo de la Comunitat Valenciana",30,JURIDICO
ESPECIAL,53,Gobierno abierto: principios,"Ley 4/2023, de 13 de abril, de Participación Ciudadana y Fomento del Asociacionismo de la Comunitat Valenciana",31,JURIDICO
ESPECIAL,53,Gobierno abierto: principios,"Ley 4/2023, de 13 de abril, de Participación Ciudadana y Fomento del Asociacionismo de la Comunitat Valenciana",32,JURIDICO
ESPECIAL,53,Gobierno abierto: principios,"Ley 4/2023, de 13 de abril, de Participación Ciudadana y Fomento del Asociacionismo de la Comunitat Valenciana",33,JURIDICO
ESPECIAL,53,Gobierno abierto: principios,"Ley 4/2023, de 13 de abril, de Participación Ciudadana y Fomento del Asociacionismo de la Comunitat Valenciana",34,JURIDICO
ESPECIAL,53,Gobierno abierto: principios,"Ley 4/2023, de 13 de abril, de Participación Ciudadana y Fomento del Asociacionismo de la Comunitat Valenciana",35,JURIDICO
ESPECIAL,53,Gobierno abierto: principios,"Ley 4/2023, de 13 de abril, de Participación Ciudadana y Fomento del Asociacionismo de la Comunitat Valenciana",36,JURIDICO
ESPECIAL,53,Gobierno abierto: principios,"Ley 4/2023, de 13 de abril, de Participación Ciudadana y Fomento del Asociacionismo de la Comunitat Valenciana",37,JURIDICO
ESPECIAL,53,Gobierno abierto: principios,"Ley 4/2023, de 13 de abril, de Participación Ciudadana y Fomento del Asociacionismo de la Comunitat Valenciana",38,JURIDICO
ESPECIAL,53,Gobierno abierto: principios,"Ley 4/2023, de 13 de abril, de Participación Ciudadana y Fomento del Asociacionismo de la Comunitat Valenciana",39,JURIDICO
ESPECIAL,53,Gobierno abierto: principios,"Ley 4/2023, de 13 de abril, de Participación Ciudadana y Fomento del Asociacionismo de la Comunitat Valenciana",40,JURIDICO
ESPECIAL,53,Gobierno abierto: principios,"Ley 4/2023, de 13 de abril, de Participación Ciudadana y Fomento del Asociacionismo de la Comunitat Valenciana",41,JURIDICO
ESPECIAL,53,Gobierno abierto: principios,"Ley 4/2023, de 13 de abril, de Participación Ciudadana y Fomento del Asociacionismo de la Comunitat Valenciana",42,JURIDICO
ESPECIAL,53,Gobierno abierto: principios,"Ley 4/2023, de 13 de abril, de Participación Ciudadana y Fomento del Asociacionismo de la Comunitat Valenciana",43,JURIDICO
ESPECIAL,53,Gobierno abierto: principios,"Ley 4/2023, de 13 de abril, de Participación Ciudadana y Fomento del Asociacionismo de la Comunitat Valenciana",44,JURIDICO
ESPECIAL,53,Gobierno abierto: principios,"Ley 4/2023, de 13 de abril, de Participación Ciudadana y Fomento del Asociacionismo de la Comunitat Valenciana",45,JURIDICO
ESPECIAL,53,Gobierno abierto: principios,"Ley 4/2023, de 13 de abril, de Participación Ciudadana y Fomento del Asociacionismo de la Comunitat Valenciana",46,JURIDICO
ESPECIAL,53,Gobierno abierto: principios,"Ley 4/2023, de 13 de abril, de Participación Ciudadana y Fomento del Asociacionismo de la Comunitat Valenciana",47,JURIDICO
ESPECIAL,53,Gobierno abierto: principios,"Ley 4/2023, de 13 de abril, de Participación Ciudadana y Fomento del Asociacionismo de la Comunitat Valenciana",48,JURIDICO
ESPECIAL,53,Gobierno abierto: principios,"Ley 4/2023, de 13 de abril, de Participación Ciudadana y Fomento del Asociacionismo de la Comunitat Valenciana",49,JURIDICO
ESPECIAL,53,Gobierno abierto: principios,"Ley 4/2023, de 13 de abril, de Participación Ciudadana y Fomento del Asociacionismo de la Comunitat Valenciana",50,JURIDICO
ESPECIAL,53,Gobierno abierto: principios,"Ley 4/2023, de 13 de abril, de Participación Ciudadana y Fomento del Asociacionismo de la Comunitat Valenciana",51,JURIDICO
ESPECIAL,53,Gobierno abierto: principios,"Ley 4/2023, de 13 de abril, de Participación Ciudadana y Fomento del Asociacionismo de la Comunitat Valenciana",52,JURIDICO
ESPECIAL,53,Gobierno abierto: principios,"Ley 4/2023, de 13 de abril, de Participación Ciudadana y Fomento del Asociacionismo de la Comunitat Valenciana",53,JURIDICO
ESPECIAL,53,Gobierno abierto: principios,"Ley 4/2023, de 13 de abril, de Participación Ciudadana y Fomento del Asociacionismo de la Comunitat Valenciana",54,JURIDICO
ESPECIAL,54,Las Cartas de Servicios,"Decreto 41/2016, de 15 de abril, del Consell, por el que se establece el sistema para la mejora de la calidad de los servicios públicos y la evaluación de los planes y programas en la Administración de la Generalitat y su sector público instrumental",1,JURIDICO
ESPECIAL,54,Las Cartas de Servicios,"Decreto 41/2016, de 15 de abril, del Consell, por el que se establece el sistema para la mejora de la calidad de los servicios públicos y la evaluación de los planes y programas en la Administración de la Generalitat y su sector público instrumental",2,JURIDICO
ESPECIAL,54,Las Cartas de Servicios,"Decreto 41/2016, de 15 de abril, del Consell, por el que se establece el sistema para la mejora de la calidad de los servicios públicos y la evaluación de los planes y programas en la Administración de la Generalitat y su sector público instrumental",3,JURIDICO
ESPECIAL,54,Las Cartas de Servicios,"Decreto 41/2016, de 15 de abril, del Consell, por el que se establece el sistema para la mejora de la calidad de los servicios públicos y la evaluación de los planes y programas en la Administración de la Generalitat y su sector público instrumental",4,JURIDICO
ESPECIAL,54,Las Cartas de Servicios,"Decreto 41/2016, de 15 de abril, del Consell, por el que se establece el sistema para la mejora de la calidad de los servicios públicos y la evaluación de los planes y programas en la Administración de la Generalitat y su sector público instrumental",5,JURIDICO
ESPECIAL,54,Las Cartas de Servicios,"Decreto 41/2016, de 15 de abril, del Consell, por el que se establece el sistema para la mejora de la calidad de los servicios públicos y la evaluación de los planes y programas en la Administración de la Generalitat y su sector público instrumental",6,JURIDICO
ESPECIAL,54,Las Cartas de Servicios,"Decreto 41/2016, de 15 de abril, del Consell, por el que se establece el sistema para la mejora de la calidad de los servicios públicos y la evaluación de los planes y programas en la Administración de la Generalitat y su sector público instrumental",7,JURIDICO
ESPECIAL,54,Las Cartas de Servicios,"Decreto 41/2016, de 15 de abril, del Consell, por el que se establece el sistema para la mejora de la calidad de los servicios públicos y la evaluación de los planes y programas en la Administración de la Generalitat y su sector público instrumental",8,JURIDICO
ESPECIAL,54,Las Cartas de Servicios,"Decreto 41/2016, de 15 de abril, del Consell, por el que se establece el sistema para la mejora de la calidad de los servicios públicos y la evaluación de los planes y programas en la Administración de la Generalitat y su sector público instrumental",9,JURIDICO
ESPECIAL,54,Las Cartas de Servicios,"Decreto 41/2016, de 15 de abril, del Consell, por el que se establece el sistema para la mejora de la calidad de los servicios públicos y la evaluación de los planes y programas en la Administración de la Generalitat y su sector público instrumental",10,JURIDICO
ESPECIAL,54,Las Cartas de Servicios,"Decreto 41/2016, de 15 de abril, del Consell, por el que se establece el sistema para la mejora de la calidad de los servicios públicos y la evaluación de los planes y programas en la Administración de la Generalitat y su sector público instrumental",11,JURIDICO
ESPECIAL,54,Las Cartas de Servicios,"Decreto 41/2016, de 15 de abril, del Consell, por el que se establece el sistema para la mejora de la calidad de los servicios públicos y la evaluación de los planes y programas en la Administración de la Generalitat y su sector público instrumental",12,JURIDICO
ESPECIAL,54,Las Cartas de Servicios,"Decreto 41/2016, de 15 de abril, del Consell, por el que se establece el sistema para la mejora de la calidad de los servicios públicos y la evaluación de los planes y programas en la Administración de la Generalitat y su sector público instrumental",13,JURIDICO
ESPECIAL,54,Las Cartas de Servicios,"Decreto 41/2016, de 15 de abril, del Consell, por el que se establece el sistema para la mejora de la calidad de los servicios públicos y la evaluación de los planes y programas en la Administración de la Generalitat y su sector público instrumental",14,JURIDICO
ESPECIAL,54,Las Cartas de Servicios,"Decreto 41/2016, de 15 de abril, del Consell, por el que se establece el sistema para la mejora de la calidad de los servicios públicos y la evaluación de los planes y programas en la Administración de la Generalitat y su sector público instrumental",15,JURIDICO
ESPECIAL,54,Las Cartas de Servicios,"Decreto 41/2016, de 15 de abril, del Consell, por el que se establece el sistema para la mejora de la calidad de los servicios públicos y la evaluación de los planes y programas en la Administración de la Generalitat y su sector público instrumental",16,JURIDICO
ESPECIAL,54,Las Cartas de Servicios,"Decreto 41/2016, de 15 de abril, del Consell, por el que se establece el sistema para la mejora de la calidad de los servicios públicos y la evaluación de los planes y programas en la Administración de la Generalitat y su sector público instrumental",17,JURIDICO
ESPECIAL,54,Las Cartas de Servicios,"Decreto 41/2016, de 15 de abril, del Consell, por el que se establece el sistema para la mejora de la calidad de los servicios públicos y la evaluación de los planes y programas en la Administración de la Generalitat y su sector público instrumental",18,JURIDICO
ESPECIAL,54,Las Cartas de Servicios,"Decreto 41/2016, de 15 de abril, del Consell, por el que se establece el sistema para la mejora de la calidad de los servicios públicos y la evaluación de los planes y programas en la Administración de la Generalitat y su sector público instrumental",19,JURIDICO
ESPECIAL,54,Las Cartas de Servicios,"Decreto 41/2016, de 15 de abril, del Consell, por el que se establece el sistema para la mejora de la calidad de los servicios públicos y la evaluación de los planes y programas en la Administración de la Generalitat y su sector público instrumental",20,JURIDICO
ESPECIAL,54,Las Cartas de Servicios,"Decreto 41/2016, de 15 de abril, del Consell, por el que se establece el sistema para la mejora de la calidad de los servicios públicos y la evaluación de los planes y programas en la Administración de la Generalitat y su sector público instrumental",21,JURIDICO
ESPECIAL,54,Las Cartas de Servicios,"Decreto 41/2016, de 15 de abril, del Consell, por el que se establece el sistema para la mejora de la calidad de los servicios públicos y la evaluación de los planes y programas en la Administración de la Generalitat y su sector público instrumental",22,JURIDICO
ESPECIAL,54,Las Cartas de Servicios,"Decreto 41/2016, de 15 de abril, del Consell, por el que se establece el sistema para la mejora de la calidad de los servicios públicos y la evaluación de los planes y programas en la Administración de la Generalitat y su sector público instrumental",23,JURIDICO
ESPECIAL,54,Las Cartas de Servicios,"Decreto 41/2016, de 15 de abril, del Consell, por el que se establece el sistema para la mejora de la calidad de los servicios públicos y la evaluación de los planes y programas en la Administración de la Generalitat y su sector público instrumental",24,JURIDICO
ESPECIAL,54,Las Cartas de Servicios,"Decreto 41/2016, de 15 de abril, del Consell, por el que se establece el sistema para la mejora de la calidad de los servicios públicos y la evaluación de los planes y programas en la Administración de la Generalitat y su sector público instrumental",25,JURIDICO
ESPECIAL,54,Las Cartas de Servicios,"Decreto 41/2016, de 15 de abril, del Consell, por el que se establece el sistema para la mejora de la calidad de los servicios públicos y la evaluación de los planes y programas en la Administración de la Generalitat y su sector público instrumental",26,JURIDICO
ESPECIAL,54,Las Cartas de Servicios,"Decreto 41/2016, de 15 de abril, del Consell, por el que se establece el sistema para la mejora de la calidad de los servicios públicos y la evaluación de los planes y programas en la Administración de la Generalitat y su sector público instrumental",27,JURIDICO
ESPECIAL,54,Las Cartas de Servicios,"Decreto 41/2016, de 15 de abril, del Consell, por el que se establece el sistema para la mejora de la calidad de los servicios públicos y la evaluación de los planes y programas en la Administración de la Generalitat y su sector público instrumental",28,JURIDICO
ESPECIAL,54,Las Cartas de Servicios,"Decreto 41/2016, de 15 de abril, del Consell, por el que se establece el sistema para la mejora de la calidad de los servicios públicos y la evaluación de los planes y programas en la Administración de la Generalitat y su sector público instrumental",29,JURIDICO
ESPECIAL,54,Las Cartas de Servicios,"Decreto 41/2016, de 15 de abril, del Consell, por el que se establece el sistema para la mejora de la calidad de los servicios públicos y la evaluación de los planes y programas en la Administración de la Generalitat y su sector público instrumental",30,JURIDICO
ESPECIAL,54,Las Cartas de Servicios,"Decreto 41/2016, de 15 de abril, del Consell, por el que se establece el sistema para la mejora de la calidad de los servicios públicos y la evaluación de los planes y programas en la Administración de la Generalitat y su sector público instrumental",31,JURIDICO
ESPECIAL,54,Las Cartas de Servicios,"Decreto 41/2016, de 15 de abril, del Consell, por el que se establece el sistema para la mejora de la calidad de los servicios públicos y la evaluación de los planes y programas en la Administración de la Generalitat y su sector público instrumental",32,JURIDICO
ESPECIAL,54,Las Cartas de Servicios,"Decreto 41/2016, de 15 de abril, del Consell, por el que se establece el sistema para la mejora de la calidad de los servicios públicos y la evaluación de los planes y programas en la Administración de la Generalitat y su sector público instrumental",33,JURIDICO
ESPECIAL,54,Las Cartas de Servicios,"Decreto 41/2016, de 15 de abril, del Consell, por el que se establece el sistema para la mejora de la calidad de los servicios públicos y la evaluación de los planes y programas en la Administración de la Generalitat y su sector público instrumental",34,JURIDICO
ESPECIAL,54,Las Cartas de Servicios,"Decreto 41/2016, de 15 de abril, del Consell, por el que se establece el sistema para la mejora de la calidad de los servicios públicos y la evaluación de los planes y programas en la Administración de la Generalitat y su sector público instrumental",35,JURIDICO
ESPECIAL,54,Las Cartas de Servicios,"Decreto 41/2016, de 15 de abril, del Consell, por el que se establece el sistema para la mejora de la calidad de los servicios públicos y la evaluación de los planes y programas en la Administración de la Generalitat y su sector público instrumental",36,JURIDICO
ESPECIAL,54,Las Cartas de Servicios,"Decreto 41/2016, de 15 de abril, del Consell, por el que se establece el sistema para la mejora de la calidad de los servicios públicos y la evaluación de los planes y programas en la Administración de la Generalitat y su sector público instrumental",37,JURIDICO
ESPECIAL,54,Las Cartas de Servicios,"Decreto 41/2016, de 15 de abril, del Consell, por el que se establece el sistema para la mejora de la calidad de los servicios públicos y la evaluación de los planes y programas en la Administración de la Generalitat y su sector público instrumental",38,JURIDICO
ESPECIAL,54,Las Cartas de Servicios,"Decreto 41/2016, de 15 de abril, del Consell, por el que se establece el sistema para la mejora de la calidad de los servicios públicos y la evaluación de los planes y programas en la Administración de la Generalitat y su sector público instrumental",39,JURIDICO
ESPECIAL,54,Las Cartas de Servicios,"Decreto 41/2016, de 15 de abril, del Consell, por el que se establece el sistema para la mejora de la calidad de los servicios públicos y la evaluación de los planes y programas en la Administración de la Generalitat y su sector público instrumental",40,JURIDICO
ESPECIAL,54,Las Cartas de Servicios,"Decreto 41/2016, de 15 de abril, del Consell, por el que se establece el sistema para la mejora de la calidad de los servicios públicos y la evaluación de los planes y programas en la Administración de la Generalitat y su sector público instrumental",41,JURIDICO
ESPECIAL,54,Las Cartas de Servicios,"Decreto 41/2016, de 15 de abril, del Consell, por el que se establece el sistema para la mejora de la calidad de los servicios públicos y la evaluación de los planes y programas en la Administración de la Generalitat y su sector público instrumental",42,JURIDICO
ESPECIAL,55,La planificación estratégica,"Ley 1/2022, de 13 de abril, de Transparencia y Buen Gobierno de la Comunitat Valenciana",63,JURIDICO
ESPECIAL,55,La planificación estratégica,"Ley 1/2022, de 13 de abril, de Transparencia y Buen Gobierno de la Comunitat Valenciana",64,JURIDICO
ESPECIAL,56,La protección de las personas que informen sobre irregularidades,"Directiva (UE) 2019/1937, de 23 de octubre de 2019, relativa a la protección de las personas que informen sobre infracciones del Derecho de la Unión",1,JURIDICO
ESPECIAL,56,La protección de las personas que informen sobre irregularidades,"Directiva (UE) 2019/1937, de 23 de octubre de 2019, relativa a la protección de las personas que informen sobre infracciones del Derecho de la Unión",2,JURIDICO
ESPECIAL,56,La protección de las personas que informen sobre irregularidades,"Directiva (UE) 2019/1937, de 23 de octubre de 2019, relativa a la protección de las personas que informen sobre infracciones del Derecho de la Unión",3,JURIDICO
ESPECIAL,56,La protección de las personas que informen sobre irregularidades,"Directiva (UE) 2019/1937, de 23 de octubre de 2019, relativa a la protección de las personas que informen sobre infracciones del Derecho de la Unión",4,JURIDICO
ESPECIAL,56,La protección de las personas que informen sobre irregularidades,"Directiva (UE) 2019/1937, de 23 de octubre de 2019, relativa a la protección de las personas que informen sobre infracciones del Derecho de la Unión",5,JURIDICO
ESPECIAL,56,La protección de las personas que informen sobre irregularidades,"Directiva (UE) 2019/1937, de 23 de octubre de 2019, relativa a la protección de las personas que informen sobre infracciones del Derecho de la Unión",6,JURIDICO
ESPECIAL,56,La protección de las personas que informen sobre irregularidades,"Directiva (UE) 2019/1937, de 23 de octubre de 2019, relativa a la protección de las personas que informen sobre infracciones del Derecho de la Unión",7,JURIDICO
ESPECIAL,56,La protección de las personas que informen sobre irregularidades,"Directiva (UE) 2019/1937, de 23 de octubre de 2019, relativa a la protección de las personas que informen sobre infracciones del Derecho de la Unión",8,JURIDICO
ESPECIAL,56,La protección de las personas que informen sobre irregularidades,"Directiva (UE) 2019/1937, de 23 de octubre de 2019, relativa a la protección de las personas que informen sobre infracciones del Derecho de la Unión",9,JURIDICO
ESPECIAL,56,La protección de las personas que informen sobre irregularidades,"Directiva (UE) 2019/1937, de 23 de octubre de 2019, relativa a la protección de las personas que informen sobre infracciones del Derecho de la Unión",10,JURIDICO
ESPECIAL,56,La protección de las personas que informen sobre irregularidades,"Directiva (UE) 2019/1937, de 23 de octubre de 2019, relativa a la protección de las personas que informen sobre infracciones del Derecho de la Unión",11,JURIDICO
ESPECIAL,56,La protección de las personas que informen sobre irregularidades,"Directiva (UE) 2019/1937, de 23 de octubre de 2019, relativa a la protección de las personas que informen sobre infracciones del Derecho de la Unión",12,JURIDICO
ESPECIAL,56,La protección de las personas que informen sobre irregularidades,"Directiva (UE) 2019/1937, de 23 de octubre de 2019, relativa a la protección de las personas que informen sobre infracciones del Derecho de la Unión",13,JURIDICO
ESPECIAL,56,La protección de las personas que informen sobre irregularidades,"Directiva (UE) 2019/1937, de 23 de octubre de 2019, relativa a la protección de las personas que informen sobre infracciones del Derecho de la Unión",14,JURIDICO
ESPECIAL,56,La protección de las personas que informen sobre irregularidades,"Directiva (UE) 2019/1937, de 23 de octubre de 2019, relativa a la protección de las personas que informen sobre infracciones del Derecho de la Unión",15,JURIDICO
ESPECIAL,56,La protección de las personas que informen sobre irregularidades,"Directiva (UE) 2019/1937, de 23 de octubre de 2019, relativa a la protección de las personas que informen sobre infracciones del Derecho de la Unión",16,JURIDICO
ESPECIAL,56,La protección de las personas que informen sobre irregularidades,"Directiva (UE) 2019/1937, de 23 de octubre de 2019, relativa a la protección de las personas que informen sobre infracciones del Derecho de la Unión",17,JURIDICO
ESPECIAL,56,La protección de las personas que informen sobre irregularidades,"Directiva (UE) 2019/1937, de 23 de octubre de 2019, relativa a la protección de las personas que informen sobre infracciones del Derecho de la Unión",18,JURIDICO
ESPECIAL,56,La protección de las personas que informen sobre irregularidades,"Directiva (UE) 2019/1937, de 23 de octubre de 2019, relativa a la protección de las personas que informen sobre infracciones del Derecho de la Unión",19,JURIDICO
ESPECIAL,56,La protección de las personas que informen sobre irregularidades,"Directiva (UE) 2019/1937, de 23 de octubre de 2019, relativa a la protección de las personas que informen sobre infracciones del Derecho de la Unión",20,JURIDICO
ESPECIAL,56,La protección de las personas que informen sobre irregularidades,"Directiva (UE) 2019/1937, de 23 de octubre de 2019, relativa a la protección de las personas que informen sobre infracciones del Derecho de la Unión",21,JURIDICO
ESPECIAL,56,La protección de las personas que informen sobre irregularidades,"Directiva (UE) 2019/1937, de 23 de octubre de 2019, relativa a la protección de las personas que informen sobre infracciones del Derecho de la Unión",22,JURIDICO
ESPECIAL,56,La protección de las personas que informen sobre irregularidades,"Directiva (UE) 2019/1937, de 23 de octubre de 2019, relativa a la protección de las personas que informen sobre infracciones del Derecho de la Unión",23,JURIDICO
ESPECIAL,56,La protección de las personas que informen sobre irregularidades,"Directiva (UE) 2019/1937, de 23 de octubre de 2019, relativa a la protección de las personas que informen sobre infracciones del Derecho de la Unión",24,JURIDICO
ESPECIAL,56,La protección de las personas que informen sobre irregularidades,"Directiva (UE) 2019/1937, de 23 de octubre de 2019, relativa a la protección de las personas que informen sobre infracciones del Derecho de la Unión",25,JURIDICO
ESPECIAL,56,La protección de las personas que informen sobre irregularidades,"Directiva (UE) 2019/1937, de 23 de octubre de 2019, relativa a la protección de las personas que informen sobre infracciones del Derecho de la Unión",26,JURIDICO
ESPECIAL,56,La protección de las personas que informen sobre irregularidades,"Directiva (UE) 2019/1937, de 23 de octubre de 2019, relativa a la protección de las personas que informen sobre infracciones del Derecho de la Unión",27,JURIDICO
ESPECIAL,56,La protección de las personas que informen sobre irregularidades,"Directiva (UE) 2019/1937, de 23 de octubre de 2019, relativa a la protección de las personas que informen sobre infracciones del Derecho de la Unión",28,JURIDICO
ESPECIAL,56,La protección de las personas que informen sobre irregularidades,"Directiva (UE) 2019/1937, de 23 de octubre de 2019, relativa a la protección de las personas que informen sobre infracciones del Derecho de la Unión",29,JURIDICO
ESPECIAL,56,La protección de las personas que informen sobre irregularidades,"Ley 2/2023, de 20 de febrero, reguladora de la protección de las personas que informen sobre infracciones normativas y de lucha contra la corrupción",1,JURIDICO
ESPECIAL,56,La protección de las personas que informen sobre irregularidades,"Ley 2/2023, de 20 de febrero, reguladora de la protección de las personas que informen sobre infracciones normativas y de lucha contra la corrupción",2,JURIDICO
ESPECIAL,56,La protección de las personas que informen sobre irregularidades,"Ley 2/2023, de 20 de febrero, reguladora de la protección de las personas que informen sobre infracciones normativas y de lucha contra la corrupción",3,JURIDICO
ESPECIAL,56,La protección de las personas que informen sobre irregularidades,"Ley 2/2023, de 20 de febrero, reguladora de la protección de las personas que informen sobre infracciones normativas y de lucha contra la corrupción",4,JURIDICO
ESPECIAL,56,La protección de las personas que informen sobre irregularidades,"Ley 2/2023, de 20 de febrero, reguladora de la protección de las personas que informen sobre infracciones normativas y de lucha contra la corrupción",5,JURIDICO
ESPECIAL,56,La protección de las personas que informen sobre irregularidades,"Ley 2/2023, de 20 de febrero, reguladora de la protección de las personas que informen sobre infracciones normativas y de lucha contra la corrupción",6,JURIDICO
ESPECIAL,56,La protección de las personas que informen sobre irregularidades,"Ley 2/2023, de 20 de febrero, reguladora de la protección de las personas que informen sobre infracciones normativas y de lucha contra la corrupción",7,JURIDICO
ESPECIAL,56,La protección de las personas que informen sobre irregularidades,"Ley 2/2023, de 20 de febrero, reguladora de la protección de las personas que informen sobre infracciones normativas y de lucha contra la corrupción",8,JURIDICO
ESPECIAL,56,La protección de las personas que informen sobre irregularidades,"Ley 2/2023, de 20 de febrero, reguladora de la protección de las personas que informen sobre infracciones normativas y de lucha contra la corrupción",9,JURIDICO
ESPECIAL,56,La protección de las personas que informen sobre irregularidades,"Ley 2/2023, de 20 de febrero, reguladora de la protección de las personas que informen sobre infracciones normativas y de lucha contra la corrupción",10,JURIDICO
ESPECIAL,56,La protección de las personas que informen sobre irregularidades,"Ley 2/2023, de 20 de febrero, reguladora de la protección de las personas que informen sobre infracciones normativas y de lucha contra la corrupción",11,JURIDICO
ESPECIAL,56,La protección de las personas que informen sobre irregularidades,"Ley 2/2023, de 20 de febrero, reguladora de la protección de las personas que informen sobre infracciones normativas y de lucha contra la corrupción",12,JURIDICO
ESPECIAL,56,La protección de las personas que informen sobre irregularidades,"Ley 2/2023, de 20 de febrero, reguladora de la protección de las personas que informen sobre infracciones normativas y de lucha contra la corrupción",13,JURIDICO
ESPECIAL,56,La protección de las personas que informen sobre irregularidades,"Ley 2/2023, de 20 de febrero, reguladora de la protección de las personas que informen sobre infracciones normativas y de lucha contra la corrupción",14,JURIDICO
ESPECIAL,56,La protección de las personas que informen sobre irregularidades,"Ley 2/2023, de 20 de febrero, reguladora de la protección de las personas que informen sobre infracciones normativas y de lucha contra la corrupción",15,JURIDICO
ESPECIAL,56,La protección de las personas que informen sobre irregularidades,"Ley 2/2023, de 20 de febrero, reguladora de la protección de las personas que informen sobre infracciones normativas y de lucha contra la corrupción",16,JURIDICO
ESPECIAL,56,La protección de las personas que informen sobre irregularidades,"Ley 2/2023, de 20 de febrero, reguladora de la protección de las personas que informen sobre infracciones normativas y de lucha contra la corrupción",17,JURIDICO
ESPECIAL,56,La protección de las personas que informen sobre irregularidades,"Ley 2/2023, de 20 de febrero, reguladora de la protección de las personas que informen sobre infracciones normativas y de lucha contra la corrupción",18,JURIDICO
ESPECIAL,56,La protección de las personas que informen sobre irregularidades,"Ley 2/2023, de 20 de febrero, reguladora de la protección de las personas que informen sobre infracciones normativas y de lucha contra la corrupción",19,JURIDICO
ESPECIAL,56,La protección de las personas que informen sobre irregularidades,"Ley 2/2023, de 20 de febrero, reguladora de la protección de las personas que informen sobre infracciones normativas y de lucha contra la corrupción",20,JURIDICO
ESPECIAL,56,La protección de las personas que informen sobre irregularidades,"Ley 2/2023, de 20 de febrero, reguladora de la protección de las personas que informen sobre infracciones normativas y de lucha contra la corrupción",21,JURIDICO
ESPECIAL,56,La protección de las personas que informen sobre irregularidades,"Ley 2/2023, de 20 de febrero, reguladora de la protección de las personas que informen sobre infracciones normativas y de lucha contra la corrupción",22,JURIDICO
ESPECIAL,56,La protección de las personas que informen sobre irregularidades,"Ley 2/2023, de 20 de febrero, reguladora de la protección de las personas que informen sobre infracciones normativas y de lucha contra la corrupción",23,JURIDICO
ESPECIAL,56,La protección de las personas que informen sobre irregularidades,"Ley 2/2023, de 20 de febrero, reguladora de la protección de las personas que informen sobre infracciones normativas y de lucha contra la corrupción",24,JURIDICO
ESPECIAL,56,La protección de las personas que informen sobre irregularidades,"Ley 2/2023, de 20 de febrero, reguladora de la protección de las personas que informen sobre infracciones normativas y de lucha contra la corrupción",25,JURIDICO
ESPECIAL,56,La protección de las personas que informen sobre irregularidades,"Ley 2/2023, de 20 de febrero, reguladora de la protección de las personas que informen sobre infracciones normativas y de lucha contra la corrupción",26,JURIDICO
ESPECIAL,56,La protección de las personas que informen sobre irregularidades,"Ley 2/2023, de 20 de febrero, reguladora de la protección de las personas que informen sobre infracciones normativas y de lucha contra la corrupción",27,JURIDICO
ESPECIAL,56,La protección de las personas que informen sobre irregularidades,"Ley 2/2023, de 20 de febrero, reguladora de la protección de las personas que informen sobre infracciones normativas y de lucha contra la corrupción",28,JURIDICO
ESPECIAL,56,La protección de las personas que informen sobre irregularidades,"Ley 2/2023, de 20 de febrero, reguladora de la protección de las personas que informen sobre infracciones normativas y de lucha contra la corrupción",29,JURIDICO
ESPECIAL,56,La protección de las personas que informen sobre irregularidades,"Ley 2/2023, de 20 de febrero, reguladora de la protección de las personas que informen sobre infracciones normativas y de lucha contra la corrupción",30,JURIDICO
ESPECIAL,56,La protección de las personas que informen sobre irregularidades,"Ley 2/2023, de 20 de febrero, reguladora de la protección de las personas que informen sobre infracciones normativas y de lucha contra la corrupción",31,JURIDICO
ESPECIAL,56,La protección de las personas que informen sobre irregularidades,"Ley 2/2023, de 20 de febrero, reguladora de la protección de las personas que informen sobre infracciones normativas y de lucha contra la corrupción",32,JURIDICO
ESPECIAL,56,La protección de las personas que informen sobre irregularidades,"Ley 2/2023, de 20 de febrero, reguladora de la protección de las personas que informen sobre infracciones normativas y de lucha contra la corrupción",33,JURIDICO
ESPECIAL,56,La protección de las personas que informen sobre irregularidades,"Ley 2/2023, de 20 de febrero, reguladora de la protección de las personas que informen sobre infracciones normativas y de lucha contra la corrupción",34,JURIDICO
ESPECIAL,56,La protección de las personas que informen sobre irregularidades,"Ley 2/2023, de 20 de febrero, reguladora de la protección de las personas que informen sobre infracciones normativas y de lucha contra la corrupción",35,JURIDICO
ESPECIAL,56,La protección de las personas que informen sobre irregularidades,"Ley 2/2023, de 20 de febrero, reguladora de la protección de las personas que informen sobre infracciones normativas y de lucha contra la corrupción",36,JURIDICO
ESPECIAL,56,La protección de las personas que informen sobre irregularidades,"Ley 2/2023, de 20 de febrero, reguladora de la protección de las personas que informen sobre infracciones normativas y de lucha contra la corrupción",37,JURIDICO
ESPECIAL,56,La protección de las personas que informen sobre irregularidades,"Ley 2/2023, de 20 de febrero, reguladora de la protección de las personas que informen sobre infracciones normativas y de lucha contra la corrupción",38,JURIDICO
ESPECIAL,56,La protección de las personas que informen sobre irregularidades,"Ley 2/2023, de 20 de febrero, reguladora de la protección de las personas que informen sobre infracciones normativas y de lucha contra la corrupción",39,JURIDICO
ESPECIAL,56,La protección de las personas que informen sobre irregularidades,"Ley 2/2023, de 20 de febrero, reguladora de la protección de las personas que informen sobre infracciones normativas y de lucha contra la corrupción",40,JURIDICO
ESPECIAL,56,La protección de las personas que informen sobre irregularidades,"Ley 2/2023, de 20 de febrero, reguladora de la protección de las personas que informen sobre infracciones normativas y de lucha contra la corrupción",41,JURIDICO
ESPECIAL,56,La protección de las personas que informen sobre irregularidades,"Ley 2/2023, de 20 de febrero, reguladora de la protección de las personas que informen sobre infracciones normativas y de lucha contra la corrupción",42,JURIDICO
ESPECIAL,56,La protección de las personas que informen sobre irregularidades,"Ley 2/2023, de 20 de febrero, reguladora de la protección de las personas que informen sobre infracciones normativas y de lucha contra la corrupción",43,JURIDICO
ESPECIAL,56,La protección de las personas que informen sobre irregularidades,"Ley 2/2023, de 20 de febrero, reguladora de la protección de las personas que informen sobre infracciones normativas y de lucha contra la corrupción",44,JURIDICO
ESPECIAL,56,La protección de las personas que informen sobre irregularidades,"Ley 2/2023, de 20 de febrero, reguladora de la protección de las personas que informen sobre infracciones normativas y de lucha contra la corrupción",45,JURIDICO
ESPECIAL,56,La protección de las personas que informen sobre irregularidades,"Ley 2/2023, de 20 de febrero, reguladora de la protección de las personas que informen sobre infracciones normativas y de lucha contra la corrupción",46,JURIDICO
ESPECIAL,56,La protección de las personas que informen sobre irregularidades,"Ley 2/2023, de 20 de febrero, reguladora de la protección de las personas que informen sobre infracciones normativas y de lucha contra la corrupción",47,JURIDICO
ESPECIAL,56,La protección de las personas que informen sobre irregularidades,"Ley 2/2023, de 20 de febrero, reguladora de la protección de las personas que informen sobre infracciones normativas y de lucha contra la corrupción",48,JURIDICO
ESPECIAL,56,La protección de las personas que informen sobre irregularidades,"Ley 2/2023, de 20 de febrero, reguladora de la protección de las personas que informen sobre infracciones normativas y de lucha contra la corrupción",49,JURIDICO
ESPECIAL,56,La protección de las personas que informen sobre irregularidades,"Ley 2/2023, de 20 de febrero, reguladora de la protección de las personas que informen sobre infracciones normativas y de lucha contra la corrupción",50,JURIDICO
ESPECIAL,56,La protección de las personas que informen sobre irregularidades,"Ley 2/2023, de 20 de febrero, reguladora de la protección de las personas que informen sobre infracciones normativas y de lucha contra la corrupción",51,JURIDICO
ESPECIAL,56,La protección de las personas que informen sobre irregularidades,"Ley 2/2023, de 20 de febrero, reguladora de la protección de las personas que informen sobre infracciones normativas y de lucha contra la corrupción",52,JURIDICO
ESPECIAL,56,La protección de las personas que informen sobre irregularidades,"Ley 2/2023, de 20 de febrero, reguladora de la protección de las personas que informen sobre infracciones normativas y de lucha contra la corrupción",53,JURIDICO
ESPECIAL,56,La protección de las personas que informen sobre irregularidades,"Ley 2/2023, de 20 de febrero, reguladora de la protección de las personas que informen sobre infracciones normativas y de lucha contra la corrupción",54,JURIDICO
ESPECIAL,56,La protección de las personas que informen sobre irregularidades,"Ley 2/2023, de 20 de febrero, reguladora de la protección de las personas que informen sobre infracciones normativas y de lucha contra la corrupción",55,JURIDICO
ESPECIAL,56,La protección de las personas que informen sobre irregularidades,"Ley 2/2023, de 20 de febrero, reguladora de la protección de las personas que informen sobre infracciones normativas y de lucha contra la corrupción",56,JURIDICO
ESPECIAL,56,La protección de las personas que informen sobre irregularidades,"Ley 2/2023, de 20 de febrero, reguladora de la protección de las personas que informen sobre infracciones normativas y de lucha contra la corrupción",57,JURIDICO
ESPECIAL,56,La protección de las personas que informen sobre irregularidades,"Ley 2/2023, de 20 de febrero, reguladora de la protección de las personas que informen sobre infracciones normativas y de lucha contra la corrupción",58,JURIDICO
ESPECIAL,56,La protección de las personas que informen sobre irregularidades,"Ley 2/2023, de 20 de febrero, reguladora de la protección de las personas que informen sobre infracciones normativas y de lucha contra la corrupción",59,JURIDICO
ESPECIAL,56,La protección de las personas que informen sobre irregularidades,"Ley 2/2023, de 20 de febrero, reguladora de la protección de las personas que informen sobre infracciones normativas y de lucha contra la corrupción",60,JURIDICO
ESPECIAL,56,La protección de las personas que informen sobre irregularidades,"Ley 2/2023, de 20 de febrero, reguladora de la protección de las personas que informen sobre infracciones normativas y de lucha contra la corrupción",61,JURIDICO
ESPECIAL,56,La protección de las personas que informen sobre irregularidades,"Ley 2/2023, de 20 de febrero, reguladora de la protección de las personas que informen sobre infracciones normativas y de lucha contra la corrupción",62,JURIDICO
ESPECIAL,56,La protección de las personas que informen sobre irregularidades,"Ley 2/2023, de 20 de febrero, reguladora de la protección de las personas que informen sobre infracciones normativas y de lucha contra la corrupción",63,JURIDICO
ESPECIAL,56,La protección de las personas que informen sobre irregularidades,"Ley 2/2023, de 20 de febrero, reguladora de la protección de las personas que informen sobre infracciones normativas y de lucha contra la corrupción",64,JURIDICO
ESPECIAL,56,La protección de las personas que informen sobre irregularidades,"Ley 2/2023, de 20 de febrero, reguladora de la protección de las personas que informen sobre infracciones normativas y de lucha contra la corrupción",65,JURIDICO
ESPECIAL,56,La protección de las personas que informen sobre irregularidades,"Ley 2/2023, de 20 de febrero, reguladora de la protección de las personas que informen sobre infracciones normativas y de lucha contra la corrupción",66,JURIDICO
ESPECIAL,56,La protección de las personas que informen sobre irregularidades,"Ley 2/2023, de 20 de febrero, reguladora de la protección de las personas que informen sobre infracciones normativas y de lucha contra la corrupción",67,JURIDICO
ESPECIAL,56,La protección de las personas que informen sobre irregularidades,"Ley 2/2023, de 20 de febrero, reguladora de la protección de las personas que informen sobre infracciones normativas y de lucha contra la corrupción",68,JURIDICO
ESPECIAL,56,La protección de las personas que informen sobre irregularidades,"Ley 4/2021, de 16 de abril, de la Función Pública Valenciana",78,JURIDICO
ESPECIAL,57,"La Ley orgánica 2/2012, de 27 abril, de Estabilidad Presupuestaria: ámbito de aplicación y de la Hacienda Pública de la Generalitat","Ley Orgánica 2/2012, de 27 de abril, de Estabilidad Presupuestaria y Sostenibilidad Financiera",1,JURIDICO
ESPECIAL,57,"La Ley orgánica 2/2012, de 27 abril, de Estabilidad Presupuestaria: ámbito de aplicación y de la Hacienda Pública de la Generalitat","Ley Orgánica 2/2012, de 27 de abril, de Estabilidad Presupuestaria y Sostenibilidad Financiera",2,JURIDICO
ESPECIAL,57,"La Ley orgánica 2/2012, de 27 abril, de Estabilidad Presupuestaria: ámbito de aplicación y de la Hacienda Pública de la Generalitat","Ley Orgánica 2/2012, de 27 de abril, de Estabilidad Presupuestaria y Sostenibilidad Financiera",3,JURIDICO
ESPECIAL,57,"La Ley orgánica 2/2012, de 27 abril, de Estabilidad Presupuestaria: ámbito de aplicación y de la Hacienda Pública de la Generalitat","Ley Orgánica 2/2012, de 27 de abril, de Estabilidad Presupuestaria y Sostenibilidad Financiera",4,JURIDICO
ESPECIAL,57,"La Ley orgánica 2/2012, de 27 abril, de Estabilidad Presupuestaria: ámbito de aplicación y de la Hacienda Pública de la Generalitat","Ley Orgánica 2/2012, de 27 de abril, de Estabilidad Presupuestaria y Sostenibilidad Financiera",5,JURIDICO
ESPECIAL,57,"La Ley orgánica 2/2012, de 27 abril, de Estabilidad Presupuestaria: ámbito de aplicación y de la Hacienda Pública de la Generalitat","Ley Orgánica 2/2012, de 27 de abril, de Estabilidad Presupuestaria y Sostenibilidad Financiera",6,JURIDICO
ESPECIAL,57,"La Ley orgánica 2/2012, de 27 abril, de Estabilidad Presupuestaria: ámbito de aplicación y de la Hacienda Pública de la Generalitat","Ley Orgánica 2/2012, de 27 de abril, de Estabilidad Presupuestaria y Sostenibilidad Financiera",7,JURIDICO
ESPECIAL,57,"La Ley orgánica 2/2012, de 27 abril, de Estabilidad Presupuestaria: ámbito de aplicación y de la Hacienda Pública de la Generalitat","Ley Orgánica 2/2012, de 27 de abril, de Estabilidad Presupuestaria y Sostenibilidad Financiera",8,JURIDICO
ESPECIAL,57,"La Ley orgánica 2/2012, de 27 abril, de Estabilidad Presupuestaria: ámbito de aplicación y de la Hacienda Pública de la Generalitat","Ley Orgánica 2/2012, de 27 de abril, de Estabilidad Presupuestaria y Sostenibilidad Financiera",9,JURIDICO
ESPECIAL,57,"La Ley orgánica 2/2012, de 27 abril, de Estabilidad Presupuestaria: ámbito de aplicación y de la Hacienda Pública de la Generalitat","Ley Orgánica 2/2012, de 27 de abril, de Estabilidad Presupuestaria y Sostenibilidad Financiera",10,JURIDICO
ESPECIAL,57,"La Ley orgánica 2/2012, de 27 abril, de Estabilidad Presupuestaria: ámbito de aplicación y de la Hacienda Pública de la Generalitat","Ley Orgánica 2/2012, de 27 de abril, de Estabilidad Presupuestaria y Sostenibilidad Financiera",11,JURIDICO
ESPECIAL,57,"La Ley orgánica 2/2012, de 27 abril, de Estabilidad Presupuestaria: ámbito de aplicación y de la Hacienda Pública de la Generalitat","Ley Orgánica 2/2012, de 27 de abril, de Estabilidad Presupuestaria y Sostenibilidad Financiera",12,JURIDICO
ESPECIAL,57,"La Ley orgánica 2/2012, de 27 abril, de Estabilidad Presupuestaria: ámbito de aplicación y de la Hacienda Pública de la Generalitat","Ley Orgánica 2/2012, de 27 de abril, de Estabilidad Presupuestaria y Sostenibilidad Financiera",13,JURIDICO
ESPECIAL,57,"La Ley orgánica 2/2012, de 27 abril, de Estabilidad Presupuestaria: ámbito de aplicación y de la Hacienda Pública de la Generalitat","Ley Orgánica 2/2012, de 27 de abril, de Estabilidad Presupuestaria y Sostenibilidad Financiera",14,JURIDICO
ESPECIAL,57,"La Ley orgánica 2/2012, de 27 abril, de Estabilidad Presupuestaria: ámbito de aplicación y de la Hacienda Pública de la Generalitat","Ley Orgánica 2/2012, de 27 de abril, de Estabilidad Presupuestaria y Sostenibilidad Financiera",15,JURIDICO
ESPECIAL,57,"La Ley orgánica 2/2012, de 27 abril, de Estabilidad Presupuestaria: ámbito de aplicación y de la Hacienda Pública de la Generalitat","Ley Orgánica 2/2012, de 27 de abril, de Estabilidad Presupuestaria y Sostenibilidad Financiera",16,JURIDICO
ESPECIAL,57,"La Ley orgánica 2/2012, de 27 abril, de Estabilidad Presupuestaria: ámbito de aplicación y de la Hacienda Pública de la Generalitat","Ley Orgánica 2/2012, de 27 de abril, de Estabilidad Presupuestaria y Sostenibilidad Financiera",17,JURIDICO
ESPECIAL,57,"La Ley orgánica 2/2012, de 27 abril, de Estabilidad Presupuestaria: ámbito de aplicación y de la Hacienda Pública de la Generalitat","Ley Orgánica 2/2012, de 27 de abril, de Estabilidad Presupuestaria y Sostenibilidad Financiera",18,JURIDICO
ESPECIAL,57,"La Ley orgánica 2/2012, de 27 abril, de Estabilidad Presupuestaria: ámbito de aplicación y de la Hacienda Pública de la Generalitat","Ley Orgánica 2/2012, de 27 de abril, de Estabilidad Presupuestaria y Sostenibilidad Financiera",19,JURIDICO
ESPECIAL,57,"La Ley orgánica 2/2012, de 27 abril, de Estabilidad Presupuestaria: ámbito de aplicación y de la Hacienda Pública de la Generalitat","Ley Orgánica 2/2012, de 27 de abril, de Estabilidad Presupuestaria y Sostenibilidad Financiera",20,JURIDICO
ESPECIAL,57,"La Ley orgánica 2/2012, de 27 abril, de Estabilidad Presupuestaria: ámbito de aplicación y de la Hacienda Pública de la Generalitat","Ley Orgánica 2/2012, de 27 de abril, de Estabilidad Presupuestaria y Sostenibilidad Financiera",21,JURIDICO
ESPECIAL,57,"La Ley orgánica 2/2012, de 27 abril, de Estabilidad Presupuestaria: ámbito de aplicación y de la Hacienda Pública de la Generalitat","Ley Orgánica 2/2012, de 27 de abril, de Estabilidad Presupuestaria y Sostenibilidad Financiera",22,JURIDICO
ESPECIAL,57,"La Ley orgánica 2/2012, de 27 abril, de Estabilidad Presupuestaria: ámbito de aplicación y de la Hacienda Pública de la Generalitat","Ley Orgánica 2/2012, de 27 de abril, de Estabilidad Presupuestaria y Sostenibilidad Financiera",23,JURIDICO
ESPECIAL,57,"La Ley orgánica 2/2012, de 27 abril, de Estabilidad Presupuestaria: ámbito de aplicación y de la Hacienda Pública de la Generalitat","Ley Orgánica 2/2012, de 27 de abril, de Estabilidad Presupuestaria y Sostenibilidad Financiera",24,JURIDICO
ESPECIAL,57,"La Ley orgánica 2/2012, de 27 abril, de Estabilidad Presupuestaria: ámbito de aplicación y de la Hacienda Pública de la Generalitat","Ley Orgánica 2/2012, de 27 de abril, de Estabilidad Presupuestaria y Sostenibilidad Financiera",25,JURIDICO
ESPECIAL,57,"La Ley orgánica 2/2012, de 27 abril, de Estabilidad Presupuestaria: ámbito de aplicación y de la Hacienda Pública de la Generalitat","Ley Orgánica 2/2012, de 27 de abril, de Estabilidad Presupuestaria y Sostenibilidad Financiera",26,JURIDICO
ESPECIAL,57,"La Ley orgánica 2/2012, de 27 abril, de Estabilidad Presupuestaria: ámbito de aplicación y de la Hacienda Pública de la Generalitat","Ley Orgánica 2/2012, de 27 de abril, de Estabilidad Presupuestaria y Sostenibilidad Financiera",27,JURIDICO
ESPECIAL,57,"La Ley orgánica 2/2012, de 27 abril, de Estabilidad Presupuestaria: ámbito de aplicación y de la Hacienda Pública de la Generalitat","Ley Orgánica 2/2012, de 27 de abril, de Estabilidad Presupuestaria y Sostenibilidad Financiera",28,JURIDICO
ESPECIAL,57,"La Ley orgánica 2/2012, de 27 abril, de Estabilidad Presupuestaria: ámbito de aplicación y de la Hacienda Pública de la Generalitat","Ley Orgánica 2/2012, de 27 de abril, de Estabilidad Presupuestaria y Sostenibilidad Financiera",29,JURIDICO
ESPECIAL,57,"La Ley orgánica 2/2012, de 27 abril, de Estabilidad Presupuestaria: ámbito de aplicación y de la Hacienda Pública de la Generalitat","Ley Orgánica 2/2012, de 27 de abril, de Estabilidad Presupuestaria y Sostenibilidad Financiera",30,JURIDICO
ESPECIAL,57,"La Ley orgánica 2/2012, de 27 abril, de Estabilidad Presupuestaria: ámbito de aplicación y de la Hacienda Pública de la Generalitat","Ley Orgánica 2/2012, de 27 de abril, de Estabilidad Presupuestaria y Sostenibilidad Financiera",31,JURIDICO
ESPECIAL,57,"La Ley orgánica 2/2012, de 27 abril, de Estabilidad Presupuestaria: ámbito de aplicación y de la Hacienda Pública de la Generalitat","Ley Orgánica 2/2012, de 27 de abril, de Estabilidad Presupuestaria y Sostenibilidad Financiera",32,JURIDICO
ESPECIAL,57,"La Ley orgánica 2/2012, de 27 abril, de Estabilidad Presupuestaria: ámbito de aplicación y de la Hacienda Pública de la Generalitat","Real Decreto 635/2014, de 25 de julio, por el que se desarrolla la metodología de cálculo del periodo medio de pago a proveedores de las Administraciones Públicas",1,JURIDICO
ESPECIAL,57,"La Ley orgánica 2/2012, de 27 abril, de Estabilidad Presupuestaria: ámbito de aplicación y de la Hacienda Pública de la Generalitat","Real Decreto 635/2014, de 25 de julio, por el que se desarrolla la metodología de cálculo del periodo medio de pago a proveedores de las Administraciones Públicas",2,JURIDICO
ESPECIAL,57,"La Ley orgánica 2/2012, de 27 abril, de Estabilidad Presupuestaria: ámbito de aplicación y de la Hacienda Pública de la Generalitat","Real Decreto 635/2014, de 25 de julio, por el que se desarrolla la metodología de cálculo del periodo medio de pago a proveedores de las Administraciones Públicas",3,JURIDICO
ESPECIAL,57,"La Ley orgánica 2/2012, de 27 abril, de Estabilidad Presupuestaria: ámbito de aplicación y de la Hacienda Pública de la Generalitat","Real Decreto 635/2014, de 25 de julio, por el que se desarrolla la metodología de cálculo del periodo medio de pago a proveedores de las Administraciones Públicas",4,JURIDICO
ESPECIAL,57,"La Ley orgánica 2/2012, de 27 abril, de Estabilidad Presupuestaria: ámbito de aplicación y de la Hacienda Pública de la Generalitat","Real Decreto 635/2014, de 25 de julio, por el que se desarrolla la metodología de cálculo del periodo medio de pago a proveedores de las Administraciones Públicas",5,JURIDICO
ESPECIAL,57,"La Ley orgánica 2/2012, de 27 abril, de Estabilidad Presupuestaria: ámbito de aplicación y de la Hacienda Pública de la Generalitat","Real Decreto 635/2014, de 25 de julio, por el que se desarrolla la metodología de cálculo del periodo medio de pago a proveedores de las Administraciones Públicas",6,JURIDICO
ESPECIAL,58,La Tesorería de la Generalitat,"Ley 1/2015, de 6 de febrero, de Hacienda Pública, del Sector Público Instrumental y de Subvenciones",67,JURIDICO
ESPECIAL,58,La Tesorería de la Generalitat,"Ley 1/2015, de 6 de febrero, de Hacienda Pública, del Sector Público Instrumental y de Subvenciones",68,JURIDICO
ESPECIAL,58,La Tesorería de la Generalitat,"Ley 1/2015, de 6 de febrero, de Hacienda Pública, del Sector Público Instrumental y de Subvenciones",69,JURIDICO
ESPECIAL,58,La Tesorería de la Generalitat,"Ley 1/2015, de 6 de febrero, de Hacienda Pública, del Sector Público Instrumental y de Subvenciones",70,JURIDICO
ESPECIAL,58,La Tesorería de la Generalitat,"Ley 1/2015, de 6 de febrero, de Hacienda Pública, del Sector Público Instrumental y de Subvenciones",71,JURIDICO
ESPECIAL,58,La Tesorería de la Generalitat,"Ley 1/2015, de 6 de febrero, de Hacienda Pública, del Sector Público Instrumental y de Subvenciones",72,JURIDICO
ESPECIAL,58,La Tesorería de la Generalitat,"Ley 1/2015, de 6 de febrero, de Hacienda Pública, del Sector Público Instrumental y de Subvenciones",73,JURIDICO
ESPECIAL,58,La Tesorería de la Generalitat,"Ley 1/2015, de 6 de febrero, de Hacienda Pública, del Sector Público Instrumental y de Subvenciones",74,JURIDICO
ESPECIAL,58,La Tesorería de la Generalitat,"Ley 1/2015, de 6 de febrero, de Hacienda Pública, del Sector Público Instrumental y de Subvenciones",75,JURIDICO
ESPECIAL,58,La Tesorería de la Generalitat,"Ley 1/2015, de 6 de febrero, de Hacienda Pública, del Sector Público Instrumental y de Subvenciones",76,JURIDICO
ESPECIAL,58,La Tesorería de la Generalitat,"Ley 1/2015, de 6 de febrero, de Hacienda Pública, del Sector Público Instrumental y de Subvenciones",77,JURIDICO
ESPECIAL,58,La Tesorería de la Generalitat,"Ley 1/2015, de 6 de febrero, de Hacienda Pública, del Sector Público Instrumental y de Subvenciones",78,JURIDICO
ESPECIAL,58,La Tesorería de la Generalitat,"Ley 1/2015, de 6 de febrero, de Hacienda Pública, del Sector Público Instrumental y de Subvenciones",79,JURIDICO
ESPECIAL,58,La Tesorería de la Generalitat,"Ley 1/2015, de 6 de febrero, de Hacienda Pública, del Sector Público Instrumental y de Subvenciones",80,JURIDICO
ESPECIAL,58,La Tesorería de la Generalitat,"Ley 1/2015, de 6 de febrero, de Hacienda Pública, del Sector Público Instrumental y de Subvenciones",81,JURIDICO
ESPECIAL,58,La Tesorería de la Generalitat,"Ley 1/2015, de 6 de febrero, de Hacienda Pública, del Sector Público Instrumental y de Subvenciones",82,JURIDICO
ESPECIAL,58,La Tesorería de la Generalitat,"Ley 1/2015, de 6 de febrero, de Hacienda Pública, del Sector Público Instrumental y de Subvenciones",83,JURIDICO
ESPECIAL,58,La Tesorería de la Generalitat,"Ley 1/2015, de 6 de febrero, de Hacienda Pública, del Sector Público Instrumental y de Subvenciones",84,JURIDICO
ESPECIAL,58,La Tesorería de la Generalitat,"Ley 1/2015, de 6 de febrero, de Hacienda Pública, del Sector Público Instrumental y de Subvenciones",85,JURIDICO
ESPECIAL,58,La Tesorería de la Generalitat,"Ley 1/2015, de 6 de febrero, de Hacienda Pública, del Sector Público Instrumental y de Subvenciones",86,JURIDICO
ESPECIAL,58,La Tesorería de la Generalitat,"Ley 1/2015, de 6 de febrero, de Hacienda Pública, del Sector Público Instrumental y de Subvenciones",87,JURIDICO
ESPECIAL,58,La Tesorería de la Generalitat,"Ley 1/2015, de 6 de febrero, de Hacienda Pública, del Sector Público Instrumental y de Subvenciones",88,JURIDICO
ESPECIAL,58,La Tesorería de la Generalitat,"Ley 1/2015, de 6 de febrero, de Hacienda Pública, del Sector Público Instrumental y de Subvenciones",89,JURIDICO
ESPECIAL,58,La Tesorería de la Generalitat,"Ley 1/2015, de 6 de febrero, de Hacienda Pública, del Sector Público Instrumental y de Subvenciones",90,JURIDICO
ESPECIAL,58,La Tesorería de la Generalitat,"Ley 1/2015, de 6 de febrero, de Hacienda Pública, del Sector Público Instrumental y de Subvenciones",91,JURIDICO
ESPECIAL,59,La Cuenta General,"Ley 1/2015, de 6 de febrero, de Hacienda Pública, del Sector Público Instrumental y de Subvenciones",124,JURIDICO
ESPECIAL,59,La Cuenta General,"Ley 1/2015, de 6 de febrero, de Hacienda Pública, del Sector Público Instrumental y de Subvenciones",125,JURIDICO
ESPECIAL,59,La Cuenta General,"Ley 1/2015, de 6 de febrero, de Hacienda Pública, del Sector Público Instrumental y de Subvenciones",126,JURIDICO
ESPECIAL,59,La Cuenta General,"Ley 1/2015, de 6 de febrero, de Hacienda Pública, del Sector Público Instrumental y de Subvenciones",127,JURIDICO
ESPECIAL,59,La Cuenta General,"Ley 1/2015, de 6 de febrero, de Hacienda Pública, del Sector Público Instrumental y de Subvenciones",128,JURIDICO
ESPECIAL,59,La Cuenta General,"Ley 1/2015, de 6 de febrero, de Hacienda Pública, del Sector Público Instrumental y de Subvenciones",129,JURIDICO
ESPECIAL,59,La Cuenta General,"Ley 1/2015, de 6 de febrero, de Hacienda Pública, del Sector Público Instrumental y de Subvenciones",130,JURIDICO
ESPECIAL,59,La Cuenta General,"Ley 1/2015, de 6 de febrero, de Hacienda Pública, del Sector Público Instrumental y de Subvenciones",131,JURIDICO
ESPECIAL,59,La Cuenta General,"Ley 1/2015, de 6 de febrero, de Hacienda Pública, del Sector Público Instrumental y de Subvenciones",132,JURIDICO
ESPECIAL,59,La Cuenta General,"Ley 1/2015, de 6 de febrero, de Hacienda Pública, del Sector Público Instrumental y de Subvenciones",133,JURIDICO
ESPECIAL,59,La Cuenta General,"Ley 1/2015, de 6 de febrero, de Hacienda Pública, del Sector Público Instrumental y de Subvenciones",134,JURIDICO
ESPECIAL,59,La Cuenta General,"Ley 1/2015, de 6 de febrero, de Hacienda Pública, del Sector Público Instrumental y de Subvenciones",135,JURIDICO
ESPECIAL,59,La Cuenta General,"Ley 1/2015, de 6 de febrero, de Hacienda Pública, del Sector Público Instrumental y de Subvenciones",136,JURIDICO
ESPECIAL,59,La Cuenta General,"Ley 1/2015, de 6 de febrero, de Hacienda Pública, del Sector Público Instrumental y de Subvenciones",137,JURIDICO
ESPECIAL,59,La Cuenta General,"Ley 1/2015, de 6 de febrero, de Hacienda Pública, del Sector Público Instrumental y de Subvenciones",138,JURIDICO
ESPECIAL,59,La Cuenta General,"Ley 1/2015, de 6 de febrero, de Hacienda Pública, del Sector Público Instrumental y de Subvenciones",139,JURIDICO
ESPECIAL,59,La Cuenta General,"Ley 1/2015, de 6 de febrero, de Hacienda Pública, del Sector Público Instrumental y de Subvenciones",140,JURIDICO
ESPECIAL,59,La Cuenta General,"Ley 1/2015, de 6 de febrero, de Hacienda Pública, del Sector Público Instrumental y de Subvenciones",141,JURIDICO
ESPECIAL,59,La Cuenta General,"Ley 1/2015, de 6 de febrero, de Hacienda Pública, del Sector Público Instrumental y de Subvenciones",142,JURIDICO
ESPECIAL,59,La Cuenta General,"Ley 1/2015, de 6 de febrero, de Hacienda Pública, del Sector Público Instrumental y de Subvenciones",143,JURIDICO
ESPECIAL,59,La Cuenta General,"Ley 1/2015, de 6 de febrero, de Hacienda Pública, del Sector Público Instrumental y de Subvenciones",144,JURIDICO
ESPECIAL,59,La Cuenta General,"Ley 1/2015, de 6 de febrero, de Hacienda Pública, del Sector Público Instrumental y de Subvenciones",145,JURIDICO
ESPECIAL,59,La Cuenta General,"Ley 1/2015, de 6 de febrero, de Hacienda Pública, del Sector Público Instrumental y de Subvenciones",146,JURIDICO
ESPECIAL,59,La Cuenta General,"Ley 1/2015, de 6 de febrero, de Hacienda Pública, del Sector Público Instrumental y de Subvenciones",147,JURIDICO
ESPECIAL,59,La Cuenta General,"Ley 1/2015, de 6 de febrero, de Hacienda Pública, del Sector Público Instrumental y de Subvenciones",148,JURIDICO
ESPECIAL,59,La Cuenta General,"Ley 1/2015, de 6 de febrero, de Hacienda Pública, del Sector Público Instrumental y de Subvenciones",149,JURIDICO
ESPECIAL,59,La Cuenta General,"Ley 1/2015, de 6 de febrero, de Hacienda Pública, del Sector Público Instrumental y de Subvenciones",150,JURIDICO
ESPECIAL,59,La Cuenta General,"Ley 1/2015, de 6 de febrero, de Hacienda Pública, del Sector Público Instrumental y de Subvenciones",151,JURIDICO
ESPECIAL,60,Tasas y precios públicos en la Generalitat,"Decreto 103/2014, de 4 de julio, del Consell, por el que se regulan los precios públicos de la Generalitat",1,JURIDICO
ESPECIAL,60,Tasas y precios públicos en la Generalitat,"Decreto 103/2014, de 4 de julio, del Consell, por el que se regulan los precios públicos de la Generalitat",2,JURIDICO
ESPECIAL,60,Tasas y precios públicos en la Generalitat,"Decreto 103/2014, de 4 de julio, del Consell, por el que se regulan los precios públicos de la Generalitat",3,JURIDICO
ESPECIAL,60,Tasas y precios públicos en la Generalitat,"Decreto 103/2014, de 4 de julio, del Consell, por el que se regulan los precios públicos de la Generalitat",4,JURIDICO
ESPECIAL,60,Tasas y precios públicos en la Generalitat,"Decreto 103/2014, de 4 de julio, del Consell, por el que se regulan los precios públicos de la Generalitat",5,JURIDICO
ESPECIAL,60,Tasas y precios públicos en la Generalitat,"Decreto 103/2014, de 4 de julio, del Consell, por el que se regulan los precios públicos de la Generalitat",6,JURIDICO
ESPECIAL,60,Tasas y precios públicos en la Generalitat,"Decreto 103/2014, de 4 de julio, del Consell, por el que se regulan los precios públicos de la Generalitat",7,JURIDICO
ESPECIAL,60,Tasas y precios públicos en la Generalitat,"Decreto 103/2014, de 4 de julio, del Consell, por el que se regulan los precios públicos de la Generalitat",8,JURIDICO
ESPECIAL,60,Tasas y precios públicos en la Generalitat,"Ley 20/2017, de 28 de diciembre, de tasas",1.1-1,JURIDICO
ESPECIAL,60,Tasas y precios públicos en la Generalitat,"Ley 20/2017, de 28 de diciembre, de tasas",1.1-2,JURIDICO
ESPECIAL,60,Tasas y precios públicos en la Generalitat,"Ley 20/2017, de 28 de diciembre, de tasas",1.1-3,JURIDICO
ESPECIAL,60,Tasas y precios públicos en la Generalitat,"Ley 20/2017, de 28 de diciembre, de tasas",1.2-1,JURIDICO
ESPECIAL,60,Tasas y precios públicos en la Generalitat,"Ley 20/2017, de 28 de diciembre, de tasas",1.2-2,JURIDICO
ESPECIAL,60,Tasas y precios públicos en la Generalitat,"Ley 20/2017, de 28 de diciembre, de tasas",1.2-3,JURIDICO
ESPECIAL,60,Tasas y precios públicos en la Generalitat,"Ley 20/2017, de 28 de diciembre, de tasas",1.2-4,JURIDICO
ESPECIAL,60,Tasas y precios públicos en la Generalitat,"Ley 20/2017, de 28 de diciembre, de tasas",1.2-5,JURIDICO
ESPECIAL,60,Tasas y precios públicos en la Generalitat,"Ley 20/2017, de 28 de diciembre, de tasas",1.2-6,JURIDICO
ESPECIAL,60,Tasas y precios públicos en la Generalitat,"Ley 20/2017, de 28 de diciembre, de tasas",1.3-1,JURIDICO
ESPECIAL,60,Tasas y precios públicos en la Generalitat,"Ley 20/2017, de 28 de diciembre, de tasas",1.3-2,JURIDICO
ESPECIAL,60,Tasas y precios públicos en la Generalitat,"Ley 20/2017, de 28 de diciembre, de tasas",1.3-3,JURIDICO
ESPECIAL,60,Tasas y precios públicos en la Generalitat,"Ley 20/2017, de 28 de diciembre, de tasas",1.3-4,JURIDICO
ESPECIAL,60,Tasas y precios públicos en la Generalitat,"Ley 20/2017, de 28 de diciembre, de tasas",1.3-5,JURIDICO
ESPECIAL,60,Tasas y precios públicos en la Generalitat,"Ley 20/2017, de 28 de diciembre, de tasas",1.3-6,JURIDICO
ESPECIAL,60,Tasas y precios públicos en la Generalitat,"Ley 20/2017, de 28 de diciembre, de tasas",1.3-7,JURIDICO
ESPECIAL,60,Tasas y precios públicos en la Generalitat,"Ley 20/2017, de 28 de diciembre, de tasas",1.3-8,JURIDICO
ESPECIAL,60,Tasas y precios públicos en la Generalitat,"Ley 20/2017, de 28 de diciembre, de tasas",1.3-9,JURIDICO
ESPECIAL,60,Tasas y precios públicos en la Generalitat,"Ley 20/2017, de 28 de diciembre, de tasas",1.3-10,JURIDICO
ESPECIAL,60,Tasas y precios públicos en la Generalitat,"Ley 20/2017, de 28 de diciembre, de tasas",1.4-1,JURIDICO
ESPECIAL,60,Tasas y precios públicos en la Generalitat,"Ley 20/2017, de 28 de diciembre, de tasas",1.4-2,JURIDICO
ESPECIAL,60,Tasas y precios públicos en la Generalitat,"Ley 20/2017, de 28 de diciembre, de tasas",1.4-3,JURIDICO
ESPECIAL,60,Tasas y precios públicos en la Generalitat,"Ley 20/2017, de 28 de diciembre, de tasas",1.4-4,JURIDICO
ESPECIAL,60,Tasas y precios públicos en la Generalitat,"Ley 20/2017, de 28 de diciembre, de tasas",1.4-5,JURIDICO
ESPECIAL,60,Tasas y precios públicos en la Generalitat,"Ley 20/2017, de 28 de diciembre, de tasas",1.6-1,JURIDICO
GENERAL,1,La Constitución española de 1978,Constitución Española de 1978,1,JURIDICO
GENERAL,1,La Constitución española de 1978,Constitución Española de 1978,2,JURIDICO
GENERAL,1,La Constitución española de 1978,Constitución Española de 1978,3,JURIDICO
GENERAL,1,La Constitución española de 1978,Constitución Española de 1978,4,JURIDICO
GENERAL,1,La Constitución española de 1978,Constitución Española de 1978,5,JURIDICO
GENERAL,1,La Constitución española de 1978,Constitución Española de 1978,6,JURIDICO
GENERAL,1,La Constitución española de 1978,Constitución Española de 1978,7,JURIDICO
GENERAL,1,La Constitución española de 1978,Constitución Española de 1978,8,JURIDICO
GENERAL,1,La Constitución española de 1978,Constitución Española de 1978,9,JURIDICO
GENERAL,1,La Constitución española de 1978,Constitución Española de 1978,10,JURIDICO
GENERAL,1,La Constitución española de 1978,Constitución Española de 1978,11,JURIDICO
GENERAL,1,La Constitución española de 1978,Constitución Española de 1978,12,JURIDICO
GENERAL,1,La Constitución española de 1978,Constitución Española de 1978,13,JURIDICO
GENERAL,1,La Constitución española de 1978,Constitución Española de 1978,14,JURIDICO
GENERAL,1,La Constitución española de 1978,Constitución Española de 1978,15,JURIDICO
GENERAL,1,La Constitución española de 1978,Constitución Española de 1978,16,JURIDICO
GENERAL,1,La Constitución española de 1978,Constitución Española de 1978,17,JURIDICO
GENERAL,1,La Constitución española de 1978,Constitución Española de 1978,18,JURIDICO
GENERAL,1,La Constitución española de 1978,Constitución Española de 1978,19,JURIDICO
GENERAL,1,La Constitución española de 1978,Constitución Española de 1978,20,JURIDICO
GENERAL,1,La Constitución española de 1978,Constitución Española de 1978,21,JURIDICO
GENERAL,1,La Constitución española de 1978,Constitución Española de 1978,22,JURIDICO
GENERAL,1,La Constitución española de 1978,Constitución Española de 1978,23,JURIDICO
GENERAL,1,La Constitución española de 1978,Constitución Española de 1978,24,JURIDICO
GENERAL,1,La Constitución española de 1978,Constitución Española de 1978,25,JURIDICO
GENERAL,1,La Constitución española de 1978,Constitución Española de 1978,26,JURIDICO
GENERAL,1,La Constitución española de 1978,Constitución Española de 1978,27,JURIDICO
GENERAL,1,La Constitución española de 1978,Constitución Española de 1978,28,JURIDICO
GENERAL,1,La Constitución española de 1978,Constitución Española de 1978,29,JURIDICO
GENERAL,1,La Constitución española de 1978,Constitución Española de 1978,30,JURIDICO
GENERAL,1,La Constitución española de 1978,Constitución Española de 1978,31,JURIDICO
GENERAL,1,La Constitución española de 1978,Constitución Española de 1978,32,JURIDICO
GENERAL,1,La Constitución española de 1978,Constitución Española de 1978,33,JURIDICO
GENERAL,1,La Constitución española de 1978,Constitución Española de 1978,34,JURIDICO
GENERAL,1,La Constitución española de 1978,Constitución Española de 1978,35,JURIDICO
GENERAL,1,La Constitución española de 1978,Constitución Española de 1978,36,JURIDICO
GENERAL,1,La Constitución española de 1978,Constitución Española de 1978,37,JURIDICO
GENERAL,1,La Constitución española de 1978,Constitución Española de 1978,38,JURIDICO
GENERAL,1,La Constitución española de 1978,Constitución Española de 1978,39,JURIDICO
GENERAL,1,La Constitución española de 1978,Constitución Española de 1978,40,JURIDICO
GENERAL,1,La Constitución española de 1978,Constitución Española de 1978,41,JURIDICO
GENERAL,1,La Constitución española de 1978,Constitución Española de 1978,42,JURIDICO
GENERAL,1,La Constitución española de 1978,Constitución Española de 1978,43,JURIDICO
GENERAL,1,La Constitución española de 1978,Constitución Española de 1978,44,JURIDICO
GENERAL,1,La Constitución española de 1978,Constitución Española de 1978,45,JURIDICO
GENERAL,1,La Constitución española de 1978,Constitución Española de 1978,46,JURIDICO
GENERAL,1,La Constitución española de 1978,Constitución Española de 1978,47,JURIDICO
GENERAL,1,La Constitución española de 1978,Constitución Española de 1978,48,JURIDICO
GENERAL,1,La Constitución española de 1978,Constitución Española de 1978,49,JURIDICO
GENERAL,1,La Constitución española de 1978,Constitución Española de 1978,50,JURIDICO
GENERAL,1,La Constitución española de 1978,Constitución Española de 1978,51,JURIDICO
GENERAL,1,La Constitución española de 1978,Constitución Española de 1978,52,JURIDICO
GENERAL,1,La Constitución española de 1978,Constitución Española de 1978,53,JURIDICO
GENERAL,1,La Constitución española de 1978,Constitución Española de 1978,54,JURIDICO
GENERAL,1,La Constitución española de 1978,Constitución Española de 1978,55,JURIDICO
GENERAL,1,La Constitución española de 1978,Constitución Española de 1978,56,JURIDICO
GENERAL,1,La Constitución española de 1978,Constitución Española de 1978,57,JURIDICO
GENERAL,1,La Constitución española de 1978,Constitución Española de 1978,58,JURIDICO
GENERAL,1,La Constitución española de 1978,Constitución Española de 1978,59,JURIDICO
GENERAL,1,La Constitución española de 1978,Constitución Española de 1978,60,JURIDICO
GENERAL,1,La Constitución española de 1978,Constitución Española de 1978,61,JURIDICO
GENERAL,1,La Constitución española de 1978,Constitución Española de 1978,62,JURIDICO
GENERAL,1,La Constitución española de 1978,Constitución Española de 1978,63,JURIDICO
GENERAL,1,La Constitución española de 1978,Constitución Española de 1978,64,JURIDICO
GENERAL,1,La Constitución española de 1978,Constitución Española de 1978,65,JURIDICO
GENERAL,1,La Constitución española de 1978,Constitución Española de 1978,66,JURIDICO
GENERAL,1,La Constitución española de 1978,Constitución Española de 1978,67,JURIDICO
GENERAL,1,La Constitución española de 1978,Constitución Española de 1978,68,JURIDICO
GENERAL,1,La Constitución española de 1978,Constitución Española de 1978,69,JURIDICO
GENERAL,1,La Constitución española de 1978,Constitución Española de 1978,70,JURIDICO
GENERAL,1,La Constitución española de 1978,Constitución Española de 1978,71,JURIDICO
GENERAL,1,La Constitución española de 1978,Constitución Española de 1978,72,JURIDICO
GENERAL,1,La Constitución española de 1978,Constitución Española de 1978,73,JURIDICO
GENERAL,1,La Constitución española de 1978,Constitución Española de 1978,74,JURIDICO
GENERAL,1,La Constitución española de 1978,Constitución Española de 1978,75,JURIDICO
GENERAL,1,La Constitución española de 1978,Constitución Española de 1978,76,JURIDICO
GENERAL,1,La Constitución española de 1978,Constitución Española de 1978,77,JURIDICO
GENERAL,1,La Constitución española de 1978,Constitución Española de 1978,78,JURIDICO
GENERAL,1,La Constitución española de 1978,Constitución Española de 1978,79,JURIDICO
GENERAL,1,La Constitución española de 1978,Constitución Española de 1978,80,JURIDICO
GENERAL,1,La Constitución española de 1978,Constitución Española de 1978,81,JURIDICO
GENERAL,1,La Constitución española de 1978,Constitución Española de 1978,82,JURIDICO
GENERAL,1,La Constitución española de 1978,Constitución Española de 1978,83,JURIDICO
GENERAL,1,La Constitución española de 1978,Constitución Española de 1978,84,JURIDICO
GENERAL,1,La Constitución española de 1978,Constitución Española de 1978,85,JURIDICO
GENERAL,1,La Constitución española de 1978,Constitución Española de 1978,86,JURIDICO
GENERAL,1,La Constitución española de 1978,Constitución Española de 1978,87,JURIDICO
GENERAL,1,La Constitución española de 1978,Constitución Española de 1978,88,JURIDICO
GENERAL,1,La Constitución española de 1978,Constitución Española de 1978,89,JURIDICO
GENERAL,1,La Constitución española de 1978,Constitución Española de 1978,90,JURIDICO
GENERAL,1,La Constitución española de 1978,Constitución Española de 1978,91,JURIDICO
GENERAL,1,La Constitución española de 1978,Constitución Española de 1978,92,JURIDICO
GENERAL,1,La Constitución española de 1978,Constitución Española de 1978,93,JURIDICO
GENERAL,1,La Constitución española de 1978,Constitución Española de 1978,94,JURIDICO
GENERAL,1,La Constitución española de 1978,Constitución Española de 1978,95,JURIDICO
GENERAL,1,La Constitución española de 1978,Constitución Española de 1978,96,JURIDICO
GENERAL,1,La Constitución española de 1978,Constitución Española de 1978,166,JURIDICO
GENERAL,1,La Constitución española de 1978,Constitución Española de 1978,167,JURIDICO
GENERAL,1,La Constitución española de 1978,Constitución Española de 1978,168,JURIDICO
GENERAL,1,La Constitución española de 1978,Constitución Española de 1978,169,JURIDICO
GENERAL,2,Del Gobierno y de la Administración,Constitución Española de 1978,97,JURIDICO
GENERAL,2,Del Gobierno y de la Administración,Constitución Española de 1978,98,JURIDICO
GENERAL,2,Del Gobierno y de la Administración,Constitución Española de 1978,99,JURIDICO
GENERAL,2,Del Gobierno y de la Administración,Constitución Española de 1978,100,JURIDICO
GENERAL,2,Del Gobierno y de la Administración,Constitución Española de 1978,101,JURIDICO
GENERAL,2,Del Gobierno y de la Administración,Constitución Española de 1978,102,JURIDICO
GENERAL,2,Del Gobierno y de la Administración,Constitución Española de 1978,104,JURIDICO
GENERAL,2,Del Gobierno y de la Administración,Constitución Española de 1978,105,JURIDICO
GENERAL,2,Del Gobierno y de la Administración,Constitución Española de 1978,106,JURIDICO
GENERAL,2,Del Gobierno y de la Administración,Constitución Española de 1978,107,JURIDICO
GENERAL,2,Del Gobierno y de la Administración,Constitución Española de 1978,108,JURIDICO
GENERAL,2,Del Gobierno y de la Administración,Constitución Española de 1978,109,JURIDICO
GENERAL,2,Del Gobierno y de la Administración,Constitución Española de 1978,110,JURIDICO
GENERAL,2,Del Gobierno y de la Administración,Constitución Española de 1978,111,JURIDICO
GENERAL,2,Del Gobierno y de la Administración,Constitución Española de 1978,112,JURIDICO
GENERAL,2,Del Gobierno y de la Administración,Constitución Española de 1978,113,JURIDICO
GENERAL,2,Del Gobierno y de la Administración,Constitución Española de 1978,114,JURIDICO
GENERAL,2,Del Gobierno y de la Administración,Constitución Española de 1978,115,JURIDICO
GENERAL,2,Del Gobierno y de la Administración,Constitución Española de 1978,116,JURIDICO
GENERAL,2,Del Gobierno y de la Administración,"Ley 50/1997, de 27 de noviembre, del Gobierno",1,JURIDICO
GENERAL,2,Del Gobierno y de la Administración,"Ley 50/1997, de 27 de noviembre, del Gobierno",2,JURIDICO
GENERAL,2,Del Gobierno y de la Administración,"Ley 50/1997, de 27 de noviembre, del Gobierno",3,JURIDICO
GENERAL,2,Del Gobierno y de la Administración,"Ley 50/1997, de 27 de noviembre, del Gobierno",4,JURIDICO
GENERAL,2,Del Gobierno y de la Administración,"Ley 50/1997, de 27 de noviembre, del Gobierno",5,JURIDICO
GENERAL,2,Del Gobierno y de la Administración,"Ley 50/1997, de 27 de noviembre, del Gobierno",6,JURIDICO
GENERAL,2,Del Gobierno y de la Administración,"Ley 50/1997, de 27 de noviembre, del Gobierno",7,JURIDICO
GENERAL,2,Del Gobierno y de la Administración,"Ley 50/1997, de 27 de noviembre, del Gobierno",8,JURIDICO
GENERAL,2,Del Gobierno y de la Administración,"Ley 50/1997, de 27 de noviembre, del Gobierno",9,JURIDICO
GENERAL,2,Del Gobierno y de la Administración,"Ley 50/1997, de 27 de noviembre, del Gobierno",10,JURIDICO
GENERAL,2,Del Gobierno y de la Administración,"Ley 50/1997, de 27 de noviembre, del Gobierno",11,JURIDICO
GENERAL,2,Del Gobierno y de la Administración,"Ley 50/1997, de 27 de noviembre, del Gobierno",12,JURIDICO
GENERAL,2,Del Gobierno y de la Administración,"Ley 50/1997, de 27 de noviembre, del Gobierno",13,JURIDICO
GENERAL,2,Del Gobierno y de la Administración,"Ley 50/1997, de 27 de noviembre, del Gobierno",14,JURIDICO
GENERAL,2,Del Gobierno y de la Administración,"Ley 50/1997, de 27 de noviembre, del Gobierno",15,JURIDICO
GENERAL,2,Del Gobierno y de la Administración,"Ley 50/1997, de 27 de noviembre, del Gobierno",16,JURIDICO
GENERAL,2,Del Gobierno y de la Administración,"Ley 50/1997, de 27 de noviembre, del Gobierno",17,JURIDICO
GENERAL,2,Del Gobierno y de la Administración,"Ley 50/1997, de 27 de noviembre, del Gobierno",18,JURIDICO
GENERAL,2,Del Gobierno y de la Administración,"Ley 50/1997, de 27 de noviembre, del Gobierno",19,JURIDICO
GENERAL,2,Del Gobierno y de la Administración,"Ley 50/1997, de 27 de noviembre, del Gobierno",20,JURIDICO
GENERAL,2,Del Gobierno y de la Administración,"Ley 50/1997, de 27 de noviembre, del Gobierno",21,JURIDICO
GENERAL,2,Del Gobierno y de la Administración,"Ley 50/1997, de 27 de noviembre, del Gobierno",22,JURIDICO
GENERAL,2,Del Gobierno y de la Administración,"Ley 50/1997, de 27 de noviembre, del Gobierno",23,JURIDICO
GENERAL,2,Del Gobierno y de la Administración,"Ley 50/1997, de 27 de noviembre, del Gobierno",24,JURIDICO
GENERAL,2,Del Gobierno y de la Administración,"Ley 50/1997, de 27 de noviembre, del Gobierno",25,JURIDICO
GENERAL,2,Del Gobierno y de la Administración,"Ley 50/1997, de 27 de noviembre, del Gobierno",26,JURIDICO
GENERAL,2,Del Gobierno y de la Administración,"Ley 50/1997, de 27 de noviembre, del Gobierno",27,JURIDICO
GENERAL,2,Del Gobierno y de la Administración,"Ley 50/1997, de 27 de noviembre, del Gobierno",28,JURIDICO
GENERAL,2,Del Gobierno y de la Administración,"Ley 50/1997, de 27 de noviembre, del Gobierno",29,JURIDICO
GENERAL,3,La Administración Pública: principios constitucionales que la informan,Constitución Española de 1978,103,JURIDICO
GENERAL,3,La Administración Pública: principios constitucionales que la informan,Constitución Española de 1978,128,JURIDICO
GENERAL,3,La Administración Pública: principios constitucionales que la informan,Constitución Española de 1978,129,JURIDICO
GENERAL,3,La Administración Pública: principios constitucionales que la informan,Constitución Española de 1978,130,JURIDICO
GENERAL,3,La Administración Pública: principios constitucionales que la informan,Constitución Española de 1978,131,JURIDICO
GENERAL,3,La Administración Pública: principios constitucionales que la informan,Constitución Española de 1978,132,JURIDICO
GENERAL,4,El Poder Judicial: la regulación constitucional de la justicia,Constitución Española de 1978,117,JURIDICO
GENERAL,4,El Poder Judicial: la regulación constitucional de la justicia,Constitución Española de 1978,118,JURIDICO
GENERAL,4,El Poder Judicial: la regulación constitucional de la justicia,Constitución Española de 1978,119,JURIDICO
GENERAL,4,El Poder Judicial: la regulación constitucional de la justicia,Constitución Española de 1978,120,JURIDICO
GENERAL,4,El Poder Judicial: la regulación constitucional de la justicia,Constitución Española de 1978,121,JURIDICO
GENERAL,4,El Poder Judicial: la regulación constitucional de la justicia,Constitución Española de 1978,122,JURIDICO
GENERAL,4,El Poder Judicial: la regulación constitucional de la justicia,Constitución Española de 1978,123,JURIDICO
GENERAL,4,El Poder Judicial: la regulación constitucional de la justicia,Constitución Española de 1978,124,JURIDICO
GENERAL,4,El Poder Judicial: la regulación constitucional de la justicia,Constitución Española de 1978,125,JURIDICO
GENERAL,4,El Poder Judicial: la regulación constitucional de la justicia,Constitución Española de 1978,126,JURIDICO
GENERAL,4,El Poder Judicial: la regulación constitucional de la justicia,Constitución Española de 1978,127,JURIDICO
GENERAL,4,El Poder Judicial: la regulación constitucional de la justicia,Constitución Española de 1978,159,JURIDICO
GENERAL,4,El Poder Judicial: la regulación constitucional de la justicia,Constitución Española de 1978,160,JURIDICO
GENERAL,4,El Poder Judicial: la regulación constitucional de la justicia,Constitución Española de 1978,161,JURIDICO
GENERAL,4,El Poder Judicial: la regulación constitucional de la justicia,Constitución Española de 1978,162,JURIDICO
GENERAL,4,El Poder Judicial: la regulación constitucional de la justicia,Constitución Española de 1978,163,JURIDICO
GENERAL,4,El Poder Judicial: la regulación constitucional de la justicia,Constitución Española de 1978,164,JURIDICO
GENERAL,4,El Poder Judicial: la regulación constitucional de la justicia,Constitución Española de 1978,165,JURIDICO
GENERAL,4,El Poder Judicial: la regulación constitucional de la justicia,"Ley Orgánica 3/1981, de 6 de abril, del Defensor del Pueblo",1,JURIDICO
GENERAL,4,El Poder Judicial: la regulación constitucional de la justicia,"Ley Orgánica 3/1981, de 6 de abril, del Defensor del Pueblo",2,JURIDICO
GENERAL,4,El Poder Judicial: la regulación constitucional de la justicia,"Ley Orgánica 3/1981, de 6 de abril, del Defensor del Pueblo",3,JURIDICO
GENERAL,4,El Poder Judicial: la regulación constitucional de la justicia,"Ley Orgánica 3/1981, de 6 de abril, del Defensor del Pueblo",4,JURIDICO
GENERAL,4,El Poder Judicial: la regulación constitucional de la justicia,"Ley Orgánica 3/1981, de 6 de abril, del Defensor del Pueblo",5,JURIDICO
GENERAL,4,El Poder Judicial: la regulación constitucional de la justicia,"Ley Orgánica 3/1981, de 6 de abril, del Defensor del Pueblo",6,JURIDICO
GENERAL,4,El Poder Judicial: la regulación constitucional de la justicia,"Ley Orgánica 3/1981, de 6 de abril, del Defensor del Pueblo",7,JURIDICO
GENERAL,4,El Poder Judicial: la regulación constitucional de la justicia,"Ley Orgánica 3/1981, de 6 de abril, del Defensor del Pueblo",8,JURIDICO
GENERAL,4,El Poder Judicial: la regulación constitucional de la justicia,"Ley Orgánica 3/1981, de 6 de abril, del Defensor del Pueblo",9,JURIDICO
GENERAL,4,El Poder Judicial: la regulación constitucional de la justicia,"Ley Orgánica 3/1981, de 6 de abril, del Defensor del Pueblo",10,JURIDICO
GENERAL,4,El Poder Judicial: la regulación constitucional de la justicia,"Ley Orgánica 3/1981, de 6 de abril, del Defensor del Pueblo",11,JURIDICO
GENERAL,4,El Poder Judicial: la regulación constitucional de la justicia,"Ley Orgánica 3/1981, de 6 de abril, del Defensor del Pueblo",12,JURIDICO
GENERAL,4,El Poder Judicial: la regulación constitucional de la justicia,"Ley Orgánica 3/1981, de 6 de abril, del Defensor del Pueblo",13,JURIDICO
GENERAL,4,El Poder Judicial: la regulación constitucional de la justicia,"Ley Orgánica 3/1981, de 6 de abril, del Defensor del Pueblo",14,JURIDICO
GENERAL,4,El Poder Judicial: la regulación constitucional de la justicia,"Ley Orgánica 3/1981, de 6 de abril, del Defensor del Pueblo",15,JURIDICO
GENERAL,4,El Poder Judicial: la regulación constitucional de la justicia,"Ley Orgánica 3/1981, de 6 de abril, del Defensor del Pueblo",16,JURIDICO
GENERAL,4,El Poder Judicial: la regulación constitucional de la justicia,"Ley Orgánica 3/1981, de 6 de abril, del Defensor del Pueblo",17,JURIDICO
GENERAL,4,El Poder Judicial: la regulación constitucional de la justicia,"Ley Orgánica 3/1981, de 6 de abril, del Defensor del Pueblo",18,JURIDICO
GENERAL,4,El Poder Judicial: la regulación constitucional de la justicia,"Ley Orgánica 3/1981, de 6 de abril, del Defensor del Pueblo",19,JURIDICO
GENERAL,4,El Poder Judicial: la regulación constitucional de la justicia,"Ley Orgánica 3/1981, de 6 de abril, del Defensor del Pueblo",20,JURIDICO
GENERAL,4,El Poder Judicial: la regulación constitucional de la justicia,"Ley Orgánica 3/1981, de 6 de abril, del Defensor del Pueblo",21,JURIDICO
GENERAL,4,El Poder Judicial: la regulación constitucional de la justicia,"Ley Orgánica 3/1981, de 6 de abril, del Defensor del Pueblo",22,JURIDICO
GENERAL,4,El Poder Judicial: la regulación constitucional de la justicia,"Ley Orgánica 3/1981, de 6 de abril, del Defensor del Pueblo",23,JURIDICO
GENERAL,4,El Poder Judicial: la regulación constitucional de la justicia,"Ley Orgánica 3/1981, de 6 de abril, del Defensor del Pueblo",24,JURIDICO
GENERAL,4,El Poder Judicial: la regulación constitucional de la justicia,"Ley Orgánica 3/1981, de 6 de abril, del Defensor del Pueblo",25,JURIDICO
GENERAL,4,El Poder Judicial: la regulación constitucional de la justicia,"Ley Orgánica 3/1981, de 6 de abril, del Defensor del Pueblo",26,JURIDICO
GENERAL,4,El Poder Judicial: la regulación constitucional de la justicia,"Ley Orgánica 3/1981, de 6 de abril, del Defensor del Pueblo",27,JURIDICO
GENERAL,4,El Poder Judicial: la regulación constitucional de la justicia,"Ley Orgánica 3/1981, de 6 de abril, del Defensor del Pueblo",28,JURIDICO
GENERAL,4,El Poder Judicial: la regulación constitucional de la justicia,"Ley Orgánica 3/1981, de 6 de abril, del Defensor del Pueblo",29,JURIDICO
GENERAL,4,El Poder Judicial: la regulación constitucional de la justicia,"Ley Orgánica 3/1981, de 6 de abril, del Defensor del Pueblo",30,JURIDICO
GENERAL,4,El Poder Judicial: la regulación constitucional de la justicia,"Ley Orgánica 3/1981, de 6 de abril, del Defensor del Pueblo",31,JURIDICO
GENERAL,4,El Poder Judicial: la regulación constitucional de la justicia,"Ley Orgánica 3/1981, de 6 de abril, del Defensor del Pueblo",32,JURIDICO
GENERAL,4,El Poder Judicial: la regulación constitucional de la justicia,"Ley Orgánica 3/1981, de 6 de abril, del Defensor del Pueblo",33,JURIDICO
GENERAL,4,El Poder Judicial: la regulación constitucional de la justicia,"Ley Orgánica 6/1985, de 1 de julio, del Poder Judicial",558,JURIDICO
GENERAL,4,El Poder Judicial: la regulación constitucional de la justicia,"Ley Orgánica 6/1985, de 1 de julio, del Poder Judicial",559,JURIDICO
GENERAL,4,El Poder Judicial: la regulación constitucional de la justicia,"Ley Orgánica 6/1985, de 1 de julio, del Poder Judicial",560,JURIDICO
GENERAL,4,El Poder Judicial: la regulación constitucional de la justicia,"Ley Orgánica 6/1985, de 1 de julio, del Poder Judicial",561,JURIDICO
GENERAL,4,El Poder Judicial: la regulación constitucional de la justicia,"Ley Orgánica 6/1985, de 1 de julio, del Poder Judicial",562,JURIDICO
GENERAL,4,El Poder Judicial: la regulación constitucional de la justicia,"Ley Orgánica 6/1985, de 1 de julio, del Poder Judicial",563,JURIDICO
GENERAL,4,El Poder Judicial: la regulación constitucional de la justicia,"Ley Orgánica 6/1985, de 1 de julio, del Poder Judicial",564,JURIDICO
GENERAL,4,El Poder Judicial: la regulación constitucional de la justicia,"Ley Orgánica 6/1985, de 1 de julio, del Poder Judicial",565,JURIDICO
GENERAL,4,El Poder Judicial: la regulación constitucional de la justicia,"Ley Orgánica 6/1985, de 1 de julio, del Poder Judicial",566,JURIDICO
GENERAL,4,El Poder Judicial: la regulación constitucional de la justicia,"Ley Orgánica 6/1985, de 1 de julio, del Poder Judicial",567,JURIDICO
GENERAL,4,El Poder Judicial: la regulación constitucional de la justicia,"Ley Orgánica 6/1985, de 1 de julio, del Poder Judicial",568,JURIDICO
GENERAL,4,El Poder Judicial: la regulación constitucional de la justicia,"Ley Orgánica 6/1985, de 1 de julio, del Poder Judicial",569,JURIDICO
GENERAL,4,El Poder Judicial: la regulación constitucional de la justicia,"Ley Orgánica 6/1985, de 1 de julio, del Poder Judicial",570,JURIDICO
GENERAL,4,El Poder Judicial: la regulación constitucional de la justicia,"Ley Orgánica 6/1985, de 1 de julio, del Poder Judicial",570 bis,JURIDICO
GENERAL,4,El Poder Judicial: la regulación constitucional de la justicia,"Ley Orgánica 6/1985, de 1 de julio, del Poder Judicial",571,JURIDICO
GENERAL,4,El Poder Judicial: la regulación constitucional de la justicia,"Ley Orgánica 6/1985, de 1 de julio, del Poder Judicial",572,JURIDICO
GENERAL,4,El Poder Judicial: la regulación constitucional de la justicia,"Ley Orgánica 6/1985, de 1 de julio, del Poder Judicial",573,JURIDICO
GENERAL,4,El Poder Judicial: la regulación constitucional de la justicia,"Ley Orgánica 6/1985, de 1 de julio, del Poder Judicial",574,JURIDICO
GENERAL,4,El Poder Judicial: la regulación constitucional de la justicia,"Ley Orgánica 6/1985, de 1 de julio, del Poder Judicial",575,JURIDICO
GENERAL,4,El Poder Judicial: la regulación constitucional de la justicia,"Ley Orgánica 6/1985, de 1 de julio, del Poder Judicial",576,JURIDICO
GENERAL,4,El Poder Judicial: la regulación constitucional de la justicia,"Ley Orgánica 6/1985, de 1 de julio, del Poder Judicial",577,JURIDICO
GENERAL,4,El Poder Judicial: la regulación constitucional de la justicia,"Ley Orgánica 6/1985, de 1 de julio, del Poder Judicial",578,JURIDICO
GENERAL,4,El Poder Judicial: la regulación constitucional de la justicia,"Ley Orgánica 6/1985, de 1 de julio, del Poder Judicial",579,JURIDICO
GENERAL,4,El Poder Judicial: la regulación constitucional de la justicia,"Ley Orgánica 6/1985, de 1 de julio, del Poder Judicial",580,JURIDICO
GENERAL,4,El Poder Judicial: la regulación constitucional de la justicia,"Ley Orgánica 6/1985, de 1 de julio, del Poder Judicial",581,JURIDICO
GENERAL,4,El Poder Judicial: la regulación constitucional de la justicia,"Ley Orgánica 6/1985, de 1 de julio, del Poder Judicial",582,JURIDICO
GENERAL,4,El Poder Judicial: la regulación constitucional de la justicia,"Ley Orgánica 6/1985, de 1 de julio, del Poder Judicial",583,JURIDICO
GENERAL,4,El Poder Judicial: la regulación constitucional de la justicia,"Ley Orgánica 6/1985, de 1 de julio, del Poder Judicial",584,JURIDICO
GENERAL,4,El Poder Judicial: la regulación constitucional de la justicia,"Ley Orgánica 6/1985, de 1 de julio, del Poder Judicial",584 bis,JURIDICO
GENERAL,4,El Poder Judicial: la regulación constitucional de la justicia,"Ley Orgánica 6/1985, de 1 de julio, del Poder Judicial",585,JURIDICO
GENERAL,4,El Poder Judicial: la regulación constitucional de la justicia,"Ley Orgánica 6/1985, de 1 de julio, del Poder Judicial",586,JURIDICO
GENERAL,4,El Poder Judicial: la regulación constitucional de la justicia,"Ley Orgánica 6/1985, de 1 de julio, del Poder Judicial",587,JURIDICO
GENERAL,4,El Poder Judicial: la regulación constitucional de la justicia,"Ley Orgánica 6/1985, de 1 de julio, del Poder Judicial",588,JURIDICO
GENERAL,4,El Poder Judicial: la regulación constitucional de la justicia,"Ley Orgánica 6/1985, de 1 de julio, del Poder Judicial",589,JURIDICO
GENERAL,4,El Poder Judicial: la regulación constitucional de la justicia,"Ley Orgánica 6/1985, de 1 de julio, del Poder Judicial",590,JURIDICO
GENERAL,4,El Poder Judicial: la regulación constitucional de la justicia,"Ley Orgánica 6/1985, de 1 de julio, del Poder Judicial",591,JURIDICO
GENERAL,4,El Poder Judicial: la regulación constitucional de la justicia,"Ley Orgánica 6/1985, de 1 de julio, del Poder Judicial",592,JURIDICO
GENERAL,4,El Poder Judicial: la regulación constitucional de la justicia,"Ley Orgánica 6/1985, de 1 de julio, del Poder Judicial",593,JURIDICO
GENERAL,4,El Poder Judicial: la regulación constitucional de la justicia,"Ley Orgánica 6/1985, de 1 de julio, del Poder Judicial",594,JURIDICO
GENERAL,4,El Poder Judicial: la regulación constitucional de la justicia,"Ley Orgánica 6/1985, de 1 de julio, del Poder Judicial",595,JURIDICO
GENERAL,4,El Poder Judicial: la regulación constitucional de la justicia,"Ley Orgánica 6/1985, de 1 de julio, del Poder Judicial",596,JURIDICO
GENERAL,4,El Poder Judicial: la regulación constitucional de la justicia,"Ley Orgánica 6/1985, de 1 de julio, del Poder Judicial",597,JURIDICO
GENERAL,4,El Poder Judicial: la regulación constitucional de la justicia,"Ley Orgánica 6/1985, de 1 de julio, del Poder Judicial",598,JURIDICO
GENERAL,4,El Poder Judicial: la regulación constitucional de la justicia,"Ley Orgánica 6/1985, de 1 de julio, del Poder Judicial",598 bis,JURIDICO
GENERAL,4,El Poder Judicial: la regulación constitucional de la justicia,"Ley Orgánica 6/1985, de 1 de julio, del Poder Judicial",599,JURIDICO
GENERAL,4,El Poder Judicial: la regulación constitucional de la justicia,"Ley Orgánica 6/1985, de 1 de julio, del Poder Judicial",600,JURIDICO
GENERAL,4,El Poder Judicial: la regulación constitucional de la justicia,"Ley Orgánica 6/1985, de 1 de julio, del Poder Judicial",601,JURIDICO
GENERAL,4,El Poder Judicial: la regulación constitucional de la justicia,"Ley Orgánica 6/1985, de 1 de julio, del Poder Judicial",602,JURIDICO
GENERAL,4,El Poder Judicial: la regulación constitucional de la justicia,"Ley Orgánica 6/1985, de 1 de julio, del Poder Judicial",603,JURIDICO
GENERAL,4,El Poder Judicial: la regulación constitucional de la justicia,"Ley Orgánica 6/1985, de 1 de julio, del Poder Judicial",604,JURIDICO
GENERAL,4,El Poder Judicial: la regulación constitucional de la justicia,"Ley Orgánica 6/1985, de 1 de julio, del Poder Judicial",605,JURIDICO
GENERAL,4,El Poder Judicial: la regulación constitucional de la justicia,"Ley Orgánica 6/1985, de 1 de julio, del Poder Judicial",606,JURIDICO
GENERAL,4,El Poder Judicial: la regulación constitucional de la justicia,"Ley Orgánica 6/1985, de 1 de julio, del Poder Judicial",607,JURIDICO
GENERAL,4,El Poder Judicial: la regulación constitucional de la justicia,"Ley Orgánica 6/1985, de 1 de julio, del Poder Judicial",608,JURIDICO
GENERAL,4,El Poder Judicial: la regulación constitucional de la justicia,"Ley Orgánica 6/1985, de 1 de julio, del Poder Judicial",609,JURIDICO
GENERAL,4,El Poder Judicial: la regulación constitucional de la justicia,"Ley Orgánica 6/1985, de 1 de julio, del Poder Judicial",610,JURIDICO
GENERAL,4,El Poder Judicial: la regulación constitucional de la justicia,"Ley Orgánica 6/1985, de 1 de julio, del Poder Judicial",610 bis,JURIDICO
GENERAL,4,El Poder Judicial: la regulación constitucional de la justicia,"Ley Orgánica 6/1985, de 1 de julio, del Poder Judicial",610 ter,JURIDICO
GENERAL,4,El Poder Judicial: la regulación constitucional de la justicia,"Ley Orgánica 6/1985, de 1 de julio, del Poder Judicial",611,JURIDICO
GENERAL,4,El Poder Judicial: la regulación constitucional de la justicia,"Ley Orgánica 6/1985, de 1 de julio, del Poder Judicial",612,JURIDICO
GENERAL,4,El Poder Judicial: la regulación constitucional de la justicia,"Ley Orgánica 6/1985, de 1 de julio, del Poder Judicial",613,JURIDICO
GENERAL,4,El Poder Judicial: la regulación constitucional de la justicia,"Ley Orgánica 6/1985, de 1 de julio, del Poder Judicial",614,JURIDICO
GENERAL,4,El Poder Judicial: la regulación constitucional de la justicia,"Ley Orgánica 6/1985, de 1 de julio, del Poder Judicial",615,JURIDICO
GENERAL,4,El Poder Judicial: la regulación constitucional de la justicia,"Ley Orgánica 6/1985, de 1 de julio, del Poder Judicial",616,JURIDICO
GENERAL,4,El Poder Judicial: la regulación constitucional de la justicia,"Ley Orgánica 6/1985, de 1 de julio, del Poder Judicial",617,JURIDICO
GENERAL,4,El Poder Judicial: la regulación constitucional de la justicia,"Ley Orgánica 6/1985, de 1 de julio, del Poder Judicial",618,JURIDICO
GENERAL,4,El Poder Judicial: la regulación constitucional de la justicia,"Ley Orgánica 6/1985, de 1 de julio, del Poder Judicial",619,JURIDICO
GENERAL,4,El Poder Judicial: la regulación constitucional de la justicia,"Ley Orgánica 6/1985, de 1 de julio, del Poder Judicial",620,JURIDICO
GENERAL,4,El Poder Judicial: la regulación constitucional de la justicia,"Ley Orgánica 6/1985, de 1 de julio, del Poder Judicial",620 bis,JURIDICO
GENERAL,4,El Poder Judicial: la regulación constitucional de la justicia,"Ley Orgánica 6/1985, de 1 de julio, del Poder Judicial",621,JURIDICO
GENERAL,4,El Poder Judicial: la regulación constitucional de la justicia,"Ley Orgánica 6/1985, de 1 de julio, del Poder Judicial",622,JURIDICO
GENERAL,4,El Poder Judicial: la regulación constitucional de la justicia,"Ley Orgánica 6/1985, de 1 de julio, del Poder Judicial",623,JURIDICO
GENERAL,4,El Poder Judicial: la regulación constitucional de la justicia,"Ley Orgánica 6/1985, de 1 de julio, del Poder Judicial",624,JURIDICO
GENERAL,4,El Poder Judicial: la regulación constitucional de la justicia,"Ley Orgánica 6/1985, de 1 de julio, del Poder Judicial",625,JURIDICO
GENERAL,4,El Poder Judicial: la regulación constitucional de la justicia,"Ley Orgánica 6/1985, de 1 de julio, del Poder Judicial",626,JURIDICO
GENERAL,4,El Poder Judicial: la regulación constitucional de la justicia,"Ley Orgánica 6/1985, de 1 de julio, del Poder Judicial",627,JURIDICO
GENERAL,4,El Poder Judicial: la regulación constitucional de la justicia,"Ley Orgánica 6/1985, de 1 de julio, del Poder Judicial",628,JURIDICO
GENERAL,4,El Poder Judicial: la regulación constitucional de la justicia,"Ley Orgánica 6/1985, de 1 de julio, del Poder Judicial",629,JURIDICO
GENERAL,4,El Poder Judicial: la regulación constitucional de la justicia,"Ley Orgánica 6/1985, de 1 de julio, del Poder Judicial",630,JURIDICO
GENERAL,4,El Poder Judicial: la regulación constitucional de la justicia,"Ley Orgánica 6/1985, de 1 de julio, del Poder Judicial",631,JURIDICO
GENERAL,4,El Poder Judicial: la regulación constitucional de la justicia,"Ley Orgánica 6/1985, de 1 de julio, del Poder Judicial",632,JURIDICO
GENERAL,4,El Poder Judicial: la regulación constitucional de la justicia,"Ley Orgánica 6/1985, de 1 de julio, del Poder Judicial",633,JURIDICO
GENERAL,4,El Poder Judicial: la regulación constitucional de la justicia,"Ley Orgánica 6/1985, de 1 de julio, del Poder Judicial",634,JURIDICO
GENERAL,4,El Poder Judicial: la regulación constitucional de la justicia,"Ley Orgánica 6/1985, de 1 de julio, del Poder Judicial",635,JURIDICO
GENERAL,4,El Poder Judicial: la regulación constitucional de la justicia,"Ley Orgánica 6/1985, de 1 de julio, del Poder Judicial",636,JURIDICO
GENERAL,4,El Poder Judicial: la regulación constitucional de la justicia,"Ley Orgánica 6/1985, de 1 de julio, del Poder Judicial",637,JURIDICO
GENERAL,4,El Poder Judicial: la regulación constitucional de la justicia,"Ley Orgánica 6/1985, de 1 de julio, del Poder Judicial",638,JURIDICO
GENERAL,4,El Poder Judicial: la regulación constitucional de la justicia,"Ley Orgánica 6/1985, de 1 de julio, del Poder Judicial",639,JURIDICO
GENERAL,4,El Poder Judicial: la regulación constitucional de la justicia,"Ley Orgánica 6/1985, de 1 de julio, del Poder Judicial",640,JURIDICO
GENERAL,4,El Poder Judicial: la regulación constitucional de la justicia,"Ley Orgánica 6/1985, de 1 de julio, del Poder Judicial",641,JURIDICO
GENERAL,4,El Poder Judicial: la regulación constitucional de la justicia,"Ley Orgánica 6/1985, de 1 de julio, del Poder Judicial",642,JURIDICO
GENERAL,5,Regulación constitucional de la organización territorial del Estado: Principios generales,Constitución Española de 1978,137,JURIDICO
GENERAL,5,Regulación constitucional de la organización territorial del Estado: Principios generales,Constitución Española de 1978,138,JURIDICO
GENERAL,5,Regulación constitucional de la organización territorial del Estado: Principios generales,Constitución Española de 1978,139,JURIDICO
GENERAL,5,Regulación constitucional de la organización territorial del Estado: Principios generales,Constitución Española de 1978,140,JURIDICO
GENERAL,5,Regulación constitucional de la organización territorial del Estado: Principios generales,Constitución Española de 1978,141,JURIDICO
GENERAL,5,Regulación constitucional de la organización territorial del Estado: Principios generales,Constitución Española de 1978,142,JURIDICO
GENERAL,5,Regulación constitucional de la organización territorial del Estado: Principios generales,Constitución Española de 1978,143,JURIDICO
GENERAL,5,Regulación constitucional de la organización territorial del Estado: Principios generales,Constitución Española de 1978,144,JURIDICO
GENERAL,5,Regulación constitucional de la organización territorial del Estado: Principios generales,Constitución Española de 1978,145,JURIDICO
GENERAL,5,Regulación constitucional de la organización territorial del Estado: Principios generales,Constitución Española de 1978,146,JURIDICO
GENERAL,5,Regulación constitucional de la organización territorial del Estado: Principios generales,Constitución Española de 1978,147,JURIDICO
GENERAL,5,Regulación constitucional de la organización territorial del Estado: Principios generales,Constitución Española de 1978,148,JURIDICO
GENERAL,5,Regulación constitucional de la organización territorial del Estado: Principios generales,Constitución Española de 1978,149,JURIDICO
GENERAL,5,Regulación constitucional de la organización territorial del Estado: Principios generales,Constitución Española de 1978,150,JURIDICO
GENERAL,5,Regulación constitucional de la organización territorial del Estado: Principios generales,Constitución Española de 1978,151,JURIDICO
GENERAL,5,Regulación constitucional de la organización territorial del Estado: Principios generales,Constitución Española de 1978,152,JURIDICO
GENERAL,5,Regulación constitucional de la organización territorial del Estado: Principios generales,Constitución Española de 1978,153,JURIDICO
GENERAL,5,Regulación constitucional de la organización territorial del Estado: Principios generales,Constitución Española de 1978,154,JURIDICO
GENERAL,5,Regulación constitucional de la organización territorial del Estado: Principios generales,Constitución Española de 1978,155,JURIDICO
GENERAL,6,El Estatuto de Autonomía de la Comunitat Valenciana: La Comunitat Valenciana,"Ley Orgánica 5/1982, de 1 de julio, de Estatuto de Autonomía de la Comunitat Valenciana",1,JURIDICO
GENERAL,6,El Estatuto de Autonomía de la Comunitat Valenciana: La Comunitat Valenciana,"Ley Orgánica 5/1982, de 1 de julio, de Estatuto de Autonomía de la Comunitat Valenciana",2,JURIDICO
GENERAL,6,El Estatuto de Autonomía de la Comunitat Valenciana: La Comunitat Valenciana,"Ley Orgánica 5/1982, de 1 de julio, de Estatuto de Autonomía de la Comunitat Valenciana",3,JURIDICO
GENERAL,6,El Estatuto de Autonomía de la Comunitat Valenciana: La Comunitat Valenciana,"Ley Orgánica 5/1982, de 1 de julio, de Estatuto de Autonomía de la Comunitat Valenciana",4,JURIDICO
GENERAL,6,El Estatuto de Autonomía de la Comunitat Valenciana: La Comunitat Valenciana,"Ley Orgánica 5/1982, de 1 de julio, de Estatuto de Autonomía de la Comunitat Valenciana",5,JURIDICO
GENERAL,6,El Estatuto de Autonomía de la Comunitat Valenciana: La Comunitat Valenciana,"Ley Orgánica 5/1982, de 1 de julio, de Estatuto de Autonomía de la Comunitat Valenciana",6,JURIDICO
GENERAL,6,El Estatuto de Autonomía de la Comunitat Valenciana: La Comunitat Valenciana,"Ley Orgánica 5/1982, de 1 de julio, de Estatuto de Autonomía de la Comunitat Valenciana",7,JURIDICO
GENERAL,6,El Estatuto de Autonomía de la Comunitat Valenciana: La Comunitat Valenciana,"Ley Orgánica 5/1982, de 1 de julio, de Estatuto de Autonomía de la Comunitat Valenciana",8,JURIDICO
GENERAL,6,El Estatuto de Autonomía de la Comunitat Valenciana: La Comunitat Valenciana,"Ley Orgánica 5/1982, de 1 de julio, de Estatuto de Autonomía de la Comunitat Valenciana",9,JURIDICO
GENERAL,6,El Estatuto de Autonomía de la Comunitat Valenciana: La Comunitat Valenciana,"Ley Orgánica 5/1982, de 1 de julio, de Estatuto de Autonomía de la Comunitat Valenciana",10,JURIDICO
GENERAL,6,El Estatuto de Autonomía de la Comunitat Valenciana: La Comunitat Valenciana,"Ley Orgánica 5/1982, de 1 de julio, de Estatuto de Autonomía de la Comunitat Valenciana",11,JURIDICO
GENERAL,6,El Estatuto de Autonomía de la Comunitat Valenciana: La Comunitat Valenciana,"Ley Orgánica 5/1982, de 1 de julio, de Estatuto de Autonomía de la Comunitat Valenciana",12,JURIDICO
GENERAL,6,El Estatuto de Autonomía de la Comunitat Valenciana: La Comunitat Valenciana,"Ley Orgánica 5/1982, de 1 de julio, de Estatuto de Autonomía de la Comunitat Valenciana",13,JURIDICO
GENERAL,6,El Estatuto de Autonomía de la Comunitat Valenciana: La Comunitat Valenciana,"Ley Orgánica 5/1982, de 1 de julio, de Estatuto de Autonomía de la Comunitat Valenciana",14,JURIDICO
GENERAL,6,El Estatuto de Autonomía de la Comunitat Valenciana: La Comunitat Valenciana,"Ley Orgánica 5/1982, de 1 de julio, de Estatuto de Autonomía de la Comunitat Valenciana",15,JURIDICO
GENERAL,6,El Estatuto de Autonomía de la Comunitat Valenciana: La Comunitat Valenciana,"Ley Orgánica 5/1982, de 1 de julio, de Estatuto de Autonomía de la Comunitat Valenciana",16,JURIDICO
GENERAL,6,El Estatuto de Autonomía de la Comunitat Valenciana: La Comunitat Valenciana,"Ley Orgánica 5/1982, de 1 de julio, de Estatuto de Autonomía de la Comunitat Valenciana",17,JURIDICO
GENERAL,6,El Estatuto de Autonomía de la Comunitat Valenciana: La Comunitat Valenciana,"Ley Orgánica 5/1982, de 1 de julio, de Estatuto de Autonomía de la Comunitat Valenciana",18,JURIDICO
GENERAL,6,El Estatuto de Autonomía de la Comunitat Valenciana: La Comunitat Valenciana,"Ley Orgánica 5/1982, de 1 de julio, de Estatuto de Autonomía de la Comunitat Valenciana",19,JURIDICO
GENERAL,6,El Estatuto de Autonomía de la Comunitat Valenciana: La Comunitat Valenciana,"Ley Orgánica 5/1982, de 1 de julio, de Estatuto de Autonomía de la Comunitat Valenciana",20,JURIDICO
GENERAL,6,El Estatuto de Autonomía de la Comunitat Valenciana: La Comunitat Valenciana,"Ley Orgánica 5/1982, de 1 de julio, de Estatuto de Autonomía de la Comunitat Valenciana",21,JURIDICO
GENERAL,6,El Estatuto de Autonomía de la Comunitat Valenciana: La Comunitat Valenciana,"Ley Orgánica 5/1982, de 1 de julio, de Estatuto de Autonomía de la Comunitat Valenciana",22,JURIDICO
GENERAL,6,El Estatuto de Autonomía de la Comunitat Valenciana: La Comunitat Valenciana,"Ley Orgánica 5/1982, de 1 de julio, de Estatuto de Autonomía de la Comunitat Valenciana",23,JURIDICO
GENERAL,6,El Estatuto de Autonomía de la Comunitat Valenciana: La Comunitat Valenciana,"Ley Orgánica 5/1982, de 1 de julio, de Estatuto de Autonomía de la Comunitat Valenciana",24,JURIDICO
GENERAL,6,El Estatuto de Autonomía de la Comunitat Valenciana: La Comunitat Valenciana,"Ley Orgánica 5/1982, de 1 de julio, de Estatuto de Autonomía de la Comunitat Valenciana",25,JURIDICO
GENERAL,6,El Estatuto de Autonomía de la Comunitat Valenciana: La Comunitat Valenciana,"Ley Orgánica 5/1982, de 1 de julio, de Estatuto de Autonomía de la Comunitat Valenciana",26,JURIDICO
GENERAL,6,El Estatuto de Autonomía de la Comunitat Valenciana: La Comunitat Valenciana,"Ley Orgánica 5/1982, de 1 de julio, de Estatuto de Autonomía de la Comunitat Valenciana",27,JURIDICO
GENERAL,6,El Estatuto de Autonomía de la Comunitat Valenciana: La Comunitat Valenciana,"Ley Orgánica 5/1982, de 1 de julio, de Estatuto de Autonomía de la Comunitat Valenciana",28,JURIDICO
GENERAL,6,El Estatuto de Autonomía de la Comunitat Valenciana: La Comunitat Valenciana,"Ley Orgánica 5/1982, de 1 de julio, de Estatuto de Autonomía de la Comunitat Valenciana",29,JURIDICO
GENERAL,6,El Estatuto de Autonomía de la Comunitat Valenciana: La Comunitat Valenciana,"Ley Orgánica 5/1982, de 1 de julio, de Estatuto de Autonomía de la Comunitat Valenciana",30,JURIDICO
GENERAL,6,El Estatuto de Autonomía de la Comunitat Valenciana: La Comunitat Valenciana,"Ley Orgánica 5/1982, de 1 de julio, de Estatuto de Autonomía de la Comunitat Valenciana",31,JURIDICO
GENERAL,6,El Estatuto de Autonomía de la Comunitat Valenciana: La Comunitat Valenciana,"Ley Orgánica 5/1982, de 1 de julio, de Estatuto de Autonomía de la Comunitat Valenciana",32,JURIDICO
GENERAL,6,El Estatuto de Autonomía de la Comunitat Valenciana: La Comunitat Valenciana,"Ley Orgánica 5/1982, de 1 de julio, de Estatuto de Autonomía de la Comunitat Valenciana",33,JURIDICO
GENERAL,6,El Estatuto de Autonomía de la Comunitat Valenciana: La Comunitat Valenciana,"Ley Orgánica 5/1982, de 1 de julio, de Estatuto de Autonomía de la Comunitat Valenciana",34,JURIDICO
GENERAL,6,El Estatuto de Autonomía de la Comunitat Valenciana: La Comunitat Valenciana,"Ley Orgánica 5/1982, de 1 de julio, de Estatuto de Autonomía de la Comunitat Valenciana",35,JURIDICO
GENERAL,6,El Estatuto de Autonomía de la Comunitat Valenciana: La Comunitat Valenciana,"Ley Orgánica 5/1982, de 1 de julio, de Estatuto de Autonomía de la Comunitat Valenciana",36,JURIDICO
GENERAL,6,El Estatuto de Autonomía de la Comunitat Valenciana: La Comunitat Valenciana,"Ley Orgánica 5/1982, de 1 de julio, de Estatuto de Autonomía de la Comunitat Valenciana",37,JURIDICO
GENERAL,6,El Estatuto de Autonomía de la Comunitat Valenciana: La Comunitat Valenciana,"Ley Orgánica 5/1982, de 1 de julio, de Estatuto de Autonomía de la Comunitat Valenciana",38,JURIDICO
GENERAL,6,El Estatuto de Autonomía de la Comunitat Valenciana: La Comunitat Valenciana,"Ley Orgánica 5/1982, de 1 de julio, de Estatuto de Autonomía de la Comunitat Valenciana",39,JURIDICO
GENERAL,6,El Estatuto de Autonomía de la Comunitat Valenciana: La Comunitat Valenciana,"Ley Orgánica 5/1982, de 1 de julio, de Estatuto de Autonomía de la Comunitat Valenciana",40,JURIDICO
GENERAL,6,El Estatuto de Autonomía de la Comunitat Valenciana: La Comunitat Valenciana,"Ley Orgánica 5/1982, de 1 de julio, de Estatuto de Autonomía de la Comunitat Valenciana",41,JURIDICO
GENERAL,6,El Estatuto de Autonomía de la Comunitat Valenciana: La Comunitat Valenciana,"Ley Orgánica 5/1982, de 1 de julio, de Estatuto de Autonomía de la Comunitat Valenciana",42,JURIDICO
GENERAL,6,El Estatuto de Autonomía de la Comunitat Valenciana: La Comunitat Valenciana,"Ley Orgánica 5/1982, de 1 de julio, de Estatuto de Autonomía de la Comunitat Valenciana",43,JURIDICO
GENERAL,6,El Estatuto de Autonomía de la Comunitat Valenciana: La Comunitat Valenciana,"Ley Orgánica 5/1982, de 1 de julio, de Estatuto de Autonomía de la Comunitat Valenciana",44,JURIDICO
GENERAL,6,El Estatuto de Autonomía de la Comunitat Valenciana: La Comunitat Valenciana,"Ley Orgánica 5/1982, de 1 de julio, de Estatuto de Autonomía de la Comunitat Valenciana",45,JURIDICO
GENERAL,6,El Estatuto de Autonomía de la Comunitat Valenciana: La Comunitat Valenciana,"Ley Orgánica 5/1982, de 1 de julio, de Estatuto de Autonomía de la Comunitat Valenciana",46,JURIDICO
GENERAL,6,El Estatuto de Autonomía de la Comunitat Valenciana: La Comunitat Valenciana,"Ley Orgánica 5/1982, de 1 de julio, de Estatuto de Autonomía de la Comunitat Valenciana",47,JURIDICO
GENERAL,6,El Estatuto de Autonomía de la Comunitat Valenciana: La Comunitat Valenciana,"Ley Orgánica 5/1982, de 1 de julio, de Estatuto de Autonomía de la Comunitat Valenciana",48,JURIDICO
GENERAL,6,El Estatuto de Autonomía de la Comunitat Valenciana: La Comunitat Valenciana,"Ley Orgánica 5/1982, de 1 de julio, de Estatuto de Autonomía de la Comunitat Valenciana",81,JURIDICO
GENERAL,7,El Estatuto de Autonomía de la Comunitat Valenciana: Las competencias,"Ley Orgánica 5/1982, de 1 de julio, de Estatuto de Autonomía de la Comunitat Valenciana",49,JURIDICO
GENERAL,7,El Estatuto de Autonomía de la Comunitat Valenciana: Las competencias,"Ley Orgánica 5/1982, de 1 de julio, de Estatuto de Autonomía de la Comunitat Valenciana",50,JURIDICO
GENERAL,7,El Estatuto de Autonomía de la Comunitat Valenciana: Las competencias,"Ley Orgánica 5/1982, de 1 de julio, de Estatuto de Autonomía de la Comunitat Valenciana",51,JURIDICO
GENERAL,7,El Estatuto de Autonomía de la Comunitat Valenciana: Las competencias,"Ley Orgánica 5/1982, de 1 de julio, de Estatuto de Autonomía de la Comunitat Valenciana",52,JURIDICO
GENERAL,7,El Estatuto de Autonomía de la Comunitat Valenciana: Las competencias,"Ley Orgánica 5/1982, de 1 de julio, de Estatuto de Autonomía de la Comunitat Valenciana",53,JURIDICO
GENERAL,7,El Estatuto de Autonomía de la Comunitat Valenciana: Las competencias,"Ley Orgánica 5/1982, de 1 de julio, de Estatuto de Autonomía de la Comunitat Valenciana",54,JURIDICO
GENERAL,7,El Estatuto de Autonomía de la Comunitat Valenciana: Las competencias,"Ley Orgánica 5/1982, de 1 de julio, de Estatuto de Autonomía de la Comunitat Valenciana",55,JURIDICO
GENERAL,7,El Estatuto de Autonomía de la Comunitat Valenciana: Las competencias,"Ley Orgánica 5/1982, de 1 de julio, de Estatuto de Autonomía de la Comunitat Valenciana",56,JURIDICO
GENERAL,7,El Estatuto de Autonomía de la Comunitat Valenciana: Las competencias,"Ley Orgánica 5/1982, de 1 de julio, de Estatuto de Autonomía de la Comunitat Valenciana",57,JURIDICO
GENERAL,7,El Estatuto de Autonomía de la Comunitat Valenciana: Las competencias,"Ley Orgánica 5/1982, de 1 de julio, de Estatuto de Autonomía de la Comunitat Valenciana",58,JURIDICO
GENERAL,7,El Estatuto de Autonomía de la Comunitat Valenciana: Las competencias,"Ley Orgánica 5/1982, de 1 de julio, de Estatuto de Autonomía de la Comunitat Valenciana",59,JURIDICO
GENERAL,7,El Estatuto de Autonomía de la Comunitat Valenciana: Las competencias,"Ley Orgánica 5/1982, de 1 de julio, de Estatuto de Autonomía de la Comunitat Valenciana",60,JURIDICO
GENERAL,7,El Estatuto de Autonomía de la Comunitat Valenciana: Las competencias,"Ley Orgánica 5/1982, de 1 de julio, de Estatuto de Autonomía de la Comunitat Valenciana",61,JURIDICO
GENERAL,7,El Estatuto de Autonomía de la Comunitat Valenciana: Las competencias,"Ley Orgánica 5/1982, de 1 de julio, de Estatuto de Autonomía de la Comunitat Valenciana",62,JURIDICO
GENERAL,7,El Estatuto de Autonomía de la Comunitat Valenciana: Las competencias,"Ley Orgánica 5/1982, de 1 de julio, de Estatuto de Autonomía de la Comunitat Valenciana",63,JURIDICO
GENERAL,7,El Estatuto de Autonomía de la Comunitat Valenciana: Las competencias,"Ley Orgánica 5/1982, de 1 de julio, de Estatuto de Autonomía de la Comunitat Valenciana",64,JURIDICO
GENERAL,7,El Estatuto de Autonomía de la Comunitat Valenciana: Las competencias,"Ley Orgánica 5/1982, de 1 de julio, de Estatuto de Autonomía de la Comunitat Valenciana",65,JURIDICO
GENERAL,7,El Estatuto de Autonomía de la Comunitat Valenciana: Las competencias,"Ley Orgánica 5/1982, de 1 de julio, de Estatuto de Autonomía de la Comunitat Valenciana",66,JURIDICO
GENERAL,7,El Estatuto de Autonomía de la Comunitat Valenciana: Las competencias,"Ley Orgánica 5/1982, de 1 de julio, de Estatuto de Autonomía de la Comunitat Valenciana",78,JURIDICO
GENERAL,7,El Estatuto de Autonomía de la Comunitat Valenciana: Las competencias,"Ley Orgánica 5/1982, de 1 de julio, de Estatuto de Autonomía de la Comunitat Valenciana",79,JURIDICO
GENERAL,7,El Estatuto de Autonomía de la Comunitat Valenciana: Las competencias,"Ley Orgánica 5/1982, de 1 de julio, de Estatuto de Autonomía de la Comunitat Valenciana",80,JURIDICO
GENERAL,8,Les Corts: el procedimiento legislativo,"Ley 1/1987, de 31 de marzo, Electoral Valenciana",1,JURIDICO
GENERAL,8,Les Corts: el procedimiento legislativo,"Ley 1/1987, de 31 de marzo, Electoral Valenciana",2,JURIDICO
GENERAL,8,Les Corts: el procedimiento legislativo,"Ley 1/1987, de 31 de marzo, Electoral Valenciana",3,JURIDICO
GENERAL,8,Les Corts: el procedimiento legislativo,"Ley 1/1987, de 31 de marzo, Electoral Valenciana",4,JURIDICO
GENERAL,8,Les Corts: el procedimiento legislativo,"Ley 1/1987, de 31 de marzo, Electoral Valenciana",5,JURIDICO
GENERAL,8,Les Corts: el procedimiento legislativo,"Ley 1/1987, de 31 de marzo, Electoral Valenciana",6,JURIDICO
GENERAL,8,Les Corts: el procedimiento legislativo,"Ley 1/1987, de 31 de marzo, Electoral Valenciana",7,JURIDICO
GENERAL,8,Les Corts: el procedimiento legislativo,"Ley 1/1987, de 31 de marzo, Electoral Valenciana",8,JURIDICO
GENERAL,8,Les Corts: el procedimiento legislativo,"Ley 1/1987, de 31 de marzo, Electoral Valenciana",9,JURIDICO
GENERAL,8,Les Corts: el procedimiento legislativo,"Ley 1/1987, de 31 de marzo, Electoral Valenciana",10,JURIDICO
GENERAL,8,Les Corts: el procedimiento legislativo,"Ley 1/1987, de 31 de marzo, Electoral Valenciana",11,JURIDICO
GENERAL,8,Les Corts: el procedimiento legislativo,"Ley 1/1987, de 31 de marzo, Electoral Valenciana",12,JURIDICO
GENERAL,8,Les Corts: el procedimiento legislativo,"Ley 1/1987, de 31 de marzo, Electoral Valenciana",13,JURIDICO
GENERAL,8,Les Corts: el procedimiento legislativo,"Ley 1/1987, de 31 de marzo, Electoral Valenciana",14,JURIDICO
GENERAL,9,"Ley 5/1983, de 30 de diciembre, del Consell: el President o Presidenta de la Generalitat: elección y estatuto personal","Ley 5/1983, de 30 de diciembre, del Consell",1,JURIDICO
GENERAL,9,"Ley 5/1983, de 30 de diciembre, del Consell: el President o Presidenta de la Generalitat: elección y estatuto personal","Ley 5/1983, de 30 de diciembre, del Consell",2,JURIDICO
GENERAL,9,"Ley 5/1983, de 30 de diciembre, del Consell: el President o Presidenta de la Generalitat: elección y estatuto personal","Ley 5/1983, de 30 de diciembre, del Consell",3,JURIDICO
GENERAL,9,"Ley 5/1983, de 30 de diciembre, del Consell: el President o Presidenta de la Generalitat: elección y estatuto personal","Ley 5/1983, de 30 de diciembre, del Consell",4,JURIDICO
GENERAL,9,"Ley 5/1983, de 30 de diciembre, del Consell: el President o Presidenta de la Generalitat: elección y estatuto personal","Ley 5/1983, de 30 de diciembre, del Consell",5,JURIDICO
GENERAL,9,"Ley 5/1983, de 30 de diciembre, del Consell: el President o Presidenta de la Generalitat: elección y estatuto personal","Ley 5/1983, de 30 de diciembre, del Consell",6,JURIDICO
GENERAL,9,"Ley 5/1983, de 30 de diciembre, del Consell: el President o Presidenta de la Generalitat: elección y estatuto personal","Ley 5/1983, de 30 de diciembre, del Consell",7,JURIDICO
GENERAL,9,"Ley 5/1983, de 30 de diciembre, del Consell: el President o Presidenta de la Generalitat: elección y estatuto personal","Ley 5/1983, de 30 de diciembre, del Consell",8,JURIDICO
GENERAL,9,"Ley 5/1983, de 30 de diciembre, del Consell: el President o Presidenta de la Generalitat: elección y estatuto personal","Ley 5/1983, de 30 de diciembre, del Consell",9,JURIDICO
GENERAL,9,"Ley 5/1983, de 30 de diciembre, del Consell: el President o Presidenta de la Generalitat: elección y estatuto personal","Ley 5/1983, de 30 de diciembre, del Consell",10,JURIDICO
GENERAL,9,"Ley 5/1983, de 30 de diciembre, del Consell: el President o Presidenta de la Generalitat: elección y estatuto personal","Ley 5/1983, de 30 de diciembre, del Consell",11,JURIDICO
GENERAL,9,"Ley 5/1983, de 30 de diciembre, del Consell: el President o Presidenta de la Generalitat: elección y estatuto personal","Ley 5/1983, de 30 de diciembre, del Consell",12,JURIDICO
GENERAL,9,"Ley 5/1983, de 30 de diciembre, del Consell: el President o Presidenta de la Generalitat: elección y estatuto personal","Ley 5/1983, de 30 de diciembre, del Consell",13,JURIDICO
GENERAL,9,"Ley 5/1983, de 30 de diciembre, del Consell: el President o Presidenta de la Generalitat: elección y estatuto personal","Ley 5/1983, de 30 de diciembre, del Consell",14,JURIDICO
GENERAL,9,"Ley 5/1983, de 30 de diciembre, del Consell: el President o Presidenta de la Generalitat: elección y estatuto personal","Ley 5/1983, de 30 de diciembre, del Consell",15,JURIDICO
GENERAL,9,"Ley 5/1983, de 30 de diciembre, del Consell: el President o Presidenta de la Generalitat: elección y estatuto personal","Ley 5/1983, de 30 de diciembre, del Consell",16,JURIDICO
GENERAL,9,"Ley 5/1983, de 30 de diciembre, del Consell: el President o Presidenta de la Generalitat: elección y estatuto personal","Ley 5/1983, de 30 de diciembre, del Consell",17,JURIDICO
GENERAL,9,"Ley 5/1983, de 30 de diciembre, del Consell: el President o Presidenta de la Generalitat: elección y estatuto personal","Ley 5/1983, de 30 de diciembre, del Consell",18,JURIDICO
GENERAL,9,"Ley 5/1983, de 30 de diciembre, del Consell: el President o Presidenta de la Generalitat: elección y estatuto personal","Ley 5/1983, de 30 de diciembre, del Consell",19,JURIDICO
GENERAL,9,"Ley 5/1983, de 30 de diciembre, del Consell: el President o Presidenta de la Generalitat: elección y estatuto personal","Ley 5/1983, de 30 de diciembre, del Consell",20,JURIDICO
GENERAL,9,"Ley 5/1983, de 30 de diciembre, del Consell: el President o Presidenta de la Generalitat: elección y estatuto personal","Ley 5/1983, de 30 de diciembre, del Consell",21,JURIDICO
GENERAL,9,"Ley 5/1983, de 30 de diciembre, del Consell: el President o Presidenta de la Generalitat: elección y estatuto personal","Ley 5/1983, de 30 de diciembre, del Consell",22,JURIDICO
GENERAL,9,"Ley 5/1983, de 30 de diciembre, del Consell: el President o Presidenta de la Generalitat: elección y estatuto personal","Ley 5/1983, de 30 de diciembre, del Consell",23,JURIDICO
GENERAL,9,"Ley 5/1983, de 30 de diciembre, del Consell: el President o Presidenta de la Generalitat: elección y estatuto personal","Ley 5/1983, de 30 de diciembre, del Consell",24,JURIDICO
GENERAL,9,"Ley 5/1983, de 30 de diciembre, del Consell: el President o Presidenta de la Generalitat: elección y estatuto personal","Ley 5/1983, de 30 de diciembre, del Consell",25,JURIDICO
GENERAL,9,"Ley 5/1983, de 30 de diciembre, del Consell: el President o Presidenta de la Generalitat: elección y estatuto personal","Ley 5/1983, de 30 de diciembre, del Consell",26,JURIDICO
GENERAL,9,"Ley 5/1983, de 30 de diciembre, del Consell: el President o Presidenta de la Generalitat: elección y estatuto personal","Ley 5/1983, de 30 de diciembre, del Consell",31,JURIDICO
GENERAL,9,"Ley 5/1983, de 30 de diciembre, del Consell: el President o Presidenta de la Generalitat: elección y estatuto personal","Ley 5/1983, de 30 de diciembre, del Consell",32,JURIDICO
GENERAL,9,"Ley 5/1983, de 30 de diciembre, del Consell: el President o Presidenta de la Generalitat: elección y estatuto personal","Ley 5/1983, de 30 de diciembre, del Consell",33,JURIDICO
GENERAL,9,"Ley 5/1983, de 30 de diciembre, del Consell: el President o Presidenta de la Generalitat: elección y estatuto personal","Ley 5/1983, de 30 de diciembre, del Consell",34,JURIDICO
GENERAL,9,"Ley 5/1983, de 30 de diciembre, del Consell: el President o Presidenta de la Generalitat: elección y estatuto personal","Ley 5/1983, de 30 de diciembre, del Consell",35,JURIDICO
GENERAL,9,"Ley 5/1983, de 30 de diciembre, del Consell: el President o Presidenta de la Generalitat: elección y estatuto personal","Ley 5/1983, de 30 de diciembre, del Consell",36,JURIDICO
GENERAL,9,"Ley 5/1983, de 30 de diciembre, del Consell: el President o Presidenta de la Generalitat: elección y estatuto personal","Ley 5/1983, de 30 de diciembre, del Consell",37,JURIDICO
GENERAL,9,"Ley 5/1983, de 30 de diciembre, del Consell: el President o Presidenta de la Generalitat: elección y estatuto personal","Ley 5/1983, de 30 de diciembre, del Consell",38,JURIDICO
GENERAL,9,"Ley 5/1983, de 30 de diciembre, del Consell: el President o Presidenta de la Generalitat: elección y estatuto personal","Ley 5/1983, de 30 de diciembre, del Consell",39,JURIDICO
GENERAL,9,"Ley 5/1983, de 30 de diciembre, del Consell: el President o Presidenta de la Generalitat: elección y estatuto personal","Ley 5/1983, de 30 de diciembre, del Consell",40,JURIDICO
GENERAL,9,"Ley 5/1983, de 30 de diciembre, del Consell: el President o Presidenta de la Generalitat: elección y estatuto personal","Ley 5/1983, de 30 de diciembre, del Consell",41,JURIDICO
GENERAL,9,"Ley 5/1983, de 30 de diciembre, del Consell: el President o Presidenta de la Generalitat: elección y estatuto personal","Ley 5/1983, de 30 de diciembre, del Consell",42,JURIDICO
GENERAL,9,"Ley 5/1983, de 30 de diciembre, del Consell: el President o Presidenta de la Generalitat: elección y estatuto personal","Ley 5/1983, de 30 de diciembre, del Consell",43,JURIDICO
GENERAL,9,"Ley 5/1983, de 30 de diciembre, del Consell: el President o Presidenta de la Generalitat: elección y estatuto personal","Ley 5/1983, de 30 de diciembre, del Consell",44,JURIDICO
GENERAL,9,"Ley 5/1983, de 30 de diciembre, del Consell: el President o Presidenta de la Generalitat: elección y estatuto personal","Ley 5/1983, de 30 de diciembre, del Consell",45,JURIDICO
GENERAL,9,"Ley 5/1983, de 30 de diciembre, del Consell: el President o Presidenta de la Generalitat: elección y estatuto personal","Ley 5/1983, de 30 de diciembre, del Consell",46,JURIDICO
GENERAL,9,"Ley 5/1983, de 30 de diciembre, del Consell: el President o Presidenta de la Generalitat: elección y estatuto personal","Ley 5/1983, de 30 de diciembre, del Consell",47,JURIDICO
GENERAL,9,"Ley 5/1983, de 30 de diciembre, del Consell: el President o Presidenta de la Generalitat: elección y estatuto personal","Ley 5/1983, de 30 de diciembre, del Consell",48,JURIDICO
GENERAL,9,"Ley 5/1983, de 30 de diciembre, del Consell: el President o Presidenta de la Generalitat: elección y estatuto personal","Ley 5/1983, de 30 de diciembre, del Consell",49,JURIDICO
GENERAL,9,"Ley 5/1983, de 30 de diciembre, del Consell: el President o Presidenta de la Generalitat: elección y estatuto personal","Ley 5/1983, de 30 de diciembre, del Consell",50,JURIDICO
GENERAL,9,"Ley 5/1983, de 30 de diciembre, del Consell: el President o Presidenta de la Generalitat: elección y estatuto personal","Ley 5/1983, de 30 de diciembre, del Consell",51,JURIDICO
GENERAL,9,"Ley 5/1983, de 30 de diciembre, del Consell: el President o Presidenta de la Generalitat: elección y estatuto personal","Ley 5/1983, de 30 de diciembre, del Consell",52,JURIDICO
GENERAL,9,"Ley 5/1983, de 30 de diciembre, del Consell: el President o Presidenta de la Generalitat: elección y estatuto personal","Ley 5/1983, de 30 de diciembre, del Consell",53,JURIDICO
GENERAL,9,"Ley 5/1983, de 30 de diciembre, del Consell: el President o Presidenta de la Generalitat: elección y estatuto personal","Ley 5/1983, de 30 de diciembre, del Consell",54,JURIDICO
GENERAL,9,"Ley 5/1983, de 30 de diciembre, del Consell: el President o Presidenta de la Generalitat: elección y estatuto personal","Ley 5/1983, de 30 de diciembre, del Consell",55,JURIDICO
GENERAL,9,"Ley 5/1983, de 30 de diciembre, del Consell: el President o Presidenta de la Generalitat: elección y estatuto personal","Ley 5/1983, de 30 de diciembre, del Consell",56,JURIDICO
GENERAL,9,"Ley 5/1983, de 30 de diciembre, del Consell: el President o Presidenta de la Generalitat: elección y estatuto personal","Ley 5/1983, de 30 de diciembre, del Consell",57,JURIDICO
GENERAL,9,"Ley 5/1983, de 30 de diciembre, del Consell: el President o Presidenta de la Generalitat: elección y estatuto personal","Ley 5/1983, de 30 de diciembre, del Consell",58,JURIDICO
GENERAL,9,"Ley 5/1983, de 30 de diciembre, del Consell: el President o Presidenta de la Generalitat: elección y estatuto personal","Ley 5/1983, de 30 de diciembre, del Consell",59,JURIDICO
GENERAL,10,"Ley 5/1983, de 30 de diciembre, del Consell: Gobierno y Administración","Ley 5/1983, de 30 de diciembre, del Consell",27,JURIDICO
GENERAL,10,"Ley 5/1983, de 30 de diciembre, del Consell: Gobierno y Administración","Ley 5/1983, de 30 de diciembre, del Consell",28,JURIDICO
GENERAL,10,"Ley 5/1983, de 30 de diciembre, del Consell: Gobierno y Administración","Ley 5/1983, de 30 de diciembre, del Consell",29,JURIDICO
GENERAL,10,"Ley 5/1983, de 30 de diciembre, del Consell: Gobierno y Administración","Ley 5/1983, de 30 de diciembre, del Consell",30,JURIDICO
GENERAL,10,"Ley 5/1983, de 30 de diciembre, del Consell: Gobierno y Administración","Ley 5/1983, de 30 de diciembre, del Consell",60,JURIDICO
GENERAL,10,"Ley 5/1983, de 30 de diciembre, del Consell: Gobierno y Administración","Ley 5/1983, de 30 de diciembre, del Consell",61,JURIDICO
GENERAL,10,"Ley 5/1983, de 30 de diciembre, del Consell: Gobierno y Administración","Ley 5/1983, de 30 de diciembre, del Consell",62,JURIDICO
GENERAL,10,"Ley 5/1983, de 30 de diciembre, del Consell: Gobierno y Administración","Ley 5/1983, de 30 de diciembre, del Consell",63,JURIDICO
GENERAL,10,"Ley 5/1983, de 30 de diciembre, del Consell: Gobierno y Administración","Ley 5/1983, de 30 de diciembre, del Consell",64,JURIDICO
GENERAL,10,"Ley 5/1983, de 30 de diciembre, del Consell: Gobierno y Administración","Ley 5/1983, de 30 de diciembre, del Consell",65,JURIDICO
GENERAL,10,"Ley 5/1983, de 30 de diciembre, del Consell: Gobierno y Administración","Ley 5/1983, de 30 de diciembre, del Consell",66,JURIDICO
GENERAL,10,"Ley 5/1983, de 30 de diciembre, del Consell: Gobierno y Administración","Ley 5/1983, de 30 de diciembre, del Consell",67,JURIDICO
GENERAL,10,"Ley 5/1983, de 30 de diciembre, del Consell: Gobierno y Administración","Ley 5/1983, de 30 de diciembre, del Consell",68,JURIDICO
GENERAL,10,"Ley 5/1983, de 30 de diciembre, del Consell: Gobierno y Administración","Ley 5/1983, de 30 de diciembre, del Consell",69,JURIDICO
GENERAL,10,"Ley 5/1983, de 30 de diciembre, del Consell: Gobierno y Administración","Ley 5/1983, de 30 de diciembre, del Consell",70,JURIDICO
GENERAL,10,"Ley 5/1983, de 30 de diciembre, del Consell: Gobierno y Administración","Ley 5/1983, de 30 de diciembre, del Consell",71,JURIDICO
GENERAL,10,"Ley 5/1983, de 30 de diciembre, del Consell: Gobierno y Administración","Ley 5/1983, de 30 de diciembre, del Consell",72,JURIDICO
GENERAL,10,"Ley 5/1983, de 30 de diciembre, del Consell: Gobierno y Administración","Ley 5/1983, de 30 de diciembre, del Consell",73,JURIDICO
GENERAL,10,"Ley 5/1983, de 30 de diciembre, del Consell: Gobierno y Administración","Ley 5/1983, de 30 de diciembre, del Consell",74,JURIDICO
GENERAL,10,"Ley 5/1983, de 30 de diciembre, del Consell: Gobierno y Administración","Ley 5/1983, de 30 de diciembre, del Consell",75,JURIDICO
GENERAL,10,"Ley 5/1983, de 30 de diciembre, del Consell: Gobierno y Administración","Ley 5/1983, de 30 de diciembre, del Consell",76,JURIDICO
GENERAL,10,"Ley 5/1983, de 30 de diciembre, del Consell: Gobierno y Administración","Ley 5/1983, de 30 de diciembre, del Consell",77,JURIDICO
GENERAL,10,"Ley 5/1983, de 30 de diciembre, del Consell: Gobierno y Administración","Ley 5/1983, de 30 de diciembre, del Consell",78,JURIDICO
GENERAL,10,"Ley 5/1983, de 30 de diciembre, del Consell: Gobierno y Administración","Ley 5/1983, de 30 de diciembre, del Consell",79,JURIDICO
GENERAL,11,"La Síndica o el Síndic de Greuges, la Sindicatura de Comptes, el Consell Jurídic Consultiu, el Consell Valencià de Cultura, la Acadèmia Valenciana de la Llengua, el Comité Econòmic i Social","Ley 1/2014, de 28 de febrero, del Comité Econòmic i Social de la Comunitat Valenciana",1,JURIDICO
GENERAL,11,"La Síndica o el Síndic de Greuges, la Sindicatura de Comptes, el Consell Jurídic Consultiu, el Consell Valencià de Cultura, la Acadèmia Valenciana de la Llengua, el Comité Econòmic i Social","Ley 1/2014, de 28 de febrero, del Comité Econòmic i Social de la Comunitat Valenciana",2,JURIDICO
GENERAL,11,"La Síndica o el Síndic de Greuges, la Sindicatura de Comptes, el Consell Jurídic Consultiu, el Consell Valencià de Cultura, la Acadèmia Valenciana de la Llengua, el Comité Econòmic i Social","Ley 1/2014, de 28 de febrero, del Comité Econòmic i Social de la Comunitat Valenciana",3,JURIDICO
GENERAL,11,"La Síndica o el Síndic de Greuges, la Sindicatura de Comptes, el Consell Jurídic Consultiu, el Consell Valencià de Cultura, la Acadèmia Valenciana de la Llengua, el Comité Econòmic i Social","Ley 1/2014, de 28 de febrero, del Comité Econòmic i Social de la Comunitat Valenciana",4,JURIDICO
GENERAL,11,"La Síndica o el Síndic de Greuges, la Sindicatura de Comptes, el Consell Jurídic Consultiu, el Consell Valencià de Cultura, la Acadèmia Valenciana de la Llengua, el Comité Econòmic i Social","Ley 10/1994, de 19 de diciembre, de creación del Consell Jurídic Consultiu de la Comunitat Valenciana",1,JURIDICO
GENERAL,11,"La Síndica o el Síndic de Greuges, la Sindicatura de Comptes, el Consell Jurídic Consultiu, el Consell Valencià de Cultura, la Acadèmia Valenciana de la Llengua, el Comité Econòmic i Social","Ley 10/1994, de 19 de diciembre, de creación del Consell Jurídic Consultiu de la Comunitat Valenciana",2,JURIDICO
GENERAL,11,"La Síndica o el Síndic de Greuges, la Sindicatura de Comptes, el Consell Jurídic Consultiu, el Consell Valencià de Cultura, la Acadèmia Valenciana de la Llengua, el Comité Econòmic i Social","Ley 10/1994, de 19 de diciembre, de creación del Consell Jurídic Consultiu de la Comunitat Valenciana",9,JURIDICO
GENERAL,11,"La Síndica o el Síndic de Greuges, la Sindicatura de Comptes, el Consell Jurídic Consultiu, el Consell Valencià de Cultura, la Acadèmia Valenciana de la Llengua, el Comité Econòmic i Social","Ley 10/1994, de 19 de diciembre, de creación del Consell Jurídic Consultiu de la Comunitat Valenciana",10,JURIDICO
GENERAL,11,"La Síndica o el Síndic de Greuges, la Sindicatura de Comptes, el Consell Jurídic Consultiu, el Consell Valencià de Cultura, la Acadèmia Valenciana de la Llengua, el Comité Econòmic i Social","Ley 10/1994, de 19 de diciembre, de creación del Consell Jurídic Consultiu de la Comunitat Valenciana",11,JURIDICO
GENERAL,11,"La Síndica o el Síndic de Greuges, la Sindicatura de Comptes, el Consell Jurídic Consultiu, el Consell Valencià de Cultura, la Acadèmia Valenciana de la Llengua, el Comité Econòmic i Social","Ley 12/1985, de 30 de octubre, del Consell Valencià de Cultura",1,JURIDICO
GENERAL,11,"La Síndica o el Síndic de Greuges, la Sindicatura de Comptes, el Consell Jurídic Consultiu, el Consell Valencià de Cultura, la Acadèmia Valenciana de la Llengua, el Comité Econòmic i Social","Ley 12/1985, de 30 de octubre, del Consell Valencià de Cultura",2,JURIDICO
GENERAL,11,"La Síndica o el Síndic de Greuges, la Sindicatura de Comptes, el Consell Jurídic Consultiu, el Consell Valencià de Cultura, la Acadèmia Valenciana de la Llengua, el Comité Econòmic i Social","Ley 12/1985, de 30 de octubre, del Consell Valencià de Cultura",3,JURIDICO
GENERAL,11,"La Síndica o el Síndic de Greuges, la Sindicatura de Comptes, el Consell Jurídic Consultiu, el Consell Valencià de Cultura, la Acadèmia Valenciana de la Llengua, el Comité Econòmic i Social","Ley 12/1985, de 30 de octubre, del Consell Valencià de Cultura",4,JURIDICO
GENERAL,11,"La Síndica o el Síndic de Greuges, la Sindicatura de Comptes, el Consell Jurídic Consultiu, el Consell Valencià de Cultura, la Acadèmia Valenciana de la Llengua, el Comité Econòmic i Social","Ley 12/1985, de 30 de octubre, del Consell Valencià de Cultura",5,JURIDICO
GENERAL,11,"La Síndica o el Síndic de Greuges, la Sindicatura de Comptes, el Consell Jurídic Consultiu, el Consell Valencià de Cultura, la Acadèmia Valenciana de la Llengua, el Comité Econòmic i Social","Ley 2/2021, de 26 de marzo, del Síndic de Greuges de la Comunitat Valenciana",1,JURIDICO
GENERAL,11,"La Síndica o el Síndic de Greuges, la Sindicatura de Comptes, el Consell Jurídic Consultiu, el Consell Valencià de Cultura, la Acadèmia Valenciana de la Llengua, el Comité Econòmic i Social","Ley 2/2021, de 26 de marzo, del Síndic de Greuges de la Comunitat Valenciana",2,JURIDICO
GENERAL,11,"La Síndica o el Síndic de Greuges, la Sindicatura de Comptes, el Consell Jurídic Consultiu, el Consell Valencià de Cultura, la Acadèmia Valenciana de la Llengua, el Comité Econòmic i Social","Ley 2/2021, de 26 de marzo, del Síndic de Greuges de la Comunitat Valenciana",17,JURIDICO
GENERAL,11,"La Síndica o el Síndic de Greuges, la Sindicatura de Comptes, el Consell Jurídic Consultiu, el Consell Valencià de Cultura, la Acadèmia Valenciana de la Llengua, el Comité Econòmic i Social","Ley 2/2021, de 26 de marzo, del Síndic de Greuges de la Comunitat Valenciana",18,JURIDICO
GENERAL,11,"La Síndica o el Síndic de Greuges, la Sindicatura de Comptes, el Consell Jurídic Consultiu, el Consell Valencià de Cultura, la Acadèmia Valenciana de la Llengua, el Comité Econòmic i Social","Ley 2/2021, de 26 de marzo, del Síndic de Greuges de la Comunitat Valenciana",19,JURIDICO
GENERAL,11,"La Síndica o el Síndic de Greuges, la Sindicatura de Comptes, el Consell Jurídic Consultiu, el Consell Valencià de Cultura, la Acadèmia Valenciana de la Llengua, el Comité Econòmic i Social","Ley 2/2021, de 26 de marzo, del Síndic de Greuges de la Comunitat Valenciana",20,JURIDICO
GENERAL,11,"La Síndica o el Síndic de Greuges, la Sindicatura de Comptes, el Consell Jurídic Consultiu, el Consell Valencià de Cultura, la Acadèmia Valenciana de la Llengua, el Comité Econòmic i Social","Ley 2/2021, de 26 de marzo, del Síndic de Greuges de la Comunitat Valenciana",21,JURIDICO
GENERAL,11,"La Síndica o el Síndic de Greuges, la Sindicatura de Comptes, el Consell Jurídic Consultiu, el Consell Valencià de Cultura, la Acadèmia Valenciana de la Llengua, el Comité Econòmic i Social","Ley 2/2021, de 26 de marzo, del Síndic de Greuges de la Comunitat Valenciana",22,JURIDICO
GENERAL,11,"La Síndica o el Síndic de Greuges, la Sindicatura de Comptes, el Consell Jurídic Consultiu, el Consell Valencià de Cultura, la Acadèmia Valenciana de la Llengua, el Comité Econòmic i Social","Ley 2/2021, de 26 de marzo, del Síndic de Greuges de la Comunitat Valenciana",23,JURIDICO
GENERAL,11,"La Síndica o el Síndic de Greuges, la Sindicatura de Comptes, el Consell Jurídic Consultiu, el Consell Valencià de Cultura, la Acadèmia Valenciana de la Llengua, el Comité Econòmic i Social","Ley 2/2021, de 26 de marzo, del Síndic de Greuges de la Comunitat Valenciana",24,JURIDICO
GENERAL,11,"La Síndica o el Síndic de Greuges, la Sindicatura de Comptes, el Consell Jurídic Consultiu, el Consell Valencià de Cultura, la Acadèmia Valenciana de la Llengua, el Comité Econòmic i Social","Ley 2/2021, de 26 de marzo, del Síndic de Greuges de la Comunitat Valenciana",25,JURIDICO
GENERAL,11,"La Síndica o el Síndic de Greuges, la Sindicatura de Comptes, el Consell Jurídic Consultiu, el Consell Valencià de Cultura, la Acadèmia Valenciana de la Llengua, el Comité Econòmic i Social","Ley 2/2021, de 26 de marzo, del Síndic de Greuges de la Comunitat Valenciana",26,JURIDICO
GENERAL,11,"La Síndica o el Síndic de Greuges, la Sindicatura de Comptes, el Consell Jurídic Consultiu, el Consell Valencià de Cultura, la Acadèmia Valenciana de la Llengua, el Comité Econòmic i Social","Ley 2/2021, de 26 de marzo, del Síndic de Greuges de la Comunitat Valenciana",27,JURIDICO
GENERAL,11,"La Síndica o el Síndic de Greuges, la Sindicatura de Comptes, el Consell Jurídic Consultiu, el Consell Valencià de Cultura, la Acadèmia Valenciana de la Llengua, el Comité Econòmic i Social","Ley 2/2021, de 26 de marzo, del Síndic de Greuges de la Comunitat Valenciana",28,JURIDICO
GENERAL,11,"La Síndica o el Síndic de Greuges, la Sindicatura de Comptes, el Consell Jurídic Consultiu, el Consell Valencià de Cultura, la Acadèmia Valenciana de la Llengua, el Comité Econòmic i Social","Ley 2/2021, de 26 de marzo, del Síndic de Greuges de la Comunitat Valenciana",29,JURIDICO
GENERAL,11,"La Síndica o el Síndic de Greuges, la Sindicatura de Comptes, el Consell Jurídic Consultiu, el Consell Valencià de Cultura, la Acadèmia Valenciana de la Llengua, el Comité Econòmic i Social","Ley 2/2021, de 26 de marzo, del Síndic de Greuges de la Comunitat Valenciana",30,JURIDICO
GENERAL,11,"La Síndica o el Síndic de Greuges, la Sindicatura de Comptes, el Consell Jurídic Consultiu, el Consell Valencià de Cultura, la Acadèmia Valenciana de la Llengua, el Comité Econòmic i Social","Ley 2/2021, de 26 de marzo, del Síndic de Greuges de la Comunitat Valenciana",31,JURIDICO
GENERAL,11,"La Síndica o el Síndic de Greuges, la Sindicatura de Comptes, el Consell Jurídic Consultiu, el Consell Valencià de Cultura, la Acadèmia Valenciana de la Llengua, el Comité Econòmic i Social","Ley 2/2021, de 26 de marzo, del Síndic de Greuges de la Comunitat Valenciana",32,JURIDICO
GENERAL,11,"La Síndica o el Síndic de Greuges, la Sindicatura de Comptes, el Consell Jurídic Consultiu, el Consell Valencià de Cultura, la Acadèmia Valenciana de la Llengua, el Comité Econòmic i Social","Ley 2/2021, de 26 de marzo, del Síndic de Greuges de la Comunitat Valenciana",33,JURIDICO
GENERAL,11,"La Síndica o el Síndic de Greuges, la Sindicatura de Comptes, el Consell Jurídic Consultiu, el Consell Valencià de Cultura, la Acadèmia Valenciana de la Llengua, el Comité Econòmic i Social","Ley 2/2021, de 26 de marzo, del Síndic de Greuges de la Comunitat Valenciana",34,JURIDICO
GENERAL,11,"La Síndica o el Síndic de Greuges, la Sindicatura de Comptes, el Consell Jurídic Consultiu, el Consell Valencià de Cultura, la Acadèmia Valenciana de la Llengua, el Comité Econòmic i Social","Ley 2/2021, de 26 de marzo, del Síndic de Greuges de la Comunitat Valenciana",35,JURIDICO
GENERAL,11,"La Síndica o el Síndic de Greuges, la Sindicatura de Comptes, el Consell Jurídic Consultiu, el Consell Valencià de Cultura, la Acadèmia Valenciana de la Llengua, el Comité Econòmic i Social","Ley 2/2021, de 26 de marzo, del Síndic de Greuges de la Comunitat Valenciana",36,JURIDICO
GENERAL,11,"La Síndica o el Síndic de Greuges, la Sindicatura de Comptes, el Consell Jurídic Consultiu, el Consell Valencià de Cultura, la Acadèmia Valenciana de la Llengua, el Comité Econòmic i Social","Ley 2/2021, de 26 de marzo, del Síndic de Greuges de la Comunitat Valenciana",37,JURIDICO
GENERAL,11,"La Síndica o el Síndic de Greuges, la Sindicatura de Comptes, el Consell Jurídic Consultiu, el Consell Valencià de Cultura, la Acadèmia Valenciana de la Llengua, el Comité Econòmic i Social","Ley 2/2021, de 26 de marzo, del Síndic de Greuges de la Comunitat Valenciana",38,JURIDICO
GENERAL,11,"La Síndica o el Síndic de Greuges, la Sindicatura de Comptes, el Consell Jurídic Consultiu, el Consell Valencià de Cultura, la Acadèmia Valenciana de la Llengua, el Comité Econòmic i Social","Ley 2/2021, de 26 de marzo, del Síndic de Greuges de la Comunitat Valenciana",39,JURIDICO
GENERAL,11,"La Síndica o el Síndic de Greuges, la Sindicatura de Comptes, el Consell Jurídic Consultiu, el Consell Valencià de Cultura, la Acadèmia Valenciana de la Llengua, el Comité Econòmic i Social","Ley 2/2021, de 26 de marzo, del Síndic de Greuges de la Comunitat Valenciana",40,JURIDICO
GENERAL,11,"La Síndica o el Síndic de Greuges, la Sindicatura de Comptes, el Consell Jurídic Consultiu, el Consell Valencià de Cultura, la Acadèmia Valenciana de la Llengua, el Comité Econòmic i Social","Ley 2/2021, de 26 de marzo, del Síndic de Greuges de la Comunitat Valenciana",41,JURIDICO
GENERAL,11,"La Síndica o el Síndic de Greuges, la Sindicatura de Comptes, el Consell Jurídic Consultiu, el Consell Valencià de Cultura, la Acadèmia Valenciana de la Llengua, el Comité Econòmic i Social","Ley 2/2021, de 26 de marzo, del Síndic de Greuges de la Comunitat Valenciana",42,JURIDICO
GENERAL,11,"La Síndica o el Síndic de Greuges, la Sindicatura de Comptes, el Consell Jurídic Consultiu, el Consell Valencià de Cultura, la Acadèmia Valenciana de la Llengua, el Comité Econòmic i Social","Ley 2/2021, de 26 de marzo, del Síndic de Greuges de la Comunitat Valenciana",43,JURIDICO
GENERAL,11,"La Síndica o el Síndic de Greuges, la Sindicatura de Comptes, el Consell Jurídic Consultiu, el Consell Valencià de Cultura, la Acadèmia Valenciana de la Llengua, el Comité Econòmic i Social","Ley 2/2021, de 26 de marzo, del Síndic de Greuges de la Comunitat Valenciana",44,JURIDICO
GENERAL,11,"La Síndica o el Síndic de Greuges, la Sindicatura de Comptes, el Consell Jurídic Consultiu, el Consell Valencià de Cultura, la Acadèmia Valenciana de la Llengua, el Comité Econòmic i Social","Ley 2/2021, de 26 de marzo, del Síndic de Greuges de la Comunitat Valenciana",45,JURIDICO
GENERAL,11,"La Síndica o el Síndic de Greuges, la Sindicatura de Comptes, el Consell Jurídic Consultiu, el Consell Valencià de Cultura, la Acadèmia Valenciana de la Llengua, el Comité Econòmic i Social","Ley 2/2021, de 26 de marzo, del Síndic de Greuges de la Comunitat Valenciana",46,JURIDICO
GENERAL,11,"La Síndica o el Síndic de Greuges, la Sindicatura de Comptes, el Consell Jurídic Consultiu, el Consell Valencià de Cultura, la Acadèmia Valenciana de la Llengua, el Comité Econòmic i Social","Ley 2/2021, de 26 de marzo, del Síndic de Greuges de la Comunitat Valenciana",47,JURIDICO
GENERAL,11,"La Síndica o el Síndic de Greuges, la Sindicatura de Comptes, el Consell Jurídic Consultiu, el Consell Valencià de Cultura, la Acadèmia Valenciana de la Llengua, el Comité Econòmic i Social","Ley 2/2021, de 26 de marzo, del Síndic de Greuges de la Comunitat Valenciana",48,JURIDICO
GENERAL,11,"La Síndica o el Síndic de Greuges, la Sindicatura de Comptes, el Consell Jurídic Consultiu, el Consell Valencià de Cultura, la Acadèmia Valenciana de la Llengua, el Comité Econòmic i Social","Ley 2/2021, de 26 de marzo, del Síndic de Greuges de la Comunitat Valenciana",49,JURIDICO
GENERAL,11,"La Síndica o el Síndic de Greuges, la Sindicatura de Comptes, el Consell Jurídic Consultiu, el Consell Valencià de Cultura, la Acadèmia Valenciana de la Llengua, el Comité Econòmic i Social","Ley 6/1985, de 11 de mayo, de Sindicatura de Comptes",1,JURIDICO
GENERAL,11,"La Síndica o el Síndic de Greuges, la Sindicatura de Comptes, el Consell Jurídic Consultiu, el Consell Valencià de Cultura, la Acadèmia Valenciana de la Llengua, el Comité Econòmic i Social","Ley 6/1985, de 11 de mayo, de Sindicatura de Comptes",2,JURIDICO
GENERAL,11,"La Síndica o el Síndic de Greuges, la Sindicatura de Comptes, el Consell Jurídic Consultiu, el Consell Valencià de Cultura, la Acadèmia Valenciana de la Llengua, el Comité Econòmic i Social","Ley 6/1985, de 11 de mayo, de Sindicatura de Comptes",3,JURIDICO
GENERAL,11,"La Síndica o el Síndic de Greuges, la Sindicatura de Comptes, el Consell Jurídic Consultiu, el Consell Valencià de Cultura, la Acadèmia Valenciana de la Llengua, el Comité Econòmic i Social","Ley 6/1985, de 11 de mayo, de Sindicatura de Comptes",4,JURIDICO
GENERAL,11,"La Síndica o el Síndic de Greuges, la Sindicatura de Comptes, el Consell Jurídic Consultiu, el Consell Valencià de Cultura, la Acadèmia Valenciana de la Llengua, el Comité Econòmic i Social","Ley 6/1985, de 11 de mayo, de Sindicatura de Comptes",5,JURIDICO
GENERAL,11,"La Síndica o el Síndic de Greuges, la Sindicatura de Comptes, el Consell Jurídic Consultiu, el Consell Valencià de Cultura, la Acadèmia Valenciana de la Llengua, el Comité Econòmic i Social","Ley 6/1985, de 11 de mayo, de Sindicatura de Comptes",6,JURIDICO
GENERAL,11,"La Síndica o el Síndic de Greuges, la Sindicatura de Comptes, el Consell Jurídic Consultiu, el Consell Valencià de Cultura, la Acadèmia Valenciana de la Llengua, el Comité Econòmic i Social","Ley 7/1998, de 16 de septiembre, de creación de la Acadèmia Valenciana de la Llengua",1,JURIDICO
GENERAL,11,"La Síndica o el Síndic de Greuges, la Sindicatura de Comptes, el Consell Jurídic Consultiu, el Consell Valencià de Cultura, la Acadèmia Valenciana de la Llengua, el Comité Econòmic i Social","Ley 7/1998, de 16 de septiembre, de creación de la Acadèmia Valenciana de la Llengua",2,JURIDICO
GENERAL,11,"La Síndica o el Síndic de Greuges, la Sindicatura de Comptes, el Consell Jurídic Consultiu, el Consell Valencià de Cultura, la Acadèmia Valenciana de la Llengua, el Comité Econòmic i Social","Ley 7/1998, de 16 de septiembre, de creación de la Acadèmia Valenciana de la Llengua",3,JURIDICO
GENERAL,11,"La Síndica o el Síndic de Greuges, la Sindicatura de Comptes, el Consell Jurídic Consultiu, el Consell Valencià de Cultura, la Acadèmia Valenciana de la Llengua, el Comité Econòmic i Social","Ley 7/1998, de 16 de septiembre, de creación de la Acadèmia Valenciana de la Llengua",4,JURIDICO
GENERAL,11,"La Síndica o el Síndic de Greuges, la Sindicatura de Comptes, el Consell Jurídic Consultiu, el Consell Valencià de Cultura, la Acadèmia Valenciana de la Llengua, el Comité Econòmic i Social","Ley 7/1998, de 16 de septiembre, de creación de la Acadèmia Valenciana de la Llengua",5,JURIDICO
GENERAL,11,"La Síndica o el Síndic de Greuges, la Sindicatura de Comptes, el Consell Jurídic Consultiu, el Consell Valencià de Cultura, la Acadèmia Valenciana de la Llengua, el Comité Econòmic i Social","Ley 7/1998, de 16 de septiembre, de creación de la Acadèmia Valenciana de la Llengua",6,JURIDICO
GENERAL,11,"La Síndica o el Síndic de Greuges, la Sindicatura de Comptes, el Consell Jurídic Consultiu, el Consell Valencià de Cultura, la Acadèmia Valenciana de la Llengua, el Comité Econòmic i Social","Ley 7/1998, de 16 de septiembre, de creación de la Acadèmia Valenciana de la Llengua",7,JURIDICO
GENERAL,12,Las instituciones y organismos de la Unión Europea,Tratado de Funcionamiento de la Unión Europea,127,JURIDICO
GENERAL,12,Las instituciones y organismos de la Unión Europea,Tratado de Funcionamiento de la Unión Europea,128,JURIDICO
GENERAL,12,Las instituciones y organismos de la Unión Europea,Tratado de Funcionamiento de la Unión Europea,129,JURIDICO
GENERAL,12,Las instituciones y organismos de la Unión Europea,Tratado de Funcionamiento de la Unión Europea,141,JURIDICO
GENERAL,12,Las instituciones y organismos de la Unión Europea,Tratado de Funcionamiento de la Unión Europea,223,JURIDICO
GENERAL,12,Las instituciones y organismos de la Unión Europea,Tratado de Funcionamiento de la Unión Europea,224,JURIDICO
GENERAL,12,Las instituciones y organismos de la Unión Europea,Tratado de Funcionamiento de la Unión Europea,225,JURIDICO
GENERAL,12,Las instituciones y organismos de la Unión Europea,Tratado de Funcionamiento de la Unión Europea,226,JURIDICO
GENERAL,12,Las instituciones y organismos de la Unión Europea,Tratado de Funcionamiento de la Unión Europea,227,JURIDICO
GENERAL,12,Las instituciones y organismos de la Unión Europea,Tratado de Funcionamiento de la Unión Europea,228,JURIDICO
GENERAL,12,Las instituciones y organismos de la Unión Europea,Tratado de Funcionamiento de la Unión Europea,229,JURIDICO
GENERAL,12,Las instituciones y organismos de la Unión Europea,Tratado de Funcionamiento de la Unión Europea,230,JURIDICO
GENERAL,12,Las instituciones y organismos de la Unión Europea,Tratado de Funcionamiento de la Unión Europea,231,JURIDICO
GENERAL,12,Las instituciones y organismos de la Unión Europea,Tratado de Funcionamiento de la Unión Europea,232,JURIDICO
GENERAL,12,Las instituciones y organismos de la Unión Europea,Tratado de Funcionamiento de la Unión Europea,233,JURIDICO
GENERAL,12,Las instituciones y organismos de la Unión Europea,Tratado de Funcionamiento de la Unión Europea,234,JURIDICO
GENERAL,12,Las instituciones y organismos de la Unión Europea,Tratado de Funcionamiento de la Unión Europea,235,JURIDICO
GENERAL,12,Las instituciones y organismos de la Unión Europea,Tratado de Funcionamiento de la Unión Europea,236,JURIDICO
GENERAL,12,Las instituciones y organismos de la Unión Europea,Tratado de Funcionamiento de la Unión Europea,237,JURIDICO
GENERAL,12,Las instituciones y organismos de la Unión Europea,Tratado de Funcionamiento de la Unión Europea,238,JURIDICO
GENERAL,12,Las instituciones y organismos de la Unión Europea,Tratado de Funcionamiento de la Unión Europea,239,JURIDICO
GENERAL,12,Las instituciones y organismos de la Unión Europea,Tratado de Funcionamiento de la Unión Europea,240,JURIDICO
GENERAL,12,Las instituciones y organismos de la Unión Europea,Tratado de Funcionamiento de la Unión Europea,241,JURIDICO
GENERAL,12,Las instituciones y organismos de la Unión Europea,Tratado de Funcionamiento de la Unión Europea,242,JURIDICO
GENERAL,12,Las instituciones y organismos de la Unión Europea,Tratado de Funcionamiento de la Unión Europea,243,JURIDICO
GENERAL,12,Las instituciones y organismos de la Unión Europea,Tratado de Funcionamiento de la Unión Europea,244,JURIDICO
GENERAL,12,Las instituciones y organismos de la Unión Europea,Tratado de Funcionamiento de la Unión Europea,245,JURIDICO
GENERAL,12,Las instituciones y organismos de la Unión Europea,Tratado de Funcionamiento de la Unión Europea,246,JURIDICO
GENERAL,12,Las instituciones y organismos de la Unión Europea,Tratado de Funcionamiento de la Unión Europea,247,JURIDICO
GENERAL,12,Las instituciones y organismos de la Unión Europea,Tratado de Funcionamiento de la Unión Europea,248,JURIDICO
GENERAL,12,Las instituciones y organismos de la Unión Europea,Tratado de Funcionamiento de la Unión Europea,249,JURIDICO
GENERAL,12,Las instituciones y organismos de la Unión Europea,Tratado de Funcionamiento de la Unión Europea,250,JURIDICO
GENERAL,12,Las instituciones y organismos de la Unión Europea,Tratado de Funcionamiento de la Unión Europea,251,JURIDICO
GENERAL,12,Las instituciones y organismos de la Unión Europea,Tratado de Funcionamiento de la Unión Europea,252,JURIDICO
GENERAL,12,Las instituciones y organismos de la Unión Europea,Tratado de Funcionamiento de la Unión Europea,253,JURIDICO
GENERAL,12,Las instituciones y organismos de la Unión Europea,Tratado de Funcionamiento de la Unión Europea,254,JURIDICO
GENERAL,12,Las instituciones y organismos de la Unión Europea,Tratado de Funcionamiento de la Unión Europea,255,JURIDICO
GENERAL,12,Las instituciones y organismos de la Unión Europea,Tratado de Funcionamiento de la Unión Europea,256,JURIDICO
GENERAL,12,Las instituciones y organismos de la Unión Europea,Tratado de Funcionamiento de la Unión Europea,257,JURIDICO
GENERAL,12,Las instituciones y organismos de la Unión Europea,Tratado de Funcionamiento de la Unión Europea,258,JURIDICO
GENERAL,12,Las instituciones y organismos de la Unión Europea,Tratado de Funcionamiento de la Unión Europea,259,JURIDICO
GENERAL,12,Las instituciones y organismos de la Unión Europea,Tratado de Funcionamiento de la Unión Europea,260,JURIDICO
GENERAL,12,Las instituciones y organismos de la Unión Europea,Tratado de Funcionamiento de la Unión Europea,261,JURIDICO
GENERAL,12,Las instituciones y organismos de la Unión Europea,Tratado de Funcionamiento de la Unión Europea,262,JURIDICO
GENERAL,12,Las instituciones y organismos de la Unión Europea,Tratado de Funcionamiento de la Unión Europea,263,JURIDICO
GENERAL,12,Las instituciones y organismos de la Unión Europea,Tratado de Funcionamiento de la Unión Europea,264,JURIDICO
GENERAL,12,Las instituciones y organismos de la Unión Europea,Tratado de Funcionamiento de la Unión Europea,265,JURIDICO
GENERAL,12,Las instituciones y organismos de la Unión Europea,Tratado de Funcionamiento de la Unión Europea,266,JURIDICO
GENERAL,12,Las instituciones y organismos de la Unión Europea,Tratado de Funcionamiento de la Unión Europea,267,JURIDICO
GENERAL,12,Las instituciones y organismos de la Unión Europea,Tratado de Funcionamiento de la Unión Europea,268,JURIDICO
GENERAL,12,Las instituciones y organismos de la Unión Europea,Tratado de Funcionamiento de la Unión Europea,269,JURIDICO
GENERAL,12,Las instituciones y organismos de la Unión Europea,Tratado de Funcionamiento de la Unión Europea,270,JURIDICO
GENERAL,12,Las instituciones y organismos de la Unión Europea,Tratado de Funcionamiento de la Unión Europea,271,JURIDICO
GENERAL,12,Las instituciones y organismos de la Unión Europea,Tratado de Funcionamiento de la Unión Europea,272,JURIDICO
GENERAL,12,Las instituciones y organismos de la Unión Europea,Tratado de Funcionamiento de la Unión Europea,273,JURIDICO
GENERAL,12,Las instituciones y organismos de la Unión Europea,Tratado de Funcionamiento de la Unión Europea,274,JURIDICO
GENERAL,12,Las instituciones y organismos de la Unión Europea,Tratado de Funcionamiento de la Unión Europea,275,JURIDICO
GENERAL,12,Las instituciones y organismos de la Unión Europea,Tratado de Funcionamiento de la Unión Europea,276,JURIDICO
GENERAL,12,Las instituciones y organismos de la Unión Europea,Tratado de Funcionamiento de la Unión Europea,277,JURIDICO
GENERAL,12,Las instituciones y organismos de la Unión Europea,Tratado de Funcionamiento de la Unión Europea,278,JURIDICO
GENERAL,12,Las instituciones y organismos de la Unión Europea,Tratado de Funcionamiento de la Unión Europea,279,JURIDICO
GENERAL,12,Las instituciones y organismos de la Unión Europea,Tratado de Funcionamiento de la Unión Europea,280,JURIDICO
GENERAL,12,Las instituciones y organismos de la Unión Europea,Tratado de Funcionamiento de la Unión Europea,281,JURIDICO
GENERAL,12,Las instituciones y organismos de la Unión Europea,Tratado de Funcionamiento de la Unión Europea,282,JURIDICO
GENERAL,12,Las instituciones y organismos de la Unión Europea,Tratado de Funcionamiento de la Unión Europea,283,JURIDICO
GENERAL,12,Las instituciones y organismos de la Unión Europea,Tratado de Funcionamiento de la Unión Europea,284,JURIDICO
GENERAL,12,Las instituciones y organismos de la Unión Europea,Tratado de Funcionamiento de la Unión Europea,285,JURIDICO
GENERAL,12,Las instituciones y organismos de la Unión Europea,Tratado de Funcionamiento de la Unión Europea,286,JURIDICO
GENERAL,12,Las instituciones y organismos de la Unión Europea,Tratado de Funcionamiento de la Unión Europea,287,JURIDICO
GENERAL,12,Las instituciones y organismos de la Unión Europea,Tratado de Funcionamiento de la Unión Europea,300,JURIDICO
GENERAL,12,Las instituciones y organismos de la Unión Europea,Tratado de Funcionamiento de la Unión Europea,301,JURIDICO
GENERAL,12,Las instituciones y organismos de la Unión Europea,Tratado de Funcionamiento de la Unión Europea,302,JURIDICO
GENERAL,12,Las instituciones y organismos de la Unión Europea,Tratado de Funcionamiento de la Unión Europea,303,JURIDICO
GENERAL,12,Las instituciones y organismos de la Unión Europea,Tratado de Funcionamiento de la Unión Europea,304,JURIDICO
GENERAL,12,Las instituciones y organismos de la Unión Europea,Tratado de Funcionamiento de la Unión Europea,305,JURIDICO
GENERAL,12,Las instituciones y organismos de la Unión Europea,Tratado de Funcionamiento de la Unión Europea,306,JURIDICO
GENERAL,12,Las instituciones y organismos de la Unión Europea,Tratado de Funcionamiento de la Unión Europea,307,JURIDICO
GENERAL,12,Las instituciones y organismos de la Unión Europea,Tratado de la Unión Europea,13,JURIDICO
GENERAL,12,Las instituciones y organismos de la Unión Europea,Tratado de la Unión Europea,14,JURIDICO
GENERAL,12,Las instituciones y organismos de la Unión Europea,Tratado de la Unión Europea,15,JURIDICO
GENERAL,12,Las instituciones y organismos de la Unión Europea,Tratado de la Unión Europea,16,JURIDICO
GENERAL,12,Las instituciones y organismos de la Unión Europea,Tratado de la Unión Europea,17,JURIDICO
GENERAL,12,Las instituciones y organismos de la Unión Europea,Tratado de la Unión Europea,18,JURIDICO
GENERAL,12,Las instituciones y organismos de la Unión Europea,Tratado de la Unión Europea,19,JURIDICO
GENERAL,12,Las instituciones y organismos de la Unión Europea,Tratado de la Unión Europea,27,JURIDICO
GENERAL,13,"Naturaleza, valores y finalidades y objetivos de la Unión Europea",Tratado de Funcionamiento de la Unión Europea,2,JURIDICO
GENERAL,13,"Naturaleza, valores y finalidades y objetivos de la Unión Europea",Tratado de Funcionamiento de la Unión Europea,3,JURIDICO
GENERAL,13,"Naturaleza, valores y finalidades y objetivos de la Unión Europea",Tratado de Funcionamiento de la Unión Europea,4,JURIDICO
GENERAL,13,"Naturaleza, valores y finalidades y objetivos de la Unión Europea",Tratado de Funcionamiento de la Unión Europea,5,JURIDICO
GENERAL,13,"Naturaleza, valores y finalidades y objetivos de la Unión Europea",Tratado de Funcionamiento de la Unión Europea,6,JURIDICO
GENERAL,13,"Naturaleza, valores y finalidades y objetivos de la Unión Europea",Tratado de Funcionamiento de la Unión Europea,7,JURIDICO
GENERAL,13,"Naturaleza, valores y finalidades y objetivos de la Unión Europea",Tratado de Funcionamiento de la Unión Europea,8,JURIDICO
GENERAL,13,"Naturaleza, valores y finalidades y objetivos de la Unión Europea",Tratado de Funcionamiento de la Unión Europea,9,JURIDICO
GENERAL,13,"Naturaleza, valores y finalidades y objetivos de la Unión Europea",Tratado de Funcionamiento de la Unión Europea,10,JURIDICO
GENERAL,13,"Naturaleza, valores y finalidades y objetivos de la Unión Europea",Tratado de Funcionamiento de la Unión Europea,11,JURIDICO
GENERAL,13,"Naturaleza, valores y finalidades y objetivos de la Unión Europea",Tratado de Funcionamiento de la Unión Europea,12,JURIDICO
GENERAL,13,"Naturaleza, valores y finalidades y objetivos de la Unión Europea",Tratado de Funcionamiento de la Unión Europea,13,JURIDICO
GENERAL,13,"Naturaleza, valores y finalidades y objetivos de la Unión Europea",Tratado de Funcionamiento de la Unión Europea,14,JURIDICO
GENERAL,13,"Naturaleza, valores y finalidades y objetivos de la Unión Europea",Tratado de la Unión Europea,1,JURIDICO
GENERAL,13,"Naturaleza, valores y finalidades y objetivos de la Unión Europea",Tratado de la Unión Europea,2,JURIDICO
GENERAL,13,"Naturaleza, valores y finalidades y objetivos de la Unión Europea",Tratado de la Unión Europea,4,JURIDICO
GENERAL,13,"Naturaleza, valores y finalidades y objetivos de la Unión Europea",Tratado de la Unión Europea,5,JURIDICO
GENERAL,13,"Naturaleza, valores y finalidades y objetivos de la Unión Europea",Tratado de la Unión Europea,6,JURIDICO
GENERAL,13,"Naturaleza, valores y finalidades y objetivos de la Unión Europea",Tratado de la Unión Europea,7,JURIDICO
GENERAL,13,"Naturaleza, valores y finalidades y objetivos de la Unión Europea",Tratado de la Unión Europea,8,JURIDICO
GENERAL,13,"Naturaleza, valores y finalidades y objetivos de la Unión Europea",Tratado de la Unión Europea,9,JURIDICO
GENERAL,13,"Naturaleza, valores y finalidades y objetivos de la Unión Europea",Tratado de la Unión Europea,10,JURIDICO
GENERAL,13,"Naturaleza, valores y finalidades y objetivos de la Unión Europea",Tratado de la Unión Europea,11,JURIDICO
GENERAL,13,"Naturaleza, valores y finalidades y objetivos de la Unión Europea",Tratado de la Unión Europea,49,JURIDICO
GENERAL,13,"Naturaleza, valores y finalidades y objetivos de la Unión Europea",Tratado de la Unión Europea,50,JURIDICO
GENERAL,14,"La Ley Orgánica 3/2007, de 22 de marzo, para la igualdad efectiva de mujeres y hombres","Ley 4/2023, de 28 de febrero, para la igualdad real y efectiva de las personas trans y para la garantía de los derechos de las personas LGTBI",4,JURIDICO
GENERAL,14,"La Ley Orgánica 3/2007, de 22 de marzo, para la igualdad efectiva de mujeres y hombres","Ley 4/2023, de 28 de febrero, para la igualdad real y efectiva de las personas trans y para la garantía de los derechos de las personas LGTBI",11,JURIDICO
GENERAL,14,"La Ley Orgánica 3/2007, de 22 de marzo, para la igualdad efectiva de mujeres y hombres","Ley 4/2023, de 28 de febrero, para la igualdad real y efectiva de las personas trans y para la garantía de los derechos de las personas LGTBI",12,JURIDICO
GENERAL,14,"La Ley Orgánica 3/2007, de 22 de marzo, para la igualdad efectiva de mujeres y hombres","Ley 4/2023, de 28 de febrero, para la igualdad real y efectiva de las personas trans y para la garantía de los derechos de las personas LGTBI",13,JURIDICO
GENERAL,14,"La Ley Orgánica 3/2007, de 22 de marzo, para la igualdad efectiva de mujeres y hombres","Ley 9/2003, de 2 de abril, para la igualdad entre mujeres y hombres",1,JURIDICO
GENERAL,14,"La Ley Orgánica 3/2007, de 22 de marzo, para la igualdad efectiva de mujeres y hombres","Ley 9/2003, de 2 de abril, para la igualdad entre mujeres y hombres",2,JURIDICO
GENERAL,14,"La Ley Orgánica 3/2007, de 22 de marzo, para la igualdad efectiva de mujeres y hombres","Ley 9/2003, de 2 de abril, para la igualdad entre mujeres y hombres",3,JURIDICO
GENERAL,14,"La Ley Orgánica 3/2007, de 22 de marzo, para la igualdad efectiva de mujeres y hombres","Ley 9/2003, de 2 de abril, para la igualdad entre mujeres y hombres",4,JURIDICO
GENERAL,14,"La Ley Orgánica 3/2007, de 22 de marzo, para la igualdad efectiva de mujeres y hombres","Ley 9/2003, de 2 de abril, para la igualdad entre mujeres y hombres",5,JURIDICO
GENERAL,14,"La Ley Orgánica 3/2007, de 22 de marzo, para la igualdad efectiva de mujeres y hombres","Ley 9/2003, de 2 de abril, para la igualdad entre mujeres y hombres",6,JURIDICO
GENERAL,14,"La Ley Orgánica 3/2007, de 22 de marzo, para la igualdad efectiva de mujeres y hombres","Ley 9/2003, de 2 de abril, para la igualdad entre mujeres y hombres",7,JURIDICO
GENERAL,14,"La Ley Orgánica 3/2007, de 22 de marzo, para la igualdad efectiva de mujeres y hombres","Ley 9/2003, de 2 de abril, para la igualdad entre mujeres y hombres",8,JURIDICO
GENERAL,14,"La Ley Orgánica 3/2007, de 22 de marzo, para la igualdad efectiva de mujeres y hombres","Ley 9/2003, de 2 de abril, para la igualdad entre mujeres y hombres",9,JURIDICO
GENERAL,14,"La Ley Orgánica 3/2007, de 22 de marzo, para la igualdad efectiva de mujeres y hombres","Ley 9/2003, de 2 de abril, para la igualdad entre mujeres y hombres",10,JURIDICO
GENERAL,14,"La Ley Orgánica 3/2007, de 22 de marzo, para la igualdad efectiva de mujeres y hombres","Ley 9/2003, de 2 de abril, para la igualdad entre mujeres y hombres",11,JURIDICO
GENERAL,14,"La Ley Orgánica 3/2007, de 22 de marzo, para la igualdad efectiva de mujeres y hombres","Ley 9/2003, de 2 de abril, para la igualdad entre mujeres y hombres",12,JURIDICO
GENERAL,14,"La Ley Orgánica 3/2007, de 22 de marzo, para la igualdad efectiva de mujeres y hombres","Ley 9/2003, de 2 de abril, para la igualdad entre mujeres y hombres",13,JURIDICO
GENERAL,14,"La Ley Orgánica 3/2007, de 22 de marzo, para la igualdad efectiva de mujeres y hombres","Ley 9/2003, de 2 de abril, para la igualdad entre mujeres y hombres",14,JURIDICO
GENERAL,14,"La Ley Orgánica 3/2007, de 22 de marzo, para la igualdad efectiva de mujeres y hombres","Ley 9/2003, de 2 de abril, para la igualdad entre mujeres y hombres",15,JURIDICO
GENERAL,14,"La Ley Orgánica 3/2007, de 22 de marzo, para la igualdad efectiva de mujeres y hombres","Ley 9/2003, de 2 de abril, para la igualdad entre mujeres y hombres",16,JURIDICO
GENERAL,14,"La Ley Orgánica 3/2007, de 22 de marzo, para la igualdad efectiva de mujeres y hombres","Ley 9/2003, de 2 de abril, para la igualdad entre mujeres y hombres",17,JURIDICO
GENERAL,14,"La Ley Orgánica 3/2007, de 22 de marzo, para la igualdad efectiva de mujeres y hombres","Ley 9/2003, de 2 de abril, para la igualdad entre mujeres y hombres",18,JURIDICO
GENERAL,14,"La Ley Orgánica 3/2007, de 22 de marzo, para la igualdad efectiva de mujeres y hombres","Ley 9/2003, de 2 de abril, para la igualdad entre mujeres y hombres",19,JURIDICO
GENERAL,14,"La Ley Orgánica 3/2007, de 22 de marzo, para la igualdad efectiva de mujeres y hombres","Ley 9/2003, de 2 de abril, para la igualdad entre mujeres y hombres",20,JURIDICO
GENERAL,14,"La Ley Orgánica 3/2007, de 22 de marzo, para la igualdad efectiva de mujeres y hombres","Ley 9/2003, de 2 de abril, para la igualdad entre mujeres y hombres",21,JURIDICO
GENERAL,14,"La Ley Orgánica 3/2007, de 22 de marzo, para la igualdad efectiva de mujeres y hombres","Ley 9/2003, de 2 de abril, para la igualdad entre mujeres y hombres",22,JURIDICO
GENERAL,14,"La Ley Orgánica 3/2007, de 22 de marzo, para la igualdad efectiva de mujeres y hombres","Ley 9/2003, de 2 de abril, para la igualdad entre mujeres y hombres",23,JURIDICO
GENERAL,14,"La Ley Orgánica 3/2007, de 22 de marzo, para la igualdad efectiva de mujeres y hombres","Ley 9/2003, de 2 de abril, para la igualdad entre mujeres y hombres",24,JURIDICO
GENERAL,14,"La Ley Orgánica 3/2007, de 22 de marzo, para la igualdad efectiva de mujeres y hombres","Ley 9/2003, de 2 de abril, para la igualdad entre mujeres y hombres",25,JURIDICO
GENERAL,14,"La Ley Orgánica 3/2007, de 22 de marzo, para la igualdad efectiva de mujeres y hombres","Ley 9/2003, de 2 de abril, para la igualdad entre mujeres y hombres",26,JURIDICO
GENERAL,14,"La Ley Orgánica 3/2007, de 22 de marzo, para la igualdad efectiva de mujeres y hombres","Ley 9/2003, de 2 de abril, para la igualdad entre mujeres y hombres",27,JURIDICO
GENERAL,14,"La Ley Orgánica 3/2007, de 22 de marzo, para la igualdad efectiva de mujeres y hombres","Ley 9/2003, de 2 de abril, para la igualdad entre mujeres y hombres",28,JURIDICO
GENERAL,14,"La Ley Orgánica 3/2007, de 22 de marzo, para la igualdad efectiva de mujeres y hombres","Ley 9/2003, de 2 de abril, para la igualdad entre mujeres y hombres",29,JURIDICO
GENERAL,14,"La Ley Orgánica 3/2007, de 22 de marzo, para la igualdad efectiva de mujeres y hombres","Ley 9/2003, de 2 de abril, para la igualdad entre mujeres y hombres",30,JURIDICO
GENERAL,14,"La Ley Orgánica 3/2007, de 22 de marzo, para la igualdad efectiva de mujeres y hombres","Ley 9/2003, de 2 de abril, para la igualdad entre mujeres y hombres",31,JURIDICO
GENERAL,14,"La Ley Orgánica 3/2007, de 22 de marzo, para la igualdad efectiva de mujeres y hombres","Ley 9/2003, de 2 de abril, para la igualdad entre mujeres y hombres",32,JURIDICO
GENERAL,14,"La Ley Orgánica 3/2007, de 22 de marzo, para la igualdad efectiva de mujeres y hombres","Ley 9/2003, de 2 de abril, para la igualdad entre mujeres y hombres",33,JURIDICO
GENERAL,14,"La Ley Orgánica 3/2007, de 22 de marzo, para la igualdad efectiva de mujeres y hombres","Ley 9/2003, de 2 de abril, para la igualdad entre mujeres y hombres",34,JURIDICO
GENERAL,14,"La Ley Orgánica 3/2007, de 22 de marzo, para la igualdad efectiva de mujeres y hombres","Ley 9/2003, de 2 de abril, para la igualdad entre mujeres y hombres",35,JURIDICO
GENERAL,14,"La Ley Orgánica 3/2007, de 22 de marzo, para la igualdad efectiva de mujeres y hombres","Ley 9/2003, de 2 de abril, para la igualdad entre mujeres y hombres",36,JURIDICO
GENERAL,14,"La Ley Orgánica 3/2007, de 22 de marzo, para la igualdad efectiva de mujeres y hombres","Ley 9/2003, de 2 de abril, para la igualdad entre mujeres y hombres",37,JURIDICO
GENERAL,14,"La Ley Orgánica 3/2007, de 22 de marzo, para la igualdad efectiva de mujeres y hombres","Ley 9/2003, de 2 de abril, para la igualdad entre mujeres y hombres",38,JURIDICO
GENERAL,14,"La Ley Orgánica 3/2007, de 22 de marzo, para la igualdad efectiva de mujeres y hombres","Ley 9/2003, de 2 de abril, para la igualdad entre mujeres y hombres",39,JURIDICO
GENERAL,14,"La Ley Orgánica 3/2007, de 22 de marzo, para la igualdad efectiva de mujeres y hombres","Ley 9/2003, de 2 de abril, para la igualdad entre mujeres y hombres",40,JURIDICO
GENERAL,14,"La Ley Orgánica 3/2007, de 22 de marzo, para la igualdad efectiva de mujeres y hombres","Ley 9/2003, de 2 de abril, para la igualdad entre mujeres y hombres",41,JURIDICO
GENERAL,14,"La Ley Orgánica 3/2007, de 22 de marzo, para la igualdad efectiva de mujeres y hombres","Ley 9/2003, de 2 de abril, para la igualdad entre mujeres y hombres",42,JURIDICO
GENERAL,14,"La Ley Orgánica 3/2007, de 22 de marzo, para la igualdad efectiva de mujeres y hombres","Ley 9/2003, de 2 de abril, para la igualdad entre mujeres y hombres",43,JURIDICO
GENERAL,14,"La Ley Orgánica 3/2007, de 22 de marzo, para la igualdad efectiva de mujeres y hombres","Ley 9/2003, de 2 de abril, para la igualdad entre mujeres y hombres",44,JURIDICO
GENERAL,14,"La Ley Orgánica 3/2007, de 22 de marzo, para la igualdad efectiva de mujeres y hombres","Ley 9/2003, de 2 de abril, para la igualdad entre mujeres y hombres",45,JURIDICO
GENERAL,14,"La Ley Orgánica 3/2007, de 22 de marzo, para la igualdad efectiva de mujeres y hombres","Ley 9/2003, de 2 de abril, para la igualdad entre mujeres y hombres",46,JURIDICO
GENERAL,14,"La Ley Orgánica 3/2007, de 22 de marzo, para la igualdad efectiva de mujeres y hombres","Ley 9/2003, de 2 de abril, para la igualdad entre mujeres y hombres",47,JURIDICO
GENERAL,14,"La Ley Orgánica 3/2007, de 22 de marzo, para la igualdad efectiva de mujeres y hombres","Ley 9/2003, de 2 de abril, para la igualdad entre mujeres y hombres",48,JURIDICO
GENERAL,14,"La Ley Orgánica 3/2007, de 22 de marzo, para la igualdad efectiva de mujeres y hombres","Ley 9/2003, de 2 de abril, para la igualdad entre mujeres y hombres",49,JURIDICO
GENERAL,14,"La Ley Orgánica 3/2007, de 22 de marzo, para la igualdad efectiva de mujeres y hombres","Ley 9/2003, de 2 de abril, para la igualdad entre mujeres y hombres",50,JURIDICO
GENERAL,14,"La Ley Orgánica 3/2007, de 22 de marzo, para la igualdad efectiva de mujeres y hombres","Ley 9/2003, de 2 de abril, para la igualdad entre mujeres y hombres",51,JURIDICO
GENERAL,14,"La Ley Orgánica 3/2007, de 22 de marzo, para la igualdad efectiva de mujeres y hombres","Ley Orgánica 3/2007, de 22 de marzo, para la igualdad efectiva de mujeres y hombres",1,JURIDICO
GENERAL,14,"La Ley Orgánica 3/2007, de 22 de marzo, para la igualdad efectiva de mujeres y hombres","Ley Orgánica 3/2007, de 22 de marzo, para la igualdad efectiva de mujeres y hombres",2,JURIDICO
GENERAL,14,"La Ley Orgánica 3/2007, de 22 de marzo, para la igualdad efectiva de mujeres y hombres","Ley Orgánica 3/2007, de 22 de marzo, para la igualdad efectiva de mujeres y hombres",3,JURIDICO
GENERAL,14,"La Ley Orgánica 3/2007, de 22 de marzo, para la igualdad efectiva de mujeres y hombres","Ley Orgánica 3/2007, de 22 de marzo, para la igualdad efectiva de mujeres y hombres",4,JURIDICO
GENERAL,14,"La Ley Orgánica 3/2007, de 22 de marzo, para la igualdad efectiva de mujeres y hombres","Ley Orgánica 3/2007, de 22 de marzo, para la igualdad efectiva de mujeres y hombres",5,JURIDICO
GENERAL,14,"La Ley Orgánica 3/2007, de 22 de marzo, para la igualdad efectiva de mujeres y hombres","Ley Orgánica 3/2007, de 22 de marzo, para la igualdad efectiva de mujeres y hombres",6,JURIDICO
GENERAL,14,"La Ley Orgánica 3/2007, de 22 de marzo, para la igualdad efectiva de mujeres y hombres","Ley Orgánica 3/2007, de 22 de marzo, para la igualdad efectiva de mujeres y hombres",7,JURIDICO
GENERAL,14,"La Ley Orgánica 3/2007, de 22 de marzo, para la igualdad efectiva de mujeres y hombres","Ley Orgánica 3/2007, de 22 de marzo, para la igualdad efectiva de mujeres y hombres",8,JURIDICO
GENERAL,14,"La Ley Orgánica 3/2007, de 22 de marzo, para la igualdad efectiva de mujeres y hombres","Ley Orgánica 3/2007, de 22 de marzo, para la igualdad efectiva de mujeres y hombres",9,JURIDICO
GENERAL,14,"La Ley Orgánica 3/2007, de 22 de marzo, para la igualdad efectiva de mujeres y hombres","Ley Orgánica 3/2007, de 22 de marzo, para la igualdad efectiva de mujeres y hombres",10,JURIDICO
GENERAL,14,"La Ley Orgánica 3/2007, de 22 de marzo, para la igualdad efectiva de mujeres y hombres","Ley Orgánica 3/2007, de 22 de marzo, para la igualdad efectiva de mujeres y hombres",11,JURIDICO
GENERAL,14,"La Ley Orgánica 3/2007, de 22 de marzo, para la igualdad efectiva de mujeres y hombres","Ley Orgánica 3/2007, de 22 de marzo, para la igualdad efectiva de mujeres y hombres",12,JURIDICO
GENERAL,14,"La Ley Orgánica 3/2007, de 22 de marzo, para la igualdad efectiva de mujeres y hombres","Ley Orgánica 3/2007, de 22 de marzo, para la igualdad efectiva de mujeres y hombres",13,JURIDICO
GENERAL,14,"La Ley Orgánica 3/2007, de 22 de marzo, para la igualdad efectiva de mujeres y hombres","Ley Orgánica 3/2007, de 22 de marzo, para la igualdad efectiva de mujeres y hombres",14,JURIDICO
GENERAL,14,"La Ley Orgánica 3/2007, de 22 de marzo, para la igualdad efectiva de mujeres y hombres","Ley Orgánica 3/2007, de 22 de marzo, para la igualdad efectiva de mujeres y hombres",15,JURIDICO
GENERAL,14,"La Ley Orgánica 3/2007, de 22 de marzo, para la igualdad efectiva de mujeres y hombres","Ley Orgánica 3/2007, de 22 de marzo, para la igualdad efectiva de mujeres y hombres",16,JURIDICO
GENERAL,14,"La Ley Orgánica 3/2007, de 22 de marzo, para la igualdad efectiva de mujeres y hombres","Ley Orgánica 3/2007, de 22 de marzo, para la igualdad efectiva de mujeres y hombres",17,JURIDICO
GENERAL,14,"La Ley Orgánica 3/2007, de 22 de marzo, para la igualdad efectiva de mujeres y hombres","Ley Orgánica 3/2007, de 22 de marzo, para la igualdad efectiva de mujeres y hombres",18,JURIDICO
GENERAL,14,"La Ley Orgánica 3/2007, de 22 de marzo, para la igualdad efectiva de mujeres y hombres","Ley Orgánica 3/2007, de 22 de marzo, para la igualdad efectiva de mujeres y hombres",19,JURIDICO
GENERAL,14,"La Ley Orgánica 3/2007, de 22 de marzo, para la igualdad efectiva de mujeres y hombres","Ley Orgánica 3/2007, de 22 de marzo, para la igualdad efectiva de mujeres y hombres",20,JURIDICO
GENERAL,14,"La Ley Orgánica 3/2007, de 22 de marzo, para la igualdad efectiva de mujeres y hombres","Ley Orgánica 3/2007, de 22 de marzo, para la igualdad efectiva de mujeres y hombres",21,JURIDICO
GENERAL,14,"La Ley Orgánica 3/2007, de 22 de marzo, para la igualdad efectiva de mujeres y hombres","Ley Orgánica 3/2007, de 22 de marzo, para la igualdad efectiva de mujeres y hombres",22,JURIDICO
GENERAL,14,"La Ley Orgánica 3/2007, de 22 de marzo, para la igualdad efectiva de mujeres y hombres","Ley Orgánica 3/2007, de 22 de marzo, para la igualdad efectiva de mujeres y hombres",23,JURIDICO
GENERAL,14,"La Ley Orgánica 3/2007, de 22 de marzo, para la igualdad efectiva de mujeres y hombres","Ley Orgánica 3/2007, de 22 de marzo, para la igualdad efectiva de mujeres y hombres",24,JURIDICO
GENERAL,14,"La Ley Orgánica 3/2007, de 22 de marzo, para la igualdad efectiva de mujeres y hombres","Ley Orgánica 3/2007, de 22 de marzo, para la igualdad efectiva de mujeres y hombres",25,JURIDICO
GENERAL,14,"La Ley Orgánica 3/2007, de 22 de marzo, para la igualdad efectiva de mujeres y hombres","Ley Orgánica 3/2007, de 22 de marzo, para la igualdad efectiva de mujeres y hombres",26,JURIDICO
GENERAL,14,"La Ley Orgánica 3/2007, de 22 de marzo, para la igualdad efectiva de mujeres y hombres","Ley Orgánica 3/2007, de 22 de marzo, para la igualdad efectiva de mujeres y hombres",27,JURIDICO
GENERAL,14,"La Ley Orgánica 3/2007, de 22 de marzo, para la igualdad efectiva de mujeres y hombres","Ley Orgánica 3/2007, de 22 de marzo, para la igualdad efectiva de mujeres y hombres",28,JURIDICO
GENERAL,14,"La Ley Orgánica 3/2007, de 22 de marzo, para la igualdad efectiva de mujeres y hombres","Ley Orgánica 3/2007, de 22 de marzo, para la igualdad efectiva de mujeres y hombres",29,JURIDICO
GENERAL,14,"La Ley Orgánica 3/2007, de 22 de marzo, para la igualdad efectiva de mujeres y hombres","Ley Orgánica 3/2007, de 22 de marzo, para la igualdad efectiva de mujeres y hombres",30,JURIDICO
GENERAL,14,"La Ley Orgánica 3/2007, de 22 de marzo, para la igualdad efectiva de mujeres y hombres","Ley Orgánica 3/2007, de 22 de marzo, para la igualdad efectiva de mujeres y hombres",31,JURIDICO
GENERAL,14,"La Ley Orgánica 3/2007, de 22 de marzo, para la igualdad efectiva de mujeres y hombres","Ley Orgánica 3/2007, de 22 de marzo, para la igualdad efectiva de mujeres y hombres",32,JURIDICO
GENERAL,14,"La Ley Orgánica 3/2007, de 22 de marzo, para la igualdad efectiva de mujeres y hombres","Ley Orgánica 3/2007, de 22 de marzo, para la igualdad efectiva de mujeres y hombres",33,JURIDICO
GENERAL,14,"La Ley Orgánica 3/2007, de 22 de marzo, para la igualdad efectiva de mujeres y hombres","Ley Orgánica 3/2007, de 22 de marzo, para la igualdad efectiva de mujeres y hombres",34,JURIDICO
GENERAL,14,"La Ley Orgánica 3/2007, de 22 de marzo, para la igualdad efectiva de mujeres y hombres","Ley Orgánica 3/2007, de 22 de marzo, para la igualdad efectiva de mujeres y hombres",35,JURIDICO
GENERAL,14,"La Ley Orgánica 3/2007, de 22 de marzo, para la igualdad efectiva de mujeres y hombres","Ley Orgánica 3/2007, de 22 de marzo, para la igualdad efectiva de mujeres y hombres",36,JURIDICO
GENERAL,14,"La Ley Orgánica 3/2007, de 22 de marzo, para la igualdad efectiva de mujeres y hombres","Ley Orgánica 3/2007, de 22 de marzo, para la igualdad efectiva de mujeres y hombres",37,JURIDICO
GENERAL,14,"La Ley Orgánica 3/2007, de 22 de marzo, para la igualdad efectiva de mujeres y hombres","Ley Orgánica 3/2007, de 22 de marzo, para la igualdad efectiva de mujeres y hombres",38,JURIDICO
GENERAL,14,"La Ley Orgánica 3/2007, de 22 de marzo, para la igualdad efectiva de mujeres y hombres","Ley Orgánica 3/2007, de 22 de marzo, para la igualdad efectiva de mujeres y hombres",39,JURIDICO
GENERAL,14,"La Ley Orgánica 3/2007, de 22 de marzo, para la igualdad efectiva de mujeres y hombres","Ley Orgánica 3/2007, de 22 de marzo, para la igualdad efectiva de mujeres y hombres",40,JURIDICO
GENERAL,14,"La Ley Orgánica 3/2007, de 22 de marzo, para la igualdad efectiva de mujeres y hombres","Ley Orgánica 3/2007, de 22 de marzo, para la igualdad efectiva de mujeres y hombres",41,JURIDICO
GENERAL,14,"La Ley Orgánica 3/2007, de 22 de marzo, para la igualdad efectiva de mujeres y hombres","Ley Orgánica 3/2007, de 22 de marzo, para la igualdad efectiva de mujeres y hombres",42,JURIDICO
GENERAL,14,"La Ley Orgánica 3/2007, de 22 de marzo, para la igualdad efectiva de mujeres y hombres","Ley Orgánica 3/2007, de 22 de marzo, para la igualdad efectiva de mujeres y hombres",43,JURIDICO
GENERAL,14,"La Ley Orgánica 3/2007, de 22 de marzo, para la igualdad efectiva de mujeres y hombres","Ley Orgánica 3/2007, de 22 de marzo, para la igualdad efectiva de mujeres y hombres",44,JURIDICO
GENERAL,14,"La Ley Orgánica 3/2007, de 22 de marzo, para la igualdad efectiva de mujeres y hombres","Ley Orgánica 3/2007, de 22 de marzo, para la igualdad efectiva de mujeres y hombres",45,JURIDICO
GENERAL,14,"La Ley Orgánica 3/2007, de 22 de marzo, para la igualdad efectiva de mujeres y hombres","Ley Orgánica 3/2007, de 22 de marzo, para la igualdad efectiva de mujeres y hombres",46,JURIDICO
GENERAL,14,"La Ley Orgánica 3/2007, de 22 de marzo, para la igualdad efectiva de mujeres y hombres","Ley Orgánica 3/2007, de 22 de marzo, para la igualdad efectiva de mujeres y hombres",47,JURIDICO
GENERAL,14,"La Ley Orgánica 3/2007, de 22 de marzo, para la igualdad efectiva de mujeres y hombres","Ley Orgánica 3/2007, de 22 de marzo, para la igualdad efectiva de mujeres y hombres",48,JURIDICO
GENERAL,14,"La Ley Orgánica 3/2007, de 22 de marzo, para la igualdad efectiva de mujeres y hombres","Ley Orgánica 3/2007, de 22 de marzo, para la igualdad efectiva de mujeres y hombres",49,JURIDICO
GENERAL,14,"La Ley Orgánica 3/2007, de 22 de marzo, para la igualdad efectiva de mujeres y hombres","Ley Orgánica 3/2007, de 22 de marzo, para la igualdad efectiva de mujeres y hombres",50,JURIDICO
GENERAL,14,"La Ley Orgánica 3/2007, de 22 de marzo, para la igualdad efectiva de mujeres y hombres","Ley Orgánica 3/2007, de 22 de marzo, para la igualdad efectiva de mujeres y hombres",51,JURIDICO
GENERAL,14,"La Ley Orgánica 3/2007, de 22 de marzo, para la igualdad efectiva de mujeres y hombres","Ley Orgánica 3/2007, de 22 de marzo, para la igualdad efectiva de mujeres y hombres",52,JURIDICO
GENERAL,14,"La Ley Orgánica 3/2007, de 22 de marzo, para la igualdad efectiva de mujeres y hombres","Ley Orgánica 3/2007, de 22 de marzo, para la igualdad efectiva de mujeres y hombres",53,JURIDICO
GENERAL,14,"La Ley Orgánica 3/2007, de 22 de marzo, para la igualdad efectiva de mujeres y hombres","Ley Orgánica 3/2007, de 22 de marzo, para la igualdad efectiva de mujeres y hombres",54,JURIDICO
GENERAL,14,"La Ley Orgánica 3/2007, de 22 de marzo, para la igualdad efectiva de mujeres y hombres","Ley Orgánica 3/2007, de 22 de marzo, para la igualdad efectiva de mujeres y hombres",55,JURIDICO
GENERAL,14,"La Ley Orgánica 3/2007, de 22 de marzo, para la igualdad efectiva de mujeres y hombres","Ley Orgánica 3/2007, de 22 de marzo, para la igualdad efectiva de mujeres y hombres",56,JURIDICO
GENERAL,14,"La Ley Orgánica 3/2007, de 22 de marzo, para la igualdad efectiva de mujeres y hombres","Ley Orgánica 3/2007, de 22 de marzo, para la igualdad efectiva de mujeres y hombres",57,JURIDICO
GENERAL,14,"La Ley Orgánica 3/2007, de 22 de marzo, para la igualdad efectiva de mujeres y hombres","Ley Orgánica 3/2007, de 22 de marzo, para la igualdad efectiva de mujeres y hombres",58,JURIDICO
GENERAL,14,"La Ley Orgánica 3/2007, de 22 de marzo, para la igualdad efectiva de mujeres y hombres","Ley Orgánica 3/2007, de 22 de marzo, para la igualdad efectiva de mujeres y hombres",59,JURIDICO
GENERAL,14,"La Ley Orgánica 3/2007, de 22 de marzo, para la igualdad efectiva de mujeres y hombres","Ley Orgánica 3/2007, de 22 de marzo, para la igualdad efectiva de mujeres y hombres",60,JURIDICO
GENERAL,14,"La Ley Orgánica 3/2007, de 22 de marzo, para la igualdad efectiva de mujeres y hombres","Ley Orgánica 3/2007, de 22 de marzo, para la igualdad efectiva de mujeres y hombres",61,JURIDICO
GENERAL,14,"La Ley Orgánica 3/2007, de 22 de marzo, para la igualdad efectiva de mujeres y hombres","Ley Orgánica 3/2007, de 22 de marzo, para la igualdad efectiva de mujeres y hombres",62,JURIDICO
GENERAL,14,"La Ley Orgánica 3/2007, de 22 de marzo, para la igualdad efectiva de mujeres y hombres","Ley Orgánica 3/2007, de 22 de marzo, para la igualdad efectiva de mujeres y hombres",63,JURIDICO
GENERAL,14,"La Ley Orgánica 3/2007, de 22 de marzo, para la igualdad efectiva de mujeres y hombres","Ley Orgánica 3/2007, de 22 de marzo, para la igualdad efectiva de mujeres y hombres",64,JURIDICO
GENERAL,14,"La Ley Orgánica 3/2007, de 22 de marzo, para la igualdad efectiva de mujeres y hombres","Ley Orgánica 3/2007, de 22 de marzo, para la igualdad efectiva de mujeres y hombres",65,JURIDICO
GENERAL,14,"La Ley Orgánica 3/2007, de 22 de marzo, para la igualdad efectiva de mujeres y hombres","Ley Orgánica 3/2007, de 22 de marzo, para la igualdad efectiva de mujeres y hombres",66,JURIDICO
GENERAL,14,"La Ley Orgánica 3/2007, de 22 de marzo, para la igualdad efectiva de mujeres y hombres","Ley Orgánica 3/2007, de 22 de marzo, para la igualdad efectiva de mujeres y hombres",67,JURIDICO
GENERAL,14,"La Ley Orgánica 3/2007, de 22 de marzo, para la igualdad efectiva de mujeres y hombres","Ley Orgánica 3/2007, de 22 de marzo, para la igualdad efectiva de mujeres y hombres",68,JURIDICO
GENERAL,14,"La Ley Orgánica 3/2007, de 22 de marzo, para la igualdad efectiva de mujeres y hombres","Ley Orgánica 3/2007, de 22 de marzo, para la igualdad efectiva de mujeres y hombres",69,JURIDICO
GENERAL,14,"La Ley Orgánica 3/2007, de 22 de marzo, para la igualdad efectiva de mujeres y hombres","Ley Orgánica 3/2007, de 22 de marzo, para la igualdad efectiva de mujeres y hombres",70,JURIDICO
GENERAL,14,"La Ley Orgánica 3/2007, de 22 de marzo, para la igualdad efectiva de mujeres y hombres","Ley Orgánica 3/2007, de 22 de marzo, para la igualdad efectiva de mujeres y hombres",71,JURIDICO
GENERAL,14,"La Ley Orgánica 3/2007, de 22 de marzo, para la igualdad efectiva de mujeres y hombres","Ley Orgánica 3/2007, de 22 de marzo, para la igualdad efectiva de mujeres y hombres",72,JURIDICO
GENERAL,14,"La Ley Orgánica 3/2007, de 22 de marzo, para la igualdad efectiva de mujeres y hombres","Ley Orgánica 3/2007, de 22 de marzo, para la igualdad efectiva de mujeres y hombres",73,JURIDICO
GENERAL,14,"La Ley Orgánica 3/2007, de 22 de marzo, para la igualdad efectiva de mujeres y hombres","Ley Orgánica 3/2007, de 22 de marzo, para la igualdad efectiva de mujeres y hombres",74,JURIDICO
GENERAL,14,"La Ley Orgánica 3/2007, de 22 de marzo, para la igualdad efectiva de mujeres y hombres","Ley Orgánica 3/2007, de 22 de marzo, para la igualdad efectiva de mujeres y hombres",75,JURIDICO
GENERAL,14,"La Ley Orgánica 3/2007, de 22 de marzo, para la igualdad efectiva de mujeres y hombres","Ley Orgánica 3/2007, de 22 de marzo, para la igualdad efectiva de mujeres y hombres",76,JURIDICO
GENERAL,14,"La Ley Orgánica 3/2007, de 22 de marzo, para la igualdad efectiva de mujeres y hombres","Ley Orgánica 3/2007, de 22 de marzo, para la igualdad efectiva de mujeres y hombres",77,JURIDICO
GENERAL,14,"La Ley Orgánica 3/2007, de 22 de marzo, para la igualdad efectiva de mujeres y hombres","Ley Orgánica 3/2007, de 22 de marzo, para la igualdad efectiva de mujeres y hombres",78,JURIDICO
GENERAL,15,"La Ley Orgánica 1/2004, de 28 de diciembre, de medidas de protección integral contra la violencia de género: objeto y principios rectores, medidas de sensibilización, prevención y detección; Derechos de las mujeres víctimas de violencia de género; Tutela Institucional","Ley Orgánica 1/2004, de 28 de diciembre, de Medidas de Protección Integral contra la Violencia de Género",1,JURIDICO
GENERAL,15,"La Ley Orgánica 1/2004, de 28 de diciembre, de medidas de protección integral contra la violencia de género: objeto y principios rectores, medidas de sensibilización, prevención y detección; Derechos de las mujeres víctimas de violencia de género; Tutela Institucional","Ley Orgánica 1/2004, de 28 de diciembre, de Medidas de Protección Integral contra la Violencia de Género",2,JURIDICO
GENERAL,15,"La Ley Orgánica 1/2004, de 28 de diciembre, de medidas de protección integral contra la violencia de género: objeto y principios rectores, medidas de sensibilización, prevención y detección; Derechos de las mujeres víctimas de violencia de género; Tutela Institucional","Ley Orgánica 1/2004, de 28 de diciembre, de Medidas de Protección Integral contra la Violencia de Género",3,JURIDICO
GENERAL,15,"La Ley Orgánica 1/2004, de 28 de diciembre, de medidas de protección integral contra la violencia de género: objeto y principios rectores, medidas de sensibilización, prevención y detección; Derechos de las mujeres víctimas de violencia de género; Tutela Institucional","Ley Orgánica 1/2004, de 28 de diciembre, de Medidas de Protección Integral contra la Violencia de Género",4,JURIDICO
GENERAL,15,"La Ley Orgánica 1/2004, de 28 de diciembre, de medidas de protección integral contra la violencia de género: objeto y principios rectores, medidas de sensibilización, prevención y detección; Derechos de las mujeres víctimas de violencia de género; Tutela Institucional","Ley Orgánica 1/2004, de 28 de diciembre, de Medidas de Protección Integral contra la Violencia de Género",5,JURIDICO
GENERAL,15,"La Ley Orgánica 1/2004, de 28 de diciembre, de medidas de protección integral contra la violencia de género: objeto y principios rectores, medidas de sensibilización, prevención y detección; Derechos de las mujeres víctimas de violencia de género; Tutela Institucional","Ley Orgánica 1/2004, de 28 de diciembre, de Medidas de Protección Integral contra la Violencia de Género",6,JURIDICO
GENERAL,15,"La Ley Orgánica 1/2004, de 28 de diciembre, de medidas de protección integral contra la violencia de género: objeto y principios rectores, medidas de sensibilización, prevención y detección; Derechos de las mujeres víctimas de violencia de género; Tutela Institucional","Ley Orgánica 1/2004, de 28 de diciembre, de Medidas de Protección Integral contra la Violencia de Género",7,JURIDICO
GENERAL,15,"La Ley Orgánica 1/2004, de 28 de diciembre, de medidas de protección integral contra la violencia de género: objeto y principios rectores, medidas de sensibilización, prevención y detección; Derechos de las mujeres víctimas de violencia de género; Tutela Institucional","Ley Orgánica 1/2004, de 28 de diciembre, de Medidas de Protección Integral contra la Violencia de Género",8,JURIDICO
GENERAL,15,"La Ley Orgánica 1/2004, de 28 de diciembre, de medidas de protección integral contra la violencia de género: objeto y principios rectores, medidas de sensibilización, prevención y detección; Derechos de las mujeres víctimas de violencia de género; Tutela Institucional","Ley Orgánica 1/2004, de 28 de diciembre, de Medidas de Protección Integral contra la Violencia de Género",9,JURIDICO
GENERAL,15,"La Ley Orgánica 1/2004, de 28 de diciembre, de medidas de protección integral contra la violencia de género: objeto y principios rectores, medidas de sensibilización, prevención y detección; Derechos de las mujeres víctimas de violencia de género; Tutela Institucional","Ley Orgánica 1/2004, de 28 de diciembre, de Medidas de Protección Integral contra la Violencia de Género",10,JURIDICO
GENERAL,15,"La Ley Orgánica 1/2004, de 28 de diciembre, de medidas de protección integral contra la violencia de género: objeto y principios rectores, medidas de sensibilización, prevención y detección; Derechos de las mujeres víctimas de violencia de género; Tutela Institucional","Ley Orgánica 1/2004, de 28 de diciembre, de Medidas de Protección Integral contra la Violencia de Género",11,JURIDICO
GENERAL,15,"La Ley Orgánica 1/2004, de 28 de diciembre, de medidas de protección integral contra la violencia de género: objeto y principios rectores, medidas de sensibilización, prevención y detección; Derechos de las mujeres víctimas de violencia de género; Tutela Institucional","Ley Orgánica 1/2004, de 28 de diciembre, de Medidas de Protección Integral contra la Violencia de Género",12,JURIDICO
GENERAL,15,"La Ley Orgánica 1/2004, de 28 de diciembre, de medidas de protección integral contra la violencia de género: objeto y principios rectores, medidas de sensibilización, prevención y detección; Derechos de las mujeres víctimas de violencia de género; Tutela Institucional","Ley Orgánica 1/2004, de 28 de diciembre, de Medidas de Protección Integral contra la Violencia de Género",13,JURIDICO
GENERAL,15,"La Ley Orgánica 1/2004, de 28 de diciembre, de medidas de protección integral contra la violencia de género: objeto y principios rectores, medidas de sensibilización, prevención y detección; Derechos de las mujeres víctimas de violencia de género; Tutela Institucional","Ley Orgánica 1/2004, de 28 de diciembre, de Medidas de Protección Integral contra la Violencia de Género",14,JURIDICO
GENERAL,15,"La Ley Orgánica 1/2004, de 28 de diciembre, de medidas de protección integral contra la violencia de género: objeto y principios rectores, medidas de sensibilización, prevención y detección; Derechos de las mujeres víctimas de violencia de género; Tutela Institucional","Ley Orgánica 1/2004, de 28 de diciembre, de Medidas de Protección Integral contra la Violencia de Género",15,JURIDICO
GENERAL,15,"La Ley Orgánica 1/2004, de 28 de diciembre, de medidas de protección integral contra la violencia de género: objeto y principios rectores, medidas de sensibilización, prevención y detección; Derechos de las mujeres víctimas de violencia de género; Tutela Institucional","Ley Orgánica 1/2004, de 28 de diciembre, de Medidas de Protección Integral contra la Violencia de Género",16,JURIDICO
GENERAL,15,"La Ley Orgánica 1/2004, de 28 de diciembre, de medidas de protección integral contra la violencia de género: objeto y principios rectores, medidas de sensibilización, prevención y detección; Derechos de las mujeres víctimas de violencia de género; Tutela Institucional","Ley Orgánica 1/2004, de 28 de diciembre, de Medidas de Protección Integral contra la Violencia de Género",17,JURIDICO
GENERAL,15,"La Ley Orgánica 1/2004, de 28 de diciembre, de medidas de protección integral contra la violencia de género: objeto y principios rectores, medidas de sensibilización, prevención y detección; Derechos de las mujeres víctimas de violencia de género; Tutela Institucional","Ley Orgánica 1/2004, de 28 de diciembre, de Medidas de Protección Integral contra la Violencia de Género",18,JURIDICO
GENERAL,15,"La Ley Orgánica 1/2004, de 28 de diciembre, de medidas de protección integral contra la violencia de género: objeto y principios rectores, medidas de sensibilización, prevención y detección; Derechos de las mujeres víctimas de violencia de género; Tutela Institucional","Ley Orgánica 1/2004, de 28 de diciembre, de Medidas de Protección Integral contra la Violencia de Género",19,JURIDICO
GENERAL,15,"La Ley Orgánica 1/2004, de 28 de diciembre, de medidas de protección integral contra la violencia de género: objeto y principios rectores, medidas de sensibilización, prevención y detección; Derechos de las mujeres víctimas de violencia de género; Tutela Institucional","Ley Orgánica 1/2004, de 28 de diciembre, de Medidas de Protección Integral contra la Violencia de Género",20,JURIDICO
GENERAL,15,"La Ley Orgánica 1/2004, de 28 de diciembre, de medidas de protección integral contra la violencia de género: objeto y principios rectores, medidas de sensibilización, prevención y detección; Derechos de las mujeres víctimas de violencia de género; Tutela Institucional","Ley Orgánica 1/2004, de 28 de diciembre, de Medidas de Protección Integral contra la Violencia de Género",21,JURIDICO
GENERAL,15,"La Ley Orgánica 1/2004, de 28 de diciembre, de medidas de protección integral contra la violencia de género: objeto y principios rectores, medidas de sensibilización, prevención y detección; Derechos de las mujeres víctimas de violencia de género; Tutela Institucional","Ley Orgánica 1/2004, de 28 de diciembre, de Medidas de Protección Integral contra la Violencia de Género",22,JURIDICO
GENERAL,15,"La Ley Orgánica 1/2004, de 28 de diciembre, de medidas de protección integral contra la violencia de género: objeto y principios rectores, medidas de sensibilización, prevención y detección; Derechos de las mujeres víctimas de violencia de género; Tutela Institucional","Ley Orgánica 1/2004, de 28 de diciembre, de Medidas de Protección Integral contra la Violencia de Género",23,JURIDICO
GENERAL,15,"La Ley Orgánica 1/2004, de 28 de diciembre, de medidas de protección integral contra la violencia de género: objeto y principios rectores, medidas de sensibilización, prevención y detección; Derechos de las mujeres víctimas de violencia de género; Tutela Institucional","Ley Orgánica 1/2004, de 28 de diciembre, de Medidas de Protección Integral contra la Violencia de Género",24,JURIDICO
GENERAL,15,"La Ley Orgánica 1/2004, de 28 de diciembre, de medidas de protección integral contra la violencia de género: objeto y principios rectores, medidas de sensibilización, prevención y detección; Derechos de las mujeres víctimas de violencia de género; Tutela Institucional","Ley Orgánica 1/2004, de 28 de diciembre, de Medidas de Protección Integral contra la Violencia de Género",25,JURIDICO
GENERAL,15,"La Ley Orgánica 1/2004, de 28 de diciembre, de medidas de protección integral contra la violencia de género: objeto y principios rectores, medidas de sensibilización, prevención y detección; Derechos de las mujeres víctimas de violencia de género; Tutela Institucional","Ley Orgánica 1/2004, de 28 de diciembre, de Medidas de Protección Integral contra la Violencia de Género",26,JURIDICO
GENERAL,15,"La Ley Orgánica 1/2004, de 28 de diciembre, de medidas de protección integral contra la violencia de género: objeto y principios rectores, medidas de sensibilización, prevención y detección; Derechos de las mujeres víctimas de violencia de género; Tutela Institucional","Ley Orgánica 1/2004, de 28 de diciembre, de Medidas de Protección Integral contra la Violencia de Género",27,JURIDICO
GENERAL,15,"La Ley Orgánica 1/2004, de 28 de diciembre, de medidas de protección integral contra la violencia de género: objeto y principios rectores, medidas de sensibilización, prevención y detección; Derechos de las mujeres víctimas de violencia de género; Tutela Institucional","Ley Orgánica 1/2004, de 28 de diciembre, de Medidas de Protección Integral contra la Violencia de Género",28,JURIDICO
GENERAL,15,"La Ley Orgánica 1/2004, de 28 de diciembre, de medidas de protección integral contra la violencia de género: objeto y principios rectores, medidas de sensibilización, prevención y detección; Derechos de las mujeres víctimas de violencia de género; Tutela Institucional","Ley Orgánica 1/2004, de 28 de diciembre, de Medidas de Protección Integral contra la Violencia de Género",29,JURIDICO
GENERAL,15,"La Ley Orgánica 1/2004, de 28 de diciembre, de medidas de protección integral contra la violencia de género: objeto y principios rectores, medidas de sensibilización, prevención y detección; Derechos de las mujeres víctimas de violencia de género; Tutela Institucional","Ley Orgánica 1/2004, de 28 de diciembre, de Medidas de Protección Integral contra la Violencia de Género",30,JURIDICO
GENERAL,15,"La Ley Orgánica 1/2004, de 28 de diciembre, de medidas de protección integral contra la violencia de género: objeto y principios rectores, medidas de sensibilización, prevención y detección; Derechos de las mujeres víctimas de violencia de género; Tutela Institucional","Ley Orgánica 1/2004, de 28 de diciembre, de Medidas de Protección Integral contra la Violencia de Género",31,JURIDICO
GENERAL,15,"La Ley Orgánica 1/2004, de 28 de diciembre, de medidas de protección integral contra la violencia de género: objeto y principios rectores, medidas de sensibilización, prevención y detección; Derechos de las mujeres víctimas de violencia de género; Tutela Institucional","Ley Orgánica 1/2004, de 28 de diciembre, de Medidas de Protección Integral contra la Violencia de Género",32,JURIDICO
