parte,tema,titulo,LEY,articulo,tipo
GENERAL,1,Constitucion Española 1978,Constitucion Española,1,JURIDICO
GENERAL,1,Constitucion Española 1978,Constitucion Española,2,JURIDICO
GENERAL,1,Constitucion Española 1978,Constitucion Española,3,JURIDICO
GENERAL,1,Constitucion Española 1978,Constitucion Española,4,JURIDICO
GENERAL,1,Constitucion Española 1978,Constitucion Española,5,JURIDICO
GENERAL,1,Constitucion Española 1978,Constitucion Española,6,JURIDICO
GENERAL,1,Constitucion Española 1978,Constitucion Española,7,JURIDICO
GENERAL,1,Constitucion Española 1978,Constitucion Española,8,JURIDICO
GENERAL,1,Constitucion Española 1978,Constitucion Española,9,JURIDICO
GENERAL,1,Constitucion Española 1978,Constitucion Española,10,JURIDICO
GENERAL,1,Constitucion Española 1978,Constitucion Española,11,JURIDICO
GENERAL,1,Constitucion Española 1978,Constitucion Española,12,JURIDICO
GENERAL,1,Constitucion Española 1978,Constitucion Española,13,JURIDICO
GENERAL,1,Constitucion Española 1978,Constitucion Española,14,JURIDICO
GENERAL,1,Constitucion Española 1978,Constitucion Española,15,JURIDICO
GENERAL,1,Constitucion Española 1978,Constitucion Española,16,JURIDICO
GENERAL,1,Constitucion Española 1978,Constitucion Española,17,JURIDICO
GENERAL,1,Constitucion Española 1978,Constitucion Española,18,JURIDICO
GENERAL,1,Constitucion Española 1978,Constitucion Española,19,JURIDICO
GENERAL,1,Constitucion Española 1978,Constitucion Española,20,JURIDICO
GENERAL,1,Constitucion Española 1978,Constitucion Española,21,JURIDICO
GENERAL,1,Constitucion Española 1978,Constitucion Española,22,JURIDICO
GENERAL,1,Constitucion Española 1978,Constitucion Española,23,JURIDICO
GENERAL,1,Constitucion Española 1978,Constitucion Española,24,JURIDICO
GENERAL,1,Constitucion Española 1978,Constitucion Española,25,JURIDICO
GENERAL,1,Constitucion Española 1978,Constitucion Española,26,JURIDICO
GENERAL,1,Constitucion Española 1978,Constitucion Española,27,JURIDICO
GENERAL,1,Constitucion Española 1978,Constitucion Española,28,JURIDICO
GENERAL,1,Constitucion Española 1978,Constitucion Española,29,JURIDICO
GENERAL,1,Constitucion Española 1978,Constitucion Española,30,JURIDICO
GENERAL,1,Constitucion Española 1978,Constitucion Española,31,JURIDICO
GENERAL,1,Constitucion Española 1978,Constitucion Española,32,JURIDICO
GENERAL,1,Constitucion Española 1978,Constitucion Española,33,JURIDICO
GENERAL,1,Constitucion Española 1978,Constitucion Española,34,JURIDICO
GENERAL,1,Constitucion Española 1978,Constitucion Española,35,JURIDICO
GENERAL,1,Constitucion Española 1978,Constitucion Española,36,JURIDICO
GENERAL,1,Constitucion Española 1978,Constitucion Española,37,JURIDICO
GENERAL,1,Constitucion Española 1978,Constitucion Española,38,JURIDICO
GENERAL,1,Constitucion Española 1978,Constitucion Española,39,JURIDICO
GENERAL,1,Constitucion Española 1978,Constitucion Española,40,JURIDICO
GENERAL,1,Constitucion Española 1978,Constitucion Española,41,JURIDICO
GENERAL,1,Constitucion Española 1978,Constitucion Española,42,JURIDICO
GENERAL,1,Constitucion Española 1978,Constitucion Española,43,JURIDICO
GENERAL,1,Constitucion Española 1978,Constitucion Española,44,JURIDICO
GENERAL,1,Constitucion Española 1978,Constitucion Española,45,JURIDICO
GENERAL,1,Constitucion Española 1978,Constitucion Española,46,JURIDICO
GENERAL,1,Constitucion Española 1978,Constitucion Española,47,JURIDICO
GENERAL,1,Constitucion Española 1978,Constitucion Española,48,JURIDICO
GENERAL,1,Constitucion Española 1978,Constitucion Española,49,JURIDICO
GENERAL,1,Constitucion Española 1978,Constitucion Española,50,JURIDICO
GENERAL,1,Constitucion Española 1978,Constitucion Española,51,JURIDICO
GENERAL,1,Constitucion Española 1978,Constitucion Española,52,JURIDICO
GENERAL,1,Constitucion Española 1978,Constitucion Española,53,JURIDICO
GENERAL,1,Constitucion Española 1978,Constitucion Española,54,JURIDICO
GENERAL,1,Constitucion Española 1978,Constitucion Española,55,JURIDICO
GENERAL,2,Constitucion Española 1978,Constitucion Española,56,JURIDICO
GENERAL,2,Constitucion Española 1978,Constitucion Española,57,JURIDICO
GENERAL,2,Constitucion Española 1978,Constitucion Española,58,JURIDICO
GENERAL,2,Constitucion Española 1978,Constitucion Española,59,JURIDICO
GENERAL,2,Constitucion Española 1978,Constitucion Española,60,JURIDICO
GENERAL,2,Constitucion Española 1978,Constitucion Española,61,JURIDICO
GENERAL,2,Constitucion Española 1978,Constitucion Española,62,JURIDICO
GENERAL,2,Constitucion Española 1978,Constitucion Española,63,JURIDICO
GENERAL,2,Constitucion Española 1978,Constitucion Española,64,JURIDICO
GENERAL,2,Constitucion Española 1978,Constitucion Española,65,JURIDICO
GENERAL,2,Constitucion Española 1978,Constitucion Española,66,JURIDICO
GENERAL,2,Constitucion Española 1978,Constitucion Española,67,JURIDICO
GENERAL,2,Constitucion Española 1978,Constitucion Española,68,JURIDICO
GENERAL,2,Constitucion Española 1978,Constitucion Española,69,JURIDICO
GENERAL,2,Constitucion Española 1978,Constitucion Española,70,JURIDICO
GENERAL,2,Constitucion Española 1978,Constitucion Española,71,JURIDICO
GENERAL,2,Constitucion Española 1978,Constitucion Española,72,JURIDICO
GENERAL,2,Constitucion Española 1978,Constitucion Española,73,JURIDICO
GENERAL,2,Constitucion Española 1978,Constitucion Española,74,JURIDICO
GENERAL,2,Constitucion Española 1978,Constitucion Española,75,JURIDICO
GENERAL,2,Constitucion Española 1978,Constitucion Española,76,JURIDICO
GENERAL,2,Constitucion Española 1978,Constitucion Española,77,JURIDICO
GENERAL,2,Constitucion Española 1978,Constitucion Española,78,JURIDICO
GENERAL,2,Constitucion Española 1978,Constitucion Española,79,JURIDICO
GENERAL,2,Constitucion Española 1978,Constitucion Española,80,JURIDICO
GENERAL,2,Constitucion Española 1978,Constitucion Española,81,JURIDICO
GENERAL,2,Constitucion Española 1978,Constitucion Española,82,JURIDICO
GENERAL,2,Constitucion Española 1978,Constitucion Española,83,JURIDICO
GENERAL,2,Constitucion Española 1978,Constitucion Española,84,JURIDICO
GENERAL,2,Constitucion Española 1978,Constitucion Española,85,JURIDICO
GENERAL,2,Constitucion Española 1978,Constitucion Española,86,JURIDICO
GENERAL,2,Constitucion Española 1978,Constitucion Española,87,JURIDICO
GENERAL,2,Constitucion Española 1978,Constitucion Española,88,JURIDICO
GENERAL,2,Constitucion Española 1978,Constitucion Española,89,JURIDICO
GENERAL,2,Constitucion Española 1978,Constitucion Española,90,JURIDICO
GENERAL,2,Constitucion Española 1978,Constitucion Española,91,JURIDICO
GENERAL,2,Constitucion Española 1978,Constitucion Española,92,JURIDICO
GENERAL,3,Constitucion Española 1978,Constitucion Española,97,JURIDICO
GENERAL,3,Constitucion Española 1978,Constitucion Española,98,JURIDICO
GENERAL,3,Constitucion Española 1978,Constitucion Española,99,JURIDICO
GENERAL,3,Constitucion Española 1978,Constitucion Española,100,JURIDICO
GENERAL,3,Constitucion Española 1978,Constitucion Española,101,JURIDICO
GENERAL,3,Constitucion Española 1978,Constitucion Española,102,JURIDICO
GENERAL,3,Constitucion Española 1978,Constitucion Española,103,JURIDICO
GENERAL,3,Constitucion Española 1978,Constitucion Española,104,JURIDICO
GENERAL,3,Constitucion Española 1978,Constitucion Española,105,JURIDICO
GENERAL,3,Constitucion Española 1978,Constitucion Española,106,JURIDICO
GENERAL,3,Constitucion Española 1978,Constitucion Española,107,JURIDICO
GENERAL,3,Constitucion Española 1978,Constitucion Española,108,JURIDICO
GENERAL,3,Constitucion Española 1978,Constitucion Española,109,JURIDICO
GENERAL,3,Constitucion Española 1978,Constitucion Española,110,JURIDICO
GENERAL,3,Constitucion Española 1978,Constitucion Española,111,JURIDICO
GENERAL,3,Constitucion Española 1978,Constitucion Española,112,JURIDICO
GENERAL,3,Constitucion Española 1978,Constitucion Española,113,JURIDICO
GENERAL,3,Constitucion Española 1978,Constitucion Española,114,JURIDICO
GENERAL,3,Constitucion Española 1978,Constitucion Española,115,JURIDICO
GENERAL,3,Constitucion Española 1978,Constitucion Española,116,JURIDICO
GENERAL,4,Constitucion Española 1978,Constitucion Española,117,JURIDICO
GENERAL,4,Constitucion Española 1978,Constitucion Española,118,JURIDICO
GENERAL,4,Constitucion Española 1978,Constitucion Española,119,JURIDICO
GENERAL,4,Constitucion Española 1978,Constitucion Española,120,JURIDICO
GENERAL,4,Constitucion Española 1978,Constitucion Española,121,JURIDICO
GENERAL,4,Constitucion Española 1978,Constitucion Española,122,JURIDICO
GENERAL,4,Constitucion Española 1978,Constitucion Española,123,JURIDICO
GENERAL,4,Constitucion Española 1978,Constitucion Española,124,JURIDICO
GENERAL,4,Constitucion Española 1978,Constitucion Española,125,JURIDICO
GENERAL,4,Constitucion Española 1978,Constitucion Española,126,JURIDICO
GENERAL,4,Constitucion Española 1978,Constitucion Española,127,JURIDICO
GENERAL,5,Constitucion Española 1978,Constitucion Española,128,JURIDICO
GENERAL,5,Constitucion Española 1978,Constitucion Española,129,JURIDICO
GENERAL,5,Constitucion Española 1978,Constitucion Española,130,JURIDICO
GENERAL,5,Constitucion Española 1978,Constitucion Española,131,JURIDICO
GENERAL,5,Constitucion Española 1978,Constitucion Española,132,JURIDICO
GENERAL,5,Constitucion Española 1978,Constitucion Española,133,JURIDICO
GENERAL,5,Constitucion Española 1978,Constitucion Española,134,JURIDICO
GENERAL,5,Constitucion Española 1978,Constitucion Española,135,JURIDICO
GENERAL,5,Constitucion Española 1978,Constitucion Española,136,JURIDICO
GENERAL,6,Constitucion Española 1978,Constitucion Española,137,JURIDICO
GENERAL,6,Constitucion Española 1978,Constitucion Española,138,JURIDICO
GENERAL,6,Constitucion Española 1978,Constitucion Española,139,JURIDICO
GENERAL,6,Constitucion Española 1978,Constitucion Española,143,JURIDICO
GENERAL,6,Constitucion Española 1978,Constitucion Española,144,JURIDICO
GENERAL,6,Constitucion Española 1978,Constitucion Española,145,JURIDICO
GENERAL,6,Constitucion Española 1978,Constitucion Española,146,JURIDICO
GENERAL,6,Constitucion Española 1978,Constitucion Española,147,JURIDICO
GENERAL,6,Constitucion Española 1978,Constitucion Española,148,JURIDICO
GENERAL,6,Constitucion Española 1978,Constitucion Española,149,JURIDICO
GENERAL,6,Constitucion Española 1978,Constitucion Española,150,JURIDICO
GENERAL,6,Constitucion Española 1978,Constitucion Española,151,JURIDICO
GENERAL,6,Constitucion Española 1978,Constitucion Española,152,JURIDICO
GENERAL,6,Constitucion Española 1978,Constitucion Española,153,JURIDICO
GENERAL,6,Constitucion Española 1978,Constitucion Española,154,JURIDICO
GENERAL,6,Constitucion Española 1978,Constitucion Española,155,JURIDICO
GENERAL,6,Constitucion Española 1978,Constitucion Española,156,JURIDICO
GENERAL,6,Constitucion Española 1978,Constitucion Española,157,JURIDICO
GENERAL,6,Constitucion Española 1978,Constitucion Española,158,JURIDICO
GENERAL,7,Constitucion Española 1978,Constitucion Española,140,JURIDICO
GENERAL,7,Constitucion Española 1978,Constitucion Española,141,JURIDICO
GENERAL,7,Constitucion Española 1978,Constitucion Española,142,JURIDICO
GENERAL,8,Constitucion Española 1978,Constitucion Española,159,JURIDICO
GENERAL,8,Constitucion Española 1978,Constitucion Española,160,JURIDICO
GENERAL,8,Constitucion Española 1978,Constitucion Española,161,JURIDICO
GENERAL,8,Constitucion Española 1978,Constitucion Española,162,JURIDICO
GENERAL,8,Constitucion Española 1978,Constitucion Española,163,JURIDICO
GENERAL,8,Constitucion Española 1978,Constitucion Española,164,JURIDICO
GENERAL,8,Constitucion Española 1978,Constitucion Española,165,JURIDICO
GENERAL,9,Estatuto de autonomia de la Comunitat Valenciana,Estatuto de Autonomía de la Comunitat Valenciana,1,JURIDICO
GENERAL,9,Estatuto de autonomia de la Comunitat Valenciana,Estatuto de Autonomía de la Comunitat Valenciana,2,JURIDICO
GENERAL,9,Estatuto de autonomia de la Comunitat Valenciana,Estatuto de Autonomía de la Comunitat Valenciana,3,JURIDICO
GENERAL,9,Estatuto de autonomia de la Comunitat Valenciana,Estatuto de Autonomía de la Comunitat Valenciana,4,JURIDICO
GENERAL,9,Estatuto de autonomia de la Comunitat Valenciana,Estatuto de Autonomía de la Comunitat Valenciana,5,JURIDICO
GENERAL,9,Estatuto de autonomia de la Comunitat Valenciana,Estatuto de Autonomía de la Comunitat Valenciana,6,JURIDICO
GENERAL,9,Estatuto de autonomia de la Comunitat Valenciana,Estatuto de Autonomía de la Comunitat Valenciana,7,JURIDICO
GENERAL,9,Estatuto de autonomia de la Comunitat Valenciana,Estatuto de Autonomía de la Comunitat Valenciana,8,JURIDICO
GENERAL,9,Estatuto de autonomia de la Comunitat Valenciana,Estatuto de Autonomía de la Comunitat Valenciana,9,JURIDICO
GENERAL,9,Estatuto de autonomia de la Comunitat Valenciana,Estatuto de Autonomía de la Comunitat Valenciana,10,JURIDICO
GENERAL,9,Estatuto de autonomia de la Comunitat Valenciana,Estatuto de Autonomía de la Comunitat Valenciana,11,JURIDICO
GENERAL,9,Estatuto de autonomia de la Comunitat Valenciana,Estatuto de Autonomía de la Comunitat Valenciana,12,JURIDICO
GENERAL,9,Estatuto de autonomia de la Comunitat Valenciana,Estatuto de Autonomía de la Comunitat Valenciana,13,JURIDICO
GENERAL,9,Estatuto de autonomia de la Comunitat Valenciana,Estatuto de Autonomía de la Comunitat Valenciana,14,JURIDICO
GENERAL,9,Estatuto de autonomia de la Comunitat Valenciana,Estatuto de Autonomía de la Comunitat Valenciana,15,JURIDICO
GENERAL,9,Estatuto de autonomia de la Comunitat Valenciana,Estatuto de Autonomía de la Comunitat Valenciana,16,JURIDICO
GENERAL,9,Estatuto de autonomia de la Comunitat Valenciana,Estatuto de Autonomía de la Comunitat Valenciana,17,JURIDICO
GENERAL,9,Estatuto de autonomia de la Comunitat Valenciana,Estatuto de Autonomía de la Comunitat Valenciana,18,JURIDICO
GENERAL,9,Estatuto de autonomia de la Comunitat Valenciana,Estatuto de Autonomía de la Comunitat Valenciana,19,JURIDICO
GENERAL,9,Estatuto de autonomia de la Comunitat Valenciana,Estatuto de Autonomía de la Comunitat Valenciana,20,JURIDICO
GENERAL,9,Estatuto de autonomia de la Comunitat Valenciana,Estatuto de Autonomía de la Comunitat Valenciana,44,JURIDICO
GENERAL,9,Estatuto de autonomia de la Comunitat Valenciana,Estatuto de Autonomía de la Comunitat Valenciana,45,JURIDICO
GENERAL,9,Estatuto de autonomia de la Comunitat Valenciana,Estatuto de Autonomía de la Comunitat Valenciana,46,JURIDICO
GENERAL,9,Estatuto de autonomia de la Comunitat Valenciana,Estatuto de Autonomía de la Comunitat Valenciana,47,JURIDICO
GENERAL,9,Estatuto de autonomia de la Comunitat Valenciana,Estatuto de Autonomía de la Comunitat Valenciana,48,JURIDICO
GENERAL,9,Estatuto de autonomia de la Comunitat Valenciana,Estatuto de Autonomía de la Comunitat Valenciana,81,JURIDICO
GENERAL,10,Estatuto de autonomia de la Comunitat Valenciana,Estatuto de Autonomía de la Comunitat Valenciana,21,JURIDICO
GENERAL,10,Estatuto de autonomia de la Comunitat Valenciana,Estatuto de Autonomía de la Comunitat Valenciana,22,JURIDICO
GENERAL,10,Estatuto de autonomia de la Comunitat Valenciana,Estatuto de Autonomía de la Comunitat Valenciana,23,JURIDICO
GENERAL,10,Estatuto de autonomia de la Comunitat Valenciana,Estatuto de Autonomía de la Comunitat Valenciana,24,JURIDICO
GENERAL,10,Estatuto de autonomia de la Comunitat Valenciana,Estatuto de Autonomía de la Comunitat Valenciana,25,JURIDICO
GENERAL,10,Estatuto de autonomia de la Comunitat Valenciana,Estatuto de Autonomía de la Comunitat Valenciana,26,JURIDICO
GENERAL,10,Estatuto de autonomia de la Comunitat Valenciana,"Ley 1/1987, de 31 de marzo",1,JURIDICO
GENERAL,10,Estatuto de autonomia de la Comunitat Valenciana,"Ley 1/1987, de 31 de marzo",2,JURIDICO
GENERAL,10,Estatuto de autonomia de la Comunitat Valenciana,"Ley 1/1987, de 31 de marzo",3,JURIDICO
GENERAL,10,Estatuto de autonomia de la Comunitat Valenciana,"Ley 1/1987, de 31 de marzo",4,JURIDICO
GENERAL,10,Estatuto de autonomia de la Comunitat Valenciana,"Ley 1/1987, de 31 de marzo",5,JURIDICO
GENERAL,10,Estatuto de autonomia de la Comunitat Valenciana,"Ley 1/1987, de 31 de marzo",6,JURIDICO
GENERAL,10,Estatuto de autonomia de la Comunitat Valenciana,"Ley 1/1987, de 31 de marzo",7,JURIDICO
GENERAL,10,Estatuto de autonomia de la Comunitat Valenciana,"Ley 1/1987, de 31 de marzo",8,JURIDICO
GENERAL,10,Estatuto de autonomia de la Comunitat Valenciana,"Ley 1/1987, de 31 de marzo",9,JURIDICO
GENERAL,10,Estatuto de autonomia de la Comunitat Valenciana,"Ley 1/1987, de 31 de marzo",10,JURIDICO
GENERAL,10,Estatuto de autonomia de la Comunitat Valenciana,"Ley 1/1987, de 31 de marzo",11,JURIDICO
GENERAL,10,Estatuto de autonomia de la Comunitat Valenciana,"Ley 1/1987, de 31 de marzo",12,JURIDICO
GENERAL,10,Estatuto de autonomia de la Comunitat Valenciana,"Ley 1/1987, de 31 de marzo",13,JURIDICO
GENERAL,10,Estatuto de autonomia de la Comunitat Valenciana,"Ley 1/1987, de 31 de marzo",14,JURIDICO
GENERAL,11,Estatuto de autonomia de la Comunitat Valenciana,Estatuto de Autonomía de la Comunitat Valenciana,27,JURIDICO
GENERAL,11,Estatuto de autonomia de la Comunitat Valenciana,Estatuto de Autonomía de la Comunitat Valenciana,28,JURIDICO
GENERAL,11,Estatuto de autonomia de la Comunitat Valenciana,Estatuto de Autonomía de la Comunitat Valenciana,29,JURIDICO
GENERAL,11,Estatuto de autonomia de la Comunitat Valenciana,Estatuto de Autonomía de la Comunitat Valenciana,30,JURIDICO
GENERAL,11,Estatuto de autonomia de la Comunitat Valenciana,Estatuto de Autonomía de la Comunitat Valenciana,31,JURIDICO
GENERAL,11,Estatuto de autonomia de la Comunitat Valenciana,Estatuto de Autonomía de la Comunitat Valenciana,32,JURIDICO
GENERAL,11,Estatuto de autonomia de la Comunitat Valenciana,"Ley 5/1983, de 30 de diciembre",1,JURIDICO
GENERAL,11,Estatuto de autonomia de la Comunitat Valenciana,"Ley 5/1983, de 30 de diciembre",2,JURIDICO
GENERAL,11,Estatuto de autonomia de la Comunitat Valenciana,"Ley 5/1983, de 30 de diciembre",3,JURIDICO
GENERAL,11,Estatuto de autonomia de la Comunitat Valenciana,"Ley 5/1983, de 30 de diciembre",4,JURIDICO
GENERAL,11,Estatuto de autonomia de la Comunitat Valenciana,"Ley 5/1983, de 30 de diciembre",5,JURIDICO
GENERAL,11,Estatuto de autonomia de la Comunitat Valenciana,"Ley 5/1983, de 30 de diciembre",6,JURIDICO
GENERAL,11,Estatuto de autonomia de la Comunitat Valenciana,"Ley 5/1983, de 30 de diciembre",7,JURIDICO
GENERAL,11,Estatuto de autonomia de la Comunitat Valenciana,"Ley 5/1983, de 30 de diciembre",8,JURIDICO
GENERAL,11,Estatuto de autonomia de la Comunitat Valenciana,"Ley 5/1983, de 30 de diciembre",9,JURIDICO
GENERAL,11,Estatuto de autonomia de la Comunitat Valenciana,"Ley 5/1983, de 30 de diciembre",10,JURIDICO
GENERAL,11,Estatuto de autonomia de la Comunitat Valenciana,"Ley 5/1983, de 30 de diciembre",11,JURIDICO
GENERAL,11,Estatuto de autonomia de la Comunitat Valenciana,"Ley 5/1983, de 30 de diciembre",12,JURIDICO
GENERAL,11,Estatuto de autonomia de la Comunitat Valenciana,"Ley 5/1983, de 30 de diciembre",13,JURIDICO
GENERAL,11,Estatuto de autonomia de la Comunitat Valenciana,"Ley 5/1983, de 30 de diciembre",14,JURIDICO
GENERAL,11,Estatuto de autonomia de la Comunitat Valenciana,"Ley 5/1983, de 30 de diciembre",15,JURIDICO
GENERAL,11,Estatuto de autonomia de la Comunitat Valenciana,"Ley 5/1983, de 30 de diciembre",16,JURIDICO
GENERAL,11,Estatuto de autonomia de la Comunitat Valenciana,"Ley 5/1983, de 30 de diciembre",17,JURIDICO
GENERAL,11,Estatuto de autonomia de la Comunitat Valenciana,"Ley 5/1983, de 30 de diciembre",18,JURIDICO
GENERAL,11,Estatuto de autonomia de la Comunitat Valenciana,"Ley 5/1983, de 30 de diciembre",19,JURIDICO
GENERAL,11,Estatuto de autonomia de la Comunitat Valenciana,"Ley 5/1983, de 30 de diciembre",20,JURIDICO
GENERAL,11,Estatuto de autonomia de la Comunitat Valenciana,"Ley 5/1983, de 30 de diciembre",21,JURIDICO
GENERAL,11,Estatuto de autonomia de la Comunitat Valenciana,"Ley 5/1983, de 30 de diciembre",22,JURIDICO
GENERAL,11,Estatuto de autonomia de la Comunitat Valenciana,"Ley 5/1983, de 30 de diciembre",23,JURIDICO
GENERAL,11,Estatuto de autonomia de la Comunitat Valenciana,"Ley 5/1983, de 30 de diciembre",24,JURIDICO
GENERAL,11,Estatuto de autonomia de la Comunitat Valenciana,"Ley 5/1983, de 30 de diciembre",25,JURIDICO
GENERAL,11,Estatuto de autonomia de la Comunitat Valenciana,"Ley 5/1983, de 30 de diciembre",26,JURIDICO
GENERAL,11,Estatuto de autonomia de la Comunitat Valenciana,"Ley 5/1983, de 30 de diciembre",31,JURIDICO
GENERAL,11,Estatuto de autonomia de la Comunitat Valenciana,"Ley 5/1983, de 30 de diciembre",32,JURIDICO
GENERAL,11,Estatuto de autonomia de la Comunitat Valenciana,"Ley 5/1983, de 30 de diciembre",33,JURIDICO
GENERAL,11,Estatuto de autonomia de la Comunitat Valenciana,"Ley 5/1983, de 30 de diciembre",34,JURIDICO
GENERAL,11,Estatuto de autonomia de la Comunitat Valenciana,"Ley 5/1983, de 30 de diciembre",35,JURIDICO
GENERAL,11,Estatuto de autonomia de la Comunitat Valenciana,"Ley 5/1983, de 30 de diciembre",36,JURIDICO
GENERAL,11,Estatuto de autonomia de la Comunitat Valenciana,"Ley 5/1983, de 30 de diciembre",37,JURIDICO
GENERAL,11,Estatuto de autonomia de la Comunitat Valenciana,"Ley 5/1983, de 30 de diciembre",38,JURIDICO
GENERAL,11,Estatuto de autonomia de la Comunitat Valenciana,"Ley 5/1983, de 30 de diciembre",39,JURIDICO
GENERAL,11,Estatuto de autonomia de la Comunitat Valenciana,"Ley 5/1983, de 30 de diciembre",40,JURIDICO
GENERAL,11,Estatuto de autonomia de la Comunitat Valenciana,"Ley 5/1983, de 30 de diciembre",41,JURIDICO
GENERAL,11,Estatuto de autonomia de la Comunitat Valenciana,"Ley 5/1983, de 30 de diciembre",42,JURIDICO
GENERAL,11,Estatuto de autonomia de la Comunitat Valenciana,"Ley 5/1983, de 30 de diciembre",43,JURIDICO
GENERAL,11,Estatuto de autonomia de la Comunitat Valenciana,"Ley 5/1983, de 30 de diciembre",44,JURIDICO
GENERAL,11,Estatuto de autonomia de la Comunitat Valenciana,"Ley 5/1983, de 30 de diciembre",45,JURIDICO
GENERAL,11,Estatuto de autonomia de la Comunitat Valenciana,"Ley 5/1983, de 30 de diciembre",46,JURIDICO
GENERAL,11,Estatuto de autonomia de la Comunitat Valenciana,"Ley 5/1983, de 30 de diciembre",47,JURIDICO
GENERAL,11,Estatuto de autonomia de la Comunitat Valenciana,"Ley 5/1983, de 30 de diciembre",48,JURIDICO
GENERAL,11,Estatuto de autonomia de la Comunitat Valenciana,"Ley 5/1983, de 30 de diciembre",49,JURIDICO
GENERAL,11,Estatuto de autonomia de la Comunitat Valenciana,"Ley 5/1983, de 30 de diciembre",50,JURIDICO
GENERAL,11,Estatuto de autonomia de la Comunitat Valenciana,"Ley 5/1983, de 30 de diciembre",51,JURIDICO
GENERAL,11,Estatuto de autonomia de la Comunitat Valenciana,"Ley 5/1983, de 30 de diciembre",52,JURIDICO
GENERAL,11,Estatuto de autonomia de la Comunitat Valenciana,"Ley 5/1983, de 30 de diciembre",53,JURIDICO
GENERAL,11,Estatuto de autonomia de la Comunitat Valenciana,"Ley 5/1983, de 30 de diciembre",54,JURIDICO
GENERAL,11,Estatuto de autonomia de la Comunitat Valenciana,"Ley 5/1983, de 30 de diciembre",55,JURIDICO
GENERAL,11,Estatuto de autonomia de la Comunitat Valenciana,"Ley 5/1983, de 30 de diciembre",56,JURIDICO
GENERAL,11,Estatuto de autonomia de la Comunitat Valenciana,"Ley 5/1983, de 30 de diciembre",57,JURIDICO
GENERAL,11,Estatuto de autonomia de la Comunitat Valenciana,"Ley 5/1983, de 30 de diciembre",58,JURIDICO
GENERAL,11,Estatuto de autonomia de la Comunitat Valenciana,"Ley 5/1983, de 30 de diciembre",59,JURIDICO
GENERAL,12,"La Ley 5/1983, de 30 de diciembre, del Consell","Ley 5/1983, de 30 de diciembre",27,JURIDICO
GENERAL,12,"La Ley 5/1983, de 30 de diciembre, del Consell","Ley 5/1983, de 30 de diciembre",28,JURIDICO
GENERAL,12,"La Ley 5/1983, de 30 de diciembre, del Consell","Ley 5/1983, de 30 de diciembre",29,JURIDICO
GENERAL,12,"La Ley 5/1983, de 30 de diciembre, del Consell","Ley 5/1983, de 30 de diciembre",30,JURIDICO
GENERAL,12,"La Ley 5/1983, de 30 de diciembre, del Consell","Ley 5/1983, de 30 de diciembre",60,JURIDICO
GENERAL,12,"La Ley 5/1983, de 30 de diciembre, del Consell","Ley 5/1983, de 30 de diciembre",61,JURIDICO
GENERAL,12,"La Ley 5/1983, de 30 de diciembre, del Consell","Ley 5/1983, de 30 de diciembre",62,JURIDICO
GENERAL,12,"La Ley 5/1983, de 30 de diciembre, del Consell","Ley 5/1983, de 30 de diciembre",63,JURIDICO
GENERAL,12,"La Ley 5/1983, de 30 de diciembre, del Consell","Ley 5/1983, de 30 de diciembre",64,JURIDICO
GENERAL,12,"La Ley 5/1983, de 30 de diciembre, del Consell","Ley 5/1983, de 30 de diciembre",65,JURIDICO
GENERAL,12,"La Ley 5/1983, de 30 de diciembre, del Consell","Ley 5/1983, de 30 de diciembre",66,JURIDICO
GENERAL,12,"La Ley 5/1983, de 30 de diciembre, del Consell","Ley 5/1983, de 30 de diciembre",67,JURIDICO
GENERAL,12,"La Ley 5/1983, de 30 de diciembre, del Consell","Ley 5/1983, de 30 de diciembre",68,JURIDICO
GENERAL,12,"La Ley 5/1983, de 30 de diciembre, del Consell","Ley 5/1983, de 30 de diciembre",69,JURIDICO
GENERAL,12,"La Ley 5/1983, de 30 de diciembre, del Consell","Ley 5/1983, de 30 de diciembre",70,JURIDICO
GENERAL,12,"La Ley 5/1983, de 30 de diciembre, del Consell","Ley 5/1983, de 30 de diciembre",71,JURIDICO
GENERAL,12,"La Ley 5/1983, de 30 de diciembre, del Consell","Ley 5/1983, de 30 de diciembre",72,JURIDICO
GENERAL,12,"La Ley 5/1983, de 30 de diciembre, del Consell","Ley 5/1983, de 30 de diciembre",73,JURIDICO
GENERAL,12,"La Ley 5/1983, de 30 de diciembre, del Consell","Ley 5/1983, de 30 de diciembre",74,JURIDICO
GENERAL,12,"La Ley 5/1983, de 30 de diciembre, del Consell","Ley 5/1983, de 30 de diciembre",75,JURIDICO
GENERAL,12,"La Ley 5/1983, de 30 de diciembre, del Consell","Ley 5/1983, de 30 de diciembre",76,JURIDICO
GENERAL,12,"La Ley 5/1983, de 30 de diciembre, del Consell","Ley 5/1983, de 30 de diciembre",77,JURIDICO
GENERAL,12,"La Ley 5/1983, de 30 de diciembre, del Consell","Ley 5/1983, de 30 de diciembre",78,JURIDICO
GENERAL,12,"La Ley 5/1983, de 30 de diciembre, del Consell","Ley 5/1983, de 30 de diciembre",79,JURIDICO
GENERAL,13,Estatuto de autonomia de la Comunitat Valenciana,Estatuto de Autonomía de la Comunitat Valenciana,38,JURIDICO
GENERAL,13,Estatuto de autonomia de la Comunitat Valenciana,Estatuto de Autonomía de la Comunitat Valenciana,39,JURIDICO
GENERAL,13,Estatuto de autonomia de la Comunitat Valenciana,Estatuto de Autonomía de la Comunitat Valenciana,40,JURIDICO
GENERAL,13,Estatuto de autonomia de la Comunitat Valenciana,Estatuto de Autonomía de la Comunitat Valenciana,41,JURIDICO
GENERAL,13,Estatuto de autonomia de la Comunitat Valenciana,Estatuto de Autonomía de la Comunitat Valenciana,42,JURIDICO
GENERAL,13,Estatuto de autonomia de la Comunitat Valenciana,Estatuto de Autonomía de la Comunitat Valenciana,43,JURIDICO
GENERAL,14,Estatuto de autonomia de la Comunitat Valenciana,Estatuto de Autonomía de la Comunitat Valenciana,49,JURIDICO
GENERAL,14,Estatuto de autonomia de la Comunitat Valenciana,Estatuto de Autonomía de la Comunitat Valenciana,50,JURIDICO
GENERAL,14,Estatuto de autonomia de la Comunitat Valenciana,Estatuto de Autonomía de la Comunitat Valenciana,51,JURIDICO
GENERAL,14,Estatuto de autonomia de la Comunitat Valenciana,Estatuto de Autonomía de la Comunitat Valenciana,52,JURIDICO
GENERAL,14,Estatuto de autonomia de la Comunitat Valenciana,Estatuto de Autonomía de la Comunitat Valenciana,53,JURIDICO
GENERAL,14,Estatuto de autonomia de la Comunitat Valenciana,Estatuto de Autonomía de la Comunitat Valenciana,54,JURIDICO
GENERAL,14,Estatuto de autonomia de la Comunitat Valenciana,Estatuto de Autonomía de la Comunitat Valenciana,55,JURIDICO
GENERAL,14,Estatuto de autonomia de la Comunitat Valenciana,Estatuto de Autonomía de la Comunitat Valenciana,56,JURIDICO
GENERAL,14,Estatuto de autonomia de la Comunitat Valenciana,Estatuto de Autonomía de la Comunitat Valenciana,57,JURIDICO
GENERAL,14,Estatuto de autonomia de la Comunitat Valenciana,Estatuto de Autonomía de la Comunitat Valenciana,58,JURIDICO
GENERAL,14,Estatuto de autonomia de la Comunitat Valenciana,Estatuto de Autonomía de la Comunitat Valenciana,59,JURIDICO
GENERAL,14,Estatuto de autonomia de la Comunitat Valenciana,Estatuto de Autonomía de la Comunitat Valenciana,60,JURIDICO
GENERAL,14,Estatuto de autonomia de la Comunitat Valenciana,Estatuto de Autonomía de la Comunitat Valenciana,61,JURIDICO
GENERAL,14,Estatuto de autonomia de la Comunitat Valenciana,Estatuto de Autonomía de la Comunitat Valenciana,62,JURIDICO
GENERAL,15,La Unión Europea: fundación y evolución. El Tratado de Lisboa (el Tratado de la UE y el Tratado de funcionamiento de la UE): valores y derechos fundamentales de la Unión Europea. La ciudadanía europea.,Tratado de Funcionamiento de la Unión Europea (TFUE),20,JURIDICO
GENERAL,15,La Unión Europea: fundación y evolución. El Tratado de Lisboa (el Tratado de la UE y el Tratado de funcionamiento de la UE): valores y derechos fundamentales de la Unión Europea. La ciudadanía europea.,Tratado de Funcionamiento de la Unión Europea (TFUE),21,JURIDICO
GENERAL,15,La Unión Europea: fundación y evolución. El Tratado de Lisboa (el Tratado de la UE y el Tratado de funcionamiento de la UE): valores y derechos fundamentales de la Unión Europea. La ciudadanía europea.,Tratado de Funcionamiento de la Unión Europea (TFUE),22,JURIDICO
GENERAL,15,La Unión Europea: fundación y evolución. El Tratado de Lisboa (el Tratado de la UE y el Tratado de funcionamiento de la UE): valores y derechos fundamentales de la Unión Europea. La ciudadanía europea.,Tratado de Funcionamiento de la Unión Europea (TFUE),23,JURIDICO
GENERAL,15,La Unión Europea: fundación y evolución. El Tratado de Lisboa (el Tratado de la UE y el Tratado de funcionamiento de la UE): valores y derechos fundamentales de la Unión Europea. La ciudadanía europea.,Tratado de Funcionamiento de la Unión Europea (TFUE),24,JURIDICO
GENERAL,15,La Unión Europea: fundación y evolución. El Tratado de Lisboa (el Tratado de la UE y el Tratado de funcionamiento de la UE): valores y derechos fundamentales de la Unión Europea. La ciudadanía europea.,Tratado de Funcionamiento de la Unión Europea (TFUE),25,JURIDICO
GENERAL,15,La Unión Europea: fundación y evolución. El Tratado de Lisboa (el Tratado de la UE y el Tratado de funcionamiento de la UE): valores y derechos fundamentales de la Unión Europea. La ciudadanía europea.,Tratado de la Unión Europea (TUE),2,JURIDICO
GENERAL,15,La Unión Europea: fundación y evolución. El Tratado de Lisboa (el Tratado de la UE y el Tratado de funcionamiento de la UE): valores y derechos fundamentales de la Unión Europea. La ciudadanía europea.,Tratado de la Unión Europea (TUE),6,JURIDICO
GENERAL,16,"Derecho de la Unión Europea. El Derecho Primario y el Derecho Derivado, en especial los Reglamentos y las Directivas. La relación entre el Derecho de la Unión Europea y el ordenamiento jurídico de los Estados Miembros.",Tratado de Funcionamiento de la Unión Europea (TFUE),1,JURIDICO
GENERAL,16,"Derecho de la Unión Europea. El Derecho Primario y el Derecho Derivado, en especial los Reglamentos y las Directivas. La relación entre el Derecho de la Unión Europea y el ordenamiento jurídico de los Estados Miembros.",Tratado de Funcionamiento de la Unión Europea (TFUE),2,JURIDICO
GENERAL,16,"Derecho de la Unión Europea. El Derecho Primario y el Derecho Derivado, en especial los Reglamentos y las Directivas. La relación entre el Derecho de la Unión Europea y el ordenamiento jurídico de los Estados Miembros.",Tratado de Funcionamiento de la Unión Europea (TFUE),3,JURIDICO
GENERAL,16,"Derecho de la Unión Europea. El Derecho Primario y el Derecho Derivado, en especial los Reglamentos y las Directivas. La relación entre el Derecho de la Unión Europea y el ordenamiento jurídico de los Estados Miembros.",Tratado de Funcionamiento de la Unión Europea (TFUE),4,JURIDICO
GENERAL,16,"Derecho de la Unión Europea. El Derecho Primario y el Derecho Derivado, en especial los Reglamentos y las Directivas. La relación entre el Derecho de la Unión Europea y el ordenamiento jurídico de los Estados Miembros.",Tratado de Funcionamiento de la Unión Europea (TFUE),5,JURIDICO
GENERAL,16,"Derecho de la Unión Europea. El Derecho Primario y el Derecho Derivado, en especial los Reglamentos y las Directivas. La relación entre el Derecho de la Unión Europea y el ordenamiento jurídico de los Estados Miembros.",Tratado de Funcionamiento de la Unión Europea (TFUE),6,JURIDICO
GENERAL,16,"Derecho de la Unión Europea. El Derecho Primario y el Derecho Derivado, en especial los Reglamentos y las Directivas. La relación entre el Derecho de la Unión Europea y el ordenamiento jurídico de los Estados Miembros.",Tratado de Funcionamiento de la Unión Europea (TFUE),258,JURIDICO
GENERAL,16,"Derecho de la Unión Europea. El Derecho Primario y el Derecho Derivado, en especial los Reglamentos y las Directivas. La relación entre el Derecho de la Unión Europea y el ordenamiento jurídico de los Estados Miembros.",Tratado de Funcionamiento de la Unión Europea (TFUE),259,JURIDICO
GENERAL,16,"Derecho de la Unión Europea. El Derecho Primario y el Derecho Derivado, en especial los Reglamentos y las Directivas. La relación entre el Derecho de la Unión Europea y el ordenamiento jurídico de los Estados Miembros.",Tratado de Funcionamiento de la Unión Europea (TFUE),267,JURIDICO
GENERAL,16,"Derecho de la Unión Europea. El Derecho Primario y el Derecho Derivado, en especial los Reglamentos y las Directivas. La relación entre el Derecho de la Unión Europea y el ordenamiento jurídico de los Estados Miembros.",Tratado de Funcionamiento de la Unión Europea (TFUE),288,JURIDICO
GENERAL,16,"Derecho de la Unión Europea. El Derecho Primario y el Derecho Derivado, en especial los Reglamentos y las Directivas. La relación entre el Derecho de la Unión Europea y el ordenamiento jurídico de los Estados Miembros.",Tratado de Funcionamiento de la Unión Europea (TFUE),289,JURIDICO
GENERAL,16,"Derecho de la Unión Europea. El Derecho Primario y el Derecho Derivado, en especial los Reglamentos y las Directivas. La relación entre el Derecho de la Unión Europea y el ordenamiento jurídico de los Estados Miembros.",Tratado de Funcionamiento de la Unión Europea (TFUE),290,JURIDICO
GENERAL,16,"Derecho de la Unión Europea. El Derecho Primario y el Derecho Derivado, en especial los Reglamentos y las Directivas. La relación entre el Derecho de la Unión Europea y el ordenamiento jurídico de los Estados Miembros.",Tratado de Funcionamiento de la Unión Europea (TFUE),291,JURIDICO
GENERAL,16,"Derecho de la Unión Europea. El Derecho Primario y el Derecho Derivado, en especial los Reglamentos y las Directivas. La relación entre el Derecho de la Unión Europea y el ordenamiento jurídico de los Estados Miembros.",Tratado de Funcionamiento de la Unión Europea (TFUE),296,JURIDICO
GENERAL,16,"Derecho de la Unión Europea. El Derecho Primario y el Derecho Derivado, en especial los Reglamentos y las Directivas. La relación entre el Derecho de la Unión Europea y el ordenamiento jurídico de los Estados Miembros.",Tratado de Funcionamiento de la Unión Europea (TFUE),297,JURIDICO
GENERAL,16,"Derecho de la Unión Europea. El Derecho Primario y el Derecho Derivado, en especial los Reglamentos y las Directivas. La relación entre el Derecho de la Unión Europea y el ordenamiento jurídico de los Estados Miembros.",Tratado de la Unión Europea (TUE),1,JURIDICO
GENERAL,16,"Derecho de la Unión Europea. El Derecho Primario y el Derecho Derivado, en especial los Reglamentos y las Directivas. La relación entre el Derecho de la Unión Europea y el ordenamiento jurídico de los Estados Miembros.",Tratado de la Unión Europea (TUE),"4,3",JURIDICO
GENERAL,16,"Derecho de la Unión Europea. El Derecho Primario y el Derecho Derivado, en especial los Reglamentos y las Directivas. La relación entre el Derecho de la Unión Europea y el ordenamiento jurídico de los Estados Miembros.",Tratado de la Unión Europea (TUE),5,JURIDICO
GENERAL,16,"Derecho de la Unión Europea. El Derecho Primario y el Derecho Derivado, en especial los Reglamentos y las Directivas. La relación entre el Derecho de la Unión Europea y el ordenamiento jurídico de los Estados Miembros.",Tratado de la Unión Europea (TUE),48,JURIDICO
GENERAL,17,Instituciones de la Unión Europea: el Consejo de la Unión Europea. La Comisión Europea. El Parlamento Europeo. Composición y funciones.,Tratado de la Unión Europea (TUE),14,JURIDICO
GENERAL,17,Instituciones de la Unión Europea: el Consejo de la Unión Europea. La Comisión Europea. El Parlamento Europeo. Composición y funciones.,Tratado de la Unión Europea (TUE),16,JURIDICO
GENERAL,17,Instituciones de la Unión Europea: el Consejo de la Unión Europea. La Comisión Europea. El Parlamento Europeo. Composición y funciones.,Tratado de la Unión Europea (TUE),17,JURIDICO
GENERAL,18,"La Ley orgánica 3/2007, de 22 de marzo, para la igualdad efectiva de mujeres y hombres","Ley 4/2023, de 28 de febrero",4,JURIDICO
GENERAL,18,"La Ley orgánica 3/2007, de 22 de marzo, para la igualdad efectiva de mujeres y hombres","Ley 4/2023, de 28 de febrero",11,JURIDICO
GENERAL,18,"La Ley orgánica 3/2007, de 22 de marzo, para la igualdad efectiva de mujeres y hombres","Ley 4/2023, de 28 de febrero",12,JURIDICO
GENERAL,18,"La Ley orgánica 3/2007, de 22 de marzo, para la igualdad efectiva de mujeres y hombres","Ley 4/2023, de 28 de febrero",13,JURIDICO
GENERAL,18,"La Ley orgánica 3/2007, de 22 de marzo, para la igualdad efectiva de mujeres y hombres","Ley 9/2003, de 2 de abril",1,JURIDICO
GENERAL,18,"La Ley orgánica 3/2007, de 22 de marzo, para la igualdad efectiva de mujeres y hombres","Ley 9/2003, de 2 de abril",2,JURIDICO
GENERAL,18,"La Ley orgánica 3/2007, de 22 de marzo, para la igualdad efectiva de mujeres y hombres","Ley 9/2003, de 2 de abril",3,JURIDICO
GENERAL,18,"La Ley orgánica 3/2007, de 22 de marzo, para la igualdad efectiva de mujeres y hombres","Ley 9/2003, de 2 de abril",4,JURIDICO
GENERAL,18,"La Ley orgánica 3/2007, de 22 de marzo, para la igualdad efectiva de mujeres y hombres","Ley 9/2003, de 2 de abril",4 bis,JURIDICO
GENERAL,18,"La Ley orgánica 3/2007, de 22 de marzo, para la igualdad efectiva de mujeres y hombres","Ley 9/2003, de 2 de abril",5,JURIDICO
GENERAL,18,"La Ley orgánica 3/2007, de 22 de marzo, para la igualdad efectiva de mujeres y hombres","Ley 9/2003, de 2 de abril",6,JURIDICO
GENERAL,18,"La Ley orgánica 3/2007, de 22 de marzo, para la igualdad efectiva de mujeres y hombres","Ley 9/2003, de 2 de abril",7,JURIDICO
GENERAL,18,"La Ley orgánica 3/2007, de 22 de marzo, para la igualdad efectiva de mujeres y hombres","Ley 9/2003, de 2 de abril",8,JURIDICO
GENERAL,18,"La Ley orgánica 3/2007, de 22 de marzo, para la igualdad efectiva de mujeres y hombres","Ley 9/2003, de 2 de abril",9,JURIDICO
GENERAL,18,"La Ley orgánica 3/2007, de 22 de marzo, para la igualdad efectiva de mujeres y hombres","Ley 9/2003, de 2 de abril",10,JURIDICO
GENERAL,18,"La Ley orgánica 3/2007, de 22 de marzo, para la igualdad efectiva de mujeres y hombres","Ley 9/2003, de 2 de abril",11,JURIDICO
GENERAL,18,"La Ley orgánica 3/2007, de 22 de marzo, para la igualdad efectiva de mujeres y hombres","Ley 9/2003, de 2 de abril",12,JURIDICO
GENERAL,18,"La Ley orgánica 3/2007, de 22 de marzo, para la igualdad efectiva de mujeres y hombres","Ley 9/2003, de 2 de abril",13,JURIDICO
GENERAL,18,"La Ley orgánica 3/2007, de 22 de marzo, para la igualdad efectiva de mujeres y hombres","Ley 9/2003, de 2 de abril",14,JURIDICO
GENERAL,18,"La Ley orgánica 3/2007, de 22 de marzo, para la igualdad efectiva de mujeres y hombres","Ley 9/2003, de 2 de abril",15,JURIDICO
GENERAL,18,"La Ley orgánica 3/2007, de 22 de marzo, para la igualdad efectiva de mujeres y hombres","Ley 9/2003, de 2 de abril",16,JURIDICO
GENERAL,18,"La Ley orgánica 3/2007, de 22 de marzo, para la igualdad efectiva de mujeres y hombres","Ley 9/2003, de 2 de abril",17,JURIDICO
GENERAL,18,"La Ley orgánica 3/2007, de 22 de marzo, para la igualdad efectiva de mujeres y hombres","Ley 9/2003, de 2 de abril",18,JURIDICO
GENERAL,18,"La Ley orgánica 3/2007, de 22 de marzo, para la igualdad efectiva de mujeres y hombres","Ley 9/2003, de 2 de abril",19,JURIDICO
GENERAL,18,"La Ley orgánica 3/2007, de 22 de marzo, para la igualdad efectiva de mujeres y hombres","Ley 9/2003, de 2 de abril",20,JURIDICO
GENERAL,18,"La Ley orgánica 3/2007, de 22 de marzo, para la igualdad efectiva de mujeres y hombres","Ley 9/2003, de 2 de abril",21,JURIDICO
GENERAL,18,"La Ley orgánica 3/2007, de 22 de marzo, para la igualdad efectiva de mujeres y hombres","Ley 9/2003, de 2 de abril",22,JURIDICO
GENERAL,18,"La Ley orgánica 3/2007, de 22 de marzo, para la igualdad efectiva de mujeres y hombres","Ley 9/2003, de 2 de abril",23,JURIDICO
GENERAL,18,"La Ley orgánica 3/2007, de 22 de marzo, para la igualdad efectiva de mujeres y hombres","Ley 9/2003, de 2 de abril",24,JURIDICO
GENERAL,18,"La Ley orgánica 3/2007, de 22 de marzo, para la igualdad efectiva de mujeres y hombres","Ley 9/2003, de 2 de abril",25,JURIDICO
GENERAL,18,"La Ley orgánica 3/2007, de 22 de marzo, para la igualdad efectiva de mujeres y hombres","Ley 9/2003, de 2 de abril",26,JURIDICO
GENERAL,18,"La Ley orgánica 3/2007, de 22 de marzo, para la igualdad efectiva de mujeres y hombres","Ley 9/2003, de 2 de abril",27,JURIDICO
GENERAL,18,"La Ley orgánica 3/2007, de 22 de marzo, para la igualdad efectiva de mujeres y hombres","Ley 9/2003, de 2 de abril",28,JURIDICO
GENERAL,18,"La Ley orgánica 3/2007, de 22 de marzo, para la igualdad efectiva de mujeres y hombres","Ley 9/2003, de 2 de abril",29,JURIDICO
GENERAL,18,"La Ley orgánica 3/2007, de 22 de marzo, para la igualdad efectiva de mujeres y hombres","Ley 9/2003, de 2 de abril",30,JURIDICO
GENERAL,18,"La Ley orgánica 3/2007, de 22 de marzo, para la igualdad efectiva de mujeres y hombres","Ley 9/2003, de 2 de abril",31,JURIDICO
GENERAL,18,"La Ley orgánica 3/2007, de 22 de marzo, para la igualdad efectiva de mujeres y hombres","Ley 9/2003, de 2 de abril",32,JURIDICO
GENERAL,18,"La Ley orgánica 3/2007, de 22 de marzo, para la igualdad efectiva de mujeres y hombres","Ley 9/2003, de 2 de abril",33,JURIDICO
GENERAL,18,"La Ley orgánica 3/2007, de 22 de marzo, para la igualdad efectiva de mujeres y hombres","Ley 9/2003, de 2 de abril",34,JURIDICO
GENERAL,18,"La Ley orgánica 3/2007, de 22 de marzo, para la igualdad efectiva de mujeres y hombres","Ley 9/2003, de 2 de abril",35,JURIDICO
GENERAL,18,"La Ley orgánica 3/2007, de 22 de marzo, para la igualdad efectiva de mujeres y hombres","Ley 9/2003, de 2 de abril",36,JURIDICO
GENERAL,18,"La Ley orgánica 3/2007, de 22 de marzo, para la igualdad efectiva de mujeres y hombres","Ley 9/2003, de 2 de abril",37,JURIDICO
GENERAL,18,"La Ley orgánica 3/2007, de 22 de marzo, para la igualdad efectiva de mujeres y hombres","Ley 9/2003, de 2 de abril",38,JURIDICO
GENERAL,18,"La Ley orgánica 3/2007, de 22 de marzo, para la igualdad efectiva de mujeres y hombres","Ley 9/2003, de 2 de abril",39,JURIDICO
GENERAL,18,"La Ley orgánica 3/2007, de 22 de marzo, para la igualdad efectiva de mujeres y hombres","Ley 9/2003, de 2 de abril",40,JURIDICO
GENERAL,18,"La Ley orgánica 3/2007, de 22 de marzo, para la igualdad efectiva de mujeres y hombres","Ley 9/2003, de 2 de abril",41,JURIDICO
GENERAL,18,"La Ley orgánica 3/2007, de 22 de marzo, para la igualdad efectiva de mujeres y hombres","Ley 9/2003, de 2 de abril",42,JURIDICO
GENERAL,18,"La Ley orgánica 3/2007, de 22 de marzo, para la igualdad efectiva de mujeres y hombres","Ley 9/2003, de 2 de abril",43,JURIDICO
GENERAL,18,"La Ley orgánica 3/2007, de 22 de marzo, para la igualdad efectiva de mujeres y hombres","Ley 9/2003, de 2 de abril",44,JURIDICO
GENERAL,18,"La Ley orgánica 3/2007, de 22 de marzo, para la igualdad efectiva de mujeres y hombres","Ley 9/2003, de 2 de abril",45,JURIDICO
GENERAL,18,"La Ley orgánica 3/2007, de 22 de marzo, para la igualdad efectiva de mujeres y hombres","Ley 9/2003, de 2 de abril",46,JURIDICO
GENERAL,18,"La Ley orgánica 3/2007, de 22 de marzo, para la igualdad efectiva de mujeres y hombres","Ley 9/2003, de 2 de abril",47,JURIDICO
GENERAL,18,"La Ley orgánica 3/2007, de 22 de marzo, para la igualdad efectiva de mujeres y hombres","Ley 9/2003, de 2 de abril",48,JURIDICO
GENERAL,18,"La Ley orgánica 3/2007, de 22 de marzo, para la igualdad efectiva de mujeres y hombres","Ley 9/2003, de 2 de abril",49,JURIDICO
GENERAL,18,"La Ley orgánica 3/2007, de 22 de marzo, para la igualdad efectiva de mujeres y hombres","Ley 9/2003, de 2 de abril",50,JURIDICO
GENERAL,18,"La Ley orgánica 3/2007, de 22 de marzo, para la igualdad efectiva de mujeres y hombres","Ley 9/2003, de 2 de abril",51,JURIDICO
GENERAL,18,"La Ley orgánica 3/2007, de 22 de marzo, para la igualdad efectiva de mujeres y hombres","Ley Organica 3/2007, de 22 de marzo",1,JURIDICO
GENERAL,18,"La Ley orgánica 3/2007, de 22 de marzo, para la igualdad efectiva de mujeres y hombres","Ley Organica 3/2007, de 22 de marzo",2,JURIDICO
GENERAL,18,"La Ley orgánica 3/2007, de 22 de marzo, para la igualdad efectiva de mujeres y hombres","Ley Organica 3/2007, de 22 de marzo",3,JURIDICO
GENERAL,18,"La Ley orgánica 3/2007, de 22 de marzo, para la igualdad efectiva de mujeres y hombres","Ley Organica 3/2007, de 22 de marzo",4,JURIDICO
GENERAL,18,"La Ley orgánica 3/2007, de 22 de marzo, para la igualdad efectiva de mujeres y hombres","Ley Organica 3/2007, de 22 de marzo",5,JURIDICO
GENERAL,18,"La Ley orgánica 3/2007, de 22 de marzo, para la igualdad efectiva de mujeres y hombres","Ley Organica 3/2007, de 22 de marzo",6,JURIDICO
GENERAL,18,"La Ley orgánica 3/2007, de 22 de marzo, para la igualdad efectiva de mujeres y hombres","Ley Organica 3/2007, de 22 de marzo",7,JURIDICO
GENERAL,18,"La Ley orgánica 3/2007, de 22 de marzo, para la igualdad efectiva de mujeres y hombres","Ley Organica 3/2007, de 22 de marzo",8,JURIDICO
GENERAL,18,"La Ley orgánica 3/2007, de 22 de marzo, para la igualdad efectiva de mujeres y hombres","Ley Organica 3/2007, de 22 de marzo",9,JURIDICO
GENERAL,18,"La Ley orgánica 3/2007, de 22 de marzo, para la igualdad efectiva de mujeres y hombres","Ley Organica 3/2007, de 22 de marzo",10,JURIDICO
GENERAL,18,"La Ley orgánica 3/2007, de 22 de marzo, para la igualdad efectiva de mujeres y hombres","Ley Organica 3/2007, de 22 de marzo",11,JURIDICO
GENERAL,18,"La Ley orgánica 3/2007, de 22 de marzo, para la igualdad efectiva de mujeres y hombres","Ley Organica 3/2007, de 22 de marzo",12,JURIDICO
GENERAL,18,"La Ley orgánica 3/2007, de 22 de marzo, para la igualdad efectiva de mujeres y hombres","Ley Organica 3/2007, de 22 de marzo",13,JURIDICO
GENERAL,18,"La Ley orgánica 3/2007, de 22 de marzo, para la igualdad efectiva de mujeres y hombres","Ley Organica 3/2007, de 22 de marzo",14,JURIDICO
GENERAL,18,"La Ley orgánica 3/2007, de 22 de marzo, para la igualdad efectiva de mujeres y hombres","Ley Organica 3/2007, de 22 de marzo",15,JURIDICO
GENERAL,18,"La Ley orgánica 3/2007, de 22 de marzo, para la igualdad efectiva de mujeres y hombres","Ley Organica 3/2007, de 22 de marzo",16,JURIDICO
GENERAL,18,"La Ley orgánica 3/2007, de 22 de marzo, para la igualdad efectiva de mujeres y hombres","Ley Organica 3/2007, de 22 de marzo",17,JURIDICO
GENERAL,18,"La Ley orgánica 3/2007, de 22 de marzo, para la igualdad efectiva de mujeres y hombres","Ley Organica 3/2007, de 22 de marzo",18,JURIDICO
GENERAL,18,"La Ley orgánica 3/2007, de 22 de marzo, para la igualdad efectiva de mujeres y hombres","Ley Organica 3/2007, de 22 de marzo",19,JURIDICO
GENERAL,18,"La Ley orgánica 3/2007, de 22 de marzo, para la igualdad efectiva de mujeres y hombres","Ley Organica 3/2007, de 22 de marzo",20,JURIDICO
GENERAL,18,"La Ley orgánica 3/2007, de 22 de marzo, para la igualdad efectiva de mujeres y hombres","Ley Organica 3/2007, de 22 de marzo",21,JURIDICO
GENERAL,18,"La Ley orgánica 3/2007, de 22 de marzo, para la igualdad efectiva de mujeres y hombres","Ley Organica 3/2007, de 22 de marzo",22,JURIDICO
GENERAL,18,"La Ley orgánica 3/2007, de 22 de marzo, para la igualdad efectiva de mujeres y hombres","Ley Organica 3/2007, de 22 de marzo",23,JURIDICO
GENERAL,18,"La Ley orgánica 3/2007, de 22 de marzo, para la igualdad efectiva de mujeres y hombres","Ley Organica 3/2007, de 22 de marzo",24,JURIDICO
GENERAL,18,"La Ley orgánica 3/2007, de 22 de marzo, para la igualdad efectiva de mujeres y hombres","Ley Organica 3/2007, de 22 de marzo",25,JURIDICO
GENERAL,18,"La Ley orgánica 3/2007, de 22 de marzo, para la igualdad efectiva de mujeres y hombres","Ley Organica 3/2007, de 22 de marzo",26,JURIDICO
GENERAL,18,"La Ley orgánica 3/2007, de 22 de marzo, para la igualdad efectiva de mujeres y hombres","Ley Organica 3/2007, de 22 de marzo",27,JURIDICO
GENERAL,18,"La Ley orgánica 3/2007, de 22 de marzo, para la igualdad efectiva de mujeres y hombres","Ley Organica 3/2007, de 22 de marzo",28,JURIDICO
GENERAL,18,"La Ley orgánica 3/2007, de 22 de marzo, para la igualdad efectiva de mujeres y hombres","Ley Organica 3/2007, de 22 de marzo",29,JURIDICO
GENERAL,18,"La Ley orgánica 3/2007, de 22 de marzo, para la igualdad efectiva de mujeres y hombres","Ley Organica 3/2007, de 22 de marzo",30,JURIDICO
GENERAL,18,"La Ley orgánica 3/2007, de 22 de marzo, para la igualdad efectiva de mujeres y hombres","Ley Organica 3/2007, de 22 de marzo",31,JURIDICO
GENERAL,18,"La Ley orgánica 3/2007, de 22 de marzo, para la igualdad efectiva de mujeres y hombres","Ley Organica 3/2007, de 22 de marzo",32,JURIDICO
GENERAL,18,"La Ley orgánica 3/2007, de 22 de marzo, para la igualdad efectiva de mujeres y hombres","Ley Organica 3/2007, de 22 de marzo",33,JURIDICO
GENERAL,18,"La Ley orgánica 3/2007, de 22 de marzo, para la igualdad efectiva de mujeres y hombres","Ley Organica 3/2007, de 22 de marzo",34,JURIDICO
GENERAL,18,"La Ley orgánica 3/2007, de 22 de marzo, para la igualdad efectiva de mujeres y hombres","Ley Organica 3/2007, de 22 de marzo",35,JURIDICO
GENERAL,19,"La Ley orgánica 1/2004, de 28 de diciembre, de medidas de protección integral contra la violencia de género","Ley Organica 1/2004, de 28 de diciembre",1,JURIDICO
GENERAL,19,"La Ley orgánica 1/2004, de 28 de diciembre, de medidas de protección integral contra la violencia de género","Ley Organica 1/2004, de 28 de diciembre",2,JURIDICO
GENERAL,19,"La Ley orgánica 1/2004, de 28 de diciembre, de medidas de protección integral contra la violencia de género","Ley Organica 1/2004, de 28 de diciembre",3,JURIDICO
GENERAL,19,"La Ley orgánica 1/2004, de 28 de diciembre, de medidas de protección integral contra la violencia de género","Ley Organica 1/2004, de 28 de diciembre",4,JURIDICO
GENERAL,19,"La Ley orgánica 1/2004, de 28 de diciembre, de medidas de protección integral contra la violencia de género","Ley Organica 1/2004, de 28 de diciembre",5,JURIDICO
GENERAL,19,"La Ley orgánica 1/2004, de 28 de diciembre, de medidas de protección integral contra la violencia de género","Ley Organica 1/2004, de 28 de diciembre",6,JURIDICO
GENERAL,19,"La Ley orgánica 1/2004, de 28 de diciembre, de medidas de protección integral contra la violencia de género","Ley Organica 1/2004, de 28 de diciembre",7,JURIDICO
GENERAL,19,"La Ley orgánica 1/2004, de 28 de diciembre, de medidas de protección integral contra la violencia de género","Ley Organica 1/2004, de 28 de diciembre",8,JURIDICO
GENERAL,19,"La Ley orgánica 1/2004, de 28 de diciembre, de medidas de protección integral contra la violencia de género","Ley Organica 1/2004, de 28 de diciembre",9,JURIDICO
GENERAL,19,"La Ley orgánica 1/2004, de 28 de diciembre, de medidas de protección integral contra la violencia de género","Ley Organica 1/2004, de 28 de diciembre",10,JURIDICO
GENERAL,19,"La Ley orgánica 1/2004, de 28 de diciembre, de medidas de protección integral contra la violencia de género","Ley Organica 1/2004, de 28 de diciembre",11,JURIDICO
GENERAL,19,"La Ley orgánica 1/2004, de 28 de diciembre, de medidas de protección integral contra la violencia de género","Ley Organica 1/2004, de 28 de diciembre",12,JURIDICO
GENERAL,19,"La Ley orgánica 1/2004, de 28 de diciembre, de medidas de protección integral contra la violencia de género","Ley Organica 1/2004, de 28 de diciembre",13,JURIDICO
GENERAL,19,"La Ley orgánica 1/2004, de 28 de diciembre, de medidas de protección integral contra la violencia de género","Ley Organica 1/2004, de 28 de diciembre",14,JURIDICO
GENERAL,19,"La Ley orgánica 1/2004, de 28 de diciembre, de medidas de protección integral contra la violencia de género","Ley Organica 1/2004, de 28 de diciembre",15,JURIDICO
GENERAL,19,"La Ley orgánica 1/2004, de 28 de diciembre, de medidas de protección integral contra la violencia de género","Ley Organica 1/2004, de 28 de diciembre",16,JURIDICO
GENERAL,19,"La Ley orgánica 1/2004, de 28 de diciembre, de medidas de protección integral contra la violencia de género","Ley Organica 1/2004, de 28 de diciembre",17,JURIDICO
GENERAL,19,"La Ley orgánica 1/2004, de 28 de diciembre, de medidas de protección integral contra la violencia de género","Ley Organica 1/2004, de 28 de diciembre",18,JURIDICO
GENERAL,19,"La Ley orgánica 1/2004, de 28 de diciembre, de medidas de protección integral contra la violencia de género","Ley Organica 1/2004, de 28 de diciembre",19,JURIDICO
GENERAL,19,"La Ley orgánica 1/2004, de 28 de diciembre, de medidas de protección integral contra la violencia de género","Ley Organica 1/2004, de 28 de diciembre",19 bis,JURIDICO
GENERAL,19,"La Ley orgánica 1/2004, de 28 de diciembre, de medidas de protección integral contra la violencia de género","Ley Organica 1/2004, de 28 de diciembre",20,JURIDICO
GENERAL,19,"La Ley orgánica 1/2004, de 28 de diciembre, de medidas de protección integral contra la violencia de género","Ley Organica 1/2004, de 28 de diciembre",21,JURIDICO
GENERAL,19,"La Ley orgánica 1/2004, de 28 de diciembre, de medidas de protección integral contra la violencia de género","Ley Organica 1/2004, de 28 de diciembre",22,JURIDICO
GENERAL,19,"La Ley orgánica 1/2004, de 28 de diciembre, de medidas de protección integral contra la violencia de género","Ley Organica 1/2004, de 28 de diciembre",23,JURIDICO
GENERAL,19,"La Ley orgánica 1/2004, de 28 de diciembre, de medidas de protección integral contra la violencia de género","Ley Organica 1/2004, de 28 de diciembre",24,JURIDICO
GENERAL,19,"La Ley orgánica 1/2004, de 28 de diciembre, de medidas de protección integral contra la violencia de género","Ley Organica 1/2004, de 28 de diciembre",25,JURIDICO
GENERAL,19,"La Ley orgánica 1/2004, de 28 de diciembre, de medidas de protección integral contra la violencia de género","Ley Organica 1/2004, de 28 de diciembre",26,JURIDICO
GENERAL,19,"La Ley orgánica 1/2004, de 28 de diciembre, de medidas de protección integral contra la violencia de género","Ley Organica 1/2004, de 28 de diciembre",27,JURIDICO
GENERAL,19,"La Ley orgánica 1/2004, de 28 de diciembre, de medidas de protección integral contra la violencia de género","Ley Organica 1/2004, de 28 de diciembre",28,JURIDICO
GENERAL,19,"La Ley orgánica 1/2004, de 28 de diciembre, de medidas de protección integral contra la violencia de género","Ley Organica 1/2004, de 28 de diciembre",28 bis,JURIDICO
GENERAL,19,"La Ley orgánica 1/2004, de 28 de diciembre, de medidas de protección integral contra la violencia de género","Ley Organica 1/2004, de 28 de diciembre",28 ter,JURIDICO
GENERAL,20,"Ley 19/2013, de 9 de diciembre, de transparencia, acceso a la información pública y buen gobierno","Ley 1/2022, de 13 de abril",1,JURIDICO
GENERAL,20,"Ley 19/2013, de 9 de diciembre, de transparencia, acceso a la información pública y buen gobierno","Ley 1/2022, de 13 de abril",2,JURIDICO
GENERAL,20,"Ley 19/2013, de 9 de diciembre, de transparencia, acceso a la información pública y buen gobierno","Ley 1/2022, de 13 de abril",3,JURIDICO
GENERAL,20,"Ley 19/2013, de 9 de diciembre, de transparencia, acceso a la información pública y buen gobierno","Ley 1/2022, de 13 de abril",4,JURIDICO
GENERAL,20,"Ley 19/2013, de 9 de diciembre, de transparencia, acceso a la información pública y buen gobierno","Ley 1/2022, de 13 de abril",5,JURIDICO
GENERAL,20,"Ley 19/2013, de 9 de diciembre, de transparencia, acceso a la información pública y buen gobierno","Ley 1/2022, de 13 de abril",6,JURIDICO
GENERAL,20,"Ley 19/2013, de 9 de diciembre, de transparencia, acceso a la información pública y buen gobierno","Ley 1/2022, de 13 de abril",7,JURIDICO
GENERAL,20,"Ley 19/2013, de 9 de diciembre, de transparencia, acceso a la información pública y buen gobierno","Ley 1/2022, de 13 de abril",8,JURIDICO
GENERAL,20,"Ley 19/2013, de 9 de diciembre, de transparencia, acceso a la información pública y buen gobierno","Ley 1/2022, de 13 de abril",9,JURIDICO
GENERAL,20,"Ley 19/2013, de 9 de diciembre, de transparencia, acceso a la información pública y buen gobierno","Ley 1/2022, de 13 de abril",10,JURIDICO
GENERAL,20,"Ley 19/2013, de 9 de diciembre, de transparencia, acceso a la información pública y buen gobierno","Ley 1/2022, de 13 de abril",11,JURIDICO
GENERAL,20,"Ley 19/2013, de 9 de diciembre, de transparencia, acceso a la información pública y buen gobierno","Ley 1/2022, de 13 de abril",12,JURIDICO
GENERAL,20,"Ley 19/2013, de 9 de diciembre, de transparencia, acceso a la información pública y buen gobierno","Ley 1/2022, de 13 de abril",13,JURIDICO
GENERAL,20,"Ley 19/2013, de 9 de diciembre, de transparencia, acceso a la información pública y buen gobierno","Ley 1/2022, de 13 de abril",14,JURIDICO
GENERAL,20,"Ley 19/2013, de 9 de diciembre, de transparencia, acceso a la información pública y buen gobierno","Ley 1/2022, de 13 de abril",15,JURIDICO
GENERAL,20,"Ley 19/2013, de 9 de diciembre, de transparencia, acceso a la información pública y buen gobierno","Ley 1/2022, de 13 de abril",16,JURIDICO
GENERAL,20,"Ley 19/2013, de 9 de diciembre, de transparencia, acceso a la información pública y buen gobierno","Ley 1/2022, de 13 de abril",17,JURIDICO
GENERAL,20,"Ley 19/2013, de 9 de diciembre, de transparencia, acceso a la información pública y buen gobierno","Ley 1/2022, de 13 de abril",18,JURIDICO
GENERAL,20,"Ley 19/2013, de 9 de diciembre, de transparencia, acceso a la información pública y buen gobierno","Ley 1/2022, de 13 de abril",19,JURIDICO
GENERAL,20,"Ley 19/2013, de 9 de diciembre, de transparencia, acceso a la información pública y buen gobierno","Ley 1/2022, de 13 de abril",20,JURIDICO
GENERAL,20,"Ley 19/2013, de 9 de diciembre, de transparencia, acceso a la información pública y buen gobierno","Ley 1/2022, de 13 de abril",21,JURIDICO
GENERAL,20,"Ley 19/2013, de 9 de diciembre, de transparencia, acceso a la información pública y buen gobierno","Ley 1/2022, de 13 de abril",22,JURIDICO
GENERAL,20,"Ley 19/2013, de 9 de diciembre, de transparencia, acceso a la información pública y buen gobierno","Ley 1/2022, de 13 de abril",23,JURIDICO
GENERAL,20,"Ley 19/2013, de 9 de diciembre, de transparencia, acceso a la información pública y buen gobierno","Ley 1/2022, de 13 de abril",24,JURIDICO
GENERAL,20,"Ley 19/2013, de 9 de diciembre, de transparencia, acceso a la información pública y buen gobierno","Ley 1/2022, de 13 de abril",25,JURIDICO
GENERAL,20,"Ley 19/2013, de 9 de diciembre, de transparencia, acceso a la información pública y buen gobierno","Ley 1/2022, de 13 de abril",26,JURIDICO
GENERAL,20,"Ley 19/2013, de 9 de diciembre, de transparencia, acceso a la información pública y buen gobierno","Ley 1/2022, de 13 de abril",27,JURIDICO
GENERAL,20,"Ley 19/2013, de 9 de diciembre, de transparencia, acceso a la información pública y buen gobierno","Ley 1/2022, de 13 de abril",28,JURIDICO
GENERAL,20,"Ley 19/2013, de 9 de diciembre, de transparencia, acceso a la información pública y buen gobierno","Ley 1/2022, de 13 de abril",29,JURIDICO
GENERAL,20,"Ley 19/2013, de 9 de diciembre, de transparencia, acceso a la información pública y buen gobierno","Ley 1/2022, de 13 de abril",30,JURIDICO
GENERAL,20,"Ley 19/2013, de 9 de diciembre, de transparencia, acceso a la información pública y buen gobierno","Ley 1/2022, de 13 de abril",31,JURIDICO
GENERAL,20,"Ley 19/2013, de 9 de diciembre, de transparencia, acceso a la información pública y buen gobierno","Ley 1/2022, de 13 de abril",32,JURIDICO
GENERAL,20,"Ley 19/2013, de 9 de diciembre, de transparencia, acceso a la información pública y buen gobierno","Ley 1/2022, de 13 de abril",33,JURIDICO
GENERAL,20,"Ley 19/2013, de 9 de diciembre, de transparencia, acceso a la información pública y buen gobierno","Ley 1/2022, de 13 de abril",34,JURIDICO
GENERAL,20,"Ley 19/2013, de 9 de diciembre, de transparencia, acceso a la información pública y buen gobierno","Ley 1/2022, de 13 de abril",35,JURIDICO
GENERAL,20,"Ley 19/2013, de 9 de diciembre, de transparencia, acceso a la información pública y buen gobierno","Ley 1/2022, de 13 de abril",36,JURIDICO
GENERAL,20,"Ley 19/2013, de 9 de diciembre, de transparencia, acceso a la información pública y buen gobierno","Ley 1/2022, de 13 de abril",37,JURIDICO
GENERAL,20,"Ley 19/2013, de 9 de diciembre, de transparencia, acceso a la información pública y buen gobierno","Ley 1/2022, de 13 de abril",38,JURIDICO
GENERAL,20,"Ley 19/2013, de 9 de diciembre, de transparencia, acceso a la información pública y buen gobierno","Ley 1/2022, de 13 de abril",39,JURIDICO
GENERAL,20,"Ley 19/2013, de 9 de diciembre, de transparencia, acceso a la información pública y buen gobierno","Ley 1/2022, de 13 de abril",40,JURIDICO
GENERAL,20,"Ley 19/2013, de 9 de diciembre, de transparencia, acceso a la información pública y buen gobierno","Ley 1/2022, de 13 de abril",41,JURIDICO
GENERAL,20,"Ley 19/2013, de 9 de diciembre, de transparencia, acceso a la información pública y buen gobierno","Ley 1/2022, de 13 de abril",42,JURIDICO
GENERAL,20,"Ley 19/2013, de 9 de diciembre, de transparencia, acceso a la información pública y buen gobierno","Ley 1/2022, de 13 de abril",43,JURIDICO
GENERAL,20,"Ley 19/2013, de 9 de diciembre, de transparencia, acceso a la información pública y buen gobierno","Ley 1/2022, de 13 de abril",44,JURIDICO
GENERAL,20,"Ley 19/2013, de 9 de diciembre, de transparencia, acceso a la información pública y buen gobierno","Ley 1/2022, de 13 de abril",45,JURIDICO
GENERAL,20,"Ley 19/2013, de 9 de diciembre, de transparencia, acceso a la información pública y buen gobierno","Ley 1/2022, de 13 de abril",46,JURIDICO
GENERAL,20,"Ley 19/2013, de 9 de diciembre, de transparencia, acceso a la información pública y buen gobierno","Ley 1/2022, de 13 de abril",47,JURIDICO
GENERAL,20,"Ley 19/2013, de 9 de diciembre, de transparencia, acceso a la información pública y buen gobierno","Ley 1/2022, de 13 de abril",48,JURIDICO
GENERAL,20,"Ley 19/2013, de 9 de diciembre, de transparencia, acceso a la información pública y buen gobierno","Ley 1/2022, de 13 de abril",49,JURIDICO
GENERAL,20,"Ley 19/2013, de 9 de diciembre, de transparencia, acceso a la información pública y buen gobierno","Ley 1/2022, de 13 de abril",50,JURIDICO
GENERAL,20,"Ley 19/2013, de 9 de diciembre, de transparencia, acceso a la información pública y buen gobierno","Ley 1/2022, de 13 de abril",51,JURIDICO
GENERAL,20,"Ley 19/2013, de 9 de diciembre, de transparencia, acceso a la información pública y buen gobierno","Ley 1/2022, de 13 de abril",52,JURIDICO
GENERAL,20,"Ley 19/2013, de 9 de diciembre, de transparencia, acceso a la información pública y buen gobierno","Ley 1/2022, de 13 de abril",53,JURIDICO
GENERAL,20,"Ley 19/2013, de 9 de diciembre, de transparencia, acceso a la información pública y buen gobierno","Ley 1/2022, de 13 de abril",54,JURIDICO
GENERAL,20,"Ley 19/2013, de 9 de diciembre, de transparencia, acceso a la información pública y buen gobierno","Ley 1/2022, de 13 de abril",55,JURIDICO
GENERAL,20,"Ley 19/2013, de 9 de diciembre, de transparencia, acceso a la información pública y buen gobierno","Ley 1/2022, de 13 de abril",56,JURIDICO
GENERAL,20,"Ley 19/2013, de 9 de diciembre, de transparencia, acceso a la información pública y buen gobierno","Ley 1/2022, de 13 de abril",57,JURIDICO
GENERAL,20,"Ley 19/2013, de 9 de diciembre, de transparencia, acceso a la información pública y buen gobierno","Ley 1/2022, de 13 de abril",58,JURIDICO
GENERAL,20,"Ley 19/2013, de 9 de diciembre, de transparencia, acceso a la información pública y buen gobierno","Ley 1/2022, de 13 de abril",59,JURIDICO
GENERAL,20,"Ley 19/2013, de 9 de diciembre, de transparencia, acceso a la información pública y buen gobierno","Ley 1/2022, de 13 de abril",60,JURIDICO
GENERAL,20,"Ley 19/2013, de 9 de diciembre, de transparencia, acceso a la información pública y buen gobierno","Ley 1/2022, de 13 de abril",61,JURIDICO
GENERAL,20,"Ley 19/2013, de 9 de diciembre, de transparencia, acceso a la información pública y buen gobierno","Ley 1/2022, de 13 de abril",62,JURIDICO
GENERAL,20,"Ley 19/2013, de 9 de diciembre, de transparencia, acceso a la información pública y buen gobierno","Ley 1/2022, de 13 de abril",63,JURIDICO
GENERAL,20,"Ley 19/2013, de 9 de diciembre, de transparencia, acceso a la información pública y buen gobierno","Ley 1/2022, de 13 de abril",64,JURIDICO
GENERAL,20,"Ley 19/2013, de 9 de diciembre, de transparencia, acceso a la información pública y buen gobierno","Ley 1/2022, de 13 de abril",65,JURIDICO
GENERAL,20,"Ley 19/2013, de 9 de diciembre, de transparencia, acceso a la información pública y buen gobierno","Ley 1/2022, de 13 de abril",66,JURIDICO
GENERAL,20,"Ley 19/2013, de 9 de diciembre, de transparencia, acceso a la información pública y buen gobierno","Ley 1/2022, de 13 de abril",67,JURIDICO
GENERAL,20,"Ley 19/2013, de 9 de diciembre, de transparencia, acceso a la información pública y buen gobierno","Ley 1/2022, de 13 de abril",68,JURIDICO
GENERAL,20,"Ley 19/2013, de 9 de diciembre, de transparencia, acceso a la información pública y buen gobierno","Ley 1/2022, de 13 de abril",69,JURIDICO
GENERAL,20,"Ley 19/2013, de 9 de diciembre, de transparencia, acceso a la información pública y buen gobierno","Ley 1/2022, de 13 de abril",70,JURIDICO
GENERAL,20,"Ley 19/2013, de 9 de diciembre, de transparencia, acceso a la información pública y buen gobierno","Ley 1/2022, de 13 de abril",71,JURIDICO
GENERAL,20,"Ley 19/2013, de 9 de diciembre, de transparencia, acceso a la información pública y buen gobierno","Ley 1/2022, de 13 de abril",72,JURIDICO
GENERAL,20,"Ley 19/2013, de 9 de diciembre, de transparencia, acceso a la información pública y buen gobierno","Ley 1/2022, de 13 de abril",73,JURIDICO
GENERAL,20,"Ley 19/2013, de 9 de diciembre, de transparencia, acceso a la información pública y buen gobierno","Ley 1/2022, de 13 de abril",74,JURIDICO
GENERAL,20,"Ley 19/2013, de 9 de diciembre, de transparencia, acceso a la información pública y buen gobierno","Ley 1/2022, de 13 de abril",75,JURIDICO
GENERAL,20,"Ley 19/2013, de 9 de diciembre, de transparencia, acceso a la información pública y buen gobierno","Ley 1/2022, de 13 de abril",76,JURIDICO
GENERAL,20,"Ley 19/2013, de 9 de diciembre, de transparencia, acceso a la información pública y buen gobierno","Ley 19/2013, de 9 de diciembre",1,JURIDICO
GENERAL,20,"Ley 19/2013, de 9 de diciembre, de transparencia, acceso a la información pública y buen gobierno","Ley 19/2013, de 9 de diciembre",2,JURIDICO
GENERAL,20,"Ley 19/2013, de 9 de diciembre, de transparencia, acceso a la información pública y buen gobierno","Ley 19/2013, de 9 de diciembre",3,JURIDICO
GENERAL,20,"Ley 19/2013, de 9 de diciembre, de transparencia, acceso a la información pública y buen gobierno","Ley 19/2013, de 9 de diciembre",4,JURIDICO
GENERAL,20,"Ley 19/2013, de 9 de diciembre, de transparencia, acceso a la información pública y buen gobierno","Ley 19/2013, de 9 de diciembre",5,JURIDICO
GENERAL,20,"Ley 19/2013, de 9 de diciembre, de transparencia, acceso a la información pública y buen gobierno","Ley 19/2013, de 9 de diciembre",6,JURIDICO
GENERAL,20,"Ley 19/2013, de 9 de diciembre, de transparencia, acceso a la información pública y buen gobierno","Ley 19/2013, de 9 de diciembre",6 bis,JURIDICO
GENERAL,20,"Ley 19/2013, de 9 de diciembre, de transparencia, acceso a la información pública y buen gobierno","Ley 19/2013, de 9 de diciembre",7,JURIDICO
GENERAL,20,"Ley 19/2013, de 9 de diciembre, de transparencia, acceso a la información pública y buen gobierno","Ley 19/2013, de 9 de diciembre",8,JURIDICO
GENERAL,20,"Ley 19/2013, de 9 de diciembre, de transparencia, acceso a la información pública y buen gobierno","Ley 19/2013, de 9 de diciembre",9,JURIDICO
GENERAL,20,"Ley 19/2013, de 9 de diciembre, de transparencia, acceso a la información pública y buen gobierno","Ley 19/2013, de 9 de diciembre",10,JURIDICO
GENERAL,20,"Ley 19/2013, de 9 de diciembre, de transparencia, acceso a la información pública y buen gobierno","Ley 19/2013, de 9 de diciembre",11,JURIDICO
GENERAL,20,"Ley 19/2013, de 9 de diciembre, de transparencia, acceso a la información pública y buen gobierno","Ley 19/2013, de 9 de diciembre",12,JURIDICO
GENERAL,20,"Ley 19/2013, de 9 de diciembre, de transparencia, acceso a la información pública y buen gobierno","Ley 19/2013, de 9 de diciembre",13,JURIDICO
GENERAL,20,"Ley 19/2013, de 9 de diciembre, de transparencia, acceso a la información pública y buen gobierno","Ley 19/2013, de 9 de diciembre",14,JURIDICO
GENERAL,20,"Ley 19/2013, de 9 de diciembre, de transparencia, acceso a la información pública y buen gobierno","Ley 19/2013, de 9 de diciembre",15,JURIDICO
GENERAL,20,"Ley 19/2013, de 9 de diciembre, de transparencia, acceso a la información pública y buen gobierno","Ley 19/2013, de 9 de diciembre",16,JURIDICO
GENERAL,20,"Ley 19/2013, de 9 de diciembre, de transparencia, acceso a la información pública y buen gobierno","Ley 19/2013, de 9 de diciembre",17,JURIDICO
GENERAL,20,"Ley 19/2013, de 9 de diciembre, de transparencia, acceso a la información pública y buen gobierno","Ley 19/2013, de 9 de diciembre",18,JURIDICO
GENERAL,20,"Ley 19/2013, de 9 de diciembre, de transparencia, acceso a la información pública y buen gobierno","Ley 19/2013, de 9 de diciembre",19,JURIDICO
GENERAL,20,"Ley 19/2013, de 9 de diciembre, de transparencia, acceso a la información pública y buen gobierno","Ley 19/2013, de 9 de diciembre",20,JURIDICO
GENERAL,20,"Ley 19/2013, de 9 de diciembre, de transparencia, acceso a la información pública y buen gobierno","Ley 19/2013, de 9 de diciembre",21,JURIDICO
GENERAL,20,"Ley 19/2013, de 9 de diciembre, de transparencia, acceso a la información pública y buen gobierno","Ley 19/2013, de 9 de diciembre",22,JURIDICO
GENERAL,20,"Ley 19/2013, de 9 de diciembre, de transparencia, acceso a la información pública y buen gobierno","Ley 19/2013, de 9 de diciembre",23,JURIDICO
GENERAL,20,"Ley 19/2013, de 9 de diciembre, de transparencia, acceso a la información pública y buen gobierno","Ley 19/2013, de 9 de diciembre",24,JURIDICO
ESPECIAL,1,"La Ley 39/2015, de 1 de octubre, del procedimiento administrativo común de las administraciones públicas","Ley 39/2015, de 1 de octubre (LPACAP)",1,JURIDICO
ESPECIAL,1,"La Ley 39/2015, de 1 de octubre, del procedimiento administrativo común de las administraciones públicas","Ley 39/2015, de 1 de octubre (LPACAP)",2,JURIDICO
ESPECIAL,1,"La Ley 39/2015, de 1 de octubre, del procedimiento administrativo común de las administraciones públicas","Ley 39/2015, de 1 de octubre (LPACAP)",3,JURIDICO
ESPECIAL,1,"La Ley 39/2015, de 1 de octubre, del procedimiento administrativo común de las administraciones públicas","Ley 39/2015, de 1 de octubre (LPACAP)",4,JURIDICO
ESPECIAL,1,"La Ley 39/2015, de 1 de octubre, del procedimiento administrativo común de las administraciones públicas","Ley 39/2015, de 1 de octubre (LPACAP)",5,JURIDICO
ESPECIAL,1,"La Ley 39/2015, de 1 de octubre, del procedimiento administrativo común de las administraciones públicas","Ley 39/2015, de 1 de octubre (LPACAP)",6,JURIDICO
ESPECIAL,1,"La Ley 39/2015, de 1 de octubre, del procedimiento administrativo común de las administraciones públicas","Ley 39/2015, de 1 de octubre (LPACAP)",7,JURIDICO
ESPECIAL,1,"La Ley 39/2015, de 1 de octubre, del procedimiento administrativo común de las administraciones públicas","Ley 39/2015, de 1 de octubre (LPACAP)",8,JURIDICO
ESPECIAL,1,"La Ley 39/2015, de 1 de octubre, del procedimiento administrativo común de las administraciones públicas","Ley 39/2015, de 1 de octubre (LPACAP)",9,JURIDICO
ESPECIAL,1,"La Ley 39/2015, de 1 de octubre, del procedimiento administrativo común de las administraciones públicas","Ley 39/2015, de 1 de octubre (LPACAP)",10,JURIDICO
ESPECIAL,1,"La Ley 39/2015, de 1 de octubre, del procedimiento administrativo común de las administraciones públicas","Ley 39/2015, de 1 de octubre (LPACAP)",11,JURIDICO
ESPECIAL,1,"La Ley 39/2015, de 1 de octubre, del procedimiento administrativo común de las administraciones públicas","Ley 39/2015, de 1 de octubre (LPACAP)",12,JURIDICO
ESPECIAL,1,"La Ley 39/2015, de 1 de octubre, del procedimiento administrativo común de las administraciones públicas","Ley 39/2015, de 1 de octubre (LPACAP)",13,JURIDICO
ESPECIAL,1,"La Ley 39/2015, de 1 de octubre, del procedimiento administrativo común de las administraciones públicas","Ley 39/2015, de 1 de octubre (LPACAP)",14,JURIDICO
ESPECIAL,1,"La Ley 39/2015, de 1 de octubre, del procedimiento administrativo común de las administraciones públicas","Ley 39/2015, de 1 de octubre (LPACAP)",15,JURIDICO
ESPECIAL,1,"La Ley 39/2015, de 1 de octubre, del procedimiento administrativo común de las administraciones públicas","Ley 39/2015, de 1 de octubre (LPACAP)",16,JURIDICO
ESPECIAL,1,"La Ley 39/2015, de 1 de octubre, del procedimiento administrativo común de las administraciones públicas","Ley 39/2015, de 1 de octubre (LPACAP)",17,JURIDICO
ESPECIAL,1,"La Ley 39/2015, de 1 de octubre, del procedimiento administrativo común de las administraciones públicas","Ley 39/2015, de 1 de octubre (LPACAP)",18,JURIDICO
ESPECIAL,1,"La Ley 39/2015, de 1 de octubre, del procedimiento administrativo común de las administraciones públicas","Ley 39/2015, de 1 de octubre (LPACAP)",19,JURIDICO
ESPECIAL,1,"La Ley 39/2015, de 1 de octubre, del procedimiento administrativo común de las administraciones públicas","Ley 39/2015, de 1 de octubre (LPACAP)",20,JURIDICO
ESPECIAL,1,"La Ley 39/2015, de 1 de octubre, del procedimiento administrativo común de las administraciones públicas","Ley 39/2015, de 1 de octubre (LPACAP)",21,JURIDICO
ESPECIAL,1,"La Ley 39/2015, de 1 de octubre, del procedimiento administrativo común de las administraciones públicas","Ley 39/2015, de 1 de octubre (LPACAP)",22,JURIDICO
ESPECIAL,1,"La Ley 39/2015, de 1 de octubre, del procedimiento administrativo común de las administraciones públicas","Ley 39/2015, de 1 de octubre (LPACAP)",23,JURIDICO
ESPECIAL,1,"La Ley 39/2015, de 1 de octubre, del procedimiento administrativo común de las administraciones públicas","Ley 39/2015, de 1 de octubre (LPACAP)",24,JURIDICO
ESPECIAL,1,"La Ley 39/2015, de 1 de octubre, del procedimiento administrativo común de las administraciones públicas","Ley 39/2015, de 1 de octubre (LPACAP)",25,JURIDICO
ESPECIAL,1,"La Ley 39/2015, de 1 de octubre, del procedimiento administrativo común de las administraciones públicas","Ley 39/2015, de 1 de octubre (LPACAP)",26,JURIDICO
ESPECIAL,1,"La Ley 39/2015, de 1 de octubre, del procedimiento administrativo común de las administraciones públicas","Ley 39/2015, de 1 de octubre (LPACAP)",27,JURIDICO
ESPECIAL,1,"La Ley 39/2015, de 1 de octubre, del procedimiento administrativo común de las administraciones públicas","Ley 39/2015, de 1 de octubre (LPACAP)",28,JURIDICO
ESPECIAL,1,"La Ley 39/2015, de 1 de octubre, del procedimiento administrativo común de las administraciones públicas","Ley 39/2015, de 1 de octubre (LPACAP)",29,JURIDICO
ESPECIAL,1,"La Ley 39/2015, de 1 de octubre, del procedimiento administrativo común de las administraciones públicas","Ley 39/2015, de 1 de octubre (LPACAP)",30,JURIDICO
ESPECIAL,1,"La Ley 39/2015, de 1 de octubre, del procedimiento administrativo común de las administraciones públicas","Ley 39/2015, de 1 de octubre (LPACAP)",31,JURIDICO
ESPECIAL,1,"La Ley 39/2015, de 1 de octubre, del procedimiento administrativo común de las administraciones públicas","Ley 39/2015, de 1 de octubre (LPACAP)",32,JURIDICO
ESPECIAL,1,"La Ley 39/2015, de 1 de octubre, del procedimiento administrativo común de las administraciones públicas","Ley 39/2015, de 1 de octubre (LPACAP)",33,JURIDICO
ESPECIAL,2,"La Ley 39/2015, de 1 de octubre, del procedimiento administrativo común de las administraciones públicas","Ley 39/2015, de 1 de octubre (LPACAP)",34,JURIDICO
ESPECIAL,2,"La Ley 39/2015, de 1 de octubre, del procedimiento administrativo común de las administraciones públicas","Ley 39/2015, de 1 de octubre (LPACAP)",36,JURIDICO
ESPECIAL,2,"La Ley 39/2015, de 1 de octubre, del procedimiento administrativo común de las administraciones públicas","Ley 39/2015, de 1 de octubre (LPACAP)",37,JURIDICO
ESPECIAL,2,"La Ley 39/2015, de 1 de octubre, del procedimiento administrativo común de las administraciones públicas","Ley 39/2015, de 1 de octubre (LPACAP)",38,JURIDICO
ESPECIAL,2,"La Ley 39/2015, de 1 de octubre, del procedimiento administrativo común de las administraciones públicas","Ley 39/2015, de 1 de octubre (LPACAP)",39,JURIDICO
ESPECIAL,2,"La Ley 39/2015, de 1 de octubre, del procedimiento administrativo común de las administraciones públicas","Ley 39/2015, de 1 de octubre (LPACAP)",40,JURIDICO
ESPECIAL,2,"La Ley 39/2015, de 1 de octubre, del procedimiento administrativo común de las administraciones públicas","Ley 39/2015, de 1 de octubre (LPACAP)",41,JURIDICO
ESPECIAL,2,"La Ley 39/2015, de 1 de octubre, del procedimiento administrativo común de las administraciones públicas","Ley 39/2015, de 1 de octubre (LPACAP)",42,JURIDICO
ESPECIAL,2,"La Ley 39/2015, de 1 de octubre, del procedimiento administrativo común de las administraciones públicas","Ley 39/2015, de 1 de octubre (LPACAP)",43,JURIDICO
ESPECIAL,2,"La Ley 39/2015, de 1 de octubre, del procedimiento administrativo común de las administraciones públicas","Ley 39/2015, de 1 de octubre (LPACAP)",44,JURIDICO
ESPECIAL,2,"La Ley 39/2015, de 1 de octubre, del procedimiento administrativo común de las administraciones públicas","Ley 39/2015, de 1 de octubre (LPACAP)",45,JURIDICO
ESPECIAL,2,"La Ley 39/2015, de 1 de octubre, del procedimiento administrativo común de las administraciones públicas","Ley 39/2015, de 1 de octubre (LPACAP)",46,JURIDICO
ESPECIAL,2,"La Ley 39/2015, de 1 de octubre, del procedimiento administrativo común de las administraciones públicas","Ley 39/2015, de 1 de octubre (LPACAP)",97,JURIDICO
ESPECIAL,2,"La Ley 39/2015, de 1 de octubre, del procedimiento administrativo común de las administraciones públicas","Ley 39/2015, de 1 de octubre (LPACAP)",98,JURIDICO
ESPECIAL,2,"La Ley 39/2015, de 1 de octubre, del procedimiento administrativo común de las administraciones públicas","Ley 39/2015, de 1 de octubre (LPACAP)",99,JURIDICO
ESPECIAL,2,"La Ley 39/2015, de 1 de octubre, del procedimiento administrativo común de las administraciones públicas","Ley 39/2015, de 1 de octubre (LPACAP)",100,JURIDICO
ESPECIAL,2,"La Ley 39/2015, de 1 de octubre, del procedimiento administrativo común de las administraciones públicas","Ley 39/2015, de 1 de octubre (LPACAP)",101,JURIDICO
ESPECIAL,2,"La Ley 39/2015, de 1 de octubre, del procedimiento administrativo común de las administraciones públicas","Ley 39/2015, de 1 de octubre (LPACAP)",102,JURIDICO
ESPECIAL,2,"La Ley 39/2015, de 1 de octubre, del procedimiento administrativo común de las administraciones públicas","Ley 39/2015, de 1 de octubre (LPACAP)",103,JURIDICO
ESPECIAL,2,"La Ley 39/2015, de 1 de octubre, del procedimiento administrativo común de las administraciones públicas","Ley 39/2015, de 1 de octubre (LPACAP)",104,JURIDICO
ESPECIAL,2,"La Ley 39/2015, de 1 de octubre, del procedimiento administrativo común de las administraciones públicas","Ley 39/2015, de 1 de octubre (LPACAP)",105,JURIDICO
ESPECIAL,3,"La Ley 39/2015, de 1 de octubre, del procedimiento administrativo común de las administraciones públicas","Ley 39/2015, de 1 de octubre (LPACAP)",47,JURIDICO
ESPECIAL,3,"La Ley 39/2015, de 1 de octubre, del procedimiento administrativo común de las administraciones públicas","Ley 39/2015, de 1 de octubre (LPACAP)",48,JURIDICO
ESPECIAL,3,"La Ley 39/2015, de 1 de octubre, del procedimiento administrativo común de las administraciones públicas","Ley 39/2015, de 1 de octubre (LPACAP)",49,JURIDICO
ESPECIAL,3,"La Ley 39/2015, de 1 de octubre, del procedimiento administrativo común de las administraciones públicas","Ley 39/2015, de 1 de octubre (LPACAP)",50,JURIDICO
ESPECIAL,3,"La Ley 39/2015, de 1 de octubre, del procedimiento administrativo común de las administraciones públicas","Ley 39/2015, de 1 de octubre (LPACAP)",51,JURIDICO
ESPECIAL,3,"La Ley 39/2015, de 1 de octubre, del procedimiento administrativo común de las administraciones públicas","Ley 39/2015, de 1 de octubre (LPACAP)",52,JURIDICO
ESPECIAL,4,"La Ley 39/2015, de 1 de octubre, del procedimiento administrativo común de las administraciones públicas","Ley 39/2015, de 1 de octubre (LPACAP)",53,JURIDICO
ESPECIAL,4,"La Ley 39/2015, de 1 de octubre, del procedimiento administrativo común de las administraciones públicas","Ley 39/2015, de 1 de octubre (LPACAP)",54,JURIDICO
ESPECIAL,4,"La Ley 39/2015, de 1 de octubre, del procedimiento administrativo común de las administraciones públicas","Ley 39/2015, de 1 de octubre (LPACAP)",55,JURIDICO
ESPECIAL,4,"La Ley 39/2015, de 1 de octubre, del procedimiento administrativo común de las administraciones públicas","Ley 39/2015, de 1 de octubre (LPACAP)",56,JURIDICO
ESPECIAL,4,"La Ley 39/2015, de 1 de octubre, del procedimiento administrativo común de las administraciones públicas","Ley 39/2015, de 1 de octubre (LPACAP)",57,JURIDICO
ESPECIAL,4,"La Ley 39/2015, de 1 de octubre, del procedimiento administrativo común de las administraciones públicas","Ley 39/2015, de 1 de octubre (LPACAP)",58,JURIDICO
ESPECIAL,4,"La Ley 39/2015, de 1 de octubre, del procedimiento administrativo común de las administraciones públicas","Ley 39/2015, de 1 de octubre (LPACAP)",59,JURIDICO
ESPECIAL,4,"La Ley 39/2015, de 1 de octubre, del procedimiento administrativo común de las administraciones públicas","Ley 39/2015, de 1 de octubre (LPACAP)",60,JURIDICO
ESPECIAL,4,"La Ley 39/2015, de 1 de octubre, del procedimiento administrativo común de las administraciones públicas","Ley 39/2015, de 1 de octubre (LPACAP)",61,JURIDICO
ESPECIAL,4,"La Ley 39/2015, de 1 de octubre, del procedimiento administrativo común de las administraciones públicas","Ley 39/2015, de 1 de octubre (LPACAP)",62,JURIDICO
ESPECIAL,4,"La Ley 39/2015, de 1 de octubre, del procedimiento administrativo común de las administraciones públicas","Ley 39/2015, de 1 de octubre (LPACAP)",63,JURIDICO
ESPECIAL,4,"La Ley 39/2015, de 1 de octubre, del procedimiento administrativo común de las administraciones públicas","Ley 39/2015, de 1 de octubre (LPACAP)",64,JURIDICO
ESPECIAL,4,"La Ley 39/2015, de 1 de octubre, del procedimiento administrativo común de las administraciones públicas","Ley 39/2015, de 1 de octubre (LPACAP)",65,JURIDICO
ESPECIAL,4,"La Ley 39/2015, de 1 de octubre, del procedimiento administrativo común de las administraciones públicas","Ley 39/2015, de 1 de octubre (LPACAP)",66,JURIDICO
ESPECIAL,4,"La Ley 39/2015, de 1 de octubre, del procedimiento administrativo común de las administraciones públicas","Ley 39/2015, de 1 de octubre (LPACAP)",71,JURIDICO
ESPECIAL,4,"La Ley 39/2015, de 1 de octubre, del procedimiento administrativo común de las administraciones públicas","Ley 39/2015, de 1 de octubre (LPACAP)",72,JURIDICO
ESPECIAL,4,"La Ley 39/2015, de 1 de octubre, del procedimiento administrativo común de las administraciones públicas","Ley 39/2015, de 1 de octubre (LPACAP)",73,JURIDICO
ESPECIAL,4,"La Ley 39/2015, de 1 de octubre, del procedimiento administrativo común de las administraciones públicas","Ley 39/2015, de 1 de octubre (LPACAP)",74,JURIDICO
ESPECIAL,4,"La Ley 39/2015, de 1 de octubre, del procedimiento administrativo común de las administraciones públicas","Ley 39/2015, de 1 de octubre (LPACAP)",75,JURIDICO
ESPECIAL,4,"La Ley 39/2015, de 1 de octubre, del procedimiento administrativo común de las administraciones públicas","Ley 39/2015, de 1 de octubre (LPACAP)",76,JURIDICO
ESPECIAL,4,"La Ley 39/2015, de 1 de octubre, del procedimiento administrativo común de las administraciones públicas","Ley 39/2015, de 1 de octubre (LPACAP)",77,JURIDICO
ESPECIAL,4,"La Ley 39/2015, de 1 de octubre, del procedimiento administrativo común de las administraciones públicas","Ley 39/2015, de 1 de octubre (LPACAP)",78,JURIDICO
ESPECIAL,4,"La Ley 39/2015, de 1 de octubre, del procedimiento administrativo común de las administraciones públicas","Ley 39/2015, de 1 de octubre (LPACAP)",79,JURIDICO
ESPECIAL,4,"La Ley 39/2015, de 1 de octubre, del procedimiento administrativo común de las administraciones públicas","Ley 39/2015, de 1 de octubre (LPACAP)",85,JURIDICO
ESPECIAL,4,"La Ley 39/2015, de 1 de octubre, del procedimiento administrativo común de las administraciones públicas","Ley 39/2015, de 1 de octubre (LPACAP)",86,JURIDICO
ESPECIAL,4,"La Ley 39/2015, de 1 de octubre, del procedimiento administrativo común de las administraciones públicas","Ley 39/2015, de 1 de octubre (LPACAP)",87,JURIDICO
ESPECIAL,4,"La Ley 39/2015, de 1 de octubre, del procedimiento administrativo común de las administraciones públicas","Ley 39/2015, de 1 de octubre (LPACAP)",88,JURIDICO
ESPECIAL,4,"La Ley 39/2015, de 1 de octubre, del procedimiento administrativo común de las administraciones públicas","Ley 39/2015, de 1 de octubre (LPACAP)",89,JURIDICO
ESPECIAL,4,"La Ley 39/2015, de 1 de octubre, del procedimiento administrativo común de las administraciones públicas","Ley 39/2015, de 1 de octubre (LPACAP)",90,JURIDICO
ESPECIAL,4,"La Ley 39/2015, de 1 de octubre, del procedimiento administrativo común de las administraciones públicas","Ley 39/2015, de 1 de octubre (LPACAP)",91,JURIDICO
ESPECIAL,4,"La Ley 39/2015, de 1 de octubre, del procedimiento administrativo común de las administraciones públicas","Ley 39/2015, de 1 de octubre (LPACAP)",92,JURIDICO
ESPECIAL,4,"La Ley 39/2015, de 1 de octubre, del procedimiento administrativo común de las administraciones públicas","Ley 39/2015, de 1 de octubre (LPACAP)",93,JURIDICO
ESPECIAL,4,"La Ley 39/2015, de 1 de octubre, del procedimiento administrativo común de las administraciones públicas","Ley 39/2015, de 1 de octubre (LPACAP)",94,JURIDICO
ESPECIAL,4,"La Ley 39/2015, de 1 de octubre, del procedimiento administrativo común de las administraciones públicas","Ley 39/2015, de 1 de octubre (LPACAP)",95,JURIDICO
ESPECIAL,4,"La Ley 39/2015, de 1 de octubre, del procedimiento administrativo común de las administraciones públicas","Ley 39/2015, de 1 de octubre (LPACAP)",96,JURIDICO
ESPECIAL,5,"La Ley 39/2015, de 1 de octubre, del procedimiento administrativo común de las administraciones públicas","Ley 39/2015, de 1 de octubre (LPACAP)",106,JURIDICO
ESPECIAL,5,"La Ley 39/2015, de 1 de octubre, del procedimiento administrativo común de las administraciones públicas","Ley 39/2015, de 1 de octubre (LPACAP)",107,JURIDICO
ESPECIAL,5,"La Ley 39/2015, de 1 de octubre, del procedimiento administrativo común de las administraciones públicas","Ley 39/2015, de 1 de octubre (LPACAP)",108,JURIDICO
ESPECIAL,5,"La Ley 39/2015, de 1 de octubre, del procedimiento administrativo común de las administraciones públicas","Ley 39/2015, de 1 de octubre (LPACAP)",109,JURIDICO
ESPECIAL,5,"La Ley 39/2015, de 1 de octubre, del procedimiento administrativo común de las administraciones públicas","Ley 39/2015, de 1 de octubre (LPACAP)",110,JURIDICO
ESPECIAL,5,"La Ley 39/2015, de 1 de octubre, del procedimiento administrativo común de las administraciones públicas","Ley 39/2015, de 1 de octubre (LPACAP)",111,JURIDICO
ESPECIAL,5,"La Ley 39/2015, de 1 de octubre, del procedimiento administrativo común de las administraciones públicas","Ley 39/2015, de 1 de octubre (LPACAP)",112,JURIDICO
ESPECIAL,5,"La Ley 39/2015, de 1 de octubre, del procedimiento administrativo común de las administraciones públicas","Ley 39/2015, de 1 de octubre (LPACAP)",113,JURIDICO
ESPECIAL,5,"La Ley 39/2015, de 1 de octubre, del procedimiento administrativo común de las administraciones públicas","Ley 39/2015, de 1 de octubre (LPACAP)",114,JURIDICO
ESPECIAL,5,"La Ley 39/2015, de 1 de octubre, del procedimiento administrativo común de las administraciones públicas","Ley 39/2015, de 1 de octubre (LPACAP)",115,JURIDICO
ESPECIAL,5,"La Ley 39/2015, de 1 de octubre, del procedimiento administrativo común de las administraciones públicas","Ley 39/2015, de 1 de octubre (LPACAP)",116,JURIDICO
ESPECIAL,5,"La Ley 39/2015, de 1 de octubre, del procedimiento administrativo común de las administraciones públicas","Ley 39/2015, de 1 de octubre (LPACAP)",117,JURIDICO
ESPECIAL,5,"La Ley 39/2015, de 1 de octubre, del procedimiento administrativo común de las administraciones públicas","Ley 39/2015, de 1 de octubre (LPACAP)",118,JURIDICO
ESPECIAL,5,"La Ley 39/2015, de 1 de octubre, del procedimiento administrativo común de las administraciones públicas","Ley 39/2015, de 1 de octubre (LPACAP)",119,JURIDICO
ESPECIAL,5,"La Ley 39/2015, de 1 de octubre, del procedimiento administrativo común de las administraciones públicas","Ley 39/2015, de 1 de octubre (LPACAP)",120,JURIDICO
ESPECIAL,5,"La Ley 39/2015, de 1 de octubre, del procedimiento administrativo común de las administraciones públicas","Ley 39/2015, de 1 de octubre (LPACAP)",121,JURIDICO
ESPECIAL,5,"La Ley 39/2015, de 1 de octubre, del procedimiento administrativo común de las administraciones públicas","Ley 39/2015, de 1 de octubre (LPACAP)",122,JURIDICO
ESPECIAL,5,"La Ley 39/2015, de 1 de octubre, del procedimiento administrativo común de las administraciones públicas","Ley 39/2015, de 1 de octubre (LPACAP)",123,JURIDICO
ESPECIAL,5,"La Ley 39/2015, de 1 de octubre, del procedimiento administrativo común de las administraciones públicas","Ley 39/2015, de 1 de octubre (LPACAP)",124,JURIDICO
ESPECIAL,5,"La Ley 39/2015, de 1 de octubre, del procedimiento administrativo común de las administraciones públicas","Ley 39/2015, de 1 de octubre (LPACAP)",125,JURIDICO
ESPECIAL,5,"La Ley 39/2015, de 1 de octubre, del procedimiento administrativo común de las administraciones públicas","Ley 39/2015, de 1 de octubre (LPACAP)",126,JURIDICO
ESPECIAL,6,La Administración pública como persona jurídica. Las potestades administrativas. La actividad discrecional: sus límites y control. Órganos y competencias del orden jurisdiccional contencioso-administrativo. Ejecución de sentencias. Conflictos de jurisdicción entre los tribunales de justicia y la Administración.,Ley 29/1998 (LJCA),1,JURIDICO
ESPECIAL,6,La Administración pública como persona jurídica. Las potestades administrativas. La actividad discrecional: sus límites y control. Órganos y competencias del orden jurisdiccional contencioso-administrativo. Ejecución de sentencias. Conflictos de jurisdicción entre los tribunales de justicia y la Administración.,Ley 29/1998 (LJCA),2,JURIDICO
ESPECIAL,6,La Administración pública como persona jurídica. Las potestades administrativas. La actividad discrecional: sus límites y control. Órganos y competencias del orden jurisdiccional contencioso-administrativo. Ejecución de sentencias. Conflictos de jurisdicción entre los tribunales de justicia y la Administración.,Ley 29/1998 (LJCA),3,JURIDICO
ESPECIAL,6,La Administración pública como persona jurídica. Las potestades administrativas. La actividad discrecional: sus límites y control. Órganos y competencias del orden jurisdiccional contencioso-administrativo. Ejecución de sentencias. Conflictos de jurisdicción entre los tribunales de justicia y la Administración.,Ley 29/1998 (LJCA),4,JURIDICO
ESPECIAL,6,La Administración pública como persona jurídica. Las potestades administrativas. La actividad discrecional: sus límites y control. Órganos y competencias del orden jurisdiccional contencioso-administrativo. Ejecución de sentencias. Conflictos de jurisdicción entre los tribunales de justicia y la Administración.,Ley 29/1998 (LJCA),5,JURIDICO
ESPECIAL,6,La Administración pública como persona jurídica. Las potestades administrativas. La actividad discrecional: sus límites y control. Órganos y competencias del orden jurisdiccional contencioso-administrativo. Ejecución de sentencias. Conflictos de jurisdicción entre los tribunales de justicia y la Administración.,Ley 29/1998 (LJCA),6,JURIDICO
ESPECIAL,6,La Administración pública como persona jurídica. Las potestades administrativas. La actividad discrecional: sus límites y control. Órganos y competencias del orden jurisdiccional contencioso-administrativo. Ejecución de sentencias. Conflictos de jurisdicción entre los tribunales de justicia y la Administración.,Ley 29/1998 (LJCA),7,JURIDICO
ESPECIAL,6,La Administración pública como persona jurídica. Las potestades administrativas. La actividad discrecional: sus límites y control. Órganos y competencias del orden jurisdiccional contencioso-administrativo. Ejecución de sentencias. Conflictos de jurisdicción entre los tribunales de justicia y la Administración.,Ley 29/1998 (LJCA),8,JURIDICO
ESPECIAL,6,La Administración pública como persona jurídica. Las potestades administrativas. La actividad discrecional: sus límites y control. Órganos y competencias del orden jurisdiccional contencioso-administrativo. Ejecución de sentencias. Conflictos de jurisdicción entre los tribunales de justicia y la Administración.,Ley 29/1998 (LJCA),9,JURIDICO
ESPECIAL,6,La Administración pública como persona jurídica. Las potestades administrativas. La actividad discrecional: sus límites y control. Órganos y competencias del orden jurisdiccional contencioso-administrativo. Ejecución de sentencias. Conflictos de jurisdicción entre los tribunales de justicia y la Administración.,Ley 29/1998 (LJCA),10,JURIDICO
ESPECIAL,6,La Administración pública como persona jurídica. Las potestades administrativas. La actividad discrecional: sus límites y control. Órganos y competencias del orden jurisdiccional contencioso-administrativo. Ejecución de sentencias. Conflictos de jurisdicción entre los tribunales de justicia y la Administración.,Ley 29/1998 (LJCA),11,JURIDICO
ESPECIAL,6,La Administración pública como persona jurídica. Las potestades administrativas. La actividad discrecional: sus límites y control. Órganos y competencias del orden jurisdiccional contencioso-administrativo. Ejecución de sentencias. Conflictos de jurisdicción entre los tribunales de justicia y la Administración.,Ley 29/1998 (LJCA),12,JURIDICO
ESPECIAL,6,La Administración pública como persona jurídica. Las potestades administrativas. La actividad discrecional: sus límites y control. Órganos y competencias del orden jurisdiccional contencioso-administrativo. Ejecución de sentencias. Conflictos de jurisdicción entre los tribunales de justicia y la Administración.,Ley 29/1998 (LJCA),13,JURIDICO
ESPECIAL,6,La Administración pública como persona jurídica. Las potestades administrativas. La actividad discrecional: sus límites y control. Órganos y competencias del orden jurisdiccional contencioso-administrativo. Ejecución de sentencias. Conflictos de jurisdicción entre los tribunales de justicia y la Administración.,Ley 29/1998 (LJCA),103,JURIDICO
ESPECIAL,6,La Administración pública como persona jurídica. Las potestades administrativas. La actividad discrecional: sus límites y control. Órganos y competencias del orden jurisdiccional contencioso-administrativo. Ejecución de sentencias. Conflictos de jurisdicción entre los tribunales de justicia y la Administración.,Ley 29/1998 (LJCA),104,JURIDICO
ESPECIAL,6,La Administración pública como persona jurídica. Las potestades administrativas. La actividad discrecional: sus límites y control. Órganos y competencias del orden jurisdiccional contencioso-administrativo. Ejecución de sentencias. Conflictos de jurisdicción entre los tribunales de justicia y la Administración.,Ley 29/1998 (LJCA),105,JURIDICO
ESPECIAL,6,La Administración pública como persona jurídica. Las potestades administrativas. La actividad discrecional: sus límites y control. Órganos y competencias del orden jurisdiccional contencioso-administrativo. Ejecución de sentencias. Conflictos de jurisdicción entre los tribunales de justicia y la Administración.,Ley 29/1998 (LJCA),106,JURIDICO
ESPECIAL,6,La Administración pública como persona jurídica. Las potestades administrativas. La actividad discrecional: sus límites y control. Órganos y competencias del orden jurisdiccional contencioso-administrativo. Ejecución de sentencias. Conflictos de jurisdicción entre los tribunales de justicia y la Administración.,Ley 29/1998 (LJCA),107,JURIDICO
ESPECIAL,6,La Administración pública como persona jurídica. Las potestades administrativas. La actividad discrecional: sus límites y control. Órganos y competencias del orden jurisdiccional contencioso-administrativo. Ejecución de sentencias. Conflictos de jurisdicción entre los tribunales de justicia y la Administración.,Ley 29/1998 (LJCA),108,JURIDICO
ESPECIAL,6,La Administración pública como persona jurídica. Las potestades administrativas. La actividad discrecional: sus límites y control. Órganos y competencias del orden jurisdiccional contencioso-administrativo. Ejecución de sentencias. Conflictos de jurisdicción entre los tribunales de justicia y la Administración.,Ley 29/1998 (LJCA),109,JURIDICO
ESPECIAL,6,La Administración pública como persona jurídica. Las potestades administrativas. La actividad discrecional: sus límites y control. Órganos y competencias del orden jurisdiccional contencioso-administrativo. Ejecución de sentencias. Conflictos de jurisdicción entre los tribunales de justicia y la Administración.,Ley 29/1998 (LJCA),112,JURIDICO
ESPECIAL,6,La Administración pública como persona jurídica. Las potestades administrativas. La actividad discrecional: sus límites y control. Órganos y competencias del orden jurisdiccional contencioso-administrativo. Ejecución de sentencias. Conflictos de jurisdicción entre los tribunales de justicia y la Administración.,Ley 29/1998 (LJCA),113,JURIDICO
ESPECIAL,6,La Administración pública como persona jurídica. Las potestades administrativas. La actividad discrecional: sus límites y control. Órganos y competencias del orden jurisdiccional contencioso-administrativo. Ejecución de sentencias. Conflictos de jurisdicción entre los tribunales de justicia y la Administración.,"Ley 39/2015, de 1 de octubre (LPACAP)","35,1",JURIDICO
ESPECIAL,6,La Administración pública como persona jurídica. Las potestades administrativas. La actividad discrecional: sus límites y control. Órganos y competencias del orden jurisdiccional contencioso-administrativo. Ejecución de sentencias. Conflictos de jurisdicción entre los tribunales de justicia y la Administración.,"Ley 39/2015, de 1 de octubre (LPACAP)","47,1",JURIDICO
ESPECIAL,6,La Administración pública como persona jurídica. Las potestades administrativas. La actividad discrecional: sus límites y control. Órganos y competencias del orden jurisdiccional contencioso-administrativo. Ejecución de sentencias. Conflictos de jurisdicción entre los tribunales de justicia y la Administración.,"Ley 39/2015, de 1 de octubre (LPACAP)","48,1",JURIDICO
ESPECIAL,6,La Administración pública como persona jurídica. Las potestades administrativas. La actividad discrecional: sus límites y control. Órganos y competencias del orden jurisdiccional contencioso-administrativo. Ejecución de sentencias. Conflictos de jurisdicción entre los tribunales de justicia y la Administración.,LEY 40/2015,"3,4",JURIDICO
ESPECIAL,6,La Administración pública como persona jurídica. Las potestades administrativas. La actividad discrecional: sus límites y control. Órganos y competencias del orden jurisdiccional contencioso-administrativo. Ejecución de sentencias. Conflictos de jurisdicción entre los tribunales de justicia y la Administración.,LEY 40/2015,8,JURIDICO
ESPECIAL,6,La Administración pública como persona jurídica. Las potestades administrativas. La actividad discrecional: sus límites y control. Órganos y competencias del orden jurisdiccional contencioso-administrativo. Ejecución de sentencias. Conflictos de jurisdicción entre los tribunales de justicia y la Administración.,LEY 40/2015,9,JURIDICO
ESPECIAL,6,La Administración pública como persona jurídica. Las potestades administrativas. La actividad discrecional: sus límites y control. Órganos y competencias del orden jurisdiccional contencioso-administrativo. Ejecución de sentencias. Conflictos de jurisdicción entre los tribunales de justicia y la Administración.,LEY 40/2015,10,JURIDICO
ESPECIAL,6,La Administración pública como persona jurídica. Las potestades administrativas. La actividad discrecional: sus límites y control. Órganos y competencias del orden jurisdiccional contencioso-administrativo. Ejecución de sentencias. Conflictos de jurisdicción entre los tribunales de justicia y la Administración.,LEY 40/2015,11,JURIDICO
ESPECIAL,6,La Administración pública como persona jurídica. Las potestades administrativas. La actividad discrecional: sus límites y control. Órganos y competencias del orden jurisdiccional contencioso-administrativo. Ejecución de sentencias. Conflictos de jurisdicción entre los tribunales de justicia y la Administración.,LEY 40/2015,12,JURIDICO
ESPECIAL,6,La Administración pública como persona jurídica. Las potestades administrativas. La actividad discrecional: sus límites y control. Órganos y competencias del orden jurisdiccional contencioso-administrativo. Ejecución de sentencias. Conflictos de jurisdicción entre los tribunales de justicia y la Administración.,LEY 40/2015,13,JURIDICO
ESPECIAL,6,La Administración pública como persona jurídica. Las potestades administrativas. La actividad discrecional: sus límites y control. Órganos y competencias del orden jurisdiccional contencioso-administrativo. Ejecución de sentencias. Conflictos de jurisdicción entre los tribunales de justicia y la Administración.,LEY 40/2015,14,JURIDICO
ESPECIAL,6,La Administración pública como persona jurídica. Las potestades administrativas. La actividad discrecional: sus límites y control. Órganos y competencias del orden jurisdiccional contencioso-administrativo. Ejecución de sentencias. Conflictos de jurisdicción entre los tribunales de justicia y la Administración.,"Ley Orgánica 2/1987, de 18 de mayo",1,JURIDICO
ESPECIAL,6,La Administración pública como persona jurídica. Las potestades administrativas. La actividad discrecional: sus límites y control. Órganos y competencias del orden jurisdiccional contencioso-administrativo. Ejecución de sentencias. Conflictos de jurisdicción entre los tribunales de justicia y la Administración.,"Ley Orgánica 2/1987, de 18 de mayo",2,JURIDICO
ESPECIAL,6,La Administración pública como persona jurídica. Las potestades administrativas. La actividad discrecional: sus límites y control. Órganos y competencias del orden jurisdiccional contencioso-administrativo. Ejecución de sentencias. Conflictos de jurisdicción entre los tribunales de justicia y la Administración.,"Ley Orgánica 2/1987, de 18 de mayo",3,JURIDICO
ESPECIAL,6,La Administración pública como persona jurídica. Las potestades administrativas. La actividad discrecional: sus límites y control. Órganos y competencias del orden jurisdiccional contencioso-administrativo. Ejecución de sentencias. Conflictos de jurisdicción entre los tribunales de justicia y la Administración.,"Ley Orgánica 2/1987, de 18 de mayo",9,JURIDICO
ESPECIAL,6,La Administración pública como persona jurídica. Las potestades administrativas. La actividad discrecional: sus límites y control. Órganos y competencias del orden jurisdiccional contencioso-administrativo. Ejecución de sentencias. Conflictos de jurisdicción entre los tribunales de justicia y la Administración.,"Ley Orgánica 2/1987, de 18 de mayo",10,JURIDICO
ESPECIAL,6,La Administración pública como persona jurídica. Las potestades administrativas. La actividad discrecional: sus límites y control. Órganos y competencias del orden jurisdiccional contencioso-administrativo. Ejecución de sentencias. Conflictos de jurisdicción entre los tribunales de justicia y la Administración.,"Ley Orgánica 2/1987, de 18 de mayo",11,JURIDICO
ESPECIAL,6,La Administración pública como persona jurídica. Las potestades administrativas. La actividad discrecional: sus límites y control. Órganos y competencias del orden jurisdiccional contencioso-administrativo. Ejecución de sentencias. Conflictos de jurisdicción entre los tribunales de justicia y la Administración.,"Ley Orgánica 2/1987, de 18 de mayo",12,JURIDICO
ESPECIAL,6,La Administración pública como persona jurídica. Las potestades administrativas. La actividad discrecional: sus límites y control. Órganos y competencias del orden jurisdiccional contencioso-administrativo. Ejecución de sentencias. Conflictos de jurisdicción entre los tribunales de justicia y la Administración.,"Ley Orgánica 2/1987, de 18 de mayo",13,JURIDICO
ESPECIAL,6,La Administración pública como persona jurídica. Las potestades administrativas. La actividad discrecional: sus límites y control. Órganos y competencias del orden jurisdiccional contencioso-administrativo. Ejecución de sentencias. Conflictos de jurisdicción entre los tribunales de justicia y la Administración.,"Ley Orgánica 2/1987, de 18 de mayo",14,JURIDICO
ESPECIAL,6,La Administración pública como persona jurídica. Las potestades administrativas. La actividad discrecional: sus límites y control. Órganos y competencias del orden jurisdiccional contencioso-administrativo. Ejecución de sentencias. Conflictos de jurisdicción entre los tribunales de justicia y la Administración.,"Ley Orgánica 2/1987, de 18 de mayo",15,JURIDICO
ESPECIAL,6,La Administración pública como persona jurídica. Las potestades administrativas. La actividad discrecional: sus límites y control. Órganos y competencias del orden jurisdiccional contencioso-administrativo. Ejecución de sentencias. Conflictos de jurisdicción entre los tribunales de justicia y la Administración.,"Ley Orgánica 2/1987, de 18 de mayo",16,JURIDICO
ESPECIAL,6,La Administración pública como persona jurídica. Las potestades administrativas. La actividad discrecional: sus límites y control. Órganos y competencias del orden jurisdiccional contencioso-administrativo. Ejecución de sentencias. Conflictos de jurisdicción entre los tribunales de justicia y la Administración.,"Ley Orgánica 2/1987, de 18 de mayo",17,JURIDICO
ESPECIAL,6,La Administración pública como persona jurídica. Las potestades administrativas. La actividad discrecional: sus límites y control. Órganos y competencias del orden jurisdiccional contencioso-administrativo. Ejecución de sentencias. Conflictos de jurisdicción entre los tribunales de justicia y la Administración.,"Ley Orgánica 2/1987, de 18 de mayo",18,JURIDICO
ESPECIAL,6,La Administración pública como persona jurídica. Las potestades administrativas. La actividad discrecional: sus límites y control. Órganos y competencias del orden jurisdiccional contencioso-administrativo. Ejecución de sentencias. Conflictos de jurisdicción entre los tribunales de justicia y la Administración.,"Ley Orgánica 2/1987, de 18 de mayo",19,JURIDICO
ESPECIAL,6,La Administración pública como persona jurídica. Las potestades administrativas. La actividad discrecional: sus límites y control. Órganos y competencias del orden jurisdiccional contencioso-administrativo. Ejecución de sentencias. Conflictos de jurisdicción entre los tribunales de justicia y la Administración.,"Ley Orgánica 2/1987, de 18 de mayo",20,JURIDICO
ESPECIAL,6,La Administración pública como persona jurídica. Las potestades administrativas. La actividad discrecional: sus límites y control. Órganos y competencias del orden jurisdiccional contencioso-administrativo. Ejecución de sentencias. Conflictos de jurisdicción entre los tribunales de justicia y la Administración.,"Ley Orgánica 2/1987, de 18 de mayo",21,JURIDICO
ESPECIAL,6,La Administración pública como persona jurídica. Las potestades administrativas. La actividad discrecional: sus límites y control. Órganos y competencias del orden jurisdiccional contencioso-administrativo. Ejecución de sentencias. Conflictos de jurisdicción entre los tribunales de justicia y la Administración.,Ley Orgánica 6/1985 (LOPJ),38,JURIDICO
ESPECIAL,7,Principios de organización administrativa. Los órganos de la Administración pública. Potestad organizadora. Clases de órganos. La competencia. La jerarquía.,Ley 40/2015,5,JURIDICO
ESPECIAL,7,Principios de organización administrativa. Los órganos de la Administración pública. Potestad organizadora. Clases de órganos. La competencia. La jerarquía.,Ley 40/2015,6,JURIDICO
ESPECIAL,7,Principios de organización administrativa. Los órganos de la Administración pública. Potestad organizadora. Clases de órganos. La competencia. La jerarquía.,Ley 40/2015,7,JURIDICO
ESPECIAL,8,La responsabilidad patrimonial de la Administración. Principios y presupuestos de la responsabilidad patrimonial. Responsabilidad de las autoridades y personal al servicio de las administraciones públicas.,Ley 40/2015,32,JURIDICO
ESPECIAL,8,La responsabilidad patrimonial de la Administración. Principios y presupuestos de la responsabilidad patrimonial. Responsabilidad de las autoridades y personal al servicio de las administraciones públicas.,Ley 40/2015,33,JURIDICO
ESPECIAL,8,La responsabilidad patrimonial de la Administración. Principios y presupuestos de la responsabilidad patrimonial. Responsabilidad de las autoridades y personal al servicio de las administraciones públicas.,Ley 40/2015,34,JURIDICO
ESPECIAL,8,La responsabilidad patrimonial de la Administración. Principios y presupuestos de la responsabilidad patrimonial. Responsabilidad de las autoridades y personal al servicio de las administraciones públicas.,Ley 40/2015,35,JURIDICO
ESPECIAL,8,La responsabilidad patrimonial de la Administración. Principios y presupuestos de la responsabilidad patrimonial. Responsabilidad de las autoridades y personal al servicio de las administraciones públicas.,Ley 40/2015,36,JURIDICO
ESPECIAL,8,La responsabilidad patrimonial de la Administración. Principios y presupuestos de la responsabilidad patrimonial. Responsabilidad de las autoridades y personal al servicio de las administraciones públicas.,Ley 40/2015,37,JURIDICO
ESPECIAL,9,La potestad sancionadora de la Administración. Principios generales. Especialidades del procedimiento en materia sancionadora.,Ley 40/2015,25,JURIDICO
ESPECIAL,9,La potestad sancionadora de la Administración. Principios generales. Especialidades del procedimiento en materia sancionadora.,Ley 40/2015,26,JURIDICO
ESPECIAL,9,La potestad sancionadora de la Administración. Principios generales. Especialidades del procedimiento en materia sancionadora.,Ley 40/2015,27,JURIDICO
ESPECIAL,9,La potestad sancionadora de la Administración. Principios generales. Especialidades del procedimiento en materia sancionadora.,Ley 40/2015,28,JURIDICO
ESPECIAL,9,La potestad sancionadora de la Administración. Principios generales. Especialidades del procedimiento en materia sancionadora.,Ley 40/2015,29,JURIDICO
ESPECIAL,9,La potestad sancionadora de la Administración. Principios generales. Especialidades del procedimiento en materia sancionadora.,Ley 40/2015,30,JURIDICO
ESPECIAL,9,La potestad sancionadora de la Administración. Principios generales. Especialidades del procedimiento en materia sancionadora.,Ley 40/2015,31,JURIDICO
ESPECIAL,10,"Expropiación forzosa: fundamento y naturaleza. Sujetos, objeto y causa de la expropiación. Procedimiento general. Peculiaridades del procedimiento de urgencia.",Ley de 16 de diciembre de 1954,1,JURIDICO
ESPECIAL,10,"Expropiación forzosa: fundamento y naturaleza. Sujetos, objeto y causa de la expropiación. Procedimiento general. Peculiaridades del procedimiento de urgencia.",Ley de 16 de diciembre de 1954,2,JURIDICO
ESPECIAL,10,"Expropiación forzosa: fundamento y naturaleza. Sujetos, objeto y causa de la expropiación. Procedimiento general. Peculiaridades del procedimiento de urgencia.",Ley de 16 de diciembre de 1954,3,JURIDICO
ESPECIAL,10,"Expropiación forzosa: fundamento y naturaleza. Sujetos, objeto y causa de la expropiación. Procedimiento general. Peculiaridades del procedimiento de urgencia.",Ley de 16 de diciembre de 1954,4,JURIDICO
ESPECIAL,10,"Expropiación forzosa: fundamento y naturaleza. Sujetos, objeto y causa de la expropiación. Procedimiento general. Peculiaridades del procedimiento de urgencia.",Ley de 16 de diciembre de 1954,5,JURIDICO
ESPECIAL,10,"Expropiación forzosa: fundamento y naturaleza. Sujetos, objeto y causa de la expropiación. Procedimiento general. Peculiaridades del procedimiento de urgencia.",Ley de 16 de diciembre de 1954,6,JURIDICO
ESPECIAL,10,"Expropiación forzosa: fundamento y naturaleza. Sujetos, objeto y causa de la expropiación. Procedimiento general. Peculiaridades del procedimiento de urgencia.",Ley de 16 de diciembre de 1954,7,JURIDICO
ESPECIAL,10,"Expropiación forzosa: fundamento y naturaleza. Sujetos, objeto y causa de la expropiación. Procedimiento general. Peculiaridades del procedimiento de urgencia.",Ley de 16 de diciembre de 1954,8,JURIDICO
ESPECIAL,10,"Expropiación forzosa: fundamento y naturaleza. Sujetos, objeto y causa de la expropiación. Procedimiento general. Peculiaridades del procedimiento de urgencia.",Ley de 16 de diciembre de 1954,9,JURIDICO
ESPECIAL,10,"Expropiación forzosa: fundamento y naturaleza. Sujetos, objeto y causa de la expropiación. Procedimiento general. Peculiaridades del procedimiento de urgencia.",Ley de 16 de diciembre de 1954,10,JURIDICO
ESPECIAL,10,"Expropiación forzosa: fundamento y naturaleza. Sujetos, objeto y causa de la expropiación. Procedimiento general. Peculiaridades del procedimiento de urgencia.",Ley de 16 de diciembre de 1954,11,JURIDICO
ESPECIAL,10,"Expropiación forzosa: fundamento y naturaleza. Sujetos, objeto y causa de la expropiación. Procedimiento general. Peculiaridades del procedimiento de urgencia.",Ley de 16 de diciembre de 1954,12,JURIDICO
ESPECIAL,10,"Expropiación forzosa: fundamento y naturaleza. Sujetos, objeto y causa de la expropiación. Procedimiento general. Peculiaridades del procedimiento de urgencia.",Ley de 16 de diciembre de 1954,13,JURIDICO
ESPECIAL,10,"Expropiación forzosa: fundamento y naturaleza. Sujetos, objeto y causa de la expropiación. Procedimiento general. Peculiaridades del procedimiento de urgencia.",Ley de 16 de diciembre de 1954,14,JURIDICO
ESPECIAL,10,"Expropiación forzosa: fundamento y naturaleza. Sujetos, objeto y causa de la expropiación. Procedimiento general. Peculiaridades del procedimiento de urgencia.",Ley de 16 de diciembre de 1954,15,JURIDICO
ESPECIAL,10,"Expropiación forzosa: fundamento y naturaleza. Sujetos, objeto y causa de la expropiación. Procedimiento general. Peculiaridades del procedimiento de urgencia.",Ley de 16 de diciembre de 1954,16,JURIDICO
ESPECIAL,10,"Expropiación forzosa: fundamento y naturaleza. Sujetos, objeto y causa de la expropiación. Procedimiento general. Peculiaridades del procedimiento de urgencia.",Ley de 16 de diciembre de 1954,17,JURIDICO
ESPECIAL,10,"Expropiación forzosa: fundamento y naturaleza. Sujetos, objeto y causa de la expropiación. Procedimiento general. Peculiaridades del procedimiento de urgencia.",Ley de 16 de diciembre de 1954,18,JURIDICO
ESPECIAL,10,"Expropiación forzosa: fundamento y naturaleza. Sujetos, objeto y causa de la expropiación. Procedimiento general. Peculiaridades del procedimiento de urgencia.",Ley de 16 de diciembre de 1954,19,JURIDICO
ESPECIAL,10,"Expropiación forzosa: fundamento y naturaleza. Sujetos, objeto y causa de la expropiación. Procedimiento general. Peculiaridades del procedimiento de urgencia.",Ley de 16 de diciembre de 1954,20,JURIDICO
ESPECIAL,10,"Expropiación forzosa: fundamento y naturaleza. Sujetos, objeto y causa de la expropiación. Procedimiento general. Peculiaridades del procedimiento de urgencia.",Ley de 16 de diciembre de 1954,21,JURIDICO
ESPECIAL,10,"Expropiación forzosa: fundamento y naturaleza. Sujetos, objeto y causa de la expropiación. Procedimiento general. Peculiaridades del procedimiento de urgencia.",Ley de 16 de diciembre de 1954,22,JURIDICO
ESPECIAL,10,"Expropiación forzosa: fundamento y naturaleza. Sujetos, objeto y causa de la expropiación. Procedimiento general. Peculiaridades del procedimiento de urgencia.",Ley de 16 de diciembre de 1954,23,JURIDICO
ESPECIAL,10,"Expropiación forzosa: fundamento y naturaleza. Sujetos, objeto y causa de la expropiación. Procedimiento general. Peculiaridades del procedimiento de urgencia.",Ley de 16 de diciembre de 1954,24,JURIDICO
ESPECIAL,10,"Expropiación forzosa: fundamento y naturaleza. Sujetos, objeto y causa de la expropiación. Procedimiento general. Peculiaridades del procedimiento de urgencia.",Ley de 16 de diciembre de 1954,25,JURIDICO
ESPECIAL,10,"Expropiación forzosa: fundamento y naturaleza. Sujetos, objeto y causa de la expropiación. Procedimiento general. Peculiaridades del procedimiento de urgencia.",Ley de 16 de diciembre de 1954,26,JURIDICO
ESPECIAL,10,"Expropiación forzosa: fundamento y naturaleza. Sujetos, objeto y causa de la expropiación. Procedimiento general. Peculiaridades del procedimiento de urgencia.",Ley de 16 de diciembre de 1954,27,JURIDICO
ESPECIAL,10,"Expropiación forzosa: fundamento y naturaleza. Sujetos, objeto y causa de la expropiación. Procedimiento general. Peculiaridades del procedimiento de urgencia.",Ley de 16 de diciembre de 1954,28,JURIDICO
ESPECIAL,10,"Expropiación forzosa: fundamento y naturaleza. Sujetos, objeto y causa de la expropiación. Procedimiento general. Peculiaridades del procedimiento de urgencia.",Ley de 16 de diciembre de 1954,29,JURIDICO
ESPECIAL,10,"Expropiación forzosa: fundamento y naturaleza. Sujetos, objeto y causa de la expropiación. Procedimiento general. Peculiaridades del procedimiento de urgencia.",Ley de 16 de diciembre de 1954,30,JURIDICO
ESPECIAL,10,"Expropiación forzosa: fundamento y naturaleza. Sujetos, objeto y causa de la expropiación. Procedimiento general. Peculiaridades del procedimiento de urgencia.",Ley de 16 de diciembre de 1954,31,JURIDICO
ESPECIAL,10,"Expropiación forzosa: fundamento y naturaleza. Sujetos, objeto y causa de la expropiación. Procedimiento general. Peculiaridades del procedimiento de urgencia.",Ley de 16 de diciembre de 1954,32,JURIDICO
ESPECIAL,10,"Expropiación forzosa: fundamento y naturaleza. Sujetos, objeto y causa de la expropiación. Procedimiento general. Peculiaridades del procedimiento de urgencia.",Ley de 16 de diciembre de 1954,33,JURIDICO
ESPECIAL,10,"Expropiación forzosa: fundamento y naturaleza. Sujetos, objeto y causa de la expropiación. Procedimiento general. Peculiaridades del procedimiento de urgencia.",Ley de 16 de diciembre de 1954,34,JURIDICO
ESPECIAL,10,"Expropiación forzosa: fundamento y naturaleza. Sujetos, objeto y causa de la expropiación. Procedimiento general. Peculiaridades del procedimiento de urgencia.",Ley de 16 de diciembre de 1954,35,JURIDICO
ESPECIAL,10,"Expropiación forzosa: fundamento y naturaleza. Sujetos, objeto y causa de la expropiación. Procedimiento general. Peculiaridades del procedimiento de urgencia.",Ley de 16 de diciembre de 1954,36,JURIDICO
ESPECIAL,10,"Expropiación forzosa: fundamento y naturaleza. Sujetos, objeto y causa de la expropiación. Procedimiento general. Peculiaridades del procedimiento de urgencia.",Ley de 16 de diciembre de 1954,37,JURIDICO
ESPECIAL,10,"Expropiación forzosa: fundamento y naturaleza. Sujetos, objeto y causa de la expropiación. Procedimiento general. Peculiaridades del procedimiento de urgencia.",Ley de 16 de diciembre de 1954,38,JURIDICO
ESPECIAL,10,"Expropiación forzosa: fundamento y naturaleza. Sujetos, objeto y causa de la expropiación. Procedimiento general. Peculiaridades del procedimiento de urgencia.",Ley de 16 de diciembre de 1954,39,JURIDICO
ESPECIAL,10,"Expropiación forzosa: fundamento y naturaleza. Sujetos, objeto y causa de la expropiación. Procedimiento general. Peculiaridades del procedimiento de urgencia.",Ley de 16 de diciembre de 1954,40,JURIDICO
ESPECIAL,10,"Expropiación forzosa: fundamento y naturaleza. Sujetos, objeto y causa de la expropiación. Procedimiento general. Peculiaridades del procedimiento de urgencia.",Ley de 16 de diciembre de 1954,41,JURIDICO
ESPECIAL,10,"Expropiación forzosa: fundamento y naturaleza. Sujetos, objeto y causa de la expropiación. Procedimiento general. Peculiaridades del procedimiento de urgencia.",Ley de 16 de diciembre de 1954,42,JURIDICO
ESPECIAL,10,"Expropiación forzosa: fundamento y naturaleza. Sujetos, objeto y causa de la expropiación. Procedimiento general. Peculiaridades del procedimiento de urgencia.",Ley de 16 de diciembre de 1954,43,JURIDICO
ESPECIAL,10,"Expropiación forzosa: fundamento y naturaleza. Sujetos, objeto y causa de la expropiación. Procedimiento general. Peculiaridades del procedimiento de urgencia.",Ley de 16 de diciembre de 1954,44,JURIDICO
ESPECIAL,10,"Expropiación forzosa: fundamento y naturaleza. Sujetos, objeto y causa de la expropiación. Procedimiento general. Peculiaridades del procedimiento de urgencia.",Ley de 16 de diciembre de 1954,45,JURIDICO
ESPECIAL,10,"Expropiación forzosa: fundamento y naturaleza. Sujetos, objeto y causa de la expropiación. Procedimiento general. Peculiaridades del procedimiento de urgencia.",Ley de 16 de diciembre de 1954,46,JURIDICO
ESPECIAL,10,"Expropiación forzosa: fundamento y naturaleza. Sujetos, objeto y causa de la expropiación. Procedimiento general. Peculiaridades del procedimiento de urgencia.",Ley de 16 de diciembre de 1954,47,JURIDICO
ESPECIAL,10,"Expropiación forzosa: fundamento y naturaleza. Sujetos, objeto y causa de la expropiación. Procedimiento general. Peculiaridades del procedimiento de urgencia.",Ley de 16 de diciembre de 1954,48,JURIDICO
ESPECIAL,10,"Expropiación forzosa: fundamento y naturaleza. Sujetos, objeto y causa de la expropiación. Procedimiento general. Peculiaridades del procedimiento de urgencia.",Ley de 16 de diciembre de 1954,49,JURIDICO
ESPECIAL,10,"Expropiación forzosa: fundamento y naturaleza. Sujetos, objeto y causa de la expropiación. Procedimiento general. Peculiaridades del procedimiento de urgencia.",Ley de 16 de diciembre de 1954,50,JURIDICO
ESPECIAL,10,"Expropiación forzosa: fundamento y naturaleza. Sujetos, objeto y causa de la expropiación. Procedimiento general. Peculiaridades del procedimiento de urgencia.",Ley de 16 de diciembre de 1954,51,JURIDICO
ESPECIAL,10,"Expropiación forzosa: fundamento y naturaleza. Sujetos, objeto y causa de la expropiación. Procedimiento general. Peculiaridades del procedimiento de urgencia.",Ley de 16 de diciembre de 1954,52,JURIDICO
ESPECIAL,10,"Expropiación forzosa: fundamento y naturaleza. Sujetos, objeto y causa de la expropiación. Procedimiento general. Peculiaridades del procedimiento de urgencia.",Ley de 16 de diciembre de 1954,53,JURIDICO
ESPECIAL,10,"Expropiación forzosa: fundamento y naturaleza. Sujetos, objeto y causa de la expropiación. Procedimiento general. Peculiaridades del procedimiento de urgencia.",Ley de 16 de diciembre de 1954,54,JURIDICO
ESPECIAL,10,"Expropiación forzosa: fundamento y naturaleza. Sujetos, objeto y causa de la expropiación. Procedimiento general. Peculiaridades del procedimiento de urgencia.",Ley de 16 de diciembre de 1954,55,JURIDICO
ESPECIAL,10,"Expropiación forzosa: fundamento y naturaleza. Sujetos, objeto y causa de la expropiación. Procedimiento general. Peculiaridades del procedimiento de urgencia.",Ley de 16 de diciembre de 1954,56,JURIDICO
ESPECIAL,10,"Expropiación forzosa: fundamento y naturaleza. Sujetos, objeto y causa de la expropiación. Procedimiento general. Peculiaridades del procedimiento de urgencia.",Ley de 16 de diciembre de 1954,57,JURIDICO
ESPECIAL,10,"Expropiación forzosa: fundamento y naturaleza. Sujetos, objeto y causa de la expropiación. Procedimiento general. Peculiaridades del procedimiento de urgencia.",Ley de 16 de diciembre de 1954,58,JURIDICO
ESPECIAL,11,"El patrimonio de las administraciones públicas: concepto y clasificación. La Ley de patrimonio de la Generalitat. Los bienes de dominio público de la Generalitat: régimen jurídico. Protección y defensa de los bienes. La afectación, adscripción y mutación demanial. Los bienes patrimoniales: adquisición, utilización y enajenación.","Ley 14/2003, de 10 de abril",1,JURIDICO
ESPECIAL,11,"El patrimonio de las administraciones públicas: concepto y clasificación. La Ley de patrimonio de la Generalitat. Los bienes de dominio público de la Generalitat: régimen jurídico. Protección y defensa de los bienes. La afectación, adscripción y mutación demanial. Los bienes patrimoniales: adquisición, utilización y enajenación.","Ley 14/2003, de 10 de abril",2,JURIDICO
ESPECIAL,11,"El patrimonio de las administraciones públicas: concepto y clasificación. La Ley de patrimonio de la Generalitat. Los bienes de dominio público de la Generalitat: régimen jurídico. Protección y defensa de los bienes. La afectación, adscripción y mutación demanial. Los bienes patrimoniales: adquisición, utilización y enajenación.","Ley 14/2003, de 10 de abril",3,JURIDICO
ESPECIAL,11,"El patrimonio de las administraciones públicas: concepto y clasificación. La Ley de patrimonio de la Generalitat. Los bienes de dominio público de la Generalitat: régimen jurídico. Protección y defensa de los bienes. La afectación, adscripción y mutación demanial. Los bienes patrimoniales: adquisición, utilización y enajenación.","Ley 14/2003, de 10 de abril",4,JURIDICO
ESPECIAL,11,"El patrimonio de las administraciones públicas: concepto y clasificación. La Ley de patrimonio de la Generalitat. Los bienes de dominio público de la Generalitat: régimen jurídico. Protección y defensa de los bienes. La afectación, adscripción y mutación demanial. Los bienes patrimoniales: adquisición, utilización y enajenación.","Ley 14/2003, de 10 de abril",5,JURIDICO
ESPECIAL,11,"El patrimonio de las administraciones públicas: concepto y clasificación. La Ley de patrimonio de la Generalitat. Los bienes de dominio público de la Generalitat: régimen jurídico. Protección y defensa de los bienes. La afectación, adscripción y mutación demanial. Los bienes patrimoniales: adquisición, utilización y enajenación.","Ley 14/2003, de 10 de abril",6,JURIDICO
ESPECIAL,11,"El patrimonio de las administraciones públicas: concepto y clasificación. La Ley de patrimonio de la Generalitat. Los bienes de dominio público de la Generalitat: régimen jurídico. Protección y defensa de los bienes. La afectación, adscripción y mutación demanial. Los bienes patrimoniales: adquisición, utilización y enajenación.","Ley 14/2003, de 10 de abril",8,JURIDICO
ESPECIAL,11,"El patrimonio de las administraciones públicas: concepto y clasificación. La Ley de patrimonio de la Generalitat. Los bienes de dominio público de la Generalitat: régimen jurídico. Protección y defensa de los bienes. La afectación, adscripción y mutación demanial. Los bienes patrimoniales: adquisición, utilización y enajenación.","Ley 14/2003, de 10 de abril",9,JURIDICO
ESPECIAL,11,"El patrimonio de las administraciones públicas: concepto y clasificación. La Ley de patrimonio de la Generalitat. Los bienes de dominio público de la Generalitat: régimen jurídico. Protección y defensa de los bienes. La afectación, adscripción y mutación demanial. Los bienes patrimoniales: adquisición, utilización y enajenación.","Ley 14/2003, de 10 de abril",10,JURIDICO
ESPECIAL,11,"El patrimonio de las administraciones públicas: concepto y clasificación. La Ley de patrimonio de la Generalitat. Los bienes de dominio público de la Generalitat: régimen jurídico. Protección y defensa de los bienes. La afectación, adscripción y mutación demanial. Los bienes patrimoniales: adquisición, utilización y enajenación.","Ley 14/2003, de 10 de abril",11,JURIDICO
ESPECIAL,11,"El patrimonio de las administraciones públicas: concepto y clasificación. La Ley de patrimonio de la Generalitat. Los bienes de dominio público de la Generalitat: régimen jurídico. Protección y defensa de los bienes. La afectación, adscripción y mutación demanial. Los bienes patrimoniales: adquisición, utilización y enajenación.","Ley 14/2003, de 10 de abril",12,JURIDICO
ESPECIAL,11,"El patrimonio de las administraciones públicas: concepto y clasificación. La Ley de patrimonio de la Generalitat. Los bienes de dominio público de la Generalitat: régimen jurídico. Protección y defensa de los bienes. La afectación, adscripción y mutación demanial. Los bienes patrimoniales: adquisición, utilización y enajenación.","Ley 14/2003, de 10 de abril",18,JURIDICO
ESPECIAL,11,"El patrimonio de las administraciones públicas: concepto y clasificación. La Ley de patrimonio de la Generalitat. Los bienes de dominio público de la Generalitat: régimen jurídico. Protección y defensa de los bienes. La afectación, adscripción y mutación demanial. Los bienes patrimoniales: adquisición, utilización y enajenación.","Ley 14/2003, de 10 de abril",19,JURIDICO
ESPECIAL,11,"El patrimonio de las administraciones públicas: concepto y clasificación. La Ley de patrimonio de la Generalitat. Los bienes de dominio público de la Generalitat: régimen jurídico. Protección y defensa de los bienes. La afectación, adscripción y mutación demanial. Los bienes patrimoniales: adquisición, utilización y enajenación.","Ley 14/2003, de 10 de abril",20,JURIDICO
ESPECIAL,11,"El patrimonio de las administraciones públicas: concepto y clasificación. La Ley de patrimonio de la Generalitat. Los bienes de dominio público de la Generalitat: régimen jurídico. Protección y defensa de los bienes. La afectación, adscripción y mutación demanial. Los bienes patrimoniales: adquisición, utilización y enajenación.","Ley 14/2003, de 10 de abril",21,JURIDICO
ESPECIAL,11,"El patrimonio de las administraciones públicas: concepto y clasificación. La Ley de patrimonio de la Generalitat. Los bienes de dominio público de la Generalitat: régimen jurídico. Protección y defensa de los bienes. La afectación, adscripción y mutación demanial. Los bienes patrimoniales: adquisición, utilización y enajenación.","Ley 14/2003, de 10 de abril",22,JURIDICO
ESPECIAL,11,"El patrimonio de las administraciones públicas: concepto y clasificación. La Ley de patrimonio de la Generalitat. Los bienes de dominio público de la Generalitat: régimen jurídico. Protección y defensa de los bienes. La afectación, adscripción y mutación demanial. Los bienes patrimoniales: adquisición, utilización y enajenación.","Ley 14/2003, de 10 de abril",26,JURIDICO
ESPECIAL,11,"El patrimonio de las administraciones públicas: concepto y clasificación. La Ley de patrimonio de la Generalitat. Los bienes de dominio público de la Generalitat: régimen jurídico. Protección y defensa de los bienes. La afectación, adscripción y mutación demanial. Los bienes patrimoniales: adquisición, utilización y enajenación.","Ley 14/2003, de 10 de abril",27,JURIDICO
ESPECIAL,11,"El patrimonio de las administraciones públicas: concepto y clasificación. La Ley de patrimonio de la Generalitat. Los bienes de dominio público de la Generalitat: régimen jurídico. Protección y defensa de los bienes. La afectación, adscripción y mutación demanial. Los bienes patrimoniales: adquisición, utilización y enajenación.","Ley 14/2003, de 10 de abril",28,JURIDICO
ESPECIAL,11,"El patrimonio de las administraciones públicas: concepto y clasificación. La Ley de patrimonio de la Generalitat. Los bienes de dominio público de la Generalitat: régimen jurídico. Protección y defensa de los bienes. La afectación, adscripción y mutación demanial. Los bienes patrimoniales: adquisición, utilización y enajenación.","Ley 14/2003, de 10 de abril",29,JURIDICO
ESPECIAL,11,"El patrimonio de las administraciones públicas: concepto y clasificación. La Ley de patrimonio de la Generalitat. Los bienes de dominio público de la Generalitat: régimen jurídico. Protección y defensa de los bienes. La afectación, adscripción y mutación demanial. Los bienes patrimoniales: adquisición, utilización y enajenación.","Ley 14/2003, de 10 de abril",30,JURIDICO
ESPECIAL,11,"El patrimonio de las administraciones públicas: concepto y clasificación. La Ley de patrimonio de la Generalitat. Los bienes de dominio público de la Generalitat: régimen jurídico. Protección y defensa de los bienes. La afectación, adscripción y mutación demanial. Los bienes patrimoniales: adquisición, utilización y enajenación.","Ley 14/2003, de 10 de abril",31,JURIDICO
ESPECIAL,11,"El patrimonio de las administraciones públicas: concepto y clasificación. La Ley de patrimonio de la Generalitat. Los bienes de dominio público de la Generalitat: régimen jurídico. Protección y defensa de los bienes. La afectación, adscripción y mutación demanial. Los bienes patrimoniales: adquisición, utilización y enajenación.","Ley 14/2003, de 10 de abril",32,JURIDICO
ESPECIAL,11,"El patrimonio de las administraciones públicas: concepto y clasificación. La Ley de patrimonio de la Generalitat. Los bienes de dominio público de la Generalitat: régimen jurídico. Protección y defensa de los bienes. La afectación, adscripción y mutación demanial. Los bienes patrimoniales: adquisición, utilización y enajenación.","Ley 14/2003, de 10 de abril",33,JURIDICO
ESPECIAL,11,"El patrimonio de las administraciones públicas: concepto y clasificación. La Ley de patrimonio de la Generalitat. Los bienes de dominio público de la Generalitat: régimen jurídico. Protección y defensa de los bienes. La afectación, adscripción y mutación demanial. Los bienes patrimoniales: adquisición, utilización y enajenación.","Ley 14/2003, de 10 de abril",34,JURIDICO
ESPECIAL,11,"El patrimonio de las administraciones públicas: concepto y clasificación. La Ley de patrimonio de la Generalitat. Los bienes de dominio público de la Generalitat: régimen jurídico. Protección y defensa de los bienes. La afectación, adscripción y mutación demanial. Los bienes patrimoniales: adquisición, utilización y enajenación.","Ley 14/2003, de 10 de abril",35,JURIDICO
ESPECIAL,11,"El patrimonio de las administraciones públicas: concepto y clasificación. La Ley de patrimonio de la Generalitat. Los bienes de dominio público de la Generalitat: régimen jurídico. Protección y defensa de los bienes. La afectación, adscripción y mutación demanial. Los bienes patrimoniales: adquisición, utilización y enajenación.","Ley 14/2003, de 10 de abril",36,JURIDICO
ESPECIAL,11,"El patrimonio de las administraciones públicas: concepto y clasificación. La Ley de patrimonio de la Generalitat. Los bienes de dominio público de la Generalitat: régimen jurídico. Protección y defensa de los bienes. La afectación, adscripción y mutación demanial. Los bienes patrimoniales: adquisición, utilización y enajenación.","Ley 14/2003, de 10 de abril",37,JURIDICO
ESPECIAL,11,"El patrimonio de las administraciones públicas: concepto y clasificación. La Ley de patrimonio de la Generalitat. Los bienes de dominio público de la Generalitat: régimen jurídico. Protección y defensa de los bienes. La afectación, adscripción y mutación demanial. Los bienes patrimoniales: adquisición, utilización y enajenación.","Ley 14/2003, de 10 de abril",38,JURIDICO
ESPECIAL,11,"El patrimonio de las administraciones públicas: concepto y clasificación. La Ley de patrimonio de la Generalitat. Los bienes de dominio público de la Generalitat: régimen jurídico. Protección y defensa de los bienes. La afectación, adscripción y mutación demanial. Los bienes patrimoniales: adquisición, utilización y enajenación.","Ley 14/2003, de 10 de abril",39,JURIDICO
ESPECIAL,11,"El patrimonio de las administraciones públicas: concepto y clasificación. La Ley de patrimonio de la Generalitat. Los bienes de dominio público de la Generalitat: régimen jurídico. Protección y defensa de los bienes. La afectación, adscripción y mutación demanial. Los bienes patrimoniales: adquisición, utilización y enajenación.","Ley 14/2003, de 10 de abril",40,JURIDICO
ESPECIAL,11,"El patrimonio de las administraciones públicas: concepto y clasificación. La Ley de patrimonio de la Generalitat. Los bienes de dominio público de la Generalitat: régimen jurídico. Protección y defensa de los bienes. La afectación, adscripción y mutación demanial. Los bienes patrimoniales: adquisición, utilización y enajenación.","Ley 14/2003, de 10 de abril",41,JURIDICO
ESPECIAL,11,"El patrimonio de las administraciones públicas: concepto y clasificación. La Ley de patrimonio de la Generalitat. Los bienes de dominio público de la Generalitat: régimen jurídico. Protección y defensa de los bienes. La afectación, adscripción y mutación demanial. Los bienes patrimoniales: adquisición, utilización y enajenación.","Ley 14/2003, de 10 de abril",42,JURIDICO
ESPECIAL,11,"El patrimonio de las administraciones públicas: concepto y clasificación. La Ley de patrimonio de la Generalitat. Los bienes de dominio público de la Generalitat: régimen jurídico. Protección y defensa de los bienes. La afectación, adscripción y mutación demanial. Los bienes patrimoniales: adquisición, utilización y enajenación.","Ley 14/2003, de 10 de abril",43,JURIDICO
ESPECIAL,11,"El patrimonio de las administraciones públicas: concepto y clasificación. La Ley de patrimonio de la Generalitat. Los bienes de dominio público de la Generalitat: régimen jurídico. Protección y defensa de los bienes. La afectación, adscripción y mutación demanial. Los bienes patrimoniales: adquisición, utilización y enajenación.","Ley 14/2003, de 10 de abril",44,JURIDICO
ESPECIAL,11,"El patrimonio de las administraciones públicas: concepto y clasificación. La Ley de patrimonio de la Generalitat. Los bienes de dominio público de la Generalitat: régimen jurídico. Protección y defensa de los bienes. La afectación, adscripción y mutación demanial. Los bienes patrimoniales: adquisición, utilización y enajenación.","Ley 14/2003, de 10 de abril",45,JURIDICO
ESPECIAL,11,"El patrimonio de las administraciones públicas: concepto y clasificación. La Ley de patrimonio de la Generalitat. Los bienes de dominio público de la Generalitat: régimen jurídico. Protección y defensa de los bienes. La afectación, adscripción y mutación demanial. Los bienes patrimoniales: adquisición, utilización y enajenación.","Ley 14/2003, de 10 de abril",46,JURIDICO
ESPECIAL,11,"El patrimonio de las administraciones públicas: concepto y clasificación. La Ley de patrimonio de la Generalitat. Los bienes de dominio público de la Generalitat: régimen jurídico. Protección y defensa de los bienes. La afectación, adscripción y mutación demanial. Los bienes patrimoniales: adquisición, utilización y enajenación.","Ley 14/2003, de 10 de abril",47,JURIDICO
ESPECIAL,11,"El patrimonio de las administraciones públicas: concepto y clasificación. La Ley de patrimonio de la Generalitat. Los bienes de dominio público de la Generalitat: régimen jurídico. Protección y defensa de los bienes. La afectación, adscripción y mutación demanial. Los bienes patrimoniales: adquisición, utilización y enajenación.","Ley 14/2003, de 10 de abril",48,JURIDICO
ESPECIAL,11,"El patrimonio de las administraciones públicas: concepto y clasificación. La Ley de patrimonio de la Generalitat. Los bienes de dominio público de la Generalitat: régimen jurídico. Protección y defensa de los bienes. La afectación, adscripción y mutación demanial. Los bienes patrimoniales: adquisición, utilización y enajenación.","Ley 14/2003, de 10 de abril",50,JURIDICO
ESPECIAL,11,"El patrimonio de las administraciones públicas: concepto y clasificación. La Ley de patrimonio de la Generalitat. Los bienes de dominio público de la Generalitat: régimen jurídico. Protección y defensa de los bienes. La afectación, adscripción y mutación demanial. Los bienes patrimoniales: adquisición, utilización y enajenación.","Ley 14/2003, de 10 de abril",51,JURIDICO
ESPECIAL,11,"El patrimonio de las administraciones públicas: concepto y clasificación. La Ley de patrimonio de la Generalitat. Los bienes de dominio público de la Generalitat: régimen jurídico. Protección y defensa de los bienes. La afectación, adscripción y mutación demanial. Los bienes patrimoniales: adquisición, utilización y enajenación.","Ley 14/2003, de 10 de abril",52,JURIDICO
ESPECIAL,11,"El patrimonio de las administraciones públicas: concepto y clasificación. La Ley de patrimonio de la Generalitat. Los bienes de dominio público de la Generalitat: régimen jurídico. Protección y defensa de los bienes. La afectación, adscripción y mutación demanial. Los bienes patrimoniales: adquisición, utilización y enajenación.","Ley 14/2003, de 10 de abril",53,JURIDICO
ESPECIAL,11,"El patrimonio de las administraciones públicas: concepto y clasificación. La Ley de patrimonio de la Generalitat. Los bienes de dominio público de la Generalitat: régimen jurídico. Protección y defensa de los bienes. La afectación, adscripción y mutación demanial. Los bienes patrimoniales: adquisición, utilización y enajenación.","Ley 14/2003, de 10 de abril",54,JURIDICO
ESPECIAL,11,"El patrimonio de las administraciones públicas: concepto y clasificación. La Ley de patrimonio de la Generalitat. Los bienes de dominio público de la Generalitat: régimen jurídico. Protección y defensa de los bienes. La afectación, adscripción y mutación demanial. Los bienes patrimoniales: adquisición, utilización y enajenación.","Ley 14/2003, de 10 de abril",55,JURIDICO
ESPECIAL,11,"El patrimonio de las administraciones públicas: concepto y clasificación. La Ley de patrimonio de la Generalitat. Los bienes de dominio público de la Generalitat: régimen jurídico. Protección y defensa de los bienes. La afectación, adscripción y mutación demanial. Los bienes patrimoniales: adquisición, utilización y enajenación.","Ley 14/2003, de 10 de abril",56,JURIDICO
ESPECIAL,11,"El patrimonio de las administraciones públicas: concepto y clasificación. La Ley de patrimonio de la Generalitat. Los bienes de dominio público de la Generalitat: régimen jurídico. Protección y defensa de los bienes. La afectación, adscripción y mutación demanial. Los bienes patrimoniales: adquisición, utilización y enajenación.","Ley 14/2003, de 10 de abril",57,JURIDICO
ESPECIAL,11,"El patrimonio de las administraciones públicas: concepto y clasificación. La Ley de patrimonio de la Generalitat. Los bienes de dominio público de la Generalitat: régimen jurídico. Protección y defensa de los bienes. La afectación, adscripción y mutación demanial. Los bienes patrimoniales: adquisición, utilización y enajenación.","Ley 14/2003, de 10 de abril",58,JURIDICO
ESPECIAL,11,"El patrimonio de las administraciones públicas: concepto y clasificación. La Ley de patrimonio de la Generalitat. Los bienes de dominio público de la Generalitat: régimen jurídico. Protección y defensa de los bienes. La afectación, adscripción y mutación demanial. Los bienes patrimoniales: adquisición, utilización y enajenación.","Ley 14/2003, de 10 de abril",59,JURIDICO
ESPECIAL,11,"El patrimonio de las administraciones públicas: concepto y clasificación. La Ley de patrimonio de la Generalitat. Los bienes de dominio público de la Generalitat: régimen jurídico. Protección y defensa de los bienes. La afectación, adscripción y mutación demanial. Los bienes patrimoniales: adquisición, utilización y enajenación.","Ley 14/2003, de 10 de abril",60,JURIDICO
ESPECIAL,11,"El patrimonio de las administraciones públicas: concepto y clasificación. La Ley de patrimonio de la Generalitat. Los bienes de dominio público de la Generalitat: régimen jurídico. Protección y defensa de los bienes. La afectación, adscripción y mutación demanial. Los bienes patrimoniales: adquisición, utilización y enajenación.","Ley 14/2003, de 10 de abril",61,JURIDICO
ESPECIAL,11,"El patrimonio de las administraciones públicas: concepto y clasificación. La Ley de patrimonio de la Generalitat. Los bienes de dominio público de la Generalitat: régimen jurídico. Protección y defensa de los bienes. La afectación, adscripción y mutación demanial. Los bienes patrimoniales: adquisición, utilización y enajenación.","Ley 14/2003, de 10 de abril",62,JURIDICO
ESPECIAL,11,"El patrimonio de las administraciones públicas: concepto y clasificación. La Ley de patrimonio de la Generalitat. Los bienes de dominio público de la Generalitat: régimen jurídico. Protección y defensa de los bienes. La afectación, adscripción y mutación demanial. Los bienes patrimoniales: adquisición, utilización y enajenación.","Ley 14/2003, de 10 de abril",63,JURIDICO
ESPECIAL,11,"El patrimonio de las administraciones públicas: concepto y clasificación. La Ley de patrimonio de la Generalitat. Los bienes de dominio público de la Generalitat: régimen jurídico. Protección y defensa de los bienes. La afectación, adscripción y mutación demanial. Los bienes patrimoniales: adquisición, utilización y enajenación.","Ley 14/2003, de 10 de abril",64,JURIDICO
ESPECIAL,11,"El patrimonio de las administraciones públicas: concepto y clasificación. La Ley de patrimonio de la Generalitat. Los bienes de dominio público de la Generalitat: régimen jurídico. Protección y defensa de los bienes. La afectación, adscripción y mutación demanial. Los bienes patrimoniales: adquisición, utilización y enajenación.","Ley 14/2003, de 10 de abril",65,JURIDICO
ESPECIAL,11,"El patrimonio de las administraciones públicas: concepto y clasificación. La Ley de patrimonio de la Generalitat. Los bienes de dominio público de la Generalitat: régimen jurídico. Protección y defensa de los bienes. La afectación, adscripción y mutación demanial. Los bienes patrimoniales: adquisición, utilización y enajenación.","Ley 14/2003, de 10 de abril",66,JURIDICO
ESPECIAL,11,"El patrimonio de las administraciones públicas: concepto y clasificación. La Ley de patrimonio de la Generalitat. Los bienes de dominio público de la Generalitat: régimen jurídico. Protección y defensa de los bienes. La afectación, adscripción y mutación demanial. Los bienes patrimoniales: adquisición, utilización y enajenación.","Ley 14/2003, de 10 de abril",67,JURIDICO
ESPECIAL,11,"El patrimonio de las administraciones públicas: concepto y clasificación. La Ley de patrimonio de la Generalitat. Los bienes de dominio público de la Generalitat: régimen jurídico. Protección y defensa de los bienes. La afectación, adscripción y mutación demanial. Los bienes patrimoniales: adquisición, utilización y enajenación.","Ley 14/2003, de 10 de abril",68,JURIDICO
ESPECIAL,11,"El patrimonio de las administraciones públicas: concepto y clasificación. La Ley de patrimonio de la Generalitat. Los bienes de dominio público de la Generalitat: régimen jurídico. Protección y defensa de los bienes. La afectación, adscripción y mutación demanial. Los bienes patrimoniales: adquisición, utilización y enajenación.","Ley 14/2003, de 10 de abril",69,JURIDICO
ESPECIAL,11,"El patrimonio de las administraciones públicas: concepto y clasificación. La Ley de patrimonio de la Generalitat. Los bienes de dominio público de la Generalitat: régimen jurídico. Protección y defensa de los bienes. La afectación, adscripción y mutación demanial. Los bienes patrimoniales: adquisición, utilización y enajenación.","Ley 14/2003, de 10 de abril",70,JURIDICO
ESPECIAL,11,"El patrimonio de las administraciones públicas: concepto y clasificación. La Ley de patrimonio de la Generalitat. Los bienes de dominio público de la Generalitat: régimen jurídico. Protección y defensa de los bienes. La afectación, adscripción y mutación demanial. Los bienes patrimoniales: adquisición, utilización y enajenación.","Ley 14/2003, de 10 de abril",71,JURIDICO
ESPECIAL,11,"El patrimonio de las administraciones públicas: concepto y clasificación. La Ley de patrimonio de la Generalitat. Los bienes de dominio público de la Generalitat: régimen jurídico. Protección y defensa de los bienes. La afectación, adscripción y mutación demanial. Los bienes patrimoniales: adquisición, utilización y enajenación.","Ley 14/2003, de 10 de abril",72,JURIDICO
ESPECIAL,11,"El patrimonio de las administraciones públicas: concepto y clasificación. La Ley de patrimonio de la Generalitat. Los bienes de dominio público de la Generalitat: régimen jurídico. Protección y defensa de los bienes. La afectación, adscripción y mutación demanial. Los bienes patrimoniales: adquisición, utilización y enajenación.","Ley 14/2003, de 10 de abril",73,JURIDICO
ESPECIAL,11,"El patrimonio de las administraciones públicas: concepto y clasificación. La Ley de patrimonio de la Generalitat. Los bienes de dominio público de la Generalitat: régimen jurídico. Protección y defensa de los bienes. La afectación, adscripción y mutación demanial. Los bienes patrimoniales: adquisición, utilización y enajenación.","Ley 14/2003, de 10 de abril",74,JURIDICO
ESPECIAL,11,"El patrimonio de las administraciones públicas: concepto y clasificación. La Ley de patrimonio de la Generalitat. Los bienes de dominio público de la Generalitat: régimen jurídico. Protección y defensa de los bienes. La afectación, adscripción y mutación demanial. Los bienes patrimoniales: adquisición, utilización y enajenación.","Ley 14/2003, de 10 de abril",75,JURIDICO
ESPECIAL,11,"El patrimonio de las administraciones públicas: concepto y clasificación. La Ley de patrimonio de la Generalitat. Los bienes de dominio público de la Generalitat: régimen jurídico. Protección y defensa de los bienes. La afectación, adscripción y mutación demanial. Los bienes patrimoniales: adquisición, utilización y enajenación.","Ley 14/2003, de 10 de abril",76,JURIDICO
ESPECIAL,11,"El patrimonio de las administraciones públicas: concepto y clasificación. La Ley de patrimonio de la Generalitat. Los bienes de dominio público de la Generalitat: régimen jurídico. Protección y defensa de los bienes. La afectación, adscripción y mutación demanial. Los bienes patrimoniales: adquisición, utilización y enajenación.","Ley 14/2003, de 10 de abril",77,JURIDICO
ESPECIAL,11,"El patrimonio de las administraciones públicas: concepto y clasificación. La Ley de patrimonio de la Generalitat. Los bienes de dominio público de la Generalitat: régimen jurídico. Protección y defensa de los bienes. La afectación, adscripción y mutación demanial. Los bienes patrimoniales: adquisición, utilización y enajenación.","Ley 14/2003, de 10 de abril",78,JURIDICO
ESPECIAL,11,"El patrimonio de las administraciones públicas: concepto y clasificación. La Ley de patrimonio de la Generalitat. Los bienes de dominio público de la Generalitat: régimen jurídico. Protección y defensa de los bienes. La afectación, adscripción y mutación demanial. Los bienes patrimoniales: adquisición, utilización y enajenación.","Ley 14/2003, de 10 de abril",79,JURIDICO
ESPECIAL,11,"El patrimonio de las administraciones públicas: concepto y clasificación. La Ley de patrimonio de la Generalitat. Los bienes de dominio público de la Generalitat: régimen jurídico. Protección y defensa de los bienes. La afectación, adscripción y mutación demanial. Los bienes patrimoniales: adquisición, utilización y enajenación.","Ley 14/2003, de 10 de abril",80,JURIDICO
ESPECIAL,11,"El patrimonio de las administraciones públicas: concepto y clasificación. La Ley de patrimonio de la Generalitat. Los bienes de dominio público de la Generalitat: régimen jurídico. Protección y defensa de los bienes. La afectación, adscripción y mutación demanial. Los bienes patrimoniales: adquisición, utilización y enajenación.","Ley 14/2003, de 10 de abril",81,JURIDICO
ESPECIAL,11,"El patrimonio de las administraciones públicas: concepto y clasificación. La Ley de patrimonio de la Generalitat. Los bienes de dominio público de la Generalitat: régimen jurídico. Protección y defensa de los bienes. La afectación, adscripción y mutación demanial. Los bienes patrimoniales: adquisición, utilización y enajenación.","Ley 14/2003, de 10 de abril",82,JURIDICO
ESPECIAL,11,"El patrimonio de las administraciones públicas: concepto y clasificación. La Ley de patrimonio de la Generalitat. Los bienes de dominio público de la Generalitat: régimen jurídico. Protección y defensa de los bienes. La afectación, adscripción y mutación demanial. Los bienes patrimoniales: adquisición, utilización y enajenación.","Ley 14/2003, de 10 de abril",83,JURIDICO
ESPECIAL,11,"El patrimonio de las administraciones públicas: concepto y clasificación. La Ley de patrimonio de la Generalitat. Los bienes de dominio público de la Generalitat: régimen jurídico. Protección y defensa de los bienes. La afectación, adscripción y mutación demanial. Los bienes patrimoniales: adquisición, utilización y enajenación.","Ley 14/2003, de 10 de abril",84,JURIDICO
ESPECIAL,11,"El patrimonio de las administraciones públicas: concepto y clasificación. La Ley de patrimonio de la Generalitat. Los bienes de dominio público de la Generalitat: régimen jurídico. Protección y defensa de los bienes. La afectación, adscripción y mutación demanial. Los bienes patrimoniales: adquisición, utilización y enajenación.","Ley 14/2003, de 10 de abril",85,JURIDICO
ESPECIAL,11,"El patrimonio de las administraciones públicas: concepto y clasificación. La Ley de patrimonio de la Generalitat. Los bienes de dominio público de la Generalitat: régimen jurídico. Protección y defensa de los bienes. La afectación, adscripción y mutación demanial. Los bienes patrimoniales: adquisición, utilización y enajenación.","Ley 33/2003, de 3 de noviembre",3,JURIDICO
ESPECIAL,11,"El patrimonio de las administraciones públicas: concepto y clasificación. La Ley de patrimonio de la Generalitat. Los bienes de dominio público de la Generalitat: régimen jurídico. Protección y defensa de los bienes. La afectación, adscripción y mutación demanial. Los bienes patrimoniales: adquisición, utilización y enajenación.","Ley 33/2003, de 3 de noviembre",4,JURIDICO
ESPECIAL,11,"El patrimonio de las administraciones públicas: concepto y clasificación. La Ley de patrimonio de la Generalitat. Los bienes de dominio público de la Generalitat: régimen jurídico. Protección y defensa de los bienes. La afectación, adscripción y mutación demanial. Los bienes patrimoniales: adquisición, utilización y enajenación.","Ley 33/2003, de 3 de noviembre",5,JURIDICO
ESPECIAL,11,"El patrimonio de las administraciones públicas: concepto y clasificación. La Ley de patrimonio de la Generalitat. Los bienes de dominio público de la Generalitat: régimen jurídico. Protección y defensa de los bienes. La afectación, adscripción y mutación demanial. Los bienes patrimoniales: adquisición, utilización y enajenación.","Ley 33/2003, de 3 de noviembre",6,JURIDICO
ESPECIAL,11,"El patrimonio de las administraciones públicas: concepto y clasificación. La Ley de patrimonio de la Generalitat. Los bienes de dominio público de la Generalitat: régimen jurídico. Protección y defensa de los bienes. La afectación, adscripción y mutación demanial. Los bienes patrimoniales: adquisición, utilización y enajenación.","Ley 33/2003, de 3 de noviembre",7,JURIDICO
ESPECIAL,11,"El patrimonio de las administraciones públicas: concepto y clasificación. La Ley de patrimonio de la Generalitat. Los bienes de dominio público de la Generalitat: régimen jurídico. Protección y defensa de los bienes. La afectación, adscripción y mutación demanial. Los bienes patrimoniales: adquisición, utilización y enajenación.","Ley 33/2003, de 3 de noviembre",8,JURIDICO
ESPECIAL,11,"El patrimonio de las administraciones públicas: concepto y clasificación. La Ley de patrimonio de la Generalitat. Los bienes de dominio público de la Generalitat: régimen jurídico. Protección y defensa de los bienes. La afectación, adscripción y mutación demanial. Los bienes patrimoniales: adquisición, utilización y enajenación.","Ley 33/2003, de 3 de noviembre",9,JURIDICO
ESPECIAL,11,"El patrimonio de las administraciones públicas: concepto y clasificación. La Ley de patrimonio de la Generalitat. Los bienes de dominio público de la Generalitat: régimen jurídico. Protección y defensa de los bienes. La afectación, adscripción y mutación demanial. Los bienes patrimoniales: adquisición, utilización y enajenación.","Ley 33/2003, de 3 de noviembre",28,JURIDICO
ESPECIAL,11,"El patrimonio de las administraciones públicas: concepto y clasificación. La Ley de patrimonio de la Generalitat. Los bienes de dominio público de la Generalitat: régimen jurídico. Protección y defensa de los bienes. La afectación, adscripción y mutación demanial. Los bienes patrimoniales: adquisición, utilización y enajenación.","Ley 33/2003, de 3 de noviembre",29,JURIDICO
ESPECIAL,11,"El patrimonio de las administraciones públicas: concepto y clasificación. La Ley de patrimonio de la Generalitat. Los bienes de dominio público de la Generalitat: régimen jurídico. Protección y defensa de los bienes. La afectación, adscripción y mutación demanial. Los bienes patrimoniales: adquisición, utilización y enajenación.","Ley 33/2003, de 3 de noviembre",30,JURIDICO
ESPECIAL,11,"El patrimonio de las administraciones públicas: concepto y clasificación. La Ley de patrimonio de la Generalitat. Los bienes de dominio público de la Generalitat: régimen jurídico. Protección y defensa de los bienes. La afectación, adscripción y mutación demanial. Los bienes patrimoniales: adquisición, utilización y enajenación.","Ley 33/2003, de 3 de noviembre",65,JURIDICO
ESPECIAL,11,"El patrimonio de las administraciones públicas: concepto y clasificación. La Ley de patrimonio de la Generalitat. Los bienes de dominio público de la Generalitat: régimen jurídico. Protección y defensa de los bienes. La afectación, adscripción y mutación demanial. Los bienes patrimoniales: adquisición, utilización y enajenación.","Ley 33/2003, de 3 de noviembre",66,JURIDICO
ESPECIAL,11,"El patrimonio de las administraciones públicas: concepto y clasificación. La Ley de patrimonio de la Generalitat. Los bienes de dominio público de la Generalitat: régimen jurídico. Protección y defensa de los bienes. La afectación, adscripción y mutación demanial. Los bienes patrimoniales: adquisición, utilización y enajenación.","Ley 33/2003, de 3 de noviembre",67,JURIDICO
ESPECIAL,11,"El patrimonio de las administraciones públicas: concepto y clasificación. La Ley de patrimonio de la Generalitat. Los bienes de dominio público de la Generalitat: régimen jurídico. Protección y defensa de los bienes. La afectación, adscripción y mutación demanial. Los bienes patrimoniales: adquisición, utilización y enajenación.","Ley 33/2003, de 3 de noviembre",68,JURIDICO
ESPECIAL,11,"El patrimonio de las administraciones públicas: concepto y clasificación. La Ley de patrimonio de la Generalitat. Los bienes de dominio público de la Generalitat: régimen jurídico. Protección y defensa de los bienes. La afectación, adscripción y mutación demanial. Los bienes patrimoniales: adquisición, utilización y enajenación.","Ley 33/2003, de 3 de noviembre",69,JURIDICO
ESPECIAL,11,"El patrimonio de las administraciones públicas: concepto y clasificación. La Ley de patrimonio de la Generalitat. Los bienes de dominio público de la Generalitat: régimen jurídico. Protección y defensa de los bienes. La afectación, adscripción y mutación demanial. Los bienes patrimoniales: adquisición, utilización y enajenación.","Ley 33/2003, de 3 de noviembre",70,JURIDICO
ESPECIAL,11,"El patrimonio de las administraciones públicas: concepto y clasificación. La Ley de patrimonio de la Generalitat. Los bienes de dominio público de la Generalitat: régimen jurídico. Protección y defensa de los bienes. La afectación, adscripción y mutación demanial. Los bienes patrimoniales: adquisición, utilización y enajenación.","Ley 33/2003, de 3 de noviembre",71,JURIDICO
ESPECIAL,11,"El patrimonio de las administraciones públicas: concepto y clasificación. La Ley de patrimonio de la Generalitat. Los bienes de dominio público de la Generalitat: régimen jurídico. Protección y defensa de los bienes. La afectación, adscripción y mutación demanial. Los bienes patrimoniales: adquisición, utilización y enajenación.","Ley 33/2003, de 3 de noviembre",72,JURIDICO
ESPECIAL,11,"El patrimonio de las administraciones públicas: concepto y clasificación. La Ley de patrimonio de la Generalitat. Los bienes de dominio público de la Generalitat: régimen jurídico. Protección y defensa de los bienes. La afectación, adscripción y mutación demanial. Los bienes patrimoniales: adquisición, utilización y enajenación.","Ley 33/2003, de 3 de noviembre",73,JURIDICO
ESPECIAL,11,"El patrimonio de las administraciones públicas: concepto y clasificación. La Ley de patrimonio de la Generalitat. Los bienes de dominio público de la Generalitat: régimen jurídico. Protección y defensa de los bienes. La afectación, adscripción y mutación demanial. Los bienes patrimoniales: adquisición, utilización y enajenación.","Ley 33/2003, de 3 de noviembre",74,JURIDICO
ESPECIAL,11,"El patrimonio de las administraciones públicas: concepto y clasificación. La Ley de patrimonio de la Generalitat. Los bienes de dominio público de la Generalitat: régimen jurídico. Protección y defensa de los bienes. La afectación, adscripción y mutación demanial. Los bienes patrimoniales: adquisición, utilización y enajenación.","Ley 33/2003, de 3 de noviembre",75,JURIDICO
ESPECIAL,11,"El patrimonio de las administraciones públicas: concepto y clasificación. La Ley de patrimonio de la Generalitat. Los bienes de dominio público de la Generalitat: régimen jurídico. Protección y defensa de los bienes. La afectación, adscripción y mutación demanial. Los bienes patrimoniales: adquisición, utilización y enajenación.","Ley 33/2003, de 3 de noviembre",76,JURIDICO
ESPECIAL,11,"El patrimonio de las administraciones públicas: concepto y clasificación. La Ley de patrimonio de la Generalitat. Los bienes de dominio público de la Generalitat: régimen jurídico. Protección y defensa de los bienes. La afectación, adscripción y mutación demanial. Los bienes patrimoniales: adquisición, utilización y enajenación.","Ley 33/2003, de 3 de noviembre",77,JURIDICO
ESPECIAL,11,"El patrimonio de las administraciones públicas: concepto y clasificación. La Ley de patrimonio de la Generalitat. Los bienes de dominio público de la Generalitat: régimen jurídico. Protección y defensa de los bienes. La afectación, adscripción y mutación demanial. Los bienes patrimoniales: adquisición, utilización y enajenación.","Ley 33/2003, de 3 de noviembre",78,JURIDICO
ESPECIAL,11,"El patrimonio de las administraciones públicas: concepto y clasificación. La Ley de patrimonio de la Generalitat. Los bienes de dominio público de la Generalitat: régimen jurídico. Protección y defensa de los bienes. La afectación, adscripción y mutación demanial. Los bienes patrimoniales: adquisición, utilización y enajenación.","Ley 33/2003, de 3 de noviembre",79,JURIDICO
ESPECIAL,12,"Actividad de limitación, arbitral y de fomento","Ley 1/2015, de 6 de febrero",171,JURIDICO
ESPECIAL,12,"Actividad de limitación, arbitral y de fomento","Ley 1/2015, de 6 de febrero",172,JURIDICO
ESPECIAL,12,"Actividad de limitación, arbitral y de fomento","Ley 1/2015, de 6 de febrero",173,JURIDICO
ESPECIAL,12,"Actividad de limitación, arbitral y de fomento","Ley 1/2015, de 6 de febrero",174,JURIDICO
ESPECIAL,12,"Actividad de limitación, arbitral y de fomento","Ley 1/2015, de 6 de febrero",175,JURIDICO
ESPECIAL,12,"Actividad de limitación, arbitral y de fomento","Ley 1/2015, de 6 de febrero",176,JURIDICO
ESPECIAL,12,"Actividad de limitación, arbitral y de fomento","Ley 1/2015, de 6 de febrero",177,JURIDICO
ESPECIAL,12,"Actividad de limitación, arbitral y de fomento","Ley 1/2015, de 6 de febrero",178,JURIDICO
ESPECIAL,12,"Actividad de limitación, arbitral y de fomento","Ley 38/2003, de 17 de noviembre",1,JURIDICO
ESPECIAL,12,"Actividad de limitación, arbitral y de fomento","Ley 38/2003, de 17 de noviembre",2,JURIDICO
ESPECIAL,12,"Actividad de limitación, arbitral y de fomento","Ley 38/2003, de 17 de noviembre",3,JURIDICO
ESPECIAL,12,"Actividad de limitación, arbitral y de fomento","Ley 38/2003, de 17 de noviembre",4,JURIDICO
ESPECIAL,12,"Actividad de limitación, arbitral y de fomento","Ley 38/2003, de 17 de noviembre",5,JURIDICO
ESPECIAL,12,"Actividad de limitación, arbitral y de fomento","Ley 38/2003, de 17 de noviembre",6,JURIDICO
ESPECIAL,12,"Actividad de limitación, arbitral y de fomento","Ley 38/2003, de 17 de noviembre",7,JURIDICO
ESPECIAL,12,"Actividad de limitación, arbitral y de fomento","Ley 38/2003, de 17 de noviembre",8,JURIDICO
ESPECIAL,12,"Actividad de limitación, arbitral y de fomento","Ley 38/2003, de 17 de noviembre",9,JURIDICO
ESPECIAL,12,"Actividad de limitación, arbitral y de fomento","Ley 38/2003, de 17 de noviembre",10,JURIDICO
ESPECIAL,12,"Actividad de limitación, arbitral y de fomento","Ley 38/2003, de 17 de noviembre",11,JURIDICO
ESPECIAL,12,"Actividad de limitación, arbitral y de fomento","Ley 38/2003, de 17 de noviembre",12,JURIDICO
ESPECIAL,12,"Actividad de limitación, arbitral y de fomento","Ley 38/2003, de 17 de noviembre",13,JURIDICO
ESPECIAL,12,"Actividad de limitación, arbitral y de fomento","Ley 38/2003, de 17 de noviembre",14,JURIDICO
ESPECIAL,12,"Actividad de limitación, arbitral y de fomento","Ley 38/2003, de 17 de noviembre",15,JURIDICO
ESPECIAL,12,"Actividad de limitación, arbitral y de fomento","Ley 38/2003, de 17 de noviembre",16,JURIDICO
ESPECIAL,12,"Actividad de limitación, arbitral y de fomento","Ley 38/2003, de 17 de noviembre",17,JURIDICO
ESPECIAL,12,"Actividad de limitación, arbitral y de fomento","Ley 38/2003, de 17 de noviembre",18,JURIDICO
ESPECIAL,12,"Actividad de limitación, arbitral y de fomento","Ley 38/2003, de 17 de noviembre",19,JURIDICO
ESPECIAL,12,"Actividad de limitación, arbitral y de fomento","Ley 38/2003, de 17 de noviembre",20,JURIDICO
ESPECIAL,12,"Actividad de limitación, arbitral y de fomento","Ley 38/2003, de 17 de noviembre",21,JURIDICO
ESPECIAL,12,"Actividad de limitación, arbitral y de fomento","Ley 38/2003, de 17 de noviembre",22,JURIDICO
ESPECIAL,12,"Actividad de limitación, arbitral y de fomento","Ley 38/2003, de 17 de noviembre",23,JURIDICO
ESPECIAL,12,"Actividad de limitación, arbitral y de fomento","Ley 38/2003, de 17 de noviembre",24,JURIDICO
ESPECIAL,12,"Actividad de limitación, arbitral y de fomento","Ley 38/2003, de 17 de noviembre",25,JURIDICO
ESPECIAL,12,"Actividad de limitación, arbitral y de fomento","Ley 38/2003, de 17 de noviembre",26,JURIDICO
ESPECIAL,12,"Actividad de limitación, arbitral y de fomento","Ley 38/2003, de 17 de noviembre",27,JURIDICO
ESPECIAL,12,"Actividad de limitación, arbitral y de fomento","Ley 38/2003, de 17 de noviembre",28,JURIDICO
ESPECIAL,12,"Actividad de limitación, arbitral y de fomento","Ley 38/2003, de 17 de noviembre",29,JURIDICO
ESPECIAL,12,"Actividad de limitación, arbitral y de fomento","Ley 38/2003, de 17 de noviembre",30,JURIDICO
ESPECIAL,12,"Actividad de limitación, arbitral y de fomento","Ley 38/2003, de 17 de noviembre",31,JURIDICO
ESPECIAL,12,"Actividad de limitación, arbitral y de fomento","Ley 38/2003, de 17 de noviembre",32,JURIDICO
ESPECIAL,12,"Actividad de limitación, arbitral y de fomento","Ley 38/2003, de 17 de noviembre",33,JURIDICO
ESPECIAL,12,"Actividad de limitación, arbitral y de fomento","Ley 38/2003, de 17 de noviembre",34,JURIDICO
ESPECIAL,12,"Actividad de limitación, arbitral y de fomento","Ley 38/2003, de 17 de noviembre",35,JURIDICO
ESPECIAL,13,El servicio público. Concepto. Formas de gestión de los servicios públicos. Los convenios en el ámbito de la Generalitat.,"Ley 7/1985, de 2 de abril",25,JURIDICO
ESPECIAL,13,El servicio público. Concepto. Formas de gestión de los servicios públicos. Los convenios en el ámbito de la Generalitat.,"Ley 7/1985, de 2 de abril",26,JURIDICO
ESPECIAL,13,El servicio público. Concepto. Formas de gestión de los servicios públicos. Los convenios en el ámbito de la Generalitat.,"Ley 7/1985, de 2 de abril",27,JURIDICO
ESPECIAL,13,El servicio público. Concepto. Formas de gestión de los servicios públicos. Los convenios en el ámbito de la Generalitat.,"Ley 7/1985, de 2 de abril",85,JURIDICO
ESPECIAL,13,El servicio público. Concepto. Formas de gestión de los servicios públicos. Los convenios en el ámbito de la Generalitat.,"Decreto 176/2014, de 10 de octubre, del Consell",1,JURIDICO
ESPECIAL,13,El servicio público. Concepto. Formas de gestión de los servicios públicos. Los convenios en el ámbito de la Generalitat.,"Decreto 176/2014, de 10 de octubre, del Consell",2,JURIDICO
ESPECIAL,13,El servicio público. Concepto. Formas de gestión de los servicios públicos. Los convenios en el ámbito de la Generalitat.,"Decreto 176/2014, de 10 de octubre, del Consell",3,JURIDICO
ESPECIAL,13,El servicio público. Concepto. Formas de gestión de los servicios públicos. Los convenios en el ámbito de la Generalitat.,"Decreto 176/2014, de 10 de octubre, del Consell",4,JURIDICO
ESPECIAL,13,El servicio público. Concepto. Formas de gestión de los servicios públicos. Los convenios en el ámbito de la Generalitat.,"Decreto 176/2014, de 10 de octubre, del Consell",5,JURIDICO
ESPECIAL,13,El servicio público. Concepto. Formas de gestión de los servicios públicos. Los convenios en el ámbito de la Generalitat.,"Decreto 176/2014, de 10 de octubre, del Consell",6,JURIDICO
ESPECIAL,13,El servicio público. Concepto. Formas de gestión de los servicios públicos. Los convenios en el ámbito de la Generalitat.,"Decreto 176/2014, de 10 de octubre, del Consell",7,JURIDICO
ESPECIAL,13,El servicio público. Concepto. Formas de gestión de los servicios públicos. Los convenios en el ámbito de la Generalitat.,"Decreto 176/2014, de 10 de octubre, del Consell",8,JURIDICO
ESPECIAL,13,El servicio público. Concepto. Formas de gestión de los servicios públicos. Los convenios en el ámbito de la Generalitat.,"Decreto 176/2014, de 10 de octubre, del Consell",9,JURIDICO
ESPECIAL,13,El servicio público. Concepto. Formas de gestión de los servicios públicos. Los convenios en el ámbito de la Generalitat.,"Decreto 176/2014, de 10 de octubre, del Consell",10,JURIDICO
ESPECIAL,13,El servicio público. Concepto. Formas de gestión de los servicios públicos. Los convenios en el ámbito de la Generalitat.,"Decreto 176/2014, de 10 de octubre, del Consell",11,JURIDICO
ESPECIAL,13,El servicio público. Concepto. Formas de gestión de los servicios públicos. Los convenios en el ámbito de la Generalitat.,"Decreto 176/2014, de 10 de octubre, del Consell",12,JURIDICO
ESPECIAL,13,El servicio público. Concepto. Formas de gestión de los servicios públicos. Los convenios en el ámbito de la Generalitat.,"Decreto 176/2014, de 10 de octubre, del Consell",13,JURIDICO
ESPECIAL,13,El servicio público. Concepto. Formas de gestión de los servicios públicos. Los convenios en el ámbito de la Generalitat.,"Decreto 176/2014, de 10 de octubre, del Consell",14,JURIDICO
ESPECIAL,13,El servicio público. Concepto. Formas de gestión de los servicios públicos. Los convenios en el ámbito de la Generalitat.,"Decreto 176/2014, de 10 de octubre, del Consell",15,JURIDICO
ESPECIAL,13,El servicio público. Concepto. Formas de gestión de los servicios públicos. Los convenios en el ámbito de la Generalitat.,"Decreto 176/2014, de 10 de octubre, del Consell",16,JURIDICO
ESPECIAL,13,El servicio público. Concepto. Formas de gestión de los servicios públicos. Los convenios en el ámbito de la Generalitat.,"Decreto 176/2014, de 10 de octubre, del Consell",17,JURIDICO
ESPECIAL,13,El servicio público. Concepto. Formas de gestión de los servicios públicos. Los convenios en el ámbito de la Generalitat.,"Decreto 176/2014, de 10 de octubre, del Consell",18,JURIDICO
ESPECIAL,13,El servicio público. Concepto. Formas de gestión de los servicios públicos. Los convenios en el ámbito de la Generalitat.,"Ley 1/2015, de 6 de febrero",159,JURIDICO
ESPECIAL,13,El servicio público. Concepto. Formas de gestión de los servicios públicos. Los convenios en el ámbito de la Generalitat.,"Ley 1/2015, de 6 de febrero",170,JURIDICO
ESPECIAL,13,El servicio público. Concepto. Formas de gestión de los servicios públicos. Los convenios en el ámbito de la Generalitat.,LEY 40/2015,47,JURIDICO
ESPECIAL,13,El servicio público. Concepto. Formas de gestión de los servicios públicos. Los convenios en el ámbito de la Generalitat.,LEY 40/2015,48,JURIDICO
ESPECIAL,13,El servicio público. Concepto. Formas de gestión de los servicios públicos. Los convenios en el ámbito de la Generalitat.,LEY 40/2015,49,JURIDICO
ESPECIAL,13,El servicio público. Concepto. Formas de gestión de los servicios públicos. Los convenios en el ámbito de la Generalitat.,LEY 40/2015,50,JURIDICO
ESPECIAL,13,El servicio público. Concepto. Formas de gestión de los servicios públicos. Los convenios en el ámbito de la Generalitat.,LEY 40/2015,51,JURIDICO
ESPECIAL,13,El servicio público. Concepto. Formas de gestión de los servicios públicos. Los convenios en el ámbito de la Generalitat.,LEY 40/2015,52,JURIDICO
ESPECIAL,13,El servicio público. Concepto. Formas de gestión de los servicios públicos. Los convenios en el ámbito de la Generalitat.,LEY 40/2015,53,JURIDICO
ESPECIAL,13,El servicio público. Concepto. Formas de gestión de los servicios públicos. Los convenios en el ámbito de la Generalitat.,LEY 40/2015,84,JURIDICO
ESPECIAL,13,El servicio público. Concepto. Formas de gestión de los servicios públicos. Los convenios en el ámbito de la Generalitat.,LEY 40/2015,85,JURIDICO
ESPECIAL,13,El servicio público. Concepto. Formas de gestión de los servicios públicos. Los convenios en el ámbito de la Generalitat.,LEY 40/2015,86,JURIDICO
ESPECIAL,13,El servicio público. Concepto. Formas de gestión de los servicios públicos. Los convenios en el ámbito de la Generalitat.,LEY 40/2015,87,JURIDICO
ESPECIAL,13,El servicio público. Concepto. Formas de gestión de los servicios públicos. Los convenios en el ámbito de la Generalitat.,LEY 40/2015,88,JURIDICO
ESPECIAL,13,El servicio público. Concepto. Formas de gestión de los servicios públicos. Los convenios en el ámbito de la Generalitat.,LEY 40/2015,89,JURIDICO
ESPECIAL,13,El servicio público. Concepto. Formas de gestión de los servicios públicos. Los convenios en el ámbito de la Generalitat.,LEY 40/2015,90,JURIDICO
ESPECIAL,13,El servicio público. Concepto. Formas de gestión de los servicios públicos. Los convenios en el ámbito de la Generalitat.,LEY 40/2015,91,JURIDICO
ESPECIAL,13,El servicio público. Concepto. Formas de gestión de los servicios públicos. Los convenios en el ámbito de la Generalitat.,LEY 40/2015,92,JURIDICO
ESPECIAL,13,El servicio público. Concepto. Formas de gestión de los servicios públicos. Los convenios en el ámbito de la Generalitat.,LEY 40/2015,93,JURIDICO
ESPECIAL,13,El servicio público. Concepto. Formas de gestión de los servicios públicos. Los convenios en el ámbito de la Generalitat.,LEY 40/2015,94,JURIDICO
ESPECIAL,13,El servicio público. Concepto. Formas de gestión de los servicios públicos. Los convenios en el ámbito de la Generalitat.,LEY 40/2015,95,JURIDICO
ESPECIAL,13,El servicio público. Concepto. Formas de gestión de los servicios públicos. Los convenios en el ámbito de la Generalitat.,LEY 40/2015,96,JURIDICO
ESPECIAL,13,El servicio público. Concepto. Formas de gestión de los servicios públicos. Los convenios en el ámbito de la Generalitat.,LEY 40/2015,97,JURIDICO
ESPECIAL,13,El servicio público. Concepto. Formas de gestión de los servicios públicos. Los convenios en el ámbito de la Generalitat.,LEY 40/2015,98,JURIDICO
ESPECIAL,13,El servicio público. Concepto. Formas de gestión de los servicios públicos. Los convenios en el ámbito de la Generalitat.,"Ley 9/2017, de 8 de noviembre,",6,JURIDICO
ESPECIAL,14,Los contratos del sector público (I). Objeto y ámbito de aplicación de la Ley de contratos del sector público. Delimitación de los tipos contractuales. Contratos administrativos y contratos privados. Perfección y forma del contrato. Régimen de invalidez. Partes del contrato.,"Ley 9/2003, de 2 de abril",1,JURIDICO
ESPECIAL,14,Los contratos del sector público (I). Objeto y ámbito de aplicación de la Ley de contratos del sector público. Delimitación de los tipos contractuales. Contratos administrativos y contratos privados. Perfección y forma del contrato. Régimen de invalidez. Partes del contrato.,"Ley 9/2003, de 2 de abril",2,JURIDICO
ESPECIAL,14,Los contratos del sector público (I). Objeto y ámbito de aplicación de la Ley de contratos del sector público. Delimitación de los tipos contractuales. Contratos administrativos y contratos privados. Perfección y forma del contrato. Régimen de invalidez. Partes del contrato.,"Ley 9/2003, de 2 de abril",3,JURIDICO
ESPECIAL,14,Los contratos del sector público (I). Objeto y ámbito de aplicación de la Ley de contratos del sector público. Delimitación de los tipos contractuales. Contratos administrativos y contratos privados. Perfección y forma del contrato. Régimen de invalidez. Partes del contrato.,"Ley 9/2003, de 2 de abril",12,JURIDICO
ESPECIAL,14,Los contratos del sector público (I). Objeto y ámbito de aplicación de la Ley de contratos del sector público. Delimitación de los tipos contractuales. Contratos administrativos y contratos privados. Perfección y forma del contrato. Régimen de invalidez. Partes del contrato.,"Ley 9/2003, de 2 de abril",13,JURIDICO
ESPECIAL,14,Los contratos del sector público (I). Objeto y ámbito de aplicación de la Ley de contratos del sector público. Delimitación de los tipos contractuales. Contratos administrativos y contratos privados. Perfección y forma del contrato. Régimen de invalidez. Partes del contrato.,"Ley 9/2003, de 2 de abril",14,JURIDICO
ESPECIAL,14,Los contratos del sector público (I). Objeto y ámbito de aplicación de la Ley de contratos del sector público. Delimitación de los tipos contractuales. Contratos administrativos y contratos privados. Perfección y forma del contrato. Régimen de invalidez. Partes del contrato.,"Ley 9/2003, de 2 de abril",15,JURIDICO
ESPECIAL,14,Los contratos del sector público (I). Objeto y ámbito de aplicación de la Ley de contratos del sector público. Delimitación de los tipos contractuales. Contratos administrativos y contratos privados. Perfección y forma del contrato. Régimen de invalidez. Partes del contrato.,"Ley 9/2003, de 2 de abril",16,JURIDICO
ESPECIAL,14,Los contratos del sector público (I). Objeto y ámbito de aplicación de la Ley de contratos del sector público. Delimitación de los tipos contractuales. Contratos administrativos y contratos privados. Perfección y forma del contrato. Régimen de invalidez. Partes del contrato.,"Ley 9/2003, de 2 de abril",17,JURIDICO
ESPECIAL,14,Los contratos del sector público (I). Objeto y ámbito de aplicación de la Ley de contratos del sector público. Delimitación de los tipos contractuales. Contratos administrativos y contratos privados. Perfección y forma del contrato. Régimen de invalidez. Partes del contrato.,"Ley 9/2003, de 2 de abril",18,JURIDICO
ESPECIAL,14,Los contratos del sector público (I). Objeto y ámbito de aplicación de la Ley de contratos del sector público. Delimitación de los tipos contractuales. Contratos administrativos y contratos privados. Perfección y forma del contrato. Régimen de invalidez. Partes del contrato.,"Ley 9/2003, de 2 de abril",24,JURIDICO
ESPECIAL,14,Los contratos del sector público (I). Objeto y ámbito de aplicación de la Ley de contratos del sector público. Delimitación de los tipos contractuales. Contratos administrativos y contratos privados. Perfección y forma del contrato. Régimen de invalidez. Partes del contrato.,"Ley 9/2003, de 2 de abril",25,JURIDICO
ESPECIAL,14,Los contratos del sector público (I). Objeto y ámbito de aplicación de la Ley de contratos del sector público. Delimitación de los tipos contractuales. Contratos administrativos y contratos privados. Perfección y forma del contrato. Régimen de invalidez. Partes del contrato.,"Ley 9/2003, de 2 de abril",26,JURIDICO
ESPECIAL,14,Los contratos del sector público (I). Objeto y ámbito de aplicación de la Ley de contratos del sector público. Delimitación de los tipos contractuales. Contratos administrativos y contratos privados. Perfección y forma del contrato. Régimen de invalidez. Partes del contrato.,"Ley 9/2003, de 2 de abril",27,JURIDICO
ESPECIAL,14,Los contratos del sector público (I). Objeto y ámbito de aplicación de la Ley de contratos del sector público. Delimitación de los tipos contractuales. Contratos administrativos y contratos privados. Perfección y forma del contrato. Régimen de invalidez. Partes del contrato.,"Ley 9/2003, de 2 de abril",36,JURIDICO
ESPECIAL,14,Los contratos del sector público (I). Objeto y ámbito de aplicación de la Ley de contratos del sector público. Delimitación de los tipos contractuales. Contratos administrativos y contratos privados. Perfección y forma del contrato. Régimen de invalidez. Partes del contrato.,"Ley 9/2003, de 2 de abril",37,JURIDICO
ESPECIAL,14,Los contratos del sector público (I). Objeto y ámbito de aplicación de la Ley de contratos del sector público. Delimitación de los tipos contractuales. Contratos administrativos y contratos privados. Perfección y forma del contrato. Régimen de invalidez. Partes del contrato.,"Ley 9/2003, de 2 de abril",38,JURIDICO
ESPECIAL,14,Los contratos del sector público (I). Objeto y ámbito de aplicación de la Ley de contratos del sector público. Delimitación de los tipos contractuales. Contratos administrativos y contratos privados. Perfección y forma del contrato. Régimen de invalidez. Partes del contrato.,"Ley 9/2003, de 2 de abril",39,JURIDICO
ESPECIAL,14,Los contratos del sector público (I). Objeto y ámbito de aplicación de la Ley de contratos del sector público. Delimitación de los tipos contractuales. Contratos administrativos y contratos privados. Perfección y forma del contrato. Régimen de invalidez. Partes del contrato.,"Ley 9/2003, de 2 de abril",40,JURIDICO
ESPECIAL,14,Los contratos del sector público (I). Objeto y ámbito de aplicación de la Ley de contratos del sector público. Delimitación de los tipos contractuales. Contratos administrativos y contratos privados. Perfección y forma del contrato. Régimen de invalidez. Partes del contrato.,"Ley 9/2003, de 2 de abril",41,JURIDICO
ESPECIAL,14,Los contratos del sector público (I). Objeto y ámbito de aplicación de la Ley de contratos del sector público. Delimitación de los tipos contractuales. Contratos administrativos y contratos privados. Perfección y forma del contrato. Régimen de invalidez. Partes del contrato.,"Ley 9/2003, de 2 de abril",42,JURIDICO
ESPECIAL,14,Los contratos del sector público (I). Objeto y ámbito de aplicación de la Ley de contratos del sector público. Delimitación de los tipos contractuales. Contratos administrativos y contratos privados. Perfección y forma del contrato. Régimen de invalidez. Partes del contrato.,"Ley 9/2003, de 2 de abril",43,JURIDICO
ESPECIAL,14,Los contratos del sector público (I). Objeto y ámbito de aplicación de la Ley de contratos del sector público. Delimitación de los tipos contractuales. Contratos administrativos y contratos privados. Perfección y forma del contrato. Régimen de invalidez. Partes del contrato.,"Ley 9/2003, de 2 de abril",62,JURIDICO
ESPECIAL,14,Los contratos del sector público (I). Objeto y ámbito de aplicación de la Ley de contratos del sector público. Delimitación de los tipos contractuales. Contratos administrativos y contratos privados. Perfección y forma del contrato. Régimen de invalidez. Partes del contrato.,"Ley 9/2003, de 2 de abril",63,JURIDICO
ESPECIAL,14,Los contratos del sector público (I). Objeto y ámbito de aplicación de la Ley de contratos del sector público. Delimitación de los tipos contractuales. Contratos administrativos y contratos privados. Perfección y forma del contrato. Régimen de invalidez. Partes del contrato.,"Ley 9/2003, de 2 de abril",64,JURIDICO
ESPECIAL,14,Los contratos del sector público (I). Objeto y ámbito de aplicación de la Ley de contratos del sector público. Delimitación de los tipos contractuales. Contratos administrativos y contratos privados. Perfección y forma del contrato. Régimen de invalidez. Partes del contrato.,"Ley 9/2003, de 2 de abril",65,JURIDICO
ESPECIAL,14,Los contratos del sector público (I). Objeto y ámbito de aplicación de la Ley de contratos del sector público. Delimitación de los tipos contractuales. Contratos administrativos y contratos privados. Perfección y forma del contrato. Régimen de invalidez. Partes del contrato.,"Ley 9/2003, de 2 de abril",66,JURIDICO
ESPECIAL,14,Los contratos del sector público (I). Objeto y ámbito de aplicación de la Ley de contratos del sector público. Delimitación de los tipos contractuales. Contratos administrativos y contratos privados. Perfección y forma del contrato. Régimen de invalidez. Partes del contrato.,"Ley 9/2003, de 2 de abril",67,JURIDICO
ESPECIAL,14,Los contratos del sector público (I). Objeto y ámbito de aplicación de la Ley de contratos del sector público. Delimitación de los tipos contractuales. Contratos administrativos y contratos privados. Perfección y forma del contrato. Régimen de invalidez. Partes del contrato.,"Ley 9/2003, de 2 de abril",68,JURIDICO
ESPECIAL,14,Los contratos del sector público (I). Objeto y ámbito de aplicación de la Ley de contratos del sector público. Delimitación de los tipos contractuales. Contratos administrativos y contratos privados. Perfección y forma del contrato. Régimen de invalidez. Partes del contrato.,"Ley 9/2003, de 2 de abril",69,JURIDICO
ESPECIAL,14,Los contratos del sector público (I). Objeto y ámbito de aplicación de la Ley de contratos del sector público. Delimitación de los tipos contractuales. Contratos administrativos y contratos privados. Perfección y forma del contrato. Régimen de invalidez. Partes del contrato.,"Ley 9/2003, de 2 de abril",70,JURIDICO
ESPECIAL,14,Los contratos del sector público (I). Objeto y ámbito de aplicación de la Ley de contratos del sector público. Delimitación de los tipos contractuales. Contratos administrativos y contratos privados. Perfección y forma del contrato. Régimen de invalidez. Partes del contrato.,"Ley 9/2003, de 2 de abril",71,JURIDICO
ESPECIAL,14,Los contratos del sector público (I). Objeto y ámbito de aplicación de la Ley de contratos del sector público. Delimitación de los tipos contractuales. Contratos administrativos y contratos privados. Perfección y forma del contrato. Régimen de invalidez. Partes del contrato.,"Ley 9/2003, de 2 de abril",72,JURIDICO
ESPECIAL,14,Los contratos del sector público (I). Objeto y ámbito de aplicación de la Ley de contratos del sector público. Delimitación de los tipos contractuales. Contratos administrativos y contratos privados. Perfección y forma del contrato. Régimen de invalidez. Partes del contrato.,"Ley 9/2003, de 2 de abril",73,JURIDICO
ESPECIAL,14,Los contratos del sector público (I). Objeto y ámbito de aplicación de la Ley de contratos del sector público. Delimitación de los tipos contractuales. Contratos administrativos y contratos privados. Perfección y forma del contrato. Régimen de invalidez. Partes del contrato.,"Ley 9/2003, de 2 de abril",74,JURIDICO
ESPECIAL,14,Los contratos del sector público (I). Objeto y ámbito de aplicación de la Ley de contratos del sector público. Delimitación de los tipos contractuales. Contratos administrativos y contratos privados. Perfección y forma del contrato. Régimen de invalidez. Partes del contrato.,"Ley 9/2003, de 2 de abril",75,JURIDICO
ESPECIAL,14,Los contratos del sector público (I). Objeto y ámbito de aplicación de la Ley de contratos del sector público. Delimitación de los tipos contractuales. Contratos administrativos y contratos privados. Perfección y forma del contrato. Régimen de invalidez. Partes del contrato.,"Ley 9/2003, de 2 de abril",76,JURIDICO
ESPECIAL,14,Los contratos del sector público (I). Objeto y ámbito de aplicación de la Ley de contratos del sector público. Delimitación de los tipos contractuales. Contratos administrativos y contratos privados. Perfección y forma del contrato. Régimen de invalidez. Partes del contrato.,"Ley 9/2003, de 2 de abril",77,JURIDICO
ESPECIAL,14,Los contratos del sector público (I). Objeto y ámbito de aplicación de la Ley de contratos del sector público. Delimitación de los tipos contractuales. Contratos administrativos y contratos privados. Perfección y forma del contrato. Régimen de invalidez. Partes del contrato.,"Ley 9/2003, de 2 de abril",78,JURIDICO
ESPECIAL,14,Los contratos del sector público (I). Objeto y ámbito de aplicación de la Ley de contratos del sector público. Delimitación de los tipos contractuales. Contratos administrativos y contratos privados. Perfección y forma del contrato. Régimen de invalidez. Partes del contrato.,"Ley 9/2003, de 2 de abril",79,JURIDICO
ESPECIAL,14,Los contratos del sector público (I). Objeto y ámbito de aplicación de la Ley de contratos del sector público. Delimitación de los tipos contractuales. Contratos administrativos y contratos privados. Perfección y forma del contrato. Régimen de invalidez. Partes del contrato.,"Ley 9/2003, de 2 de abril",80,JURIDICO
ESPECIAL,14,Los contratos del sector público (I). Objeto y ámbito de aplicación de la Ley de contratos del sector público. Delimitación de los tipos contractuales. Contratos administrativos y contratos privados. Perfección y forma del contrato. Régimen de invalidez. Partes del contrato.,"Ley 9/2003, de 2 de abril",81,JURIDICO
ESPECIAL,14,Los contratos del sector público (I). Objeto y ámbito de aplicación de la Ley de contratos del sector público. Delimitación de los tipos contractuales. Contratos administrativos y contratos privados. Perfección y forma del contrato. Régimen de invalidez. Partes del contrato.,"Ley 9/2003, de 2 de abril",82,JURIDICO
ESPECIAL,14,Los contratos del sector público (I). Objeto y ámbito de aplicación de la Ley de contratos del sector público. Delimitación de los tipos contractuales. Contratos administrativos y contratos privados. Perfección y forma del contrato. Régimen de invalidez. Partes del contrato.,"Ley 9/2003, de 2 de abril",83,JURIDICO
ESPECIAL,14,Los contratos del sector público (I). Objeto y ámbito de aplicación de la Ley de contratos del sector público. Delimitación de los tipos contractuales. Contratos administrativos y contratos privados. Perfección y forma del contrato. Régimen de invalidez. Partes del contrato.,"Ley 9/2003, de 2 de abril",84,JURIDICO
ESPECIAL,14,Los contratos del sector público (I). Objeto y ámbito de aplicación de la Ley de contratos del sector público. Delimitación de los tipos contractuales. Contratos administrativos y contratos privados. Perfección y forma del contrato. Régimen de invalidez. Partes del contrato.,"Ley 9/2003, de 2 de abril",85,JURIDICO
ESPECIAL,14,Los contratos del sector público (I). Objeto y ámbito de aplicación de la Ley de contratos del sector público. Delimitación de los tipos contractuales. Contratos administrativos y contratos privados. Perfección y forma del contrato. Régimen de invalidez. Partes del contrato.,"Ley 9/2003, de 2 de abril",86,JURIDICO
ESPECIAL,14,Los contratos del sector público (I). Objeto y ámbito de aplicación de la Ley de contratos del sector público. Delimitación de los tipos contractuales. Contratos administrativos y contratos privados. Perfección y forma del contrato. Régimen de invalidez. Partes del contrato.,"Ley 9/2003, de 2 de abril",87,JURIDICO
ESPECIAL,14,Los contratos del sector público (I). Objeto y ámbito de aplicación de la Ley de contratos del sector público. Delimitación de los tipos contractuales. Contratos administrativos y contratos privados. Perfección y forma del contrato. Régimen de invalidez. Partes del contrato.,"Ley 9/2003, de 2 de abril",88,JURIDICO
ESPECIAL,14,Los contratos del sector público (I). Objeto y ámbito de aplicación de la Ley de contratos del sector público. Delimitación de los tipos contractuales. Contratos administrativos y contratos privados. Perfección y forma del contrato. Régimen de invalidez. Partes del contrato.,"Ley 9/2003, de 2 de abril",89,JURIDICO
ESPECIAL,14,Los contratos del sector público (I). Objeto y ámbito de aplicación de la Ley de contratos del sector público. Delimitación de los tipos contractuales. Contratos administrativos y contratos privados. Perfección y forma del contrato. Régimen de invalidez. Partes del contrato.,"Ley 9/2003, de 2 de abril",90,JURIDICO
ESPECIAL,14,Los contratos del sector público (I). Objeto y ámbito de aplicación de la Ley de contratos del sector público. Delimitación de los tipos contractuales. Contratos administrativos y contratos privados. Perfección y forma del contrato. Régimen de invalidez. Partes del contrato.,"Ley 9/2003, de 2 de abril",91,JURIDICO
ESPECIAL,14,Los contratos del sector público (I). Objeto y ámbito de aplicación de la Ley de contratos del sector público. Delimitación de los tipos contractuales. Contratos administrativos y contratos privados. Perfección y forma del contrato. Régimen de invalidez. Partes del contrato.,"Ley 9/2003, de 2 de abril",92,JURIDICO
ESPECIAL,14,Los contratos del sector público (I). Objeto y ámbito de aplicación de la Ley de contratos del sector público. Delimitación de los tipos contractuales. Contratos administrativos y contratos privados. Perfección y forma del contrato. Régimen de invalidez. Partes del contrato.,"Ley 9/2003, de 2 de abril",93,JURIDICO
ESPECIAL,14,Los contratos del sector público (I). Objeto y ámbito de aplicación de la Ley de contratos del sector público. Delimitación de los tipos contractuales. Contratos administrativos y contratos privados. Perfección y forma del contrato. Régimen de invalidez. Partes del contrato.,"Ley 9/2003, de 2 de abril",94,JURIDICO
ESPECIAL,14,Los contratos del sector público (I). Objeto y ámbito de aplicación de la Ley de contratos del sector público. Delimitación de los tipos contractuales. Contratos administrativos y contratos privados. Perfección y forma del contrato. Régimen de invalidez. Partes del contrato.,"Ley 9/2003, de 2 de abril",95,JURIDICO
ESPECIAL,14,Los contratos del sector público (I). Objeto y ámbito de aplicación de la Ley de contratos del sector público. Delimitación de los tipos contractuales. Contratos administrativos y contratos privados. Perfección y forma del contrato. Régimen de invalidez. Partes del contrato.,"Ley 9/2003, de 2 de abril",96,JURIDICO
ESPECIAL,14,Los contratos del sector público (I). Objeto y ámbito de aplicación de la Ley de contratos del sector público. Delimitación de los tipos contractuales. Contratos administrativos y contratos privados. Perfección y forma del contrato. Régimen de invalidez. Partes del contrato.,"Ley 9/2003, de 2 de abril",97,JURIDICO
ESPECIAL,14,Los contratos del sector público (I). Objeto y ámbito de aplicación de la Ley de contratos del sector público. Delimitación de los tipos contractuales. Contratos administrativos y contratos privados. Perfección y forma del contrato. Régimen de invalidez. Partes del contrato.,"Ley 9/2003, de 2 de abril",98,JURIDICO
ESPECIAL,15,"Los contratos del sector público (II). Objeto, presupuesto base de licitación, valor estimado, precio del contrato y su revisión. Garantías exigibles en la contratación del sector público. Normas generales de la preparación de contratos por las administraciones públicas.","Ley 9/2003, de 2 de abril",99,JURIDICO
ESPECIAL,15,"Los contratos del sector público (II). Objeto, presupuesto base de licitación, valor estimado, precio del contrato y su revisión. Garantías exigibles en la contratación del sector público. Normas generales de la preparación de contratos por las administraciones públicas.","Ley 9/2003, de 2 de abril",100,JURIDICO
ESPECIAL,15,"Los contratos del sector público (II). Objeto, presupuesto base de licitación, valor estimado, precio del contrato y su revisión. Garantías exigibles en la contratación del sector público. Normas generales de la preparación de contratos por las administraciones públicas.","Ley 9/2003, de 2 de abril",101,JURIDICO
ESPECIAL,15,"Los contratos del sector público (II). Objeto, presupuesto base de licitación, valor estimado, precio del contrato y su revisión. Garantías exigibles en la contratación del sector público. Normas generales de la preparación de contratos por las administraciones públicas.","Ley 9/2003, de 2 de abril",102,JURIDICO
ESPECIAL,15,"Los contratos del sector público (II). Objeto, presupuesto base de licitación, valor estimado, precio del contrato y su revisión. Garantías exigibles en la contratación del sector público. Normas generales de la preparación de contratos por las administraciones públicas.","Ley 9/2003, de 2 de abril",103,JURIDICO
ESPECIAL,15,"Los contratos del sector público (II). Objeto, presupuesto base de licitación, valor estimado, precio del contrato y su revisión. Garantías exigibles en la contratación del sector público. Normas generales de la preparación de contratos por las administraciones públicas.","Ley 9/2003, de 2 de abril",104,JURIDICO
ESPECIAL,15,"Los contratos del sector público (II). Objeto, presupuesto base de licitación, valor estimado, precio del contrato y su revisión. Garantías exigibles en la contratación del sector público. Normas generales de la preparación de contratos por las administraciones públicas.","Ley 9/2003, de 2 de abril",105,JURIDICO
ESPECIAL,15,"Los contratos del sector público (II). Objeto, presupuesto base de licitación, valor estimado, precio del contrato y su revisión. Garantías exigibles en la contratación del sector público. Normas generales de la preparación de contratos por las administraciones públicas.","Ley 9/2003, de 2 de abril",106,JURIDICO
ESPECIAL,15,"Los contratos del sector público (II). Objeto, presupuesto base de licitación, valor estimado, precio del contrato y su revisión. Garantías exigibles en la contratación del sector público. Normas generales de la preparación de contratos por las administraciones públicas.","Ley 9/2003, de 2 de abril",107,JURIDICO
ESPECIAL,15,"Los contratos del sector público (II). Objeto, presupuesto base de licitación, valor estimado, precio del contrato y su revisión. Garantías exigibles en la contratación del sector público. Normas generales de la preparación de contratos por las administraciones públicas.","Ley 9/2003, de 2 de abril",108,JURIDICO
ESPECIAL,15,"Los contratos del sector público (II). Objeto, presupuesto base de licitación, valor estimado, precio del contrato y su revisión. Garantías exigibles en la contratación del sector público. Normas generales de la preparación de contratos por las administraciones públicas.","Ley 9/2003, de 2 de abril",109,JURIDICO
ESPECIAL,15,"Los contratos del sector público (II). Objeto, presupuesto base de licitación, valor estimado, precio del contrato y su revisión. Garantías exigibles en la contratación del sector público. Normas generales de la preparación de contratos por las administraciones públicas.","Ley 9/2003, de 2 de abril",110,JURIDICO
ESPECIAL,15,"Los contratos del sector público (II). Objeto, presupuesto base de licitación, valor estimado, precio del contrato y su revisión. Garantías exigibles en la contratación del sector público. Normas generales de la preparación de contratos por las administraciones públicas.","Ley 9/2003, de 2 de abril",111,JURIDICO
ESPECIAL,15,"Los contratos del sector público (II). Objeto, presupuesto base de licitación, valor estimado, precio del contrato y su revisión. Garantías exigibles en la contratación del sector público. Normas generales de la preparación de contratos por las administraciones públicas.","Ley 9/2003, de 2 de abril",112,JURIDICO
ESPECIAL,15,"Los contratos del sector público (II). Objeto, presupuesto base de licitación, valor estimado, precio del contrato y su revisión. Garantías exigibles en la contratación del sector público. Normas generales de la preparación de contratos por las administraciones públicas.","Ley 9/2003, de 2 de abril",113,JURIDICO
ESPECIAL,15,"Los contratos del sector público (II). Objeto, presupuesto base de licitación, valor estimado, precio del contrato y su revisión. Garantías exigibles en la contratación del sector público. Normas generales de la preparación de contratos por las administraciones públicas.","Ley 9/2003, de 2 de abril",114,JURIDICO
ESPECIAL,15,"Los contratos del sector público (II). Objeto, presupuesto base de licitación, valor estimado, precio del contrato y su revisión. Garantías exigibles en la contratación del sector público. Normas generales de la preparación de contratos por las administraciones públicas.","Ley 9/2003, de 2 de abril",115,JURIDICO
ESPECIAL,15,"Los contratos del sector público (II). Objeto, presupuesto base de licitación, valor estimado, precio del contrato y su revisión. Garantías exigibles en la contratación del sector público. Normas generales de la preparación de contratos por las administraciones públicas.","Ley 9/2003, de 2 de abril",116,JURIDICO
ESPECIAL,15,"Los contratos del sector público (II). Objeto, presupuesto base de licitación, valor estimado, precio del contrato y su revisión. Garantías exigibles en la contratación del sector público. Normas generales de la preparación de contratos por las administraciones públicas.","Ley 9/2003, de 2 de abril",117,JURIDICO
ESPECIAL,15,"Los contratos del sector público (II). Objeto, presupuesto base de licitación, valor estimado, precio del contrato y su revisión. Garantías exigibles en la contratación del sector público. Normas generales de la preparación de contratos por las administraciones públicas.","Ley 9/2003, de 2 de abril",118,JURIDICO
ESPECIAL,15,"Los contratos del sector público (II). Objeto, presupuesto base de licitación, valor estimado, precio del contrato y su revisión. Garantías exigibles en la contratación del sector público. Normas generales de la preparación de contratos por las administraciones públicas.","Ley 9/2003, de 2 de abril",119,JURIDICO
ESPECIAL,15,"Los contratos del sector público (II). Objeto, presupuesto base de licitación, valor estimado, precio del contrato y su revisión. Garantías exigibles en la contratación del sector público. Normas generales de la preparación de contratos por las administraciones públicas.","Ley 9/2003, de 2 de abril",120,JURIDICO
ESPECIAL,15,"Los contratos del sector público (II). Objeto, presupuesto base de licitación, valor estimado, precio del contrato y su revisión. Garantías exigibles en la contratación del sector público. Normas generales de la preparación de contratos por las administraciones públicas.","Ley 9/2003, de 2 de abril",121,JURIDICO
ESPECIAL,15,"Los contratos del sector público (II). Objeto, presupuesto base de licitación, valor estimado, precio del contrato y su revisión. Garantías exigibles en la contratación del sector público. Normas generales de la preparación de contratos por las administraciones públicas.","Ley 9/2003, de 2 de abril",122,JURIDICO
ESPECIAL,15,"Los contratos del sector público (II). Objeto, presupuesto base de licitación, valor estimado, precio del contrato y su revisión. Garantías exigibles en la contratación del sector público. Normas generales de la preparación de contratos por las administraciones públicas.","Ley 9/2003, de 2 de abril",123,JURIDICO
ESPECIAL,15,"Los contratos del sector público (II). Objeto, presupuesto base de licitación, valor estimado, precio del contrato y su revisión. Garantías exigibles en la contratación del sector público. Normas generales de la preparación de contratos por las administraciones públicas.","Ley 9/2003, de 2 de abril",124,JURIDICO
ESPECIAL,15,"Los contratos del sector público (II). Objeto, presupuesto base de licitación, valor estimado, precio del contrato y su revisión. Garantías exigibles en la contratación del sector público. Normas generales de la preparación de contratos por las administraciones públicas.","Ley 9/2003, de 2 de abril",125,JURIDICO
ESPECIAL,15,"Los contratos del sector público (II). Objeto, presupuesto base de licitación, valor estimado, precio del contrato y su revisión. Garantías exigibles en la contratación del sector público. Normas generales de la preparación de contratos por las administraciones públicas.","Ley 9/2003, de 2 de abril",126,JURIDICO
ESPECIAL,15,"Los contratos del sector público (II). Objeto, presupuesto base de licitación, valor estimado, precio del contrato y su revisión. Garantías exigibles en la contratación del sector público. Normas generales de la preparación de contratos por las administraciones públicas.","Ley 9/2003, de 2 de abril",127,JURIDICO
ESPECIAL,15,"Los contratos del sector público (II). Objeto, presupuesto base de licitación, valor estimado, precio del contrato y su revisión. Garantías exigibles en la contratación del sector público. Normas generales de la preparación de contratos por las administraciones públicas.","Ley 9/2003, de 2 de abril",128,JURIDICO
ESPECIAL,15,"Los contratos del sector público (II). Objeto, presupuesto base de licitación, valor estimado, precio del contrato y su revisión. Garantías exigibles en la contratación del sector público. Normas generales de la preparación de contratos por las administraciones públicas.","Ley 9/2003, de 2 de abril",129,JURIDICO
ESPECIAL,15,"Los contratos del sector público (II). Objeto, presupuesto base de licitación, valor estimado, precio del contrato y su revisión. Garantías exigibles en la contratación del sector público. Normas generales de la preparación de contratos por las administraciones públicas.","Ley 9/2003, de 2 de abril",130,JURIDICO
ESPECIAL,16,"Los contratos del sector público (III). Adjudicación de los contratos de las administraciones públicas. Efectos, cumplimiento y extinción de los contratos administrativos: normas generales. Órganos de contratación.","Ley 9/2017, de 8 de noviembre,",61,JURIDICO
ESPECIAL,16,"Los contratos del sector público (III). Adjudicación de los contratos de las administraciones públicas. Efectos, cumplimiento y extinción de los contratos administrativos: normas generales. Órganos de contratación.","Ley 9/2017, de 8 de noviembre,",131,JURIDICO
ESPECIAL,16,"Los contratos del sector público (III). Adjudicación de los contratos de las administraciones públicas. Efectos, cumplimiento y extinción de los contratos administrativos: normas generales. Órganos de contratación.","Ley 9/2017, de 8 de noviembre,",132,JURIDICO
ESPECIAL,16,"Los contratos del sector público (III). Adjudicación de los contratos de las administraciones públicas. Efectos, cumplimiento y extinción de los contratos administrativos: normas generales. Órganos de contratación.","Ley 9/2017, de 8 de noviembre,",133,JURIDICO
ESPECIAL,16,"Los contratos del sector público (III). Adjudicación de los contratos de las administraciones públicas. Efectos, cumplimiento y extinción de los contratos administrativos: normas generales. Órganos de contratación.","Ley 9/2017, de 8 de noviembre,",134,JURIDICO
ESPECIAL,16,"Los contratos del sector público (III). Adjudicación de los contratos de las administraciones públicas. Efectos, cumplimiento y extinción de los contratos administrativos: normas generales. Órganos de contratación.","Ley 9/2017, de 8 de noviembre,",135,JURIDICO
ESPECIAL,16,"Los contratos del sector público (III). Adjudicación de los contratos de las administraciones públicas. Efectos, cumplimiento y extinción de los contratos administrativos: normas generales. Órganos de contratación.","Ley 9/2017, de 8 de noviembre,",136,JURIDICO
ESPECIAL,16,"Los contratos del sector público (III). Adjudicación de los contratos de las administraciones públicas. Efectos, cumplimiento y extinción de los contratos administrativos: normas generales. Órganos de contratación.","Ley 9/2017, de 8 de noviembre,",137,JURIDICO
ESPECIAL,16,"Los contratos del sector público (III). Adjudicación de los contratos de las administraciones públicas. Efectos, cumplimiento y extinción de los contratos administrativos: normas generales. Órganos de contratación.","Ley 9/2017, de 8 de noviembre,",138,JURIDICO
ESPECIAL,16,"Los contratos del sector público (III). Adjudicación de los contratos de las administraciones públicas. Efectos, cumplimiento y extinción de los contratos administrativos: normas generales. Órganos de contratación.","Ley 9/2017, de 8 de noviembre,",139,JURIDICO
ESPECIAL,16,"Los contratos del sector público (III). Adjudicación de los contratos de las administraciones públicas. Efectos, cumplimiento y extinción de los contratos administrativos: normas generales. Órganos de contratación.","Ley 9/2017, de 8 de noviembre,",140,JURIDICO
ESPECIAL,16,"Los contratos del sector público (III). Adjudicación de los contratos de las administraciones públicas. Efectos, cumplimiento y extinción de los contratos administrativos: normas generales. Órganos de contratación.","Ley 9/2017, de 8 de noviembre,",141,JURIDICO
ESPECIAL,16,"Los contratos del sector público (III). Adjudicación de los contratos de las administraciones públicas. Efectos, cumplimiento y extinción de los contratos administrativos: normas generales. Órganos de contratación.","Ley 9/2017, de 8 de noviembre,",142,JURIDICO
ESPECIAL,16,"Los contratos del sector público (III). Adjudicación de los contratos de las administraciones públicas. Efectos, cumplimiento y extinción de los contratos administrativos: normas generales. Órganos de contratación.","Ley 9/2017, de 8 de noviembre,",143,JURIDICO
ESPECIAL,16,"Los contratos del sector público (III). Adjudicación de los contratos de las administraciones públicas. Efectos, cumplimiento y extinción de los contratos administrativos: normas generales. Órganos de contratación.","Ley 9/2017, de 8 de noviembre,",144,JURIDICO
ESPECIAL,16,"Los contratos del sector público (III). Adjudicación de los contratos de las administraciones públicas. Efectos, cumplimiento y extinción de los contratos administrativos: normas generales. Órganos de contratación.","Ley 9/2017, de 8 de noviembre,",145,JURIDICO
ESPECIAL,16,"Los contratos del sector público (III). Adjudicación de los contratos de las administraciones públicas. Efectos, cumplimiento y extinción de los contratos administrativos: normas generales. Órganos de contratación.","Ley 9/2017, de 8 de noviembre,",146,JURIDICO
ESPECIAL,16,"Los contratos del sector público (III). Adjudicación de los contratos de las administraciones públicas. Efectos, cumplimiento y extinción de los contratos administrativos: normas generales. Órganos de contratación.","Ley 9/2017, de 8 de noviembre,",147,JURIDICO
ESPECIAL,16,"Los contratos del sector público (III). Adjudicación de los contratos de las administraciones públicas. Efectos, cumplimiento y extinción de los contratos administrativos: normas generales. Órganos de contratación.","Ley 9/2017, de 8 de noviembre,",148,JURIDICO
ESPECIAL,16,"Los contratos del sector público (III). Adjudicación de los contratos de las administraciones públicas. Efectos, cumplimiento y extinción de los contratos administrativos: normas generales. Órganos de contratación.","Ley 9/2017, de 8 de noviembre,",149,JURIDICO
ESPECIAL,16,"Los contratos del sector público (III). Adjudicación de los contratos de las administraciones públicas. Efectos, cumplimiento y extinción de los contratos administrativos: normas generales. Órganos de contratación.","Ley 9/2017, de 8 de noviembre,",150,JURIDICO
ESPECIAL,16,"Los contratos del sector público (III). Adjudicación de los contratos de las administraciones públicas. Efectos, cumplimiento y extinción de los contratos administrativos: normas generales. Órganos de contratación.","Ley 9/2017, de 8 de noviembre,",151,JURIDICO
ESPECIAL,16,"Los contratos del sector público (III). Adjudicación de los contratos de las administraciones públicas. Efectos, cumplimiento y extinción de los contratos administrativos: normas generales. Órganos de contratación.","Ley 9/2017, de 8 de noviembre,",152,JURIDICO
ESPECIAL,16,"Los contratos del sector público (III). Adjudicación de los contratos de las administraciones públicas. Efectos, cumplimiento y extinción de los contratos administrativos: normas generales. Órganos de contratación.","Ley 9/2017, de 8 de noviembre,",153,JURIDICO
ESPECIAL,16,"Los contratos del sector público (III). Adjudicación de los contratos de las administraciones públicas. Efectos, cumplimiento y extinción de los contratos administrativos: normas generales. Órganos de contratación.","Ley 9/2017, de 8 de noviembre,",154,JURIDICO
ESPECIAL,16,"Los contratos del sector público (III). Adjudicación de los contratos de las administraciones públicas. Efectos, cumplimiento y extinción de los contratos administrativos: normas generales. Órganos de contratación.","Ley 9/2017, de 8 de noviembre,",155,JURIDICO
ESPECIAL,16,"Los contratos del sector público (III). Adjudicación de los contratos de las administraciones públicas. Efectos, cumplimiento y extinción de los contratos administrativos: normas generales. Órganos de contratación.","Ley 9/2017, de 8 de noviembre,",156,JURIDICO
ESPECIAL,16,"Los contratos del sector público (III). Adjudicación de los contratos de las administraciones públicas. Efectos, cumplimiento y extinción de los contratos administrativos: normas generales. Órganos de contratación.","Ley 9/2017, de 8 de noviembre,",157,JURIDICO
ESPECIAL,16,"Los contratos del sector público (III). Adjudicación de los contratos de las administraciones públicas. Efectos, cumplimiento y extinción de los contratos administrativos: normas generales. Órganos de contratación.","Ley 9/2017, de 8 de noviembre,",158,JURIDICO
ESPECIAL,16,"Los contratos del sector público (III). Adjudicación de los contratos de las administraciones públicas. Efectos, cumplimiento y extinción de los contratos administrativos: normas generales. Órganos de contratación.","Ley 9/2017, de 8 de noviembre,",188,JURIDICO
ESPECIAL,16,"Los contratos del sector público (III). Adjudicación de los contratos de las administraciones públicas. Efectos, cumplimiento y extinción de los contratos administrativos: normas generales. Órganos de contratación.","Ley 9/2017, de 8 de noviembre,",189,JURIDICO
ESPECIAL,16,"Los contratos del sector público (III). Adjudicación de los contratos de las administraciones públicas. Efectos, cumplimiento y extinción de los contratos administrativos: normas generales. Órganos de contratación.","Ley 9/2017, de 8 de noviembre,",190,JURIDICO
ESPECIAL,16,"Los contratos del sector público (III). Adjudicación de los contratos de las administraciones públicas. Efectos, cumplimiento y extinción de los contratos administrativos: normas generales. Órganos de contratación.","Ley 9/2017, de 8 de noviembre,",191,JURIDICO
ESPECIAL,16,"Los contratos del sector público (III). Adjudicación de los contratos de las administraciones públicas. Efectos, cumplimiento y extinción de los contratos administrativos: normas generales. Órganos de contratación.","Ley 9/2017, de 8 de noviembre,",192,JURIDICO
ESPECIAL,16,"Los contratos del sector público (III). Adjudicación de los contratos de las administraciones públicas. Efectos, cumplimiento y extinción de los contratos administrativos: normas generales. Órganos de contratación.","Ley 9/2017, de 8 de noviembre,",193,JURIDICO
ESPECIAL,16,"Los contratos del sector público (III). Adjudicación de los contratos de las administraciones públicas. Efectos, cumplimiento y extinción de los contratos administrativos: normas generales. Órganos de contratación.","Ley 9/2017, de 8 de noviembre,",194,JURIDICO
ESPECIAL,16,"Los contratos del sector público (III). Adjudicación de los contratos de las administraciones públicas. Efectos, cumplimiento y extinción de los contratos administrativos: normas generales. Órganos de contratación.","Ley 9/2017, de 8 de noviembre,",195,JURIDICO
ESPECIAL,16,"Los contratos del sector público (III). Adjudicación de los contratos de las administraciones públicas. Efectos, cumplimiento y extinción de los contratos administrativos: normas generales. Órganos de contratación.","Ley 9/2017, de 8 de noviembre,",196,JURIDICO
ESPECIAL,16,"Los contratos del sector público (III). Adjudicación de los contratos de las administraciones públicas. Efectos, cumplimiento y extinción de los contratos administrativos: normas generales. Órganos de contratación.","Ley 9/2017, de 8 de noviembre,",197,JURIDICO
ESPECIAL,16,"Los contratos del sector público (III). Adjudicación de los contratos de las administraciones públicas. Efectos, cumplimiento y extinción de los contratos administrativos: normas generales. Órganos de contratación.","Ley 9/2017, de 8 de noviembre,",198,JURIDICO
ESPECIAL,16,"Los contratos del sector público (III). Adjudicación de los contratos de las administraciones públicas. Efectos, cumplimiento y extinción de los contratos administrativos: normas generales. Órganos de contratación.","Ley 9/2017, de 8 de noviembre,",199,JURIDICO
ESPECIAL,16,"Los contratos del sector público (III). Adjudicación de los contratos de las administraciones públicas. Efectos, cumplimiento y extinción de los contratos administrativos: normas generales. Órganos de contratación.","Ley 9/2017, de 8 de noviembre,",200,JURIDICO
ESPECIAL,16,"Los contratos del sector público (III). Adjudicación de los contratos de las administraciones públicas. Efectos, cumplimiento y extinción de los contratos administrativos: normas generales. Órganos de contratación.","Ley 9/2017, de 8 de noviembre,",201,JURIDICO
ESPECIAL,16,"Los contratos del sector público (III). Adjudicación de los contratos de las administraciones públicas. Efectos, cumplimiento y extinción de los contratos administrativos: normas generales. Órganos de contratación.","Ley 9/2017, de 8 de noviembre,",202,JURIDICO
ESPECIAL,16,"Los contratos del sector público (III). Adjudicación de los contratos de las administraciones públicas. Efectos, cumplimiento y extinción de los contratos administrativos: normas generales. Órganos de contratación.","Ley 9/2017, de 8 de noviembre,",203,JURIDICO
ESPECIAL,16,"Los contratos del sector público (III). Adjudicación de los contratos de las administraciones públicas. Efectos, cumplimiento y extinción de los contratos administrativos: normas generales. Órganos de contratación.","Ley 9/2017, de 8 de noviembre,",204,JURIDICO
ESPECIAL,16,"Los contratos del sector público (III). Adjudicación de los contratos de las administraciones públicas. Efectos, cumplimiento y extinción de los contratos administrativos: normas generales. Órganos de contratación.","Ley 9/2017, de 8 de noviembre,",205,JURIDICO
ESPECIAL,16,"Los contratos del sector público (III). Adjudicación de los contratos de las administraciones públicas. Efectos, cumplimiento y extinción de los contratos administrativos: normas generales. Órganos de contratación.","Ley 9/2017, de 8 de noviembre,",206,JURIDICO
ESPECIAL,16,"Los contratos del sector público (III). Adjudicación de los contratos de las administraciones públicas. Efectos, cumplimiento y extinción de los contratos administrativos: normas generales. Órganos de contratación.","Ley 9/2017, de 8 de noviembre,",207,JURIDICO
ESPECIAL,16,"Los contratos del sector público (III). Adjudicación de los contratos de las administraciones públicas. Efectos, cumplimiento y extinción de los contratos administrativos: normas generales. Órganos de contratación.","Ley 9/2017, de 8 de noviembre,",208,JURIDICO
ESPECIAL,16,"Los contratos del sector público (III). Adjudicación de los contratos de las administraciones públicas. Efectos, cumplimiento y extinción de los contratos administrativos: normas generales. Órganos de contratación.","Ley 9/2017, de 8 de noviembre,",209,JURIDICO
ESPECIAL,16,"Los contratos del sector público (III). Adjudicación de los contratos de las administraciones públicas. Efectos, cumplimiento y extinción de los contratos administrativos: normas generales. Órganos de contratación.","Ley 9/2017, de 8 de noviembre,",210,JURIDICO
ESPECIAL,16,"Los contratos del sector público (III). Adjudicación de los contratos de las administraciones públicas. Efectos, cumplimiento y extinción de los contratos administrativos: normas generales. Órganos de contratación.","Ley 9/2017, de 8 de noviembre,",211,JURIDICO
ESPECIAL,16,"Los contratos del sector público (III). Adjudicación de los contratos de las administraciones públicas. Efectos, cumplimiento y extinción de los contratos administrativos: normas generales. Órganos de contratación.","Ley 9/2017, de 8 de noviembre,",212,JURIDICO
ESPECIAL,16,"Los contratos del sector público (III). Adjudicación de los contratos de las administraciones públicas. Efectos, cumplimiento y extinción de los contratos administrativos: normas generales. Órganos de contratación.","Ley 9/2017, de 8 de noviembre,",213,JURIDICO
ESPECIAL,16,"Los contratos del sector público (III). Adjudicación de los contratos de las administraciones públicas. Efectos, cumplimiento y extinción de los contratos administrativos: normas generales. Órganos de contratación.","Ley 9/2017, de 8 de noviembre,",323,JURIDICO
ESPECIAL,16,"Los contratos del sector público (III). Adjudicación de los contratos de las administraciones públicas. Efectos, cumplimiento y extinción de los contratos administrativos: normas generales. Órganos de contratación.","Ley 9/2017, de 8 de noviembre,",324,JURIDICO
ESPECIAL,16,"Los contratos del sector público (III). Adjudicación de los contratos de las administraciones públicas. Efectos, cumplimiento y extinción de los contratos administrativos: normas generales. Órganos de contratación.","Ley 9/2017, de 8 de noviembre,",325,JURIDICO
ESPECIAL,16,"Los contratos del sector público (III). Adjudicación de los contratos de las administraciones públicas. Efectos, cumplimiento y extinción de los contratos administrativos: normas generales. Órganos de contratación.","Ley 9/2017, de 8 de noviembre,",326,JURIDICO
ESPECIAL,16,"Los contratos del sector público (III). Adjudicación de los contratos de las administraciones públicas. Efectos, cumplimiento y extinción de los contratos administrativos: normas generales. Órganos de contratación.","Ley 9/2017, de 8 de noviembre,",327,JURIDICO
ESPECIAL,17,Los contratos del sector público (IV). Racionalización técnica de la contratación. De los tipos de contratos de las Administraciones públicas.,"Ley 9/2003, de 2 de abril",218,JURIDICO
ESPECIAL,17,Los contratos del sector público (IV). Racionalización técnica de la contratación. De los tipos de contratos de las Administraciones públicas.,"Ley 9/2003, de 2 de abril",219,JURIDICO
ESPECIAL,17,Los contratos del sector público (IV). Racionalización técnica de la contratación. De los tipos de contratos de las Administraciones públicas.,"Ley 9/2003, de 2 de abril",220,JURIDICO
ESPECIAL,17,Los contratos del sector público (IV). Racionalización técnica de la contratación. De los tipos de contratos de las Administraciones públicas.,"Ley 9/2003, de 2 de abril",221,JURIDICO
ESPECIAL,17,Los contratos del sector público (IV). Racionalización técnica de la contratación. De los tipos de contratos de las Administraciones públicas.,"Ley 9/2003, de 2 de abril",222,JURIDICO
ESPECIAL,17,Los contratos del sector público (IV). Racionalización técnica de la contratación. De los tipos de contratos de las Administraciones públicas.,"Ley 9/2003, de 2 de abril",223,JURIDICO
ESPECIAL,17,Los contratos del sector público (IV). Racionalización técnica de la contratación. De los tipos de contratos de las Administraciones públicas.,"Ley 9/2003, de 2 de abril",224,JURIDICO
ESPECIAL,17,Los contratos del sector público (IV). Racionalización técnica de la contratación. De los tipos de contratos de las Administraciones públicas.,"Ley 9/2003, de 2 de abril",225,JURIDICO
ESPECIAL,17,Los contratos del sector público (IV). Racionalización técnica de la contratación. De los tipos de contratos de las Administraciones públicas.,"Ley 9/2003, de 2 de abril",226,JURIDICO
ESPECIAL,17,Los contratos del sector público (IV). Racionalización técnica de la contratación. De los tipos de contratos de las Administraciones públicas.,"Ley 9/2003, de 2 de abril",227,JURIDICO
ESPECIAL,17,Los contratos del sector público (IV). Racionalización técnica de la contratación. De los tipos de contratos de las Administraciones públicas.,"Ley 9/2003, de 2 de abril",228,JURIDICO
ESPECIAL,17,Los contratos del sector público (IV). Racionalización técnica de la contratación. De los tipos de contratos de las Administraciones públicas.,"Ley 9/2003, de 2 de abril",229,JURIDICO
ESPECIAL,17,Los contratos del sector público (IV). Racionalización técnica de la contratación. De los tipos de contratos de las Administraciones públicas.,"Ley 9/2003, de 2 de abril",230,JURIDICO
ESPECIAL,17,Los contratos del sector público (IV). Racionalización técnica de la contratación. De los tipos de contratos de las Administraciones públicas.,"Ley 9/2003, de 2 de abril",231,JURIDICO
ESPECIAL,17,Los contratos del sector público (IV). Racionalización técnica de la contratación. De los tipos de contratos de las Administraciones públicas.,"Ley 9/2003, de 2 de abril",232,JURIDICO
ESPECIAL,17,Los contratos del sector público (IV). Racionalización técnica de la contratación. De los tipos de contratos de las Administraciones públicas.,"Ley 9/2003, de 2 de abril",233,JURIDICO
ESPECIAL,17,Los contratos del sector público (IV). Racionalización técnica de la contratación. De los tipos de contratos de las Administraciones públicas.,"Ley 9/2003, de 2 de abril",234,JURIDICO
ESPECIAL,17,Los contratos del sector público (IV). Racionalización técnica de la contratación. De los tipos de contratos de las Administraciones públicas.,"Ley 9/2003, de 2 de abril",235,JURIDICO
ESPECIAL,17,Los contratos del sector público (IV). Racionalización técnica de la contratación. De los tipos de contratos de las Administraciones públicas.,"Ley 9/2003, de 2 de abril",236,JURIDICO
ESPECIAL,17,Los contratos del sector público (IV). Racionalización técnica de la contratación. De los tipos de contratos de las Administraciones públicas.,"Ley 9/2003, de 2 de abril",237,JURIDICO
ESPECIAL,17,Los contratos del sector público (IV). Racionalización técnica de la contratación. De los tipos de contratos de las Administraciones públicas.,"Ley 9/2003, de 2 de abril",238,JURIDICO
ESPECIAL,17,Los contratos del sector público (IV). Racionalización técnica de la contratación. De los tipos de contratos de las Administraciones públicas.,"Ley 9/2003, de 2 de abril",239,JURIDICO
ESPECIAL,17,Los contratos del sector público (IV). Racionalización técnica de la contratación. De los tipos de contratos de las Administraciones públicas.,"Ley 9/2003, de 2 de abril",240,JURIDICO
ESPECIAL,17,Los contratos del sector público (IV). Racionalización técnica de la contratación. De los tipos de contratos de las Administraciones públicas.,"Ley 9/2003, de 2 de abril",241,JURIDICO
ESPECIAL,17,Los contratos del sector público (IV). Racionalización técnica de la contratación. De los tipos de contratos de las Administraciones públicas.,"Ley 9/2003, de 2 de abril",242,JURIDICO
ESPECIAL,17,Los contratos del sector público (IV). Racionalización técnica de la contratación. De los tipos de contratos de las Administraciones públicas.,"Ley 9/2003, de 2 de abril",243,JURIDICO
ESPECIAL,17,Los contratos del sector público (IV). Racionalización técnica de la contratación. De los tipos de contratos de las Administraciones públicas.,"Ley 9/2003, de 2 de abril",244,JURIDICO
ESPECIAL,17,Los contratos del sector público (IV). Racionalización técnica de la contratación. De los tipos de contratos de las Administraciones públicas.,"Ley 9/2003, de 2 de abril",245,JURIDICO
ESPECIAL,17,Los contratos del sector público (IV). Racionalización técnica de la contratación. De los tipos de contratos de las Administraciones públicas.,"Ley 9/2003, de 2 de abril",246,JURIDICO
ESPECIAL,17,Los contratos del sector público (IV). Racionalización técnica de la contratación. De los tipos de contratos de las Administraciones públicas.,"Ley 9/2003, de 2 de abril",247,JURIDICO
ESPECIAL,17,Los contratos del sector público (IV). Racionalización técnica de la contratación. De los tipos de contratos de las Administraciones públicas.,"Ley 9/2003, de 2 de abril",248,JURIDICO
ESPECIAL,17,Los contratos del sector público (IV). Racionalización técnica de la contratación. De los tipos de contratos de las Administraciones públicas.,"Ley 9/2003, de 2 de abril",249,JURIDICO
ESPECIAL,17,Los contratos del sector público (IV). Racionalización técnica de la contratación. De los tipos de contratos de las Administraciones públicas.,"Ley 9/2003, de 2 de abril",250,JURIDICO
ESPECIAL,17,Los contratos del sector público (IV). Racionalización técnica de la contratación. De los tipos de contratos de las Administraciones públicas.,"Ley 9/2003, de 2 de abril",251,JURIDICO
ESPECIAL,17,Los contratos del sector público (IV). Racionalización técnica de la contratación. De los tipos de contratos de las Administraciones públicas.,"Ley 9/2003, de 2 de abril",252,JURIDICO
ESPECIAL,17,Los contratos del sector público (IV). Racionalización técnica de la contratación. De los tipos de contratos de las Administraciones públicas.,"Ley 9/2003, de 2 de abril",253,JURIDICO
ESPECIAL,17,Los contratos del sector público (IV). Racionalización técnica de la contratación. De los tipos de contratos de las Administraciones públicas.,"Ley 9/2003, de 2 de abril",254,JURIDICO
ESPECIAL,17,Los contratos del sector público (IV). Racionalización técnica de la contratación. De los tipos de contratos de las Administraciones públicas.,"Ley 9/2003, de 2 de abril",255,JURIDICO
ESPECIAL,17,Los contratos del sector público (IV). Racionalización técnica de la contratación. De los tipos de contratos de las Administraciones públicas.,"Ley 9/2003, de 2 de abril",256,JURIDICO
ESPECIAL,17,Los contratos del sector público (IV). Racionalización técnica de la contratación. De los tipos de contratos de las Administraciones públicas.,"Ley 9/2003, de 2 de abril",257,JURIDICO
ESPECIAL,17,Los contratos del sector público (IV). Racionalización técnica de la contratación. De los tipos de contratos de las Administraciones públicas.,"Ley 9/2003, de 2 de abril",258,JURIDICO
ESPECIAL,17,Los contratos del sector público (IV). Racionalización técnica de la contratación. De los tipos de contratos de las Administraciones públicas.,"Ley 9/2003, de 2 de abril",259,JURIDICO
ESPECIAL,17,Los contratos del sector público (IV). Racionalización técnica de la contratación. De los tipos de contratos de las Administraciones públicas.,"Ley 9/2003, de 2 de abril",260,JURIDICO
ESPECIAL,17,Los contratos del sector público (IV). Racionalización técnica de la contratación. De los tipos de contratos de las Administraciones públicas.,"Ley 9/2003, de 2 de abril",261,JURIDICO
ESPECIAL,17,Los contratos del sector público (IV). Racionalización técnica de la contratación. De los tipos de contratos de las Administraciones públicas.,"Ley 9/2003, de 2 de abril",262,JURIDICO
ESPECIAL,17,Los contratos del sector público (IV). Racionalización técnica de la contratación. De los tipos de contratos de las Administraciones públicas.,"Ley 9/2003, de 2 de abril",263,JURIDICO
ESPECIAL,17,Los contratos del sector público (IV). Racionalización técnica de la contratación. De los tipos de contratos de las Administraciones públicas.,"Ley 9/2003, de 2 de abril",264,JURIDICO
ESPECIAL,17,Los contratos del sector público (IV). Racionalización técnica de la contratación. De los tipos de contratos de las Administraciones públicas.,"Ley 9/2003, de 2 de abril",265,JURIDICO
ESPECIAL,17,Los contratos del sector público (IV). Racionalización técnica de la contratación. De los tipos de contratos de las Administraciones públicas.,"Ley 9/2003, de 2 de abril",266,JURIDICO
ESPECIAL,17,Los contratos del sector público (IV). Racionalización técnica de la contratación. De los tipos de contratos de las Administraciones públicas.,"Ley 9/2003, de 2 de abril",267,JURIDICO
ESPECIAL,17,Los contratos del sector público (IV). Racionalización técnica de la contratación. De los tipos de contratos de las Administraciones públicas.,"Ley 9/2003, de 2 de abril",268,JURIDICO
ESPECIAL,17,Los contratos del sector público (IV). Racionalización técnica de la contratación. De los tipos de contratos de las Administraciones públicas.,"Ley 9/2003, de 2 de abril",269,JURIDICO
ESPECIAL,17,Los contratos del sector público (IV). Racionalización técnica de la contratación. De los tipos de contratos de las Administraciones públicas.,"Ley 9/2003, de 2 de abril",270,JURIDICO
ESPECIAL,17,Los contratos del sector público (IV). Racionalización técnica de la contratación. De los tipos de contratos de las Administraciones públicas.,"Ley 9/2003, de 2 de abril",271,JURIDICO
ESPECIAL,17,Los contratos del sector público (IV). Racionalización técnica de la contratación. De los tipos de contratos de las Administraciones públicas.,"Ley 9/2003, de 2 de abril",272,JURIDICO
ESPECIAL,17,Los contratos del sector público (IV). Racionalización técnica de la contratación. De los tipos de contratos de las Administraciones públicas.,"Ley 9/2003, de 2 de abril",273,JURIDICO
ESPECIAL,17,Los contratos del sector público (IV). Racionalización técnica de la contratación. De los tipos de contratos de las Administraciones públicas.,"Ley 9/2003, de 2 de abril",274,JURIDICO
ESPECIAL,17,Los contratos del sector público (IV). Racionalización técnica de la contratación. De los tipos de contratos de las Administraciones públicas.,"Ley 9/2003, de 2 de abril",275,JURIDICO
ESPECIAL,17,Los contratos del sector público (IV). Racionalización técnica de la contratación. De los tipos de contratos de las Administraciones públicas.,"Ley 9/2003, de 2 de abril",276,JURIDICO
ESPECIAL,17,Los contratos del sector público (IV). Racionalización técnica de la contratación. De los tipos de contratos de las Administraciones públicas.,"Ley 9/2003, de 2 de abril",277,JURIDICO
ESPECIAL,17,Los contratos del sector público (IV). Racionalización técnica de la contratación. De los tipos de contratos de las Administraciones públicas.,"Ley 9/2003, de 2 de abril",278,JURIDICO
ESPECIAL,17,Los contratos del sector público (IV). Racionalización técnica de la contratación. De los tipos de contratos de las Administraciones públicas.,"Ley 9/2003, de 2 de abril",279,JURIDICO
ESPECIAL,17,Los contratos del sector público (IV). Racionalización técnica de la contratación. De los tipos de contratos de las Administraciones públicas.,"Ley 9/2003, de 2 de abril",280,JURIDICO
ESPECIAL,17,Los contratos del sector público (IV). Racionalización técnica de la contratación. De los tipos de contratos de las Administraciones públicas.,"Ley 9/2003, de 2 de abril",281,JURIDICO
ESPECIAL,17,Los contratos del sector público (IV). Racionalización técnica de la contratación. De los tipos de contratos de las Administraciones públicas.,"Ley 9/2003, de 2 de abril",282,JURIDICO
ESPECIAL,17,Los contratos del sector público (IV). Racionalización técnica de la contratación. De los tipos de contratos de las Administraciones públicas.,"Ley 9/2003, de 2 de abril",283,JURIDICO
ESPECIAL,17,Los contratos del sector público (IV). Racionalización técnica de la contratación. De los tipos de contratos de las Administraciones públicas.,"Ley 9/2003, de 2 de abril",284,JURIDICO
ESPECIAL,17,Los contratos del sector público (IV). Racionalización técnica de la contratación. De los tipos de contratos de las Administraciones públicas.,"Ley 9/2003, de 2 de abril",285,JURIDICO
ESPECIAL,17,Los contratos del sector público (IV). Racionalización técnica de la contratación. De los tipos de contratos de las Administraciones públicas.,"Ley 9/2003, de 2 de abril",286,JURIDICO
ESPECIAL,17,Los contratos del sector público (IV). Racionalización técnica de la contratación. De los tipos de contratos de las Administraciones públicas.,"Ley 9/2003, de 2 de abril",287,JURIDICO
ESPECIAL,17,Los contratos del sector público (IV). Racionalización técnica de la contratación. De los tipos de contratos de las Administraciones públicas.,"Ley 9/2003, de 2 de abril",288,JURIDICO
ESPECIAL,17,Los contratos del sector público (IV). Racionalización técnica de la contratación. De los tipos de contratos de las Administraciones públicas.,"Ley 9/2003, de 2 de abril",289,JURIDICO
ESPECIAL,17,Los contratos del sector público (IV). Racionalización técnica de la contratación. De los tipos de contratos de las Administraciones públicas.,"Ley 9/2003, de 2 de abril",290,JURIDICO
ESPECIAL,17,Los contratos del sector público (IV). Racionalización técnica de la contratación. De los tipos de contratos de las Administraciones públicas.,"Ley 9/2003, de 2 de abril",291,JURIDICO
ESPECIAL,17,Los contratos del sector público (IV). Racionalización técnica de la contratación. De los tipos de contratos de las Administraciones públicas.,"Ley 9/2003, de 2 de abril",292,JURIDICO
ESPECIAL,17,Los contratos del sector público (IV). Racionalización técnica de la contratación. De los tipos de contratos de las Administraciones públicas.,"Ley 9/2003, de 2 de abril",293,JURIDICO
ESPECIAL,17,Los contratos del sector público (IV). Racionalización técnica de la contratación. De los tipos de contratos de las Administraciones públicas.,"Ley 9/2003, de 2 de abril",294,JURIDICO
ESPECIAL,17,Los contratos del sector público (IV). Racionalización técnica de la contratación. De los tipos de contratos de las Administraciones públicas.,"Ley 9/2003, de 2 de abril",295,JURIDICO
ESPECIAL,17,Los contratos del sector público (IV). Racionalización técnica de la contratación. De los tipos de contratos de las Administraciones públicas.,"Ley 9/2003, de 2 de abril",296,JURIDICO
ESPECIAL,17,Los contratos del sector público (IV). Racionalización técnica de la contratación. De los tipos de contratos de las Administraciones públicas.,"Ley 9/2003, de 2 de abril",297,JURIDICO
ESPECIAL,17,Los contratos del sector público (IV). Racionalización técnica de la contratación. De los tipos de contratos de las Administraciones públicas.,"Ley 9/2003, de 2 de abril",298,JURIDICO
ESPECIAL,17,Los contratos del sector público (IV). Racionalización técnica de la contratación. De los tipos de contratos de las Administraciones públicas.,"Ley 9/2003, de 2 de abril",299,JURIDICO
ESPECIAL,17,Los contratos del sector público (IV). Racionalización técnica de la contratación. De los tipos de contratos de las Administraciones públicas.,"Ley 9/2003, de 2 de abril",300,JURIDICO
ESPECIAL,17,Los contratos del sector público (IV). Racionalización técnica de la contratación. De los tipos de contratos de las Administraciones públicas.,"Ley 9/2003, de 2 de abril",301,JURIDICO
ESPECIAL,17,Los contratos del sector público (IV). Racionalización técnica de la contratación. De los tipos de contratos de las Administraciones públicas.,"Ley 9/2003, de 2 de abril",302,JURIDICO
ESPECIAL,17,Los contratos del sector público (IV). Racionalización técnica de la contratación. De los tipos de contratos de las Administraciones públicas.,"Ley 9/2003, de 2 de abril",303,JURIDICO
ESPECIAL,17,Los contratos del sector público (IV). Racionalización técnica de la contratación. De los tipos de contratos de las Administraciones públicas.,"Ley 9/2003, de 2 de abril",304,JURIDICO
ESPECIAL,17,Los contratos del sector público (IV). Racionalización técnica de la contratación. De los tipos de contratos de las Administraciones públicas.,"Ley 9/2003, de 2 de abril",305,JURIDICO
ESPECIAL,17,Los contratos del sector público (IV). Racionalización técnica de la contratación. De los tipos de contratos de las Administraciones públicas.,"Ley 9/2003, de 2 de abril",306,JURIDICO
ESPECIAL,17,Los contratos del sector público (IV). Racionalización técnica de la contratación. De los tipos de contratos de las Administraciones públicas.,"Ley 9/2003, de 2 de abril",307,JURIDICO
ESPECIAL,17,Los contratos del sector público (IV). Racionalización técnica de la contratación. De los tipos de contratos de las Administraciones públicas.,"Ley 9/2003, de 2 de abril",308,JURIDICO
ESPECIAL,17,Los contratos del sector público (IV). Racionalización técnica de la contratación. De los tipos de contratos de las Administraciones públicas.,"Ley 9/2003, de 2 de abril",309,JURIDICO
ESPECIAL,17,Los contratos del sector público (IV). Racionalización técnica de la contratación. De los tipos de contratos de las Administraciones públicas.,"Ley 9/2003, de 2 de abril",310,JURIDICO
ESPECIAL,17,Los contratos del sector público (IV). Racionalización técnica de la contratación. De los tipos de contratos de las Administraciones públicas.,"Ley 9/2003, de 2 de abril",311,JURIDICO
ESPECIAL,17,Los contratos del sector público (IV). Racionalización técnica de la contratación. De los tipos de contratos de las Administraciones públicas.,"Ley 9/2003, de 2 de abril",312,JURIDICO
ESPECIAL,17,Los contratos del sector público (IV). Racionalización técnica de la contratación. De los tipos de contratos de las Administraciones públicas.,"Ley 9/2003, de 2 de abril",313,JURIDICO
ESPECIAL,17,Los contratos del sector público (IV). Racionalización técnica de la contratación. De los tipos de contratos de las Administraciones públicas.,"Ley 9/2003, de 2 de abril",314,JURIDICO
ESPECIAL,17,Los contratos del sector público (IV). Racionalización técnica de la contratación. De los tipos de contratos de las Administraciones públicas.,"Ley 9/2003, de 2 de abril",315,JURIDICO
ESPECIAL,18,La Administración electrónica en la Comunitat Valenciana. Protección de datos de carácter personal y garantía de los derechos digitales,"Ley 6/2024, de 5 de diciembre",1,JURIDICO
ESPECIAL,18,La Administración electrónica en la Comunitat Valenciana. Protección de datos de carácter personal y garantía de los derechos digitales,"Ley 6/2024, de 5 de diciembre",2,JURIDICO
ESPECIAL,18,La Administración electrónica en la Comunitat Valenciana. Protección de datos de carácter personal y garantía de los derechos digitales,"Ley 6/2024, de 5 de diciembre",3,JURIDICO
ESPECIAL,18,La Administración electrónica en la Comunitat Valenciana. Protección de datos de carácter personal y garantía de los derechos digitales,"Ley 6/2024, de 5 de diciembre",4,JURIDICO
ESPECIAL,18,La Administración electrónica en la Comunitat Valenciana. Protección de datos de carácter personal y garantía de los derechos digitales,"Ley 6/2024, de 5 de diciembre",5,JURIDICO
ESPECIAL,18,La Administración electrónica en la Comunitat Valenciana. Protección de datos de carácter personal y garantía de los derechos digitales,"Ley 6/2024, de 5 de diciembre",6,JURIDICO
ESPECIAL,18,La Administración electrónica en la Comunitat Valenciana. Protección de datos de carácter personal y garantía de los derechos digitales,"Ley 6/2024, de 5 de diciembre",7,JURIDICO
ESPECIAL,18,La Administración electrónica en la Comunitat Valenciana. Protección de datos de carácter personal y garantía de los derechos digitales,"Ley 6/2024, de 5 de diciembre",8,JURIDICO
ESPECIAL,18,La Administración electrónica en la Comunitat Valenciana. Protección de datos de carácter personal y garantía de los derechos digitales,"Ley 6/2024, de 5 de diciembre",9,JURIDICO
ESPECIAL,18,La Administración electrónica en la Comunitat Valenciana. Protección de datos de carácter personal y garantía de los derechos digitales,"Ley 6/2024, de 5 de diciembre",10,JURIDICO
ESPECIAL,18,La Administración electrónica en la Comunitat Valenciana. Protección de datos de carácter personal y garantía de los derechos digitales,"Ley 6/2024, de 5 de diciembre",11,JURIDICO
ESPECIAL,18,La Administración electrónica en la Comunitat Valenciana. Protección de datos de carácter personal y garantía de los derechos digitales,"Ley 6/2024, de 5 de diciembre",12,JURIDICO
ESPECIAL,18,La Administración electrónica en la Comunitat Valenciana. Protección de datos de carácter personal y garantía de los derechos digitales,"Ley 6/2024, de 5 de diciembre",13,JURIDICO
ESPECIAL,18,La Administración electrónica en la Comunitat Valenciana. Protección de datos de carácter personal y garantía de los derechos digitales,"Ley 6/2024, de 5 de diciembre",14,JURIDICO
ESPECIAL,18,La Administración electrónica en la Comunitat Valenciana. Protección de datos de carácter personal y garantía de los derechos digitales,"Ley 6/2024, de 5 de diciembre",15,JURIDICO
ESPECIAL,18,La Administración electrónica en la Comunitat Valenciana. Protección de datos de carácter personal y garantía de los derechos digitales,"Ley 6/2024, de 5 de diciembre",16,JURIDICO
ESPECIAL,18,La Administración electrónica en la Comunitat Valenciana. Protección de datos de carácter personal y garantía de los derechos digitales,"Ley 6/2024, de 5 de diciembre",17,JURIDICO
ESPECIAL,18,La Administración electrónica en la Comunitat Valenciana. Protección de datos de carácter personal y garantía de los derechos digitales,"Ley 6/2024, de 5 de diciembre",18,JURIDICO
ESPECIAL,18,La Administración electrónica en la Comunitat Valenciana. Protección de datos de carácter personal y garantía de los derechos digitales,"Ley 6/2024, de 5 de diciembre",19,JURIDICO
ESPECIAL,18,La Administración electrónica en la Comunitat Valenciana. Protección de datos de carácter personal y garantía de los derechos digitales,"Ley 6/2024, de 5 de diciembre",20,JURIDICO
ESPECIAL,18,La Administración electrónica en la Comunitat Valenciana. Protección de datos de carácter personal y garantía de los derechos digitales,"Ley 6/2024, de 5 de diciembre",21,JURIDICO
ESPECIAL,18,La Administración electrónica en la Comunitat Valenciana. Protección de datos de carácter personal y garantía de los derechos digitales,"Ley 6/2024, de 5 de diciembre",22,JURIDICO
ESPECIAL,18,La Administración electrónica en la Comunitat Valenciana. Protección de datos de carácter personal y garantía de los derechos digitales,"Ley 6/2024, de 5 de diciembre",23,JURIDICO
ESPECIAL,18,La Administración electrónica en la Comunitat Valenciana. Protección de datos de carácter personal y garantía de los derechos digitales,"Ley 6/2024, de 5 de diciembre",24,JURIDICO
ESPECIAL,18,La Administración electrónica en la Comunitat Valenciana. Protección de datos de carácter personal y garantía de los derechos digitales,"Ley 6/2024, de 5 de diciembre",25,JURIDICO
ESPECIAL,18,La Administración electrónica en la Comunitat Valenciana. Protección de datos de carácter personal y garantía de los derechos digitales,"Ley 6/2024, de 5 de diciembre",26,JURIDICO
ESPECIAL,18,La Administración electrónica en la Comunitat Valenciana. Protección de datos de carácter personal y garantía de los derechos digitales,"Ley 6/2024, de 5 de diciembre",27,JURIDICO
ESPECIAL,18,La Administración electrónica en la Comunitat Valenciana. Protección de datos de carácter personal y garantía de los derechos digitales,"Ley 6/2024, de 5 de diciembre",28,JURIDICO
ESPECIAL,18,La Administración electrónica en la Comunitat Valenciana. Protección de datos de carácter personal y garantía de los derechos digitales,"Ley 6/2024, de 5 de diciembre",29,JURIDICO
ESPECIAL,18,La Administración electrónica en la Comunitat Valenciana. Protección de datos de carácter personal y garantía de los derechos digitales,"Ley 6/2024, de 5 de diciembre",30,JURIDICO
ESPECIAL,18,La Administración electrónica en la Comunitat Valenciana. Protección de datos de carácter personal y garantía de los derechos digitales,"Ley 6/2024, de 5 de diciembre",31,JURIDICO
ESPECIAL,18,La Administración electrónica en la Comunitat Valenciana. Protección de datos de carácter personal y garantía de los derechos digitales,"Ley 6/2024, de 5 de diciembre",32,JURIDICO
ESPECIAL,18,La Administración electrónica en la Comunitat Valenciana. Protección de datos de carácter personal y garantía de los derechos digitales,"Ley 6/2024, de 5 de diciembre",33,JURIDICO
ESPECIAL,18,La Administración electrónica en la Comunitat Valenciana. Protección de datos de carácter personal y garantía de los derechos digitales,"Ley 6/2024, de 5 de diciembre",34,JURIDICO
ESPECIAL,18,La Administración electrónica en la Comunitat Valenciana. Protección de datos de carácter personal y garantía de los derechos digitales,"Ley 6/2024, de 5 de diciembre",35,JURIDICO
ESPECIAL,18,La Administración electrónica en la Comunitat Valenciana. Protección de datos de carácter personal y garantía de los derechos digitales,"Ley 6/2024, de 5 de diciembre",36,JURIDICO
ESPECIAL,18,La Administración electrónica en la Comunitat Valenciana. Protección de datos de carácter personal y garantía de los derechos digitales,"Ley 6/2024, de 5 de diciembre",37,JURIDICO
ESPECIAL,18,La Administración electrónica en la Comunitat Valenciana. Protección de datos de carácter personal y garantía de los derechos digitales,"Ley 6/2024, de 5 de diciembre",38,JURIDICO
ESPECIAL,18,La Administración electrónica en la Comunitat Valenciana. Protección de datos de carácter personal y garantía de los derechos digitales,"Ley 6/2024, de 5 de diciembre",39,JURIDICO
ESPECIAL,18,La Administración electrónica en la Comunitat Valenciana. Protección de datos de carácter personal y garantía de los derechos digitales,"Ley 6/2024, de 5 de diciembre",40,JURIDICO
ESPECIAL,18,La Administración electrónica en la Comunitat Valenciana. Protección de datos de carácter personal y garantía de los derechos digitales,"Ley 6/2024, de 5 de diciembre",41,JURIDICO
ESPECIAL,18,La Administración electrónica en la Comunitat Valenciana. Protección de datos de carácter personal y garantía de los derechos digitales,"Ley 6/2024, de 5 de diciembre",42,JURIDICO
ESPECIAL,18,La Administración electrónica en la Comunitat Valenciana. Protección de datos de carácter personal y garantía de los derechos digitales,"Ley 6/2024, de 5 de diciembre",43,JURIDICO
ESPECIAL,18,La Administración electrónica en la Comunitat Valenciana. Protección de datos de carácter personal y garantía de los derechos digitales,"Ley 6/2024, de 5 de diciembre",44,JURIDICO
ESPECIAL,18,La Administración electrónica en la Comunitat Valenciana. Protección de datos de carácter personal y garantía de los derechos digitales,"Ley 6/2024, de 5 de diciembre",45,JURIDICO
ESPECIAL,18,La Administración electrónica en la Comunitat Valenciana. Protección de datos de carácter personal y garantía de los derechos digitales,"Ley 6/2024, de 5 de diciembre",46,JURIDICO
ESPECIAL,18,La Administración electrónica en la Comunitat Valenciana. Protección de datos de carácter personal y garantía de los derechos digitales,"Ley 6/2024, de 5 de diciembre",47,JURIDICO
ESPECIAL,18,La Administración electrónica en la Comunitat Valenciana. Protección de datos de carácter personal y garantía de los derechos digitales,"Ley 6/2024, de 5 de diciembre",48,JURIDICO
ESPECIAL,18,La Administración electrónica en la Comunitat Valenciana. Protección de datos de carácter personal y garantía de los derechos digitales,"Ley 6/2024, de 5 de diciembre",49,JURIDICO
ESPECIAL,18,La Administración electrónica en la Comunitat Valenciana. Protección de datos de carácter personal y garantía de los derechos digitales,"Ley 6/2024, de 5 de diciembre",50,JURIDICO
ESPECIAL,18,La Administración electrónica en la Comunitat Valenciana. Protección de datos de carácter personal y garantía de los derechos digitales,"Ley 6/2024, de 5 de diciembre",51,JURIDICO
ESPECIAL,18,La Administración electrónica en la Comunitat Valenciana. Protección de datos de carácter personal y garantía de los derechos digitales,"Ley 6/2024, de 5 de diciembre",52,JURIDICO
ESPECIAL,18,La Administración electrónica en la Comunitat Valenciana. Protección de datos de carácter personal y garantía de los derechos digitales,"Ley 6/2024, de 5 de diciembre",53,JURIDICO
ESPECIAL,18,La Administración electrónica en la Comunitat Valenciana. Protección de datos de carácter personal y garantía de los derechos digitales,"Ley 6/2024, de 5 de diciembre",54,JURIDICO
ESPECIAL,18,La Administración electrónica en la Comunitat Valenciana. Protección de datos de carácter personal y garantía de los derechos digitales,"Ley 6/2024, de 5 de diciembre",55,JURIDICO
ESPECIAL,18,La Administración electrónica en la Comunitat Valenciana. Protección de datos de carácter personal y garantía de los derechos digitales,"Ley 6/2024, de 5 de diciembre",56,JURIDICO
ESPECIAL,18,La Administración electrónica en la Comunitat Valenciana. Protección de datos de carácter personal y garantía de los derechos digitales,"Ley 6/2024, de 5 de diciembre",57,JURIDICO
ESPECIAL,18,La Administración electrónica en la Comunitat Valenciana. Protección de datos de carácter personal y garantía de los derechos digitales,"Ley 6/2024, de 5 de diciembre",58,JURIDICO
ESPECIAL,18,La Administración electrónica en la Comunitat Valenciana. Protección de datos de carácter personal y garantía de los derechos digitales,"Ley 6/2024, de 5 de diciembre",59,JURIDICO
ESPECIAL,19,La regulación constitucional de la función pública,"Ley 4/2021, de 16 de abril",1,JURIDICO
ESPECIAL,19,La regulación constitucional de la función pública,"Ley 4/2021, de 16 de abril",2,JURIDICO
ESPECIAL,19,La regulación constitucional de la función pública,"Ley 4/2021, de 16 de abril",3,JURIDICO
ESPECIAL,19,La regulación constitucional de la función pública,"Ley 4/2021, de 16 de abril",4,JURIDICO
ESPECIAL,19,La regulación constitucional de la función pública,"Ley 4/2021, de 16 de abril",5,JURIDICO
ESPECIAL,19,La regulación constitucional de la función pública,"Ley 4/2021, de 16 de abril",6,JURIDICO
ESPECIAL,19,La regulación constitucional de la función pública,"Ley 4/2021, de 16 de abril",7,JURIDICO
ESPECIAL,19,La regulación constitucional de la función pública,"Ley 4/2021, de 16 de abril",8,JURIDICO
ESPECIAL,19,La regulación constitucional de la función pública,"Ley 4/2021, de 16 de abril",9,JURIDICO
ESPECIAL,19,La regulación constitucional de la función pública,"Ley 4/2021, de 16 de abril",10,JURIDICO
ESPECIAL,19,La regulación constitucional de la función pública,"Ley 4/2021, de 16 de abril",11,JURIDICO
ESPECIAL,19,La regulación constitucional de la función pública,"Ley 4/2021, de 16 de abril",12,JURIDICO
ESPECIAL,19,La regulación constitucional de la función pública,"Ley 4/2021, de 16 de abril",13,JURIDICO
ESPECIAL,19,La regulación constitucional de la función pública,"Ley 4/2021, de 16 de abril",14,JURIDICO
ESPECIAL,19,La regulación constitucional de la función pública,"Ley 4/2021, de 16 de abril",15,JURIDICO
ESPECIAL,19,La regulación constitucional de la función pública,"Real decreto legislativo 5/2015, de 30 de octubre",1,JURIDICO
ESPECIAL,19,La regulación constitucional de la función pública,"Real decreto legislativo 5/2015, de 30 de octubre",2,JURIDICO
ESPECIAL,19,La regulación constitucional de la función pública,"Real decreto legislativo 5/2015, de 30 de octubre",3,JURIDICO
ESPECIAL,19,La regulación constitucional de la función pública,"Real decreto legislativo 5/2015, de 30 de octubre",4,JURIDICO
ESPECIAL,19,La regulación constitucional de la función pública,"Real decreto legislativo 5/2015, de 30 de octubre",5,JURIDICO
ESPECIAL,19,La regulación constitucional de la función pública,"Real decreto legislativo 5/2015, de 30 de octubre",6,JURIDICO
ESPECIAL,19,La regulación constitucional de la función pública,"Real decreto legislativo 5/2015, de 30 de octubre",7,JURIDICO
ESPECIAL,20,Personal al servicio de las administraciones públicas: Concepto y clases de personal empleado público,"Ley 4/2021, de 16 de abril",16,JURIDICO
ESPECIAL,20,Personal al servicio de las administraciones públicas: Concepto y clases de personal empleado público,"Ley 4/2021, de 16 de abril",17,JURIDICO
ESPECIAL,20,Personal al servicio de las administraciones públicas: Concepto y clases de personal empleado público,"Ley 4/2021, de 16 de abril",18,JURIDICO
ESPECIAL,20,Personal al servicio de las administraciones públicas: Concepto y clases de personal empleado público,"Ley 4/2021, de 16 de abril",19,JURIDICO
ESPECIAL,20,Personal al servicio de las administraciones públicas: Concepto y clases de personal empleado público,"Ley 4/2021, de 16 de abril",20,JURIDICO
ESPECIAL,20,Personal al servicio de las administraciones públicas: Concepto y clases de personal empleado público,"Ley 4/2021, de 16 de abril",21,JURIDICO
ESPECIAL,20,Personal al servicio de las administraciones públicas: Concepto y clases de personal empleado público,"Ley 4/2021, de 16 de abril",22,JURIDICO
ESPECIAL,20,Personal al servicio de las administraciones públicas: Concepto y clases de personal empleado público,"Ley 4/2021, de 16 de abril",23,JURIDICO
ESPECIAL,20,Personal al servicio de las administraciones públicas: Concepto y clases de personal empleado público,"Ley 4/2021, de 16 de abril",24,JURIDICO
ESPECIAL,20,Personal al servicio de las administraciones públicas: Concepto y clases de personal empleado público,"Ley 4/2021, de 16 de abril",25,JURIDICO
ESPECIAL,20,Personal al servicio de las administraciones públicas: Concepto y clases de personal empleado público,"Ley 4/2021, de 16 de abril",26,JURIDICO
ESPECIAL,20,Personal al servicio de las administraciones públicas: Concepto y clases de personal empleado público,"Ley 4/2021, de 16 de abril",27,JURIDICO
ESPECIAL,20,Personal al servicio de las administraciones públicas: Concepto y clases de personal empleado público,"Ley 4/2021, de 16 de abril",28,JURIDICO
ESPECIAL,20,Personal al servicio de las administraciones públicas: Concepto y clases de personal empleado público,"Ley 4/2021, de 16 de abril",29,JURIDICO
ESPECIAL,20,Personal al servicio de las administraciones públicas: Concepto y clases de personal empleado público,"Ley 4/2021, de 16 de abril",30,JURIDICO
ESPECIAL,20,Personal al servicio de las administraciones públicas: Concepto y clases de personal empleado público,"Ley 4/2021, de 16 de abril",31,JURIDICO
ESPECIAL,20,Personal al servicio de las administraciones públicas: Concepto y clases de personal empleado público,"Ley 4/2021, de 16 de abril",32,JURIDICO
ESPECIAL,20,Personal al servicio de las administraciones públicas: Concepto y clases de personal empleado público,"Ley 4/2021, de 16 de abril",33,JURIDICO
ESPECIAL,20,Personal al servicio de las administraciones públicas: Concepto y clases de personal empleado público,"Ley 4/2021, de 16 de abril",34,JURIDICO
ESPECIAL,20,Personal al servicio de las administraciones públicas: Concepto y clases de personal empleado público,"Ley 4/2021, de 16 de abril",35,JURIDICO
ESPECIAL,20,Personal al servicio de las administraciones públicas: Concepto y clases de personal empleado público,"Ley 4/2021, de 16 de abril",36,JURIDICO
ESPECIAL,21,Estructura y ordenación del empleo público: Ordenación de los puestos de trabajo,"Ley 4/2021, de 16 de abril",37,JURIDICO
ESPECIAL,21,Estructura y ordenación del empleo público: Ordenación de los puestos de trabajo,"Ley 4/2021, de 16 de abril",38,JURIDICO
ESPECIAL,21,Estructura y ordenación del empleo público: Ordenación de los puestos de trabajo,"Ley 4/2021, de 16 de abril",39,JURIDICO
ESPECIAL,21,Estructura y ordenación del empleo público: Ordenación de los puestos de trabajo,"Ley 4/2021, de 16 de abril",40,JURIDICO
ESPECIAL,21,Estructura y ordenación del empleo público: Ordenación de los puestos de trabajo,"Ley 4/2021, de 16 de abril",41,JURIDICO
ESPECIAL,21,Estructura y ordenación del empleo público: Ordenación de los puestos de trabajo,"Ley 4/2021, de 16 de abril",42,JURIDICO
ESPECIAL,21,Estructura y ordenación del empleo público: Ordenación de los puestos de trabajo,"Ley 4/2021, de 16 de abril",43,JURIDICO
ESPECIAL,21,Estructura y ordenación del empleo público: Ordenación de los puestos de trabajo,"Ley 4/2021, de 16 de abril",44,JURIDICO
ESPECIAL,21,Estructura y ordenación del empleo público: Ordenación de los puestos de trabajo,"Ley 4/2021, de 16 de abril",45,JURIDICO
ESPECIAL,21,Estructura y ordenación del empleo público: Ordenación de los puestos de trabajo,"Ley 4/2021, de 16 de abril",46,JURIDICO
ESPECIAL,21,Estructura y ordenación del empleo público: Ordenación de los puestos de trabajo,"Ley 4/2021, de 16 de abril",47,JURIDICO
ESPECIAL,21,Estructura y ordenación del empleo público: Ordenación de los puestos de trabajo,"Ley 4/2021, de 16 de abril",48,JURIDICO
ESPECIAL,21,Estructura y ordenación del empleo público: Ordenación de los puestos de trabajo,"Ley 4/2021, de 16 de abril",49,JURIDICO
ESPECIAL,21,Estructura y ordenación del empleo público: Ordenación de los puestos de trabajo,"Ley 4/2021, de 16 de abril",50,JURIDICO
ESPECIAL,21,Estructura y ordenación del empleo público: Ordenación de los puestos de trabajo,"Ley 4/2021, de 16 de abril",51,JURIDICO
ESPECIAL,21,Estructura y ordenación del empleo público: Ordenación de los puestos de trabajo,"Ley 4/2021, de 16 de abril",52,JURIDICO
ESPECIAL,21,Estructura y ordenación del empleo público: Ordenación de los puestos de trabajo,"Ley 4/2021, de 16 de abril",53,JURIDICO
ESPECIAL,21,Estructura y ordenación del empleo público: Ordenación de los puestos de trabajo,"Ley 4/2021, de 16 de abril",54,JURIDICO
ESPECIAL,21,Estructura y ordenación del empleo público: Ordenación de los puestos de trabajo,"Ley 4/2021, de 16 de abril",55,JURIDICO
ESPECIAL,21,Estructura y ordenación del empleo público: Ordenación de los puestos de trabajo,"Ley 4/2021, de 16 de abril",56,JURIDICO
ESPECIAL,21,Estructura y ordenación del empleo público: Ordenación de los puestos de trabajo,"Ley 4/2021, de 16 de abril",57,JURIDICO
ESPECIAL,21,Estructura y ordenación del empleo público: Ordenación de los puestos de trabajo,"Ley 4/2021, de 16 de abril",58,JURIDICO
ESPECIAL,21,Estructura y ordenación del empleo público: Ordenación de los puestos de trabajo,"Ley 4/2021, de 16 de abril",59,JURIDICO
ESPECIAL,22,Nacimiento y extinción de la relación de servicio: Selección de personal,"Ley 4/2021, de 16 de abril",60,JURIDICO
ESPECIAL,22,Nacimiento y extinción de la relación de servicio: Selección de personal,"Ley 4/2021, de 16 de abril",61,JURIDICO
ESPECIAL,22,Nacimiento y extinción de la relación de servicio: Selección de personal,"Ley 4/2021, de 16 de abril",62,JURIDICO
ESPECIAL,22,Nacimiento y extinción de la relación de servicio: Selección de personal,"Ley 4/2021, de 16 de abril",63,JURIDICO
ESPECIAL,22,Nacimiento y extinción de la relación de servicio: Selección de personal,"Ley 4/2021, de 16 de abril",64,JURIDICO
ESPECIAL,22,Nacimiento y extinción de la relación de servicio: Selección de personal,"Ley 4/2021, de 16 de abril",65,JURIDICO
ESPECIAL,22,Nacimiento y extinción de la relación de servicio: Selección de personal,"Ley 4/2021, de 16 de abril",66,JURIDICO
ESPECIAL,22,Nacimiento y extinción de la relación de servicio: Selección de personal,"Ley 4/2021, de 16 de abril",67,JURIDICO
ESPECIAL,22,Nacimiento y extinción de la relación de servicio: Selección de personal,"Ley 4/2021, de 16 de abril",68,JURIDICO
ESPECIAL,22,Nacimiento y extinción de la relación de servicio: Selección de personal,"Ley 4/2021, de 16 de abril",69,JURIDICO
ESPECIAL,22,Nacimiento y extinción de la relación de servicio: Selección de personal,"Ley 4/2021, de 16 de abril",70,JURIDICO
ESPECIAL,22,Nacimiento y extinción de la relación de servicio: Selección de personal,"Ley 4/2021, de 16 de abril",71,JURIDICO
ESPECIAL,22,Nacimiento y extinción de la relación de servicio: Selección de personal,"Ley 4/2021, de 16 de abril",72,JURIDICO
ESPECIAL,22,Nacimiento y extinción de la relación de servicio: Selección de personal,"Ley 4/2021, de 16 de abril",73,JURIDICO
ESPECIAL,22,Nacimiento y extinción de la relación de servicio: Selección de personal,"Ley 4/2021, de 16 de abril",74,JURIDICO
ESPECIAL,22,Nacimiento y extinción de la relación de servicio: Selección de personal,"Ley 4/2021, de 16 de abril",75,JURIDICO
ESPECIAL,23,Provisión de puestos y movilidad. Promoción profesional.,"Ley 4/2021, de 16 de abril",107,JURIDICO
ESPECIAL,23,Provisión de puestos y movilidad. Promoción profesional.,"Ley 4/2021, de 16 de abril",108,JURIDICO
ESPECIAL,23,Provisión de puestos y movilidad. Promoción profesional.,"Ley 4/2021, de 16 de abril",109,JURIDICO
ESPECIAL,23,Provisión de puestos y movilidad. Promoción profesional.,"Ley 4/2021, de 16 de abril",110,JURIDICO
ESPECIAL,23,Provisión de puestos y movilidad. Promoción profesional.,"Ley 4/2021, de 16 de abril",111,JURIDICO
ESPECIAL,23,Provisión de puestos y movilidad. Promoción profesional.,"Ley 4/2021, de 16 de abril",112,JURIDICO
ESPECIAL,23,Provisión de puestos y movilidad. Promoción profesional.,"Ley 4/2021, de 16 de abril",113,JURIDICO
ESPECIAL,23,Provisión de puestos y movilidad. Promoción profesional.,"Ley 4/2021, de 16 de abril",114,JURIDICO
ESPECIAL,23,Provisión de puestos y movilidad. Promoción profesional.,"Ley 4/2021, de 16 de abril",115,JURIDICO
ESPECIAL,23,Provisión de puestos y movilidad. Promoción profesional.,"Ley 4/2021, de 16 de abril",116,JURIDICO
ESPECIAL,23,Provisión de puestos y movilidad. Promoción profesional.,"Ley 4/2021, de 16 de abril",117,JURIDICO
ESPECIAL,23,Provisión de puestos y movilidad. Promoción profesional.,"Ley 4/2021, de 16 de abril",118,JURIDICO
ESPECIAL,23,Provisión de puestos y movilidad. Promoción profesional.,"Ley 4/2021, de 16 de abril",119,JURIDICO
ESPECIAL,23,Provisión de puestos y movilidad. Promoción profesional.,"Ley 4/2021, de 16 de abril",120,JURIDICO
ESPECIAL,23,Provisión de puestos y movilidad. Promoción profesional.,"Ley 4/2021, de 16 de abril",121,JURIDICO
ESPECIAL,23,Provisión de puestos y movilidad. Promoción profesional.,"Ley 4/2021, de 16 de abril",122,JURIDICO
ESPECIAL,23,Provisión de puestos y movilidad. Promoción profesional.,"Ley 4/2021, de 16 de abril",123,JURIDICO
ESPECIAL,23,Provisión de puestos y movilidad. Promoción profesional.,"Ley 4/2021, de 16 de abril",124,JURIDICO
ESPECIAL,23,Provisión de puestos y movilidad. Promoción profesional.,"Ley 4/2021, de 16 de abril",125,JURIDICO
ESPECIAL,23,Provisión de puestos y movilidad. Promoción profesional.,"Ley 4/2021, de 16 de abril",126,JURIDICO
ESPECIAL,23,Provisión de puestos y movilidad. Promoción profesional.,"Ley 4/2021, de 16 de abril",127,JURIDICO
ESPECIAL,23,Provisión de puestos y movilidad. Promoción profesional.,"Ley 4/2021, de 16 de abril",128,JURIDICO
ESPECIAL,23,Provisión de puestos y movilidad. Promoción profesional.,"Ley 4/2021, de 16 de abril",129,JURIDICO
ESPECIAL,23,Provisión de puestos y movilidad. Promoción profesional.,"Ley 4/2021, de 16 de abril",130,JURIDICO
ESPECIAL,23,Provisión de puestos y movilidad. Promoción profesional.,"Ley 4/2021, de 16 de abril",131,JURIDICO
ESPECIAL,23,Provisión de puestos y movilidad. Promoción profesional.,"Ley 4/2021, de 16 de abril",132,JURIDICO
ESPECIAL,23,Provisión de puestos y movilidad. Promoción profesional.,"Ley 4/2021, de 16 de abril",133,JURIDICO
ESPECIAL,23,Provisión de puestos y movilidad. Promoción profesional.,"Ley 4/2021, de 16 de abril",134,JURIDICO
ESPECIAL,23,Provisión de puestos y movilidad. Promoción profesional.,"Ley 4/2021, de 16 de abril",135,JURIDICO
ESPECIAL,23,Provisión de puestos y movilidad. Promoción profesional.,"Ley 4/2021, de 16 de abril",136,JURIDICO
ESPECIAL,23,Provisión de puestos y movilidad. Promoción profesional.,"Ley 4/2021, de 16 de abril",137,JURIDICO
ESPECIAL,24,"Situaciones administrativas del personal funcionario de carrera. Régimen disciplinario. Responsabilidad civil, penal y administrativa del personal funcionario.","Ley 39/2015, de 1 de octubre (LPACAP)",67,JURIDICO
ESPECIAL,24,"Situaciones administrativas del personal funcionario de carrera. Régimen disciplinario. Responsabilidad civil, penal y administrativa del personal funcionario.","Ley 39/2015, de 1 de octubre (LPACAP)",68,JURIDICO
ESPECIAL,24,"Situaciones administrativas del personal funcionario de carrera. Régimen disciplinario. Responsabilidad civil, penal y administrativa del personal funcionario.","Ley 39/2015, de 1 de octubre (LPACAP)",80,JURIDICO
ESPECIAL,24,"Situaciones administrativas del personal funcionario de carrera. Régimen disciplinario. Responsabilidad civil, penal y administrativa del personal funcionario.","Ley 39/2015, de 1 de octubre (LPACAP)",81,JURIDICO
ESPECIAL,24,"Situaciones administrativas del personal funcionario de carrera. Régimen disciplinario. Responsabilidad civil, penal y administrativa del personal funcionario.","Ley 39/2015, de 1 de octubre (LPACAP)",82,JURIDICO
ESPECIAL,24,"Situaciones administrativas del personal funcionario de carrera. Régimen disciplinario. Responsabilidad civil, penal y administrativa del personal funcionario.","Ley 39/2015, de 1 de octubre (LPACAP)",83,JURIDICO
ESPECIAL,24,"Situaciones administrativas del personal funcionario de carrera. Régimen disciplinario. Responsabilidad civil, penal y administrativa del personal funcionario.","Ley 39/2015, de 1 de octubre (LPACAP)",84,JURIDICO
ESPECIAL,24,"Situaciones administrativas del personal funcionario de carrera. Régimen disciplinario. Responsabilidad civil, penal y administrativa del personal funcionario.","Ley 4/2021, de 16 de abril",100,JURIDICO
ESPECIAL,24,"Situaciones administrativas del personal funcionario de carrera. Régimen disciplinario. Responsabilidad civil, penal y administrativa del personal funcionario.","Ley 4/2021, de 16 de abril",101,JURIDICO
ESPECIAL,24,"Situaciones administrativas del personal funcionario de carrera. Régimen disciplinario. Responsabilidad civil, penal y administrativa del personal funcionario.","Ley 4/2021, de 16 de abril",102,JURIDICO
ESPECIAL,24,"Situaciones administrativas del personal funcionario de carrera. Régimen disciplinario. Responsabilidad civil, penal y administrativa del personal funcionario.","Ley 4/2021, de 16 de abril",138,JURIDICO
ESPECIAL,24,"Situaciones administrativas del personal funcionario de carrera. Régimen disciplinario. Responsabilidad civil, penal y administrativa del personal funcionario.","Ley 4/2021, de 16 de abril",139,JURIDICO
ESPECIAL,24,"Situaciones administrativas del personal funcionario de carrera. Régimen disciplinario. Responsabilidad civil, penal y administrativa del personal funcionario.","Ley 4/2021, de 16 de abril",140,JURIDICO
ESPECIAL,24,"Situaciones administrativas del personal funcionario de carrera. Régimen disciplinario. Responsabilidad civil, penal y administrativa del personal funcionario.","Ley 4/2021, de 16 de abril",141,JURIDICO
ESPECIAL,24,"Situaciones administrativas del personal funcionario de carrera. Régimen disciplinario. Responsabilidad civil, penal y administrativa del personal funcionario.","Ley 4/2021, de 16 de abril",142,JURIDICO
ESPECIAL,24,"Situaciones administrativas del personal funcionario de carrera. Régimen disciplinario. Responsabilidad civil, penal y administrativa del personal funcionario.","Ley 4/2021, de 16 de abril",143,JURIDICO
ESPECIAL,24,"Situaciones administrativas del personal funcionario de carrera. Régimen disciplinario. Responsabilidad civil, penal y administrativa del personal funcionario.","Ley 4/2021, de 16 de abril",144,JURIDICO
ESPECIAL,24,"Situaciones administrativas del personal funcionario de carrera. Régimen disciplinario. Responsabilidad civil, penal y administrativa del personal funcionario.","Ley 4/2021, de 16 de abril",145,JURIDICO
ESPECIAL,24,"Situaciones administrativas del personal funcionario de carrera. Régimen disciplinario. Responsabilidad civil, penal y administrativa del personal funcionario.","Ley 4/2021, de 16 de abril",146,JURIDICO
ESPECIAL,24,"Situaciones administrativas del personal funcionario de carrera. Régimen disciplinario. Responsabilidad civil, penal y administrativa del personal funcionario.","Ley 4/2021, de 16 de abril",147,JURIDICO
ESPECIAL,24,"Situaciones administrativas del personal funcionario de carrera. Régimen disciplinario. Responsabilidad civil, penal y administrativa del personal funcionario.","Ley 4/2021, de 16 de abril",148,JURIDICO
ESPECIAL,24,"Situaciones administrativas del personal funcionario de carrera. Régimen disciplinario. Responsabilidad civil, penal y administrativa del personal funcionario.","Ley 4/2021, de 16 de abril",149,JURIDICO
ESPECIAL,24,"Situaciones administrativas del personal funcionario de carrera. Régimen disciplinario. Responsabilidad civil, penal y administrativa del personal funcionario.","Ley 4/2021, de 16 de abril",150,JURIDICO
ESPECIAL,24,"Situaciones administrativas del personal funcionario de carrera. Régimen disciplinario. Responsabilidad civil, penal y administrativa del personal funcionario.","Ley 4/2021, de 16 de abril",151,JURIDICO
ESPECIAL,24,"Situaciones administrativas del personal funcionario de carrera. Régimen disciplinario. Responsabilidad civil, penal y administrativa del personal funcionario.","Ley 4/2021, de 16 de abril",152,JURIDICO
ESPECIAL,24,"Situaciones administrativas del personal funcionario de carrera. Régimen disciplinario. Responsabilidad civil, penal y administrativa del personal funcionario.","Ley 4/2021, de 16 de abril",153,JURIDICO
ESPECIAL,24,"Situaciones administrativas del personal funcionario de carrera. Régimen disciplinario. Responsabilidad civil, penal y administrativa del personal funcionario.","Ley 4/2021, de 16 de abril",154,JURIDICO
ESPECIAL,24,"Situaciones administrativas del personal funcionario de carrera. Régimen disciplinario. Responsabilidad civil, penal y administrativa del personal funcionario.","Ley 4/2021, de 16 de abril",155,JURIDICO
ESPECIAL,24,"Situaciones administrativas del personal funcionario de carrera. Régimen disciplinario. Responsabilidad civil, penal y administrativa del personal funcionario.","Ley 4/2021, de 16 de abril",156,JURIDICO
ESPECIAL,24,"Situaciones administrativas del personal funcionario de carrera. Régimen disciplinario. Responsabilidad civil, penal y administrativa del personal funcionario.","Ley 4/2021, de 16 de abril",157,JURIDICO
ESPECIAL,24,"Situaciones administrativas del personal funcionario de carrera. Régimen disciplinario. Responsabilidad civil, penal y administrativa del personal funcionario.","Ley 4/2021, de 16 de abril",158,JURIDICO
ESPECIAL,24,"Situaciones administrativas del personal funcionario de carrera. Régimen disciplinario. Responsabilidad civil, penal y administrativa del personal funcionario.","Ley 4/2021, de 16 de abril",159,JURIDICO
ESPECIAL,24,"Situaciones administrativas del personal funcionario de carrera. Régimen disciplinario. Responsabilidad civil, penal y administrativa del personal funcionario.","Ley 4/2021, de 16 de abril",160,JURIDICO
ESPECIAL,24,"Situaciones administrativas del personal funcionario de carrera. Régimen disciplinario. Responsabilidad civil, penal y administrativa del personal funcionario.","Ley 4/2021, de 16 de abril",161,JURIDICO
ESPECIAL,24,"Situaciones administrativas del personal funcionario de carrera. Régimen disciplinario. Responsabilidad civil, penal y administrativa del personal funcionario.","Ley 4/2021, de 16 de abril",162,JURIDICO
ESPECIAL,24,"Situaciones administrativas del personal funcionario de carrera. Régimen disciplinario. Responsabilidad civil, penal y administrativa del personal funcionario.","Ley 4/2021, de 16 de abril",163,JURIDICO
ESPECIAL,24,"Situaciones administrativas del personal funcionario de carrera. Régimen disciplinario. Responsabilidad civil, penal y administrativa del personal funcionario.","Ley 4/2021, de 16 de abril",164,JURIDICO
ESPECIAL,24,"Situaciones administrativas del personal funcionario de carrera. Régimen disciplinario. Responsabilidad civil, penal y administrativa del personal funcionario.","Ley 4/2021, de 16 de abril",165,JURIDICO
ESPECIAL,24,"Situaciones administrativas del personal funcionario de carrera. Régimen disciplinario. Responsabilidad civil, penal y administrativa del personal funcionario.","Ley 4/2021, de 16 de abril",166,JURIDICO
ESPECIAL,24,"Situaciones administrativas del personal funcionario de carrera. Régimen disciplinario. Responsabilidad civil, penal y administrativa del personal funcionario.","Ley 4/2021, de 16 de abril",167,JURIDICO
ESPECIAL,24,"Situaciones administrativas del personal funcionario de carrera. Régimen disciplinario. Responsabilidad civil, penal y administrativa del personal funcionario.","Ley 4/2021, de 16 de abril",168,JURIDICO
ESPECIAL,24,"Situaciones administrativas del personal funcionario de carrera. Régimen disciplinario. Responsabilidad civil, penal y administrativa del personal funcionario.","Ley 4/2021, de 16 de abril",169,JURIDICO
ESPECIAL,24,"Situaciones administrativas del personal funcionario de carrera. Régimen disciplinario. Responsabilidad civil, penal y administrativa del personal funcionario.","Ley 4/2021, de 16 de abril",170,JURIDICO
ESPECIAL,24,"Situaciones administrativas del personal funcionario de carrera. Régimen disciplinario. Responsabilidad civil, penal y administrativa del personal funcionario.","Ley 4/2021, de 16 de abril",171,JURIDICO
ESPECIAL,24,"Situaciones administrativas del personal funcionario de carrera. Régimen disciplinario. Responsabilidad civil, penal y administrativa del personal funcionario.","Ley 4/2021, de 16 de abril",172,JURIDICO
ESPECIAL,24,"Situaciones administrativas del personal funcionario de carrera. Régimen disciplinario. Responsabilidad civil, penal y administrativa del personal funcionario.","Ley 4/2021, de 16 de abril",173,JURIDICO
ESPECIAL,24,"Situaciones administrativas del personal funcionario de carrera. Régimen disciplinario. Responsabilidad civil, penal y administrativa del personal funcionario.","Ley 4/2021, de 16 de abril",174,JURIDICO
ESPECIAL,24,"Situaciones administrativas del personal funcionario de carrera. Régimen disciplinario. Responsabilidad civil, penal y administrativa del personal funcionario.","Ley 4/2021, de 16 de abril",175,JURIDICO
ESPECIAL,24,"Situaciones administrativas del personal funcionario de carrera. Régimen disciplinario. Responsabilidad civil, penal y administrativa del personal funcionario.","Ley 4/2021, de 16 de abril",176,JURIDICO
ESPECIAL,24,"Situaciones administrativas del personal funcionario de carrera. Régimen disciplinario. Responsabilidad civil, penal y administrativa del personal funcionario.","Ley 4/2021, de 16 de abril",177,JURIDICO
ESPECIAL,24,"Situaciones administrativas del personal funcionario de carrera. Régimen disciplinario. Responsabilidad civil, penal y administrativa del personal funcionario.","Ley 4/2021, de 16 de abril",178,JURIDICO
ESPECIAL,24,"Situaciones administrativas del personal funcionario de carrera. Régimen disciplinario. Responsabilidad civil, penal y administrativa del personal funcionario.","Ley 4/2021, de 16 de abril",179,JURIDICO
ESPECIAL,24,"Situaciones administrativas del personal funcionario de carrera. Régimen disciplinario. Responsabilidad civil, penal y administrativa del personal funcionario.","Ley 4/2021, de 16 de abril",180,JURIDICO
ESPECIAL,24,"Situaciones administrativas del personal funcionario de carrera. Régimen disciplinario. Responsabilidad civil, penal y administrativa del personal funcionario.","Ley 4/2021, de 16 de abril",181,JURIDICO
ESPECIAL,24,"Situaciones administrativas del personal funcionario de carrera. Régimen disciplinario. Responsabilidad civil, penal y administrativa del personal funcionario.","Real decreto legislativo 5/2015, de 30 de octubre",85,JURIDICO
ESPECIAL,24,"Situaciones administrativas del personal funcionario de carrera. Régimen disciplinario. Responsabilidad civil, penal y administrativa del personal funcionario.","Real decreto legislativo 5/2015, de 30 de octubre",86,JURIDICO
ESPECIAL,24,"Situaciones administrativas del personal funcionario de carrera. Régimen disciplinario. Responsabilidad civil, penal y administrativa del personal funcionario.","Real decreto legislativo 5/2015, de 30 de octubre",87,JURIDICO
ESPECIAL,24,"Situaciones administrativas del personal funcionario de carrera. Régimen disciplinario. Responsabilidad civil, penal y administrativa del personal funcionario.","Real decreto legislativo 5/2015, de 30 de octubre",88,JURIDICO
ESPECIAL,24,"Situaciones administrativas del personal funcionario de carrera. Régimen disciplinario. Responsabilidad civil, penal y administrativa del personal funcionario.","Real decreto legislativo 5/2015, de 30 de octubre",89,JURIDICO
ESPECIAL,24,"Situaciones administrativas del personal funcionario de carrera. Régimen disciplinario. Responsabilidad civil, penal y administrativa del personal funcionario.","Real decreto legislativo 5/2015, de 30 de octubre",90,JURIDICO
ESPECIAL,24,"Situaciones administrativas del personal funcionario de carrera. Régimen disciplinario. Responsabilidad civil, penal y administrativa del personal funcionario.","Real decreto legislativo 5/2015, de 30 de octubre",91,JURIDICO
ESPECIAL,24,"Situaciones administrativas del personal funcionario de carrera. Régimen disciplinario. Responsabilidad civil, penal y administrativa del personal funcionario.","Real decreto legislativo 5/2015, de 30 de octubre",92,JURIDICO
ESPECIAL,24,"Situaciones administrativas del personal funcionario de carrera. Régimen disciplinario. Responsabilidad civil, penal y administrativa del personal funcionario.","Real decreto legislativo 5/2015, de 30 de octubre",93,JURIDICO
ESPECIAL,24,"Situaciones administrativas del personal funcionario de carrera. Régimen disciplinario. Responsabilidad civil, penal y administrativa del personal funcionario.","Real decreto legislativo 5/2015, de 30 de octubre",94,JURIDICO
ESPECIAL,24,"Situaciones administrativas del personal funcionario de carrera. Régimen disciplinario. Responsabilidad civil, penal y administrativa del personal funcionario.","Real decreto legislativo 5/2015, de 30 de octubre",95,JURIDICO
ESPECIAL,24,"Situaciones administrativas del personal funcionario de carrera. Régimen disciplinario. Responsabilidad civil, penal y administrativa del personal funcionario.","Real decreto legislativo 5/2015, de 30 de octubre",96,JURIDICO
ESPECIAL,24,"Situaciones administrativas del personal funcionario de carrera. Régimen disciplinario. Responsabilidad civil, penal y administrativa del personal funcionario.","Real decreto legislativo 5/2015, de 30 de octubre",97,JURIDICO
ESPECIAL,24,"Situaciones administrativas del personal funcionario de carrera. Régimen disciplinario. Responsabilidad civil, penal y administrativa del personal funcionario.","Real decreto legislativo 5/2015, de 30 de octubre",98,JURIDICO
ESPECIAL,25,"Derechos, deberes, condiciones de trabajo del personal empleado público de la Generalitat e incompatibilidades del personal empleado público","Ley 4/2021, de 16 de abril",76,JURIDICO
ESPECIAL,25,"Derechos, deberes, condiciones de trabajo del personal empleado público de la Generalitat e incompatibilidades del personal empleado público","Ley 4/2021, de 16 de abril",77,JURIDICO
ESPECIAL,25,"Derechos, deberes, condiciones de trabajo del personal empleado público de la Generalitat e incompatibilidades del personal empleado público","Ley 4/2021, de 16 de abril",78,JURIDICO
ESPECIAL,25,"Derechos, deberes, condiciones de trabajo del personal empleado público de la Generalitat e incompatibilidades del personal empleado público","Ley 4/2021, de 16 de abril",79,JURIDICO
ESPECIAL,25,"Derechos, deberes, condiciones de trabajo del personal empleado público de la Generalitat e incompatibilidades del personal empleado público","Ley 4/2021, de 16 de abril",80,JURIDICO
ESPECIAL,25,"Derechos, deberes, condiciones de trabajo del personal empleado público de la Generalitat e incompatibilidades del personal empleado público","Ley 4/2021, de 16 de abril",81,JURIDICO
ESPECIAL,25,"Derechos, deberes, condiciones de trabajo del personal empleado público de la Generalitat e incompatibilidades del personal empleado público","Ley 4/2021, de 16 de abril",82,JURIDICO
ESPECIAL,25,"Derechos, deberes, condiciones de trabajo del personal empleado público de la Generalitat e incompatibilidades del personal empleado público","Ley 4/2021, de 16 de abril",83,JURIDICO
ESPECIAL,25,"Derechos, deberes, condiciones de trabajo del personal empleado público de la Generalitat e incompatibilidades del personal empleado público","Ley 4/2021, de 16 de abril",84,JURIDICO
ESPECIAL,25,"Derechos, deberes, condiciones de trabajo del personal empleado público de la Generalitat e incompatibilidades del personal empleado público","Ley 4/2021, de 16 de abril",85,JURIDICO
ESPECIAL,25,"Derechos, deberes, condiciones de trabajo del personal empleado público de la Generalitat e incompatibilidades del personal empleado público","Ley 4/2021, de 16 de abril",86,JURIDICO
ESPECIAL,25,"Derechos, deberes, condiciones de trabajo del personal empleado público de la Generalitat e incompatibilidades del personal empleado público","Ley 4/2021, de 16 de abril",87,JURIDICO
ESPECIAL,25,"Derechos, deberes, condiciones de trabajo del personal empleado público de la Generalitat e incompatibilidades del personal empleado público","Ley 4/2021, de 16 de abril",88,JURIDICO
ESPECIAL,25,"Derechos, deberes, condiciones de trabajo del personal empleado público de la Generalitat e incompatibilidades del personal empleado público","Ley 4/2021, de 16 de abril",89,JURIDICO
ESPECIAL,25,"Derechos, deberes, condiciones de trabajo del personal empleado público de la Generalitat e incompatibilidades del personal empleado público","Ley 4/2021, de 16 de abril",90,JURIDICO
ESPECIAL,25,"Derechos, deberes, condiciones de trabajo del personal empleado público de la Generalitat e incompatibilidades del personal empleado público","Ley 4/2021, de 16 de abril",91,JURIDICO
ESPECIAL,25,"Derechos, deberes, condiciones de trabajo del personal empleado público de la Generalitat e incompatibilidades del personal empleado público","Ley 4/2021, de 16 de abril",92,JURIDICO
ESPECIAL,25,"Derechos, deberes, condiciones de trabajo del personal empleado público de la Generalitat e incompatibilidades del personal empleado público","Ley 4/2021, de 16 de abril",93,JURIDICO
ESPECIAL,25,"Derechos, deberes, condiciones de trabajo del personal empleado público de la Generalitat e incompatibilidades del personal empleado público","Ley 4/2021, de 16 de abril",94,JURIDICO
ESPECIAL,25,"Derechos, deberes, condiciones de trabajo del personal empleado público de la Generalitat e incompatibilidades del personal empleado público","Ley 4/2021, de 16 de abril",95,JURIDICO
ESPECIAL,25,"Derechos, deberes, condiciones de trabajo del personal empleado público de la Generalitat e incompatibilidades del personal empleado público","Ley 4/2021, de 16 de abril",96,JURIDICO
ESPECIAL,25,"Derechos, deberes, condiciones de trabajo del personal empleado público de la Generalitat e incompatibilidades del personal empleado público","Ley 4/2021, de 16 de abril",97,JURIDICO
ESPECIAL,25,"Derechos, deberes, condiciones de trabajo del personal empleado público de la Generalitat e incompatibilidades del personal empleado público","Ley 4/2021, de 16 de abril",98,JURIDICO
ESPECIAL,25,"Derechos, deberes, condiciones de trabajo del personal empleado público de la Generalitat e incompatibilidades del personal empleado público","Ley 4/2021, de 16 de abril",99,JURIDICO
ESPECIAL,25,"Derechos, deberes, condiciones de trabajo del personal empleado público de la Generalitat e incompatibilidades del personal empleado público","Ley 4/2021, de 16 de abril",103,JURIDICO
ESPECIAL,25,"Derechos, deberes, condiciones de trabajo del personal empleado público de la Generalitat e incompatibilidades del personal empleado público","Ley 4/2021, de 16 de abril",104,JURIDICO
ESPECIAL,25,"Derechos, deberes, condiciones de trabajo del personal empleado público de la Generalitat e incompatibilidades del personal empleado público","Ley 4/2021, de 16 de abril",105,JURIDICO
ESPECIAL,25,"Derechos, deberes, condiciones de trabajo del personal empleado público de la Generalitat e incompatibilidades del personal empleado público","Ley 4/2021, de 16 de abril",106,JURIDICO
ESPECIAL,25,"Derechos, deberes, condiciones de trabajo del personal empleado público de la Generalitat e incompatibilidades del personal empleado público","Ley 53/1984, de 26 de diciembre",1,JURIDICO
ESPECIAL,25,"Derechos, deberes, condiciones de trabajo del personal empleado público de la Generalitat e incompatibilidades del personal empleado público","Ley 53/1984, de 26 de diciembre",2,JURIDICO
ESPECIAL,25,"Derechos, deberes, condiciones de trabajo del personal empleado público de la Generalitat e incompatibilidades del personal empleado público","Ley 53/1984, de 26 de diciembre",3,JURIDICO
ESPECIAL,25,"Derechos, deberes, condiciones de trabajo del personal empleado público de la Generalitat e incompatibilidades del personal empleado público","Ley 53/1984, de 26 de diciembre",4,JURIDICO
ESPECIAL,25,"Derechos, deberes, condiciones de trabajo del personal empleado público de la Generalitat e incompatibilidades del personal empleado público","Ley 53/1984, de 26 de diciembre",5,JURIDICO
ESPECIAL,25,"Derechos, deberes, condiciones de trabajo del personal empleado público de la Generalitat e incompatibilidades del personal empleado público","Ley 53/1984, de 26 de diciembre",6,JURIDICO
ESPECIAL,25,"Derechos, deberes, condiciones de trabajo del personal empleado público de la Generalitat e incompatibilidades del personal empleado público","Ley 53/1984, de 26 de diciembre",7,JURIDICO
ESPECIAL,25,"Derechos, deberes, condiciones de trabajo del personal empleado público de la Generalitat e incompatibilidades del personal empleado público","Ley 53/1984, de 26 de diciembre",8,JURIDICO
ESPECIAL,25,"Derechos, deberes, condiciones de trabajo del personal empleado público de la Generalitat e incompatibilidades del personal empleado público","Ley 53/1984, de 26 de diciembre",9,JURIDICO
ESPECIAL,25,"Derechos, deberes, condiciones de trabajo del personal empleado público de la Generalitat e incompatibilidades del personal empleado público","Ley 53/1984, de 26 de diciembre",10,JURIDICO
ESPECIAL,25,"Derechos, deberes, condiciones de trabajo del personal empleado público de la Generalitat e incompatibilidades del personal empleado público","Ley 53/1984, de 26 de diciembre",11,JURIDICO
ESPECIAL,25,"Derechos, deberes, condiciones de trabajo del personal empleado público de la Generalitat e incompatibilidades del personal empleado público","Ley 53/1984, de 26 de diciembre",12,JURIDICO
ESPECIAL,25,"Derechos, deberes, condiciones de trabajo del personal empleado público de la Generalitat e incompatibilidades del personal empleado público","Ley 53/1984, de 26 de diciembre",13,JURIDICO
ESPECIAL,25,"Derechos, deberes, condiciones de trabajo del personal empleado público de la Generalitat e incompatibilidades del personal empleado público","Ley 53/1984, de 26 de diciembre",14,JURIDICO
ESPECIAL,25,"Derechos, deberes, condiciones de trabajo del personal empleado público de la Generalitat e incompatibilidades del personal empleado público","Ley 53/1984, de 26 de diciembre",15,JURIDICO
ESPECIAL,25,"Derechos, deberes, condiciones de trabajo del personal empleado público de la Generalitat e incompatibilidades del personal empleado público","Ley 53/1984, de 26 de diciembre",16,JURIDICO
ESPECIAL,25,"Derechos, deberes, condiciones de trabajo del personal empleado público de la Generalitat e incompatibilidades del personal empleado público","Ley 53/1984, de 26 de diciembre",17,JURIDICO
ESPECIAL,25,"Derechos, deberes, condiciones de trabajo del personal empleado público de la Generalitat e incompatibilidades del personal empleado público","Ley 53/1984, de 26 de diciembre",18,JURIDICO
ESPECIAL,25,"Derechos, deberes, condiciones de trabajo del personal empleado público de la Generalitat e incompatibilidades del personal empleado público","Ley 53/1984, de 26 de diciembre",19,JURIDICO
ESPECIAL,25,"Derechos, deberes, condiciones de trabajo del personal empleado público de la Generalitat e incompatibilidades del personal empleado público","Ley 53/1984, de 26 de diciembre",20,JURIDICO
ESPECIAL,26,"La representación, negociación colectiva y participación institucional de los empleados públicos.","Ley 4/2021, de 16 de abril",182,JURIDICO
ESPECIAL,26,"La representación, negociación colectiva y participación institucional de los empleados públicos.","Ley 4/2021, de 16 de abril",183,JURIDICO
ESPECIAL,26,"La representación, negociación colectiva y participación institucional de los empleados públicos.","Ley 4/2021, de 16 de abril",184,JURIDICO
ESPECIAL,26,"La representación, negociación colectiva y participación institucional de los empleados públicos.","Ley 4/2021, de 16 de abril",185,JURIDICO
ESPECIAL,26,"La representación, negociación colectiva y participación institucional de los empleados públicos.","Ley 4/2021, de 16 de abril",186,JURIDICO
ESPECIAL,26,"La representación, negociación colectiva y participación institucional de los empleados públicos.","Ley 4/2021, de 16 de abril",187,JURIDICO
ESPECIAL,26,"La representación, negociación colectiva y participación institucional de los empleados públicos.","Ley 4/2021, de 16 de abril",188,JURIDICO
ESPECIAL,26,"La representación, negociación colectiva y participación institucional de los empleados públicos.","Ley 4/2021, de 16 de abril",189,JURIDICO
ESPECIAL,26,"La representación, negociación colectiva y participación institucional de los empleados públicos.","Ley 4/2021, de 16 de abril",190,JURIDICO
ESPECIAL,26,"La representación, negociación colectiva y participación institucional de los empleados públicos.","Ley 4/2021, de 16 de abril",191,JURIDICO
ESPECIAL,27,Financiación de las comunidades autónomas de régimen común. Necesidades globales de financiación. Recursos adicionales que se integran en el sistema. Recursos financieros. Capacidad tributaria. Fondos de Convergencia Autonómica. Cesión de tributos del Estado a las Comunidades Autónomas. La política tributaria de la Generalitat. Tributos propios y cedidos. Recursos de la Comunitat Valenciana. Competencias normativas y delegación de competencias. Beneficios fiscales. Fondo de Compensación Interterritorial.,"Ley 1/2015, de 6 de febrero",2,JURIDICO
ESPECIAL,27,Financiación de las comunidades autónomas de régimen común. Necesidades globales de financiación. Recursos adicionales que se integran en el sistema. Recursos financieros. Capacidad tributaria. Fondos de Convergencia Autonómica. Cesión de tributos del Estado a las Comunidades Autónomas. La política tributaria de la Generalitat. Tributos propios y cedidos. Recursos de la Comunitat Valenciana. Competencias normativas y delegación de competencias. Beneficios fiscales. Fondo de Compensación Interterritorial.,"Ley 1/2015, de 6 de febrero",3,JURIDICO
ESPECIAL,27,Financiación de las comunidades autónomas de régimen común. Necesidades globales de financiación. Recursos adicionales que se integran en el sistema. Recursos financieros. Capacidad tributaria. Fondos de Convergencia Autonómica. Cesión de tributos del Estado a las Comunidades Autónomas. La política tributaria de la Generalitat. Tributos propios y cedidos. Recursos de la Comunitat Valenciana. Competencias normativas y delegación de competencias. Beneficios fiscales. Fondo de Compensación Interterritorial.,"Ley 22/2001, de 27 de diciembre",1,JURIDICO
ESPECIAL,27,Financiación de las comunidades autónomas de régimen común. Necesidades globales de financiación. Recursos adicionales que se integran en el sistema. Recursos financieros. Capacidad tributaria. Fondos de Convergencia Autonómica. Cesión de tributos del Estado a las Comunidades Autónomas. La política tributaria de la Generalitat. Tributos propios y cedidos. Recursos de la Comunitat Valenciana. Competencias normativas y delegación de competencias. Beneficios fiscales. Fondo de Compensación Interterritorial.,"Ley 22/2001, de 27 de diciembre",2,JURIDICO
ESPECIAL,27,Financiación de las comunidades autónomas de régimen común. Necesidades globales de financiación. Recursos adicionales que se integran en el sistema. Recursos financieros. Capacidad tributaria. Fondos de Convergencia Autonómica. Cesión de tributos del Estado a las Comunidades Autónomas. La política tributaria de la Generalitat. Tributos propios y cedidos. Recursos de la Comunitat Valenciana. Competencias normativas y delegación de competencias. Beneficios fiscales. Fondo de Compensación Interterritorial.,"Ley 22/2001, de 27 de diciembre",3,JURIDICO
ESPECIAL,27,Financiación de las comunidades autónomas de régimen común. Necesidades globales de financiación. Recursos adicionales que se integran en el sistema. Recursos financieros. Capacidad tributaria. Fondos de Convergencia Autonómica. Cesión de tributos del Estado a las Comunidades Autónomas. La política tributaria de la Generalitat. Tributos propios y cedidos. Recursos de la Comunitat Valenciana. Competencias normativas y delegación de competencias. Beneficios fiscales. Fondo de Compensación Interterritorial.,"Ley 22/2001, de 27 de diciembre",4,JURIDICO
ESPECIAL,27,Financiación de las comunidades autónomas de régimen común. Necesidades globales de financiación. Recursos adicionales que se integran en el sistema. Recursos financieros. Capacidad tributaria. Fondos de Convergencia Autonómica. Cesión de tributos del Estado a las Comunidades Autónomas. La política tributaria de la Generalitat. Tributos propios y cedidos. Recursos de la Comunitat Valenciana. Competencias normativas y delegación de competencias. Beneficios fiscales. Fondo de Compensación Interterritorial.,"Ley 22/2001, de 27 de diciembre",5,JURIDICO
ESPECIAL,27,Financiación de las comunidades autónomas de régimen común. Necesidades globales de financiación. Recursos adicionales que se integran en el sistema. Recursos financieros. Capacidad tributaria. Fondos de Convergencia Autonómica. Cesión de tributos del Estado a las Comunidades Autónomas. La política tributaria de la Generalitat. Tributos propios y cedidos. Recursos de la Comunitat Valenciana. Competencias normativas y delegación de competencias. Beneficios fiscales. Fondo de Compensación Interterritorial.,"Ley 22/2001, de 27 de diciembre",6,JURIDICO
ESPECIAL,27,Financiación de las comunidades autónomas de régimen común. Necesidades globales de financiación. Recursos adicionales que se integran en el sistema. Recursos financieros. Capacidad tributaria. Fondos de Convergencia Autonómica. Cesión de tributos del Estado a las Comunidades Autónomas. La política tributaria de la Generalitat. Tributos propios y cedidos. Recursos de la Comunitat Valenciana. Competencias normativas y delegación de competencias. Beneficios fiscales. Fondo de Compensación Interterritorial.,"Ley 22/2001, de 27 de diciembre",7,JURIDICO
ESPECIAL,27,Financiación de las comunidades autónomas de régimen común. Necesidades globales de financiación. Recursos adicionales que se integran en el sistema. Recursos financieros. Capacidad tributaria. Fondos de Convergencia Autonómica. Cesión de tributos del Estado a las Comunidades Autónomas. La política tributaria de la Generalitat. Tributos propios y cedidos. Recursos de la Comunitat Valenciana. Competencias normativas y delegación de competencias. Beneficios fiscales. Fondo de Compensación Interterritorial.,"Ley 22/2001, de 27 de diciembre",8,JURIDICO
ESPECIAL,27,Financiación de las comunidades autónomas de régimen común. Necesidades globales de financiación. Recursos adicionales que se integran en el sistema. Recursos financieros. Capacidad tributaria. Fondos de Convergencia Autonómica. Cesión de tributos del Estado a las Comunidades Autónomas. La política tributaria de la Generalitat. Tributos propios y cedidos. Recursos de la Comunitat Valenciana. Competencias normativas y delegación de competencias. Beneficios fiscales. Fondo de Compensación Interterritorial.,"Ley 22/2001, de 27 de diciembre",9,JURIDICO
ESPECIAL,27,Financiación de las comunidades autónomas de régimen común. Necesidades globales de financiación. Recursos adicionales que se integran en el sistema. Recursos financieros. Capacidad tributaria. Fondos de Convergencia Autonómica. Cesión de tributos del Estado a las Comunidades Autónomas. La política tributaria de la Generalitat. Tributos propios y cedidos. Recursos de la Comunitat Valenciana. Competencias normativas y delegación de competencias. Beneficios fiscales. Fondo de Compensación Interterritorial.,"Ley 22/2001, de 27 de diciembre",10,JURIDICO
ESPECIAL,27,Financiación de las comunidades autónomas de régimen común. Necesidades globales de financiación. Recursos adicionales que se integran en el sistema. Recursos financieros. Capacidad tributaria. Fondos de Convergencia Autonómica. Cesión de tributos del Estado a las Comunidades Autónomas. La política tributaria de la Generalitat. Tributos propios y cedidos. Recursos de la Comunitat Valenciana. Competencias normativas y delegación de competencias. Beneficios fiscales. Fondo de Compensación Interterritorial.,"Ley 22/2009, de 18 de diciembre",1,JURIDICO
ESPECIAL,27,Financiación de las comunidades autónomas de régimen común. Necesidades globales de financiación. Recursos adicionales que se integran en el sistema. Recursos financieros. Capacidad tributaria. Fondos de Convergencia Autonómica. Cesión de tributos del Estado a las Comunidades Autónomas. La política tributaria de la Generalitat. Tributos propios y cedidos. Recursos de la Comunitat Valenciana. Competencias normativas y delegación de competencias. Beneficios fiscales. Fondo de Compensación Interterritorial.,"Ley 22/2009, de 18 de diciembre",2,JURIDICO
ESPECIAL,27,Financiación de las comunidades autónomas de régimen común. Necesidades globales de financiación. Recursos adicionales que se integran en el sistema. Recursos financieros. Capacidad tributaria. Fondos de Convergencia Autonómica. Cesión de tributos del Estado a las Comunidades Autónomas. La política tributaria de la Generalitat. Tributos propios y cedidos. Recursos de la Comunitat Valenciana. Competencias normativas y delegación de competencias. Beneficios fiscales. Fondo de Compensación Interterritorial.,"Ley 22/2009, de 18 de diciembre",3,JURIDICO
ESPECIAL,27,Financiación de las comunidades autónomas de régimen común. Necesidades globales de financiación. Recursos adicionales que se integran en el sistema. Recursos financieros. Capacidad tributaria. Fondos de Convergencia Autonómica. Cesión de tributos del Estado a las Comunidades Autónomas. La política tributaria de la Generalitat. Tributos propios y cedidos. Recursos de la Comunitat Valenciana. Competencias normativas y delegación de competencias. Beneficios fiscales. Fondo de Compensación Interterritorial.,"Ley 22/2009, de 18 de diciembre",4,JURIDICO
ESPECIAL,27,Financiación de las comunidades autónomas de régimen común. Necesidades globales de financiación. Recursos adicionales que se integran en el sistema. Recursos financieros. Capacidad tributaria. Fondos de Convergencia Autonómica. Cesión de tributos del Estado a las Comunidades Autónomas. La política tributaria de la Generalitat. Tributos propios y cedidos. Recursos de la Comunitat Valenciana. Competencias normativas y delegación de competencias. Beneficios fiscales. Fondo de Compensación Interterritorial.,"Ley 22/2009, de 18 de diciembre",5,JURIDICO
ESPECIAL,27,Financiación de las comunidades autónomas de régimen común. Necesidades globales de financiación. Recursos adicionales que se integran en el sistema. Recursos financieros. Capacidad tributaria. Fondos de Convergencia Autonómica. Cesión de tributos del Estado a las Comunidades Autónomas. La política tributaria de la Generalitat. Tributos propios y cedidos. Recursos de la Comunitat Valenciana. Competencias normativas y delegación de competencias. Beneficios fiscales. Fondo de Compensación Interterritorial.,"Ley 22/2009, de 18 de diciembre",6,JURIDICO
ESPECIAL,27,Financiación de las comunidades autónomas de régimen común. Necesidades globales de financiación. Recursos adicionales que se integran en el sistema. Recursos financieros. Capacidad tributaria. Fondos de Convergencia Autonómica. Cesión de tributos del Estado a las Comunidades Autónomas. La política tributaria de la Generalitat. Tributos propios y cedidos. Recursos de la Comunitat Valenciana. Competencias normativas y delegación de competencias. Beneficios fiscales. Fondo de Compensación Interterritorial.,"Ley 22/2009, de 18 de diciembre",7,JURIDICO
ESPECIAL,27,Financiación de las comunidades autónomas de régimen común. Necesidades globales de financiación. Recursos adicionales que se integran en el sistema. Recursos financieros. Capacidad tributaria. Fondos de Convergencia Autonómica. Cesión de tributos del Estado a las Comunidades Autónomas. La política tributaria de la Generalitat. Tributos propios y cedidos. Recursos de la Comunitat Valenciana. Competencias normativas y delegación de competencias. Beneficios fiscales. Fondo de Compensación Interterritorial.,"Ley 22/2009, de 18 de diciembre",8,JURIDICO
ESPECIAL,27,Financiación de las comunidades autónomas de régimen común. Necesidades globales de financiación. Recursos adicionales que se integran en el sistema. Recursos financieros. Capacidad tributaria. Fondos de Convergencia Autonómica. Cesión de tributos del Estado a las Comunidades Autónomas. La política tributaria de la Generalitat. Tributos propios y cedidos. Recursos de la Comunitat Valenciana. Competencias normativas y delegación de competencias. Beneficios fiscales. Fondo de Compensación Interterritorial.,"Ley 22/2009, de 18 de diciembre",9,JURIDICO
ESPECIAL,27,Financiación de las comunidades autónomas de régimen común. Necesidades globales de financiación. Recursos adicionales que se integran en el sistema. Recursos financieros. Capacidad tributaria. Fondos de Convergencia Autonómica. Cesión de tributos del Estado a las Comunidades Autónomas. La política tributaria de la Generalitat. Tributos propios y cedidos. Recursos de la Comunitat Valenciana. Competencias normativas y delegación de competencias. Beneficios fiscales. Fondo de Compensación Interterritorial.,"Ley 22/2009, de 18 de diciembre",10,JURIDICO
ESPECIAL,27,Financiación de las comunidades autónomas de régimen común. Necesidades globales de financiación. Recursos adicionales que se integran en el sistema. Recursos financieros. Capacidad tributaria. Fondos de Convergencia Autonómica. Cesión de tributos del Estado a las Comunidades Autónomas. La política tributaria de la Generalitat. Tributos propios y cedidos. Recursos de la Comunitat Valenciana. Competencias normativas y delegación de competencias. Beneficios fiscales. Fondo de Compensación Interterritorial.,"Ley 22/2009, de 18 de diciembre",11,JURIDICO
ESPECIAL,27,Financiación de las comunidades autónomas de régimen común. Necesidades globales de financiación. Recursos adicionales que se integran en el sistema. Recursos financieros. Capacidad tributaria. Fondos de Convergencia Autonómica. Cesión de tributos del Estado a las Comunidades Autónomas. La política tributaria de la Generalitat. Tributos propios y cedidos. Recursos de la Comunitat Valenciana. Competencias normativas y delegación de competencias. Beneficios fiscales. Fondo de Compensación Interterritorial.,"Ley 22/2009, de 18 de diciembre",12,JURIDICO
ESPECIAL,27,Financiación de las comunidades autónomas de régimen común. Necesidades globales de financiación. Recursos adicionales que se integran en el sistema. Recursos financieros. Capacidad tributaria. Fondos de Convergencia Autonómica. Cesión de tributos del Estado a las Comunidades Autónomas. La política tributaria de la Generalitat. Tributos propios y cedidos. Recursos de la Comunitat Valenciana. Competencias normativas y delegación de competencias. Beneficios fiscales. Fondo de Compensación Interterritorial.,"Ley 22/2009, de 18 de diciembre",13,JURIDICO
ESPECIAL,27,Financiación de las comunidades autónomas de régimen común. Necesidades globales de financiación. Recursos adicionales que se integran en el sistema. Recursos financieros. Capacidad tributaria. Fondos de Convergencia Autonómica. Cesión de tributos del Estado a las Comunidades Autónomas. La política tributaria de la Generalitat. Tributos propios y cedidos. Recursos de la Comunitat Valenciana. Competencias normativas y delegación de competencias. Beneficios fiscales. Fondo de Compensación Interterritorial.,"Ley 22/2009, de 18 de diciembre",14,JURIDICO
ESPECIAL,27,Financiación de las comunidades autónomas de régimen común. Necesidades globales de financiación. Recursos adicionales que se integran en el sistema. Recursos financieros. Capacidad tributaria. Fondos de Convergencia Autonómica. Cesión de tributos del Estado a las Comunidades Autónomas. La política tributaria de la Generalitat. Tributos propios y cedidos. Recursos de la Comunitat Valenciana. Competencias normativas y delegación de competencias. Beneficios fiscales. Fondo de Compensación Interterritorial.,"Ley 22/2009, de 18 de diciembre",15,JURIDICO
ESPECIAL,27,Financiación de las comunidades autónomas de régimen común. Necesidades globales de financiación. Recursos adicionales que se integran en el sistema. Recursos financieros. Capacidad tributaria. Fondos de Convergencia Autonómica. Cesión de tributos del Estado a las Comunidades Autónomas. La política tributaria de la Generalitat. Tributos propios y cedidos. Recursos de la Comunitat Valenciana. Competencias normativas y delegación de competencias. Beneficios fiscales. Fondo de Compensación Interterritorial.,"Ley 22/2009, de 18 de diciembre",16,JURIDICO
ESPECIAL,27,Financiación de las comunidades autónomas de régimen común. Necesidades globales de financiación. Recursos adicionales que se integran en el sistema. Recursos financieros. Capacidad tributaria. Fondos de Convergencia Autonómica. Cesión de tributos del Estado a las Comunidades Autónomas. La política tributaria de la Generalitat. Tributos propios y cedidos. Recursos de la Comunitat Valenciana. Competencias normativas y delegación de competencias. Beneficios fiscales. Fondo de Compensación Interterritorial.,"Ley 22/2009, de 18 de diciembre",17,JURIDICO
ESPECIAL,27,Financiación de las comunidades autónomas de régimen común. Necesidades globales de financiación. Recursos adicionales que se integran en el sistema. Recursos financieros. Capacidad tributaria. Fondos de Convergencia Autonómica. Cesión de tributos del Estado a las Comunidades Autónomas. La política tributaria de la Generalitat. Tributos propios y cedidos. Recursos de la Comunitat Valenciana. Competencias normativas y delegación de competencias. Beneficios fiscales. Fondo de Compensación Interterritorial.,"Ley 22/2009, de 18 de diciembre",18,JURIDICO
ESPECIAL,27,Financiación de las comunidades autónomas de régimen común. Necesidades globales de financiación. Recursos adicionales que se integran en el sistema. Recursos financieros. Capacidad tributaria. Fondos de Convergencia Autonómica. Cesión de tributos del Estado a las Comunidades Autónomas. La política tributaria de la Generalitat. Tributos propios y cedidos. Recursos de la Comunitat Valenciana. Competencias normativas y delegación de competencias. Beneficios fiscales. Fondo de Compensación Interterritorial.,"Ley 22/2009, de 18 de diciembre",25,JURIDICO
ESPECIAL,27,Financiación de las comunidades autónomas de régimen común. Necesidades globales de financiación. Recursos adicionales que se integran en el sistema. Recursos financieros. Capacidad tributaria. Fondos de Convergencia Autonómica. Cesión de tributos del Estado a las Comunidades Autónomas. La política tributaria de la Generalitat. Tributos propios y cedidos. Recursos de la Comunitat Valenciana. Competencias normativas y delegación de competencias. Beneficios fiscales. Fondo de Compensación Interterritorial.,"Ley 22/2009, de 18 de diciembre",26,JURIDICO
ESPECIAL,27,Financiación de las comunidades autónomas de régimen común. Necesidades globales de financiación. Recursos adicionales que se integran en el sistema. Recursos financieros. Capacidad tributaria. Fondos de Convergencia Autonómica. Cesión de tributos del Estado a las Comunidades Autónomas. La política tributaria de la Generalitat. Tributos propios y cedidos. Recursos de la Comunitat Valenciana. Competencias normativas y delegación de competencias. Beneficios fiscales. Fondo de Compensación Interterritorial.,"Ley 22/2009, de 18 de diciembre",27,JURIDICO
ESPECIAL,27,Financiación de las comunidades autónomas de régimen común. Necesidades globales de financiación. Recursos adicionales que se integran en el sistema. Recursos financieros. Capacidad tributaria. Fondos de Convergencia Autonómica. Cesión de tributos del Estado a las Comunidades Autónomas. La política tributaria de la Generalitat. Tributos propios y cedidos. Recursos de la Comunitat Valenciana. Competencias normativas y delegación de competencias. Beneficios fiscales. Fondo de Compensación Interterritorial.,"Ley 22/2009, de 18 de diciembre",28,JURIDICO
ESPECIAL,27,Financiación de las comunidades autónomas de régimen común. Necesidades globales de financiación. Recursos adicionales que se integran en el sistema. Recursos financieros. Capacidad tributaria. Fondos de Convergencia Autonómica. Cesión de tributos del Estado a las Comunidades Autónomas. La política tributaria de la Generalitat. Tributos propios y cedidos. Recursos de la Comunitat Valenciana. Competencias normativas y delegación de competencias. Beneficios fiscales. Fondo de Compensación Interterritorial.,"Ley 22/2009, de 18 de diciembre",29,JURIDICO
ESPECIAL,27,Financiación de las comunidades autónomas de régimen común. Necesidades globales de financiación. Recursos adicionales que se integran en el sistema. Recursos financieros. Capacidad tributaria. Fondos de Convergencia Autonómica. Cesión de tributos del Estado a las Comunidades Autónomas. La política tributaria de la Generalitat. Tributos propios y cedidos. Recursos de la Comunitat Valenciana. Competencias normativas y delegación de competencias. Beneficios fiscales. Fondo de Compensación Interterritorial.,"Ley 22/2009, de 18 de diciembre",30,JURIDICO
ESPECIAL,27,Financiación de las comunidades autónomas de régimen común. Necesidades globales de financiación. Recursos adicionales que se integran en el sistema. Recursos financieros. Capacidad tributaria. Fondos de Convergencia Autonómica. Cesión de tributos del Estado a las Comunidades Autónomas. La política tributaria de la Generalitat. Tributos propios y cedidos. Recursos de la Comunitat Valenciana. Competencias normativas y delegación de competencias. Beneficios fiscales. Fondo de Compensación Interterritorial.,"Ley 22/2009, de 18 de diciembre",31,JURIDICO
ESPECIAL,27,Financiación de las comunidades autónomas de régimen común. Necesidades globales de financiación. Recursos adicionales que se integran en el sistema. Recursos financieros. Capacidad tributaria. Fondos de Convergencia Autonómica. Cesión de tributos del Estado a las Comunidades Autónomas. La política tributaria de la Generalitat. Tributos propios y cedidos. Recursos de la Comunitat Valenciana. Competencias normativas y delegación de competencias. Beneficios fiscales. Fondo de Compensación Interterritorial.,"Ley 22/2009, de 18 de diciembre",32,JURIDICO
ESPECIAL,27,Financiación de las comunidades autónomas de régimen común. Necesidades globales de financiación. Recursos adicionales que se integran en el sistema. Recursos financieros. Capacidad tributaria. Fondos de Convergencia Autonómica. Cesión de tributos del Estado a las Comunidades Autónomas. La política tributaria de la Generalitat. Tributos propios y cedidos. Recursos de la Comunitat Valenciana. Competencias normativas y delegación de competencias. Beneficios fiscales. Fondo de Compensación Interterritorial.,"Ley 22/2009, de 18 de diciembre",33,JURIDICO
ESPECIAL,27,Financiación de las comunidades autónomas de régimen común. Necesidades globales de financiación. Recursos adicionales que se integran en el sistema. Recursos financieros. Capacidad tributaria. Fondos de Convergencia Autonómica. Cesión de tributos del Estado a las Comunidades Autónomas. La política tributaria de la Generalitat. Tributos propios y cedidos. Recursos de la Comunitat Valenciana. Competencias normativas y delegación de competencias. Beneficios fiscales. Fondo de Compensación Interterritorial.,"Ley 22/2009, de 18 de diciembre",34,JURIDICO
ESPECIAL,27,Financiación de las comunidades autónomas de régimen común. Necesidades globales de financiación. Recursos adicionales que se integran en el sistema. Recursos financieros. Capacidad tributaria. Fondos de Convergencia Autonómica. Cesión de tributos del Estado a las Comunidades Autónomas. La política tributaria de la Generalitat. Tributos propios y cedidos. Recursos de la Comunitat Valenciana. Competencias normativas y delegación de competencias. Beneficios fiscales. Fondo de Compensación Interterritorial.,"Ley 22/2009, de 18 de diciembre",35,JURIDICO
ESPECIAL,27,Financiación de las comunidades autónomas de régimen común. Necesidades globales de financiación. Recursos adicionales que se integran en el sistema. Recursos financieros. Capacidad tributaria. Fondos de Convergencia Autonómica. Cesión de tributos del Estado a las Comunidades Autónomas. La política tributaria de la Generalitat. Tributos propios y cedidos. Recursos de la Comunitat Valenciana. Competencias normativas y delegación de competencias. Beneficios fiscales. Fondo de Compensación Interterritorial.,"Ley 22/2009, de 18 de diciembre",36,JURIDICO
ESPECIAL,27,Financiación de las comunidades autónomas de régimen común. Necesidades globales de financiación. Recursos adicionales que se integran en el sistema. Recursos financieros. Capacidad tributaria. Fondos de Convergencia Autonómica. Cesión de tributos del Estado a las Comunidades Autónomas. La política tributaria de la Generalitat. Tributos propios y cedidos. Recursos de la Comunitat Valenciana. Competencias normativas y delegación de competencias. Beneficios fiscales. Fondo de Compensación Interterritorial.,"Ley 22/2009, de 18 de diciembre",37,JURIDICO
ESPECIAL,27,Financiación de las comunidades autónomas de régimen común. Necesidades globales de financiación. Recursos adicionales que se integran en el sistema. Recursos financieros. Capacidad tributaria. Fondos de Convergencia Autonómica. Cesión de tributos del Estado a las Comunidades Autónomas. La política tributaria de la Generalitat. Tributos propios y cedidos. Recursos de la Comunitat Valenciana. Competencias normativas y delegación de competencias. Beneficios fiscales. Fondo de Compensación Interterritorial.,"Ley 22/2009, de 18 de diciembre",38,JURIDICO
ESPECIAL,27,Financiación de las comunidades autónomas de régimen común. Necesidades globales de financiación. Recursos adicionales que se integran en el sistema. Recursos financieros. Capacidad tributaria. Fondos de Convergencia Autonómica. Cesión de tributos del Estado a las Comunidades Autónomas. La política tributaria de la Generalitat. Tributos propios y cedidos. Recursos de la Comunitat Valenciana. Competencias normativas y delegación de competencias. Beneficios fiscales. Fondo de Compensación Interterritorial.,"Ley 22/2009, de 18 de diciembre",39,JURIDICO
ESPECIAL,27,Financiación de las comunidades autónomas de régimen común. Necesidades globales de financiación. Recursos adicionales que se integran en el sistema. Recursos financieros. Capacidad tributaria. Fondos de Convergencia Autonómica. Cesión de tributos del Estado a las Comunidades Autónomas. La política tributaria de la Generalitat. Tributos propios y cedidos. Recursos de la Comunitat Valenciana. Competencias normativas y delegación de competencias. Beneficios fiscales. Fondo de Compensación Interterritorial.,"Ley 22/2009, de 18 de diciembre",40,JURIDICO
ESPECIAL,27,Financiación de las comunidades autónomas de régimen común. Necesidades globales de financiación. Recursos adicionales que se integran en el sistema. Recursos financieros. Capacidad tributaria. Fondos de Convergencia Autonómica. Cesión de tributos del Estado a las Comunidades Autónomas. La política tributaria de la Generalitat. Tributos propios y cedidos. Recursos de la Comunitat Valenciana. Competencias normativas y delegación de competencias. Beneficios fiscales. Fondo de Compensación Interterritorial.,"Ley 22/2009, de 18 de diciembre",41,JURIDICO
ESPECIAL,27,Financiación de las comunidades autónomas de régimen común. Necesidades globales de financiación. Recursos adicionales que se integran en el sistema. Recursos financieros. Capacidad tributaria. Fondos de Convergencia Autonómica. Cesión de tributos del Estado a las Comunidades Autónomas. La política tributaria de la Generalitat. Tributos propios y cedidos. Recursos de la Comunitat Valenciana. Competencias normativas y delegación de competencias. Beneficios fiscales. Fondo de Compensación Interterritorial.,"Ley 22/2009, de 18 de diciembre",42,JURIDICO
ESPECIAL,27,Financiación de las comunidades autónomas de régimen común. Necesidades globales de financiación. Recursos adicionales que se integran en el sistema. Recursos financieros. Capacidad tributaria. Fondos de Convergencia Autonómica. Cesión de tributos del Estado a las Comunidades Autónomas. La política tributaria de la Generalitat. Tributos propios y cedidos. Recursos de la Comunitat Valenciana. Competencias normativas y delegación de competencias. Beneficios fiscales. Fondo de Compensación Interterritorial.,"Ley 22/2009, de 18 de diciembre",43,JURIDICO
ESPECIAL,27,Financiación de las comunidades autónomas de régimen común. Necesidades globales de financiación. Recursos adicionales que se integran en el sistema. Recursos financieros. Capacidad tributaria. Fondos de Convergencia Autonómica. Cesión de tributos del Estado a las Comunidades Autónomas. La política tributaria de la Generalitat. Tributos propios y cedidos. Recursos de la Comunitat Valenciana. Competencias normativas y delegación de competencias. Beneficios fiscales. Fondo de Compensación Interterritorial.,"Ley 22/2009, de 18 de diciembre",44,JURIDICO
ESPECIAL,27,Financiación de las comunidades autónomas de régimen común. Necesidades globales de financiación. Recursos adicionales que se integran en el sistema. Recursos financieros. Capacidad tributaria. Fondos de Convergencia Autonómica. Cesión de tributos del Estado a las Comunidades Autónomas. La política tributaria de la Generalitat. Tributos propios y cedidos. Recursos de la Comunitat Valenciana. Competencias normativas y delegación de competencias. Beneficios fiscales. Fondo de Compensación Interterritorial.,"Ley 22/2009, de 18 de diciembre",45,JURIDICO
ESPECIAL,27,Financiación de las comunidades autónomas de régimen común. Necesidades globales de financiación. Recursos adicionales que se integran en el sistema. Recursos financieros. Capacidad tributaria. Fondos de Convergencia Autonómica. Cesión de tributos del Estado a las Comunidades Autónomas. La política tributaria de la Generalitat. Tributos propios y cedidos. Recursos de la Comunitat Valenciana. Competencias normativas y delegación de competencias. Beneficios fiscales. Fondo de Compensación Interterritorial.,"Ley 22/2009, de 18 de diciembre",46,JURIDICO
ESPECIAL,27,Financiación de las comunidades autónomas de régimen común. Necesidades globales de financiación. Recursos adicionales que se integran en el sistema. Recursos financieros. Capacidad tributaria. Fondos de Convergencia Autonómica. Cesión de tributos del Estado a las Comunidades Autónomas. La política tributaria de la Generalitat. Tributos propios y cedidos. Recursos de la Comunitat Valenciana. Competencias normativas y delegación de competencias. Beneficios fiscales. Fondo de Compensación Interterritorial.,"Ley 22/2009, de 18 de diciembre",47,JURIDICO
ESPECIAL,27,Financiación de las comunidades autónomas de régimen común. Necesidades globales de financiación. Recursos adicionales que se integran en el sistema. Recursos financieros. Capacidad tributaria. Fondos de Convergencia Autonómica. Cesión de tributos del Estado a las Comunidades Autónomas. La política tributaria de la Generalitat. Tributos propios y cedidos. Recursos de la Comunitat Valenciana. Competencias normativas y delegación de competencias. Beneficios fiscales. Fondo de Compensación Interterritorial.,"Ley 22/2009, de 18 de diciembre",48,JURIDICO
ESPECIAL,27,Financiación de las comunidades autónomas de régimen común. Necesidades globales de financiación. Recursos adicionales que se integran en el sistema. Recursos financieros. Capacidad tributaria. Fondos de Convergencia Autonómica. Cesión de tributos del Estado a las Comunidades Autónomas. La política tributaria de la Generalitat. Tributos propios y cedidos. Recursos de la Comunitat Valenciana. Competencias normativas y delegación de competencias. Beneficios fiscales. Fondo de Compensación Interterritorial.,"Ley 22/2009, de 18 de diciembre",49,JURIDICO
ESPECIAL,27,Financiación de las comunidades autónomas de régimen común. Necesidades globales de financiación. Recursos adicionales que se integran en el sistema. Recursos financieros. Capacidad tributaria. Fondos de Convergencia Autonómica. Cesión de tributos del Estado a las Comunidades Autónomas. La política tributaria de la Generalitat. Tributos propios y cedidos. Recursos de la Comunitat Valenciana. Competencias normativas y delegación de competencias. Beneficios fiscales. Fondo de Compensación Interterritorial.,"Ley 22/2009, de 18 de diciembre",50,JURIDICO
ESPECIAL,27,Financiación de las comunidades autónomas de régimen común. Necesidades globales de financiación. Recursos adicionales que se integran en el sistema. Recursos financieros. Capacidad tributaria. Fondos de Convergencia Autonómica. Cesión de tributos del Estado a las Comunidades Autónomas. La política tributaria de la Generalitat. Tributos propios y cedidos. Recursos de la Comunitat Valenciana. Competencias normativas y delegación de competencias. Beneficios fiscales. Fondo de Compensación Interterritorial.,"Ley 22/2009, de 18 de diciembre",51,JURIDICO
ESPECIAL,27,Financiación de las comunidades autónomas de régimen común. Necesidades globales de financiación. Recursos adicionales que se integran en el sistema. Recursos financieros. Capacidad tributaria. Fondos de Convergencia Autonómica. Cesión de tributos del Estado a las Comunidades Autónomas. La política tributaria de la Generalitat. Tributos propios y cedidos. Recursos de la Comunitat Valenciana. Competencias normativas y delegación de competencias. Beneficios fiscales. Fondo de Compensación Interterritorial.,"Ley 22/2009, de 18 de diciembre",52,JURIDICO
ESPECIAL,27,Financiación de las comunidades autónomas de régimen común. Necesidades globales de financiación. Recursos adicionales que se integran en el sistema. Recursos financieros. Capacidad tributaria. Fondos de Convergencia Autonómica. Cesión de tributos del Estado a las Comunidades Autónomas. La política tributaria de la Generalitat. Tributos propios y cedidos. Recursos de la Comunitat Valenciana. Competencias normativas y delegación de competencias. Beneficios fiscales. Fondo de Compensación Interterritorial.,"Ley 22/2009, de 18 de diciembre",53,JURIDICO
ESPECIAL,27,Financiación de las comunidades autónomas de régimen común. Necesidades globales de financiación. Recursos adicionales que se integran en el sistema. Recursos financieros. Capacidad tributaria. Fondos de Convergencia Autonómica. Cesión de tributos del Estado a las Comunidades Autónomas. La política tributaria de la Generalitat. Tributos propios y cedidos. Recursos de la Comunitat Valenciana. Competencias normativas y delegación de competencias. Beneficios fiscales. Fondo de Compensación Interterritorial.,"Ley 22/2009, de 18 de diciembre",54,JURIDICO
ESPECIAL,27,Financiación de las comunidades autónomas de régimen común. Necesidades globales de financiación. Recursos adicionales que se integran en el sistema. Recursos financieros. Capacidad tributaria. Fondos de Convergencia Autonómica. Cesión de tributos del Estado a las Comunidades Autónomas. La política tributaria de la Generalitat. Tributos propios y cedidos. Recursos de la Comunitat Valenciana. Competencias normativas y delegación de competencias. Beneficios fiscales. Fondo de Compensación Interterritorial.,"Ley 22/2009, de 18 de diciembre",55,JURIDICO
ESPECIAL,27,Financiación de las comunidades autónomas de régimen común. Necesidades globales de financiación. Recursos adicionales que se integran en el sistema. Recursos financieros. Capacidad tributaria. Fondos de Convergencia Autonómica. Cesión de tributos del Estado a las Comunidades Autónomas. La política tributaria de la Generalitat. Tributos propios y cedidos. Recursos de la Comunitat Valenciana. Competencias normativas y delegación de competencias. Beneficios fiscales. Fondo de Compensación Interterritorial.,"Ley 22/2009, de 18 de diciembre",56,JURIDICO
ESPECIAL,27,Financiación de las comunidades autónomas de régimen común. Necesidades globales de financiación. Recursos adicionales que se integran en el sistema. Recursos financieros. Capacidad tributaria. Fondos de Convergencia Autonómica. Cesión de tributos del Estado a las Comunidades Autónomas. La política tributaria de la Generalitat. Tributos propios y cedidos. Recursos de la Comunitat Valenciana. Competencias normativas y delegación de competencias. Beneficios fiscales. Fondo de Compensación Interterritorial.,"Ley 22/2009, de 18 de diciembre",57,JURIDICO
ESPECIAL,27,Financiación de las comunidades autónomas de régimen común. Necesidades globales de financiación. Recursos adicionales que se integran en el sistema. Recursos financieros. Capacidad tributaria. Fondos de Convergencia Autonómica. Cesión de tributos del Estado a las Comunidades Autónomas. La política tributaria de la Generalitat. Tributos propios y cedidos. Recursos de la Comunitat Valenciana. Competencias normativas y delegación de competencias. Beneficios fiscales. Fondo de Compensación Interterritorial.,"Ley 22/2009, de 18 de diciembre",58,JURIDICO
ESPECIAL,27,Financiación de las comunidades autónomas de régimen común. Necesidades globales de financiación. Recursos adicionales que se integran en el sistema. Recursos financieros. Capacidad tributaria. Fondos de Convergencia Autonómica. Cesión de tributos del Estado a las Comunidades Autónomas. La política tributaria de la Generalitat. Tributos propios y cedidos. Recursos de la Comunitat Valenciana. Competencias normativas y delegación de competencias. Beneficios fiscales. Fondo de Compensación Interterritorial.,"Ley 22/2009, de 18 de diciembre",59,JURIDICO
ESPECIAL,27,Financiación de las comunidades autónomas de régimen común. Necesidades globales de financiación. Recursos adicionales que se integran en el sistema. Recursos financieros. Capacidad tributaria. Fondos de Convergencia Autonómica. Cesión de tributos del Estado a las Comunidades Autónomas. La política tributaria de la Generalitat. Tributos propios y cedidos. Recursos de la Comunitat Valenciana. Competencias normativas y delegación de competencias. Beneficios fiscales. Fondo de Compensación Interterritorial.,"Ley 22/2009, de 18 de diciembre",60,JURIDICO
ESPECIAL,27,Financiación de las comunidades autónomas de régimen común. Necesidades globales de financiación. Recursos adicionales que se integran en el sistema. Recursos financieros. Capacidad tributaria. Fondos de Convergencia Autonómica. Cesión de tributos del Estado a las Comunidades Autónomas. La política tributaria de la Generalitat. Tributos propios y cedidos. Recursos de la Comunitat Valenciana. Competencias normativas y delegación de competencias. Beneficios fiscales. Fondo de Compensación Interterritorial.,"Ley 22/2009, de 18 de diciembre",61,JURIDICO
ESPECIAL,27,Financiación de las comunidades autónomas de régimen común. Necesidades globales de financiación. Recursos adicionales que se integran en el sistema. Recursos financieros. Capacidad tributaria. Fondos de Convergencia Autonómica. Cesión de tributos del Estado a las Comunidades Autónomas. La política tributaria de la Generalitat. Tributos propios y cedidos. Recursos de la Comunitat Valenciana. Competencias normativas y delegación de competencias. Beneficios fiscales. Fondo de Compensación Interterritorial.,"Ley 23/2010, de 16 de julio",1,JURIDICO
ESPECIAL,27,Financiación de las comunidades autónomas de régimen común. Necesidades globales de financiación. Recursos adicionales que se integran en el sistema. Recursos financieros. Capacidad tributaria. Fondos de Convergencia Autonómica. Cesión de tributos del Estado a las Comunidades Autónomas. La política tributaria de la Generalitat. Tributos propios y cedidos. Recursos de la Comunitat Valenciana. Competencias normativas y delegación de competencias. Beneficios fiscales. Fondo de Compensación Interterritorial.,"Ley 23/2010, de 16 de julio",2,JURIDICO
ESPECIAL,27,Financiación de las comunidades autónomas de régimen común. Necesidades globales de financiación. Recursos adicionales que se integran en el sistema. Recursos financieros. Capacidad tributaria. Fondos de Convergencia Autonómica. Cesión de tributos del Estado a las Comunidades Autónomas. La política tributaria de la Generalitat. Tributos propios y cedidos. Recursos de la Comunitat Valenciana. Competencias normativas y delegación de competencias. Beneficios fiscales. Fondo de Compensación Interterritorial.,"Ley Orgánica 8/1980, de 22 de septiembre (LOFCA)",1,JURIDICO
ESPECIAL,27,Financiación de las comunidades autónomas de régimen común. Necesidades globales de financiación. Recursos adicionales que se integran en el sistema. Recursos financieros. Capacidad tributaria. Fondos de Convergencia Autonómica. Cesión de tributos del Estado a las Comunidades Autónomas. La política tributaria de la Generalitat. Tributos propios y cedidos. Recursos de la Comunitat Valenciana. Competencias normativas y delegación de competencias. Beneficios fiscales. Fondo de Compensación Interterritorial.,"Ley Orgánica 8/1980, de 22 de septiembre (LOFCA)",2,JURIDICO
ESPECIAL,27,Financiación de las comunidades autónomas de régimen común. Necesidades globales de financiación. Recursos adicionales que se integran en el sistema. Recursos financieros. Capacidad tributaria. Fondos de Convergencia Autonómica. Cesión de tributos del Estado a las Comunidades Autónomas. La política tributaria de la Generalitat. Tributos propios y cedidos. Recursos de la Comunitat Valenciana. Competencias normativas y delegación de competencias. Beneficios fiscales. Fondo de Compensación Interterritorial.,"Ley Orgánica 8/1980, de 22 de septiembre (LOFCA)",3,JURIDICO
ESPECIAL,27,Financiación de las comunidades autónomas de régimen común. Necesidades globales de financiación. Recursos adicionales que se integran en el sistema. Recursos financieros. Capacidad tributaria. Fondos de Convergencia Autonómica. Cesión de tributos del Estado a las Comunidades Autónomas. La política tributaria de la Generalitat. Tributos propios y cedidos. Recursos de la Comunitat Valenciana. Competencias normativas y delegación de competencias. Beneficios fiscales. Fondo de Compensación Interterritorial.,"Ley Orgánica 8/1980, de 22 de septiembre (LOFCA)",4,JURIDICO
ESPECIAL,27,Financiación de las comunidades autónomas de régimen común. Necesidades globales de financiación. Recursos adicionales que se integran en el sistema. Recursos financieros. Capacidad tributaria. Fondos de Convergencia Autonómica. Cesión de tributos del Estado a las Comunidades Autónomas. La política tributaria de la Generalitat. Tributos propios y cedidos. Recursos de la Comunitat Valenciana. Competencias normativas y delegación de competencias. Beneficios fiscales. Fondo de Compensación Interterritorial.,"Ley Orgánica 8/1980, de 22 de septiembre (LOFCA)",5,JURIDICO
ESPECIAL,27,Financiación de las comunidades autónomas de régimen común. Necesidades globales de financiación. Recursos adicionales que se integran en el sistema. Recursos financieros. Capacidad tributaria. Fondos de Convergencia Autonómica. Cesión de tributos del Estado a las Comunidades Autónomas. La política tributaria de la Generalitat. Tributos propios y cedidos. Recursos de la Comunitat Valenciana. Competencias normativas y delegación de competencias. Beneficios fiscales. Fondo de Compensación Interterritorial.,"Ley Orgánica 8/1980, de 22 de septiembre (LOFCA)",6,JURIDICO
ESPECIAL,27,Financiación de las comunidades autónomas de régimen común. Necesidades globales de financiación. Recursos adicionales que se integran en el sistema. Recursos financieros. Capacidad tributaria. Fondos de Convergencia Autonómica. Cesión de tributos del Estado a las Comunidades Autónomas. La política tributaria de la Generalitat. Tributos propios y cedidos. Recursos de la Comunitat Valenciana. Competencias normativas y delegación de competencias. Beneficios fiscales. Fondo de Compensación Interterritorial.,"Ley Orgánica 8/1980, de 22 de septiembre (LOFCA)",7,JURIDICO
ESPECIAL,27,Financiación de las comunidades autónomas de régimen común. Necesidades globales de financiación. Recursos adicionales que se integran en el sistema. Recursos financieros. Capacidad tributaria. Fondos de Convergencia Autonómica. Cesión de tributos del Estado a las Comunidades Autónomas. La política tributaria de la Generalitat. Tributos propios y cedidos. Recursos de la Comunitat Valenciana. Competencias normativas y delegación de competencias. Beneficios fiscales. Fondo de Compensación Interterritorial.,"Ley Orgánica 8/1980, de 22 de septiembre (LOFCA)",8,JURIDICO
ESPECIAL,27,Financiación de las comunidades autónomas de régimen común. Necesidades globales de financiación. Recursos adicionales que se integran en el sistema. Recursos financieros. Capacidad tributaria. Fondos de Convergencia Autonómica. Cesión de tributos del Estado a las Comunidades Autónomas. La política tributaria de la Generalitat. Tributos propios y cedidos. Recursos de la Comunitat Valenciana. Competencias normativas y delegación de competencias. Beneficios fiscales. Fondo de Compensación Interterritorial.,"Ley Orgánica 8/1980, de 22 de septiembre (LOFCA)",9,JURIDICO
ESPECIAL,27,Financiación de las comunidades autónomas de régimen común. Necesidades globales de financiación. Recursos adicionales que se integran en el sistema. Recursos financieros. Capacidad tributaria. Fondos de Convergencia Autonómica. Cesión de tributos del Estado a las Comunidades Autónomas. La política tributaria de la Generalitat. Tributos propios y cedidos. Recursos de la Comunitat Valenciana. Competencias normativas y delegación de competencias. Beneficios fiscales. Fondo de Compensación Interterritorial.,"Ley Orgánica 8/1980, de 22 de septiembre (LOFCA)",10,JURIDICO
ESPECIAL,27,Financiación de las comunidades autónomas de régimen común. Necesidades globales de financiación. Recursos adicionales que se integran en el sistema. Recursos financieros. Capacidad tributaria. Fondos de Convergencia Autonómica. Cesión de tributos del Estado a las Comunidades Autónomas. La política tributaria de la Generalitat. Tributos propios y cedidos. Recursos de la Comunitat Valenciana. Competencias normativas y delegación de competencias. Beneficios fiscales. Fondo de Compensación Interterritorial.,"Ley Orgánica 8/1980, de 22 de septiembre (LOFCA)",11,JURIDICO
ESPECIAL,27,Financiación de las comunidades autónomas de régimen común. Necesidades globales de financiación. Recursos adicionales que se integran en el sistema. Recursos financieros. Capacidad tributaria. Fondos de Convergencia Autonómica. Cesión de tributos del Estado a las Comunidades Autónomas. La política tributaria de la Generalitat. Tributos propios y cedidos. Recursos de la Comunitat Valenciana. Competencias normativas y delegación de competencias. Beneficios fiscales. Fondo de Compensación Interterritorial.,"Ley Orgánica 8/1980, de 22 de septiembre (LOFCA)",12,JURIDICO
ESPECIAL,27,Financiación de las comunidades autónomas de régimen común. Necesidades globales de financiación. Recursos adicionales que se integran en el sistema. Recursos financieros. Capacidad tributaria. Fondos de Convergencia Autonómica. Cesión de tributos del Estado a las Comunidades Autónomas. La política tributaria de la Generalitat. Tributos propios y cedidos. Recursos de la Comunitat Valenciana. Competencias normativas y delegación de competencias. Beneficios fiscales. Fondo de Compensación Interterritorial.,"Ley Orgánica 8/1980, de 22 de septiembre (LOFCA)",13,JURIDICO
ESPECIAL,27,Financiación de las comunidades autónomas de régimen común. Necesidades globales de financiación. Recursos adicionales que se integran en el sistema. Recursos financieros. Capacidad tributaria. Fondos de Convergencia Autonómica. Cesión de tributos del Estado a las Comunidades Autónomas. La política tributaria de la Generalitat. Tributos propios y cedidos. Recursos de la Comunitat Valenciana. Competencias normativas y delegación de competencias. Beneficios fiscales. Fondo de Compensación Interterritorial.,"Ley Orgánica 8/1980, de 22 de septiembre (LOFCA)",14,JURIDICO
ESPECIAL,27,Financiación de las comunidades autónomas de régimen común. Necesidades globales de financiación. Recursos adicionales que se integran en el sistema. Recursos financieros. Capacidad tributaria. Fondos de Convergencia Autonómica. Cesión de tributos del Estado a las Comunidades Autónomas. La política tributaria de la Generalitat. Tributos propios y cedidos. Recursos de la Comunitat Valenciana. Competencias normativas y delegación de competencias. Beneficios fiscales. Fondo de Compensación Interterritorial.,"Ley Orgánica 8/1980, de 22 de septiembre (LOFCA)",15,JURIDICO
ESPECIAL,27,Financiación de las comunidades autónomas de régimen común. Necesidades globales de financiación. Recursos adicionales que se integran en el sistema. Recursos financieros. Capacidad tributaria. Fondos de Convergencia Autonómica. Cesión de tributos del Estado a las Comunidades Autónomas. La política tributaria de la Generalitat. Tributos propios y cedidos. Recursos de la Comunitat Valenciana. Competencias normativas y delegación de competencias. Beneficios fiscales. Fondo de Compensación Interterritorial.,"Ley Orgánica 8/1980, de 22 de septiembre (LOFCA)",16,JURIDICO
ESPECIAL,27,Financiación de las comunidades autónomas de régimen común. Necesidades globales de financiación. Recursos adicionales que se integran en el sistema. Recursos financieros. Capacidad tributaria. Fondos de Convergencia Autonómica. Cesión de tributos del Estado a las Comunidades Autónomas. La política tributaria de la Generalitat. Tributos propios y cedidos. Recursos de la Comunitat Valenciana. Competencias normativas y delegación de competencias. Beneficios fiscales. Fondo de Compensación Interterritorial.,"Ley Orgánica 8/1980, de 22 de septiembre (LOFCA)",17,JURIDICO
ESPECIAL,27,Financiación de las comunidades autónomas de régimen común. Necesidades globales de financiación. Recursos adicionales que se integran en el sistema. Recursos financieros. Capacidad tributaria. Fondos de Convergencia Autonómica. Cesión de tributos del Estado a las Comunidades Autónomas. La política tributaria de la Generalitat. Tributos propios y cedidos. Recursos de la Comunitat Valenciana. Competencias normativas y delegación de competencias. Beneficios fiscales. Fondo de Compensación Interterritorial.,"Ley Orgánica 8/1980, de 22 de septiembre (LOFCA)",18,JURIDICO
ESPECIAL,27,Financiación de las comunidades autónomas de régimen común. Necesidades globales de financiación. Recursos adicionales que se integran en el sistema. Recursos financieros. Capacidad tributaria. Fondos de Convergencia Autonómica. Cesión de tributos del Estado a las Comunidades Autónomas. La política tributaria de la Generalitat. Tributos propios y cedidos. Recursos de la Comunitat Valenciana. Competencias normativas y delegación de competencias. Beneficios fiscales. Fondo de Compensación Interterritorial.,"Ley Orgánica 8/1980, de 22 de septiembre (LOFCA)",19,JURIDICO
ESPECIAL,27,Financiación de las comunidades autónomas de régimen común. Necesidades globales de financiación. Recursos adicionales que se integran en el sistema. Recursos financieros. Capacidad tributaria. Fondos de Convergencia Autonómica. Cesión de tributos del Estado a las Comunidades Autónomas. La política tributaria de la Generalitat. Tributos propios y cedidos. Recursos de la Comunitat Valenciana. Competencias normativas y delegación de competencias. Beneficios fiscales. Fondo de Compensación Interterritorial.,"Ley Orgánica 8/1980, de 22 de septiembre (LOFCA)",20,JURIDICO
ESPECIAL,27,Financiación de las comunidades autónomas de régimen común. Necesidades globales de financiación. Recursos adicionales que se integran en el sistema. Recursos financieros. Capacidad tributaria. Fondos de Convergencia Autonómica. Cesión de tributos del Estado a las Comunidades Autónomas. La política tributaria de la Generalitat. Tributos propios y cedidos. Recursos de la Comunitat Valenciana. Competencias normativas y delegación de competencias. Beneficios fiscales. Fondo de Compensación Interterritorial.,"Ley Orgánica 8/1980, de 22 de septiembre (LOFCA)",21,JURIDICO
ESPECIAL,28,"La Ley 1/2015, de 6 de febrero de la Generalitat, de hacienda pública, del sector público instrumental y de subvenciones","Ley 1/2015, de 6 de febrero",1,JURIDICO
ESPECIAL,28,"La Ley 1/2015, de 6 de febrero de la Generalitat, de hacienda pública, del sector público instrumental y de subvenciones","Ley 1/2015, de 6 de febrero",4,JURIDICO
ESPECIAL,28,"La Ley 1/2015, de 6 de febrero de la Generalitat, de hacienda pública, del sector público instrumental y de subvenciones","Ley 1/2015, de 6 de febrero",5,JURIDICO
ESPECIAL,28,"La Ley 1/2015, de 6 de febrero de la Generalitat, de hacienda pública, del sector público instrumental y de subvenciones","Ley 1/2015, de 6 de febrero",6,JURIDICO
ESPECIAL,28,"La Ley 1/2015, de 6 de febrero de la Generalitat, de hacienda pública, del sector público instrumental y de subvenciones","Ley 1/2015, de 6 de febrero",7,JURIDICO
ESPECIAL,28,"La Ley 1/2015, de 6 de febrero de la Generalitat, de hacienda pública, del sector público instrumental y de subvenciones","Ley 1/2015, de 6 de febrero",8,JURIDICO
ESPECIAL,28,"La Ley 1/2015, de 6 de febrero de la Generalitat, de hacienda pública, del sector público instrumental y de subvenciones","Ley 1/2015, de 6 de febrero",9,JURIDICO
ESPECIAL,28,"La Ley 1/2015, de 6 de febrero de la Generalitat, de hacienda pública, del sector público instrumental y de subvenciones","Ley 1/2015, de 6 de febrero",10,JURIDICO
ESPECIAL,28,"La Ley 1/2015, de 6 de febrero de la Generalitat, de hacienda pública, del sector público instrumental y de subvenciones","Ley 1/2015, de 6 de febrero",11,JURIDICO
ESPECIAL,28,"La Ley 1/2015, de 6 de febrero de la Generalitat, de hacienda pública, del sector público instrumental y de subvenciones","Ley 1/2015, de 6 de febrero",12,JURIDICO
ESPECIAL,28,"La Ley 1/2015, de 6 de febrero de la Generalitat, de hacienda pública, del sector público instrumental y de subvenciones","Ley 1/2015, de 6 de febrero",13,JURIDICO
ESPECIAL,28,"La Ley 1/2015, de 6 de febrero de la Generalitat, de hacienda pública, del sector público instrumental y de subvenciones","Ley 1/2015, de 6 de febrero",14,JURIDICO
ESPECIAL,28,"La Ley 1/2015, de 6 de febrero de la Generalitat, de hacienda pública, del sector público instrumental y de subvenciones","Ley 1/2015, de 6 de febrero",15,JURIDICO
ESPECIAL,28,"La Ley 1/2015, de 6 de febrero de la Generalitat, de hacienda pública, del sector público instrumental y de subvenciones","Ley 1/2015, de 6 de febrero",16,JURIDICO
ESPECIAL,28,"La Ley 1/2015, de 6 de febrero de la Generalitat, de hacienda pública, del sector público instrumental y de subvenciones","Ley 1/2015, de 6 de febrero",17,JURIDICO
ESPECIAL,28,"La Ley 1/2015, de 6 de febrero de la Generalitat, de hacienda pública, del sector público instrumental y de subvenciones","Ley 1/2015, de 6 de febrero",18,JURIDICO
ESPECIAL,28,"La Ley 1/2015, de 6 de febrero de la Generalitat, de hacienda pública, del sector público instrumental y de subvenciones","Ley 1/2015, de 6 de febrero",19,JURIDICO
ESPECIAL,28,"La Ley 1/2015, de 6 de febrero de la Generalitat, de hacienda pública, del sector público instrumental y de subvenciones","Ley 1/2015, de 6 de febrero",20,JURIDICO
ESPECIAL,28,"La Ley 1/2015, de 6 de febrero de la Generalitat, de hacienda pública, del sector público instrumental y de subvenciones","Ley 1/2015, de 6 de febrero",21,JURIDICO
ESPECIAL,28,"La Ley 1/2015, de 6 de febrero de la Generalitat, de hacienda pública, del sector público instrumental y de subvenciones","Ley 1/2015, de 6 de febrero",22,JURIDICO
ESPECIAL,28,"La Ley 1/2015, de 6 de febrero de la Generalitat, de hacienda pública, del sector público instrumental y de subvenciones","Ley 1/2015, de 6 de febrero",23,JURIDICO
ESPECIAL,28,"La Ley 1/2015, de 6 de febrero de la Generalitat, de hacienda pública, del sector público instrumental y de subvenciones","Ley 1/2015, de 6 de febrero",24,JURIDICO
ESPECIAL,28,"La Ley 1/2015, de 6 de febrero de la Generalitat, de hacienda pública, del sector público instrumental y de subvenciones","Ley 1/2015, de 6 de febrero",25,JURIDICO
ESPECIAL,28,"La Ley 1/2015, de 6 de febrero de la Generalitat, de hacienda pública, del sector público instrumental y de subvenciones","Ley 1/2015, de 6 de febrero",26,JURIDICO
ESPECIAL,28,"La Ley 1/2015, de 6 de febrero de la Generalitat, de hacienda pública, del sector público instrumental y de subvenciones","Ley 1/2015, de 6 de febrero",27,JURIDICO
ESPECIAL,28,"La Ley 1/2015, de 6 de febrero de la Generalitat, de hacienda pública, del sector público instrumental y de subvenciones","Ley 1/2015, de 6 de febrero",28,JURIDICO
ESPECIAL,28,"La Ley 1/2015, de 6 de febrero de la Generalitat, de hacienda pública, del sector público instrumental y de subvenciones","Ley 1/2015, de 6 de febrero",29,JURIDICO
ESPECIAL,28,"La Ley 1/2015, de 6 de febrero de la Generalitat, de hacienda pública, del sector público instrumental y de subvenciones","Ley 1/2015, de 6 de febrero",30,JURIDICO
ESPECIAL,28,"La Ley 1/2015, de 6 de febrero de la Generalitat, de hacienda pública, del sector público instrumental y de subvenciones","Ley 1/2015, de 6 de febrero",152,JURIDICO
ESPECIAL,28,"La Ley 1/2015, de 6 de febrero de la Generalitat, de hacienda pública, del sector público instrumental y de subvenciones","Ley 1/2015, de 6 de febrero",153,JURIDICO
ESPECIAL,28,"La Ley 1/2015, de 6 de febrero de la Generalitat, de hacienda pública, del sector público instrumental y de subvenciones","Ley 1/2015, de 6 de febrero",154,JURIDICO
ESPECIAL,28,"La Ley 1/2015, de 6 de febrero de la Generalitat, de hacienda pública, del sector público instrumental y de subvenciones","Ley 1/2015, de 6 de febrero",155,JURIDICO
ESPECIAL,28,"La Ley 1/2015, de 6 de febrero de la Generalitat, de hacienda pública, del sector público instrumental y de subvenciones","Ley 1/2015, de 6 de febrero",156,JURIDICO
ESPECIAL,28,"La Ley 1/2015, de 6 de febrero de la Generalitat, de hacienda pública, del sector público instrumental y de subvenciones","Ley 1/2015, de 6 de febrero",157,JURIDICO
ESPECIAL,28,"La Ley 1/2015, de 6 de febrero de la Generalitat, de hacienda pública, del sector público instrumental y de subvenciones","Ley 1/2015, de 6 de febrero",158,JURIDICO
ESPECIAL,29,"El presupuesto de la Generalitat (I). Contenido y créditos iniciales, elaboración y estructura de los Presupuestos de la Generalitat. Presupuestos consolidados. Tramitación y aprobación. Prórroga. Ley de Presupuestos de la Generalitat vigente: normas generales de la gestión; otras normas de gestión.","Ley 1/2015, de 6 de febrero",31,JURIDICO
ESPECIAL,29,"El presupuesto de la Generalitat (I). Contenido y créditos iniciales, elaboración y estructura de los Presupuestos de la Generalitat. Presupuestos consolidados. Tramitación y aprobación. Prórroga. Ley de Presupuestos de la Generalitat vigente: normas generales de la gestión; otras normas de gestión.","Ley 1/2015, de 6 de febrero",32,JURIDICO
ESPECIAL,29,"El presupuesto de la Generalitat (I). Contenido y créditos iniciales, elaboración y estructura de los Presupuestos de la Generalitat. Presupuestos consolidados. Tramitación y aprobación. Prórroga. Ley de Presupuestos de la Generalitat vigente: normas generales de la gestión; otras normas de gestión.","Ley 1/2015, de 6 de febrero",33,JURIDICO
ESPECIAL,29,"El presupuesto de la Generalitat (I). Contenido y créditos iniciales, elaboración y estructura de los Presupuestos de la Generalitat. Presupuestos consolidados. Tramitación y aprobación. Prórroga. Ley de Presupuestos de la Generalitat vigente: normas generales de la gestión; otras normas de gestión.","Ley 1/2015, de 6 de febrero",34,JURIDICO
ESPECIAL,29,"El presupuesto de la Generalitat (I). Contenido y créditos iniciales, elaboración y estructura de los Presupuestos de la Generalitat. Presupuestos consolidados. Tramitación y aprobación. Prórroga. Ley de Presupuestos de la Generalitat vigente: normas generales de la gestión; otras normas de gestión.","Ley 1/2015, de 6 de febrero",35,JURIDICO
ESPECIAL,29,"El presupuesto de la Generalitat (I). Contenido y créditos iniciales, elaboración y estructura de los Presupuestos de la Generalitat. Presupuestos consolidados. Tramitación y aprobación. Prórroga. Ley de Presupuestos de la Generalitat vigente: normas generales de la gestión; otras normas de gestión.","Ley 1/2015, de 6 de febrero",36,JURIDICO
ESPECIAL,29,"El presupuesto de la Generalitat (I). Contenido y créditos iniciales, elaboración y estructura de los Presupuestos de la Generalitat. Presupuestos consolidados. Tramitación y aprobación. Prórroga. Ley de Presupuestos de la Generalitat vigente: normas generales de la gestión; otras normas de gestión.","Ley 1/2015, de 6 de febrero",37,JURIDICO
ESPECIAL,29,"El presupuesto de la Generalitat (I). Contenido y créditos iniciales, elaboración y estructura de los Presupuestos de la Generalitat. Presupuestos consolidados. Tramitación y aprobación. Prórroga. Ley de Presupuestos de la Generalitat vigente: normas generales de la gestión; otras normas de gestión.","Ley 1/2015, de 6 de febrero",38,JURIDICO
ESPECIAL,29,"El presupuesto de la Generalitat (I). Contenido y créditos iniciales, elaboración y estructura de los Presupuestos de la Generalitat. Presupuestos consolidados. Tramitación y aprobación. Prórroga. Ley de Presupuestos de la Generalitat vigente: normas generales de la gestión; otras normas de gestión.","Ley 1/2015, de 6 de febrero",39,JURIDICO
ESPECIAL,29,"El presupuesto de la Generalitat (I). Contenido y créditos iniciales, elaboración y estructura de los Presupuestos de la Generalitat. Presupuestos consolidados. Tramitación y aprobación. Prórroga. Ley de Presupuestos de la Generalitat vigente: normas generales de la gestión; otras normas de gestión.","Ley 1/2015, de 6 de febrero",40,JURIDICO
ESPECIAL,29,"El presupuesto de la Generalitat (I). Contenido y créditos iniciales, elaboración y estructura de los Presupuestos de la Generalitat. Presupuestos consolidados. Tramitación y aprobación. Prórroga. Ley de Presupuestos de la Generalitat vigente: normas generales de la gestión; otras normas de gestión.","Ley 1/2015, de 6 de febrero",41,JURIDICO
ESPECIAL,29,"El presupuesto de la Generalitat (I). Contenido y créditos iniciales, elaboración y estructura de los Presupuestos de la Generalitat. Presupuestos consolidados. Tramitación y aprobación. Prórroga. Ley de Presupuestos de la Generalitat vigente: normas generales de la gestión; otras normas de gestión.","Ley 1/2015, de 6 de febrero",42,JURIDICO
ESPECIAL,29,"El presupuesto de la Generalitat (I). Contenido y créditos iniciales, elaboración y estructura de los Presupuestos de la Generalitat. Presupuestos consolidados. Tramitación y aprobación. Prórroga. Ley de Presupuestos de la Generalitat vigente: normas generales de la gestión; otras normas de gestión.","Ley 1/2015, de 6 de febrero",43,JURIDICO
ESPECIAL,29,"El presupuesto de la Generalitat (I). Contenido y créditos iniciales, elaboración y estructura de los Presupuestos de la Generalitat. Presupuestos consolidados. Tramitación y aprobación. Prórroga. Ley de Presupuestos de la Generalitat vigente: normas generales de la gestión; otras normas de gestión.",Ley de Presupuestos de la Generalitat,1,JURIDICO
ESPECIAL,29,"El presupuesto de la Generalitat (I). Contenido y créditos iniciales, elaboración y estructura de los Presupuestos de la Generalitat. Presupuestos consolidados. Tramitación y aprobación. Prórroga. Ley de Presupuestos de la Generalitat vigente: normas generales de la gestión; otras normas de gestión.",Ley de Presupuestos de la Generalitat,2,JURIDICO
ESPECIAL,29,"El presupuesto de la Generalitat (I). Contenido y créditos iniciales, elaboración y estructura de los Presupuestos de la Generalitat. Presupuestos consolidados. Tramitación y aprobación. Prórroga. Ley de Presupuestos de la Generalitat vigente: normas generales de la gestión; otras normas de gestión.",Ley de Presupuestos de la Generalitat,3,JURIDICO
ESPECIAL,29,"El presupuesto de la Generalitat (I). Contenido y créditos iniciales, elaboración y estructura de los Presupuestos de la Generalitat. Presupuestos consolidados. Tramitación y aprobación. Prórroga. Ley de Presupuestos de la Generalitat vigente: normas generales de la gestión; otras normas de gestión.",Ley de Presupuestos de la Generalitat,4,JURIDICO
ESPECIAL,29,"El presupuesto de la Generalitat (I). Contenido y créditos iniciales, elaboración y estructura de los Presupuestos de la Generalitat. Presupuestos consolidados. Tramitación y aprobación. Prórroga. Ley de Presupuestos de la Generalitat vigente: normas generales de la gestión; otras normas de gestión.",Ley de Presupuestos de la Generalitat,5,JURIDICO
ESPECIAL,29,"El presupuesto de la Generalitat (I). Contenido y créditos iniciales, elaboración y estructura de los Presupuestos de la Generalitat. Presupuestos consolidados. Tramitación y aprobación. Prórroga. Ley de Presupuestos de la Generalitat vigente: normas generales de la gestión; otras normas de gestión.",Ley de Presupuestos de la Generalitat,6,JURIDICO
ESPECIAL,29,"El presupuesto de la Generalitat (I). Contenido y créditos iniciales, elaboración y estructura de los Presupuestos de la Generalitat. Presupuestos consolidados. Tramitación y aprobación. Prórroga. Ley de Presupuestos de la Generalitat vigente: normas generales de la gestión; otras normas de gestión.",Ley de Presupuestos de la Generalitat,7,JURIDICO
ESPECIAL,29,"El presupuesto de la Generalitat (I). Contenido y créditos iniciales, elaboración y estructura de los Presupuestos de la Generalitat. Presupuestos consolidados. Tramitación y aprobación. Prórroga. Ley de Presupuestos de la Generalitat vigente: normas generales de la gestión; otras normas de gestión.",Ley de Presupuestos de la Generalitat,8,JURIDICO
ESPECIAL,29,"El presupuesto de la Generalitat (I). Contenido y créditos iniciales, elaboración y estructura de los Presupuestos de la Generalitat. Presupuestos consolidados. Tramitación y aprobación. Prórroga. Ley de Presupuestos de la Generalitat vigente: normas generales de la gestión; otras normas de gestión.",Ley de Presupuestos de la Generalitat,9,JURIDICO
ESPECIAL,29,"El presupuesto de la Generalitat (I). Contenido y créditos iniciales, elaboración y estructura de los Presupuestos de la Generalitat. Presupuestos consolidados. Tramitación y aprobación. Prórroga. Ley de Presupuestos de la Generalitat vigente: normas generales de la gestión; otras normas de gestión.",Ley de Presupuestos de la Generalitat,10,JURIDICO
ESPECIAL,29,"El presupuesto de la Generalitat (I). Contenido y créditos iniciales, elaboración y estructura de los Presupuestos de la Generalitat. Presupuestos consolidados. Tramitación y aprobación. Prórroga. Ley de Presupuestos de la Generalitat vigente: normas generales de la gestión; otras normas de gestión.",Ley de Presupuestos de la Generalitat,11,JURIDICO
ESPECIAL,29,"El presupuesto de la Generalitat (I). Contenido y créditos iniciales, elaboración y estructura de los Presupuestos de la Generalitat. Presupuestos consolidados. Tramitación y aprobación. Prórroga. Ley de Presupuestos de la Generalitat vigente: normas generales de la gestión; otras normas de gestión.",Ley de Presupuestos de la Generalitat,12,JURIDICO
ESPECIAL,29,"El presupuesto de la Generalitat (I). Contenido y créditos iniciales, elaboración y estructura de los Presupuestos de la Generalitat. Presupuestos consolidados. Tramitación y aprobación. Prórroga. Ley de Presupuestos de la Generalitat vigente: normas generales de la gestión; otras normas de gestión.",Ley de Presupuestos de la Generalitat,13,JURIDICO
ESPECIAL,29,"El presupuesto de la Generalitat (I). Contenido y créditos iniciales, elaboración y estructura de los Presupuestos de la Generalitat. Presupuestos consolidados. Tramitación y aprobación. Prórroga. Ley de Presupuestos de la Generalitat vigente: normas generales de la gestión; otras normas de gestión.",Ley de Presupuestos de la Generalitat,14,JURIDICO
ESPECIAL,29,"El presupuesto de la Generalitat (I). Contenido y créditos iniciales, elaboración y estructura de los Presupuestos de la Generalitat. Presupuestos consolidados. Tramitación y aprobación. Prórroga. Ley de Presupuestos de la Generalitat vigente: normas generales de la gestión; otras normas de gestión.",Ley de Presupuestos de la Generalitat,15,JURIDICO
ESPECIAL,29,"El presupuesto de la Generalitat (I). Contenido y créditos iniciales, elaboración y estructura de los Presupuestos de la Generalitat. Presupuestos consolidados. Tramitación y aprobación. Prórroga. Ley de Presupuestos de la Generalitat vigente: normas generales de la gestión; otras normas de gestión.",Ley de Presupuestos de la Generalitat,16,JURIDICO
ESPECIAL,29,"El presupuesto de la Generalitat (I). Contenido y créditos iniciales, elaboración y estructura de los Presupuestos de la Generalitat. Presupuestos consolidados. Tramitación y aprobación. Prórroga. Ley de Presupuestos de la Generalitat vigente: normas generales de la gestión; otras normas de gestión.",Ley de Presupuestos de la Generalitat,17,JURIDICO
ESPECIAL,29,"El presupuesto de la Generalitat (I). Contenido y créditos iniciales, elaboración y estructura de los Presupuestos de la Generalitat. Presupuestos consolidados. Tramitación y aprobación. Prórroga. Ley de Presupuestos de la Generalitat vigente: normas generales de la gestión; otras normas de gestión.",Ley de Presupuestos de la Generalitat,18,JURIDICO
ESPECIAL,29,"El presupuesto de la Generalitat (I). Contenido y créditos iniciales, elaboración y estructura de los Presupuestos de la Generalitat. Presupuestos consolidados. Tramitación y aprobación. Prórroga. Ley de Presupuestos de la Generalitat vigente: normas generales de la gestión; otras normas de gestión.",Ley de Presupuestos de la Generalitat,19,JURIDICO
ESPECIAL,29,"El presupuesto de la Generalitat (I). Contenido y créditos iniciales, elaboración y estructura de los Presupuestos de la Generalitat. Presupuestos consolidados. Tramitación y aprobación. Prórroga. Ley de Presupuestos de la Generalitat vigente: normas generales de la gestión; otras normas de gestión.",Ley de Presupuestos de la Generalitat,20,JURIDICO
ESPECIAL,29,"El presupuesto de la Generalitat (I). Contenido y créditos iniciales, elaboración y estructura de los Presupuestos de la Generalitat. Presupuestos consolidados. Tramitación y aprobación. Prórroga. Ley de Presupuestos de la Generalitat vigente: normas generales de la gestión; otras normas de gestión.",Ley de Presupuestos de la Generalitat,21,JURIDICO
ESPECIAL,29,"El presupuesto de la Generalitat (I). Contenido y créditos iniciales, elaboración y estructura de los Presupuestos de la Generalitat. Presupuestos consolidados. Tramitación y aprobación. Prórroga. Ley de Presupuestos de la Generalitat vigente: normas generales de la gestión; otras normas de gestión.",Ley de Presupuestos de la Generalitat,22,JURIDICO
ESPECIAL,29,"El presupuesto de la Generalitat (I). Contenido y créditos iniciales, elaboración y estructura de los Presupuestos de la Generalitat. Presupuestos consolidados. Tramitación y aprobación. Prórroga. Ley de Presupuestos de la Generalitat vigente: normas generales de la gestión; otras normas de gestión.",Ley de Presupuestos de la Generalitat,23,JURIDICO
ESPECIAL,29,"El presupuesto de la Generalitat (I). Contenido y créditos iniciales, elaboración y estructura de los Presupuestos de la Generalitat. Presupuestos consolidados. Tramitación y aprobación. Prórroga. Ley de Presupuestos de la Generalitat vigente: normas generales de la gestión; otras normas de gestión.",Ley de Presupuestos de la Generalitat,24,JURIDICO
ESPECIAL,29,"El presupuesto de la Generalitat (I). Contenido y créditos iniciales, elaboración y estructura de los Presupuestos de la Generalitat. Presupuestos consolidados. Tramitación y aprobación. Prórroga. Ley de Presupuestos de la Generalitat vigente: normas generales de la gestión; otras normas de gestión.",Ley de Presupuestos de la Generalitat,25,JURIDICO
ESPECIAL,30,El presupuesto de la Generalitat (II). Procedimiento de gestión del presupuesto de la Generalitat. Gestión presupuestaria. Pagos a justificar. Anticipos de Caja Fija. Operaciones de ejecución.,"Ley 1/2015, de 6 de febrero",56,JURIDICO
ESPECIAL,30,El presupuesto de la Generalitat (II). Procedimiento de gestión del presupuesto de la Generalitat. Gestión presupuestaria. Pagos a justificar. Anticipos de Caja Fija. Operaciones de ejecución.,"Ley 1/2015, de 6 de febrero",57,JURIDICO
ESPECIAL,30,El presupuesto de la Generalitat (II). Procedimiento de gestión del presupuesto de la Generalitat. Gestión presupuestaria. Pagos a justificar. Anticipos de Caja Fija. Operaciones de ejecución.,"Ley 1/2015, de 6 de febrero",58,JURIDICO
ESPECIAL,30,El presupuesto de la Generalitat (II). Procedimiento de gestión del presupuesto de la Generalitat. Gestión presupuestaria. Pagos a justificar. Anticipos de Caja Fija. Operaciones de ejecución.,"Ley 1/2015, de 6 de febrero",59,JURIDICO
ESPECIAL,30,El presupuesto de la Generalitat (II). Procedimiento de gestión del presupuesto de la Generalitat. Gestión presupuestaria. Pagos a justificar. Anticipos de Caja Fija. Operaciones de ejecución.,"Ley 1/2015, de 6 de febrero",60,JURIDICO
ESPECIAL,30,El presupuesto de la Generalitat (II). Procedimiento de gestión del presupuesto de la Generalitat. Gestión presupuestaria. Pagos a justificar. Anticipos de Caja Fija. Operaciones de ejecución.,"Ley 1/2015, de 6 de febrero",61,JURIDICO
ESPECIAL,30,El presupuesto de la Generalitat (II). Procedimiento de gestión del presupuesto de la Generalitat. Gestión presupuestaria. Pagos a justificar. Anticipos de Caja Fija. Operaciones de ejecución.,"Ley 1/2015, de 6 de febrero",62,JURIDICO
ESPECIAL,30,El presupuesto de la Generalitat (II). Procedimiento de gestión del presupuesto de la Generalitat. Gestión presupuestaria. Pagos a justificar. Anticipos de Caja Fija. Operaciones de ejecución.,"Ley 1/2015, de 6 de febrero",63,JURIDICO
ESPECIAL,30,El presupuesto de la Generalitat (II). Procedimiento de gestión del presupuesto de la Generalitat. Gestión presupuestaria. Pagos a justificar. Anticipos de Caja Fija. Operaciones de ejecución.,"Ley 1/2015, de 6 de febrero",64,JURIDICO
ESPECIAL,30,El presupuesto de la Generalitat (II). Procedimiento de gestión del presupuesto de la Generalitat. Gestión presupuestaria. Pagos a justificar. Anticipos de Caja Fija. Operaciones de ejecución.,"Ley 1/2015, de 6 de febrero",65,JURIDICO
ESPECIAL,30,El presupuesto de la Generalitat (II). Procedimiento de gestión del presupuesto de la Generalitat. Gestión presupuestaria. Pagos a justificar. Anticipos de Caja Fija. Operaciones de ejecución.,"Ley 1/2015, de 6 de febrero",66,JURIDICO
ESPECIAL,31,El presupuesto de la Generalitat (III). Los créditos presupuestarios y sus modificaciones. Ley de Presupuestos de la Generalitat vigente: normas para la modificación de los presupuestos y competencias para su autorización. Carácter limitativo de los créditos. Procedimiento de gestión del presupuesto de la Generalitat. Su contabilización. Sector Público empresarial y fundacional.,"Ley 1/2015, de 6 de febrero",44,JURIDICO
ESPECIAL,31,El presupuesto de la Generalitat (III). Los créditos presupuestarios y sus modificaciones. Ley de Presupuestos de la Generalitat vigente: normas para la modificación de los presupuestos y competencias para su autorización. Carácter limitativo de los créditos. Procedimiento de gestión del presupuesto de la Generalitat. Su contabilización. Sector Público empresarial y fundacional.,"Ley 1/2015, de 6 de febrero",45,JURIDICO
ESPECIAL,31,El presupuesto de la Generalitat (III). Los créditos presupuestarios y sus modificaciones. Ley de Presupuestos de la Generalitat vigente: normas para la modificación de los presupuestos y competencias para su autorización. Carácter limitativo de los créditos. Procedimiento de gestión del presupuesto de la Generalitat. Su contabilización. Sector Público empresarial y fundacional.,"Ley 1/2015, de 6 de febrero",46,JURIDICO
ESPECIAL,31,El presupuesto de la Generalitat (III). Los créditos presupuestarios y sus modificaciones. Ley de Presupuestos de la Generalitat vigente: normas para la modificación de los presupuestos y competencias para su autorización. Carácter limitativo de los créditos. Procedimiento de gestión del presupuesto de la Generalitat. Su contabilización. Sector Público empresarial y fundacional.,"Ley 1/2015, de 6 de febrero",47,JURIDICO
ESPECIAL,31,El presupuesto de la Generalitat (III). Los créditos presupuestarios y sus modificaciones. Ley de Presupuestos de la Generalitat vigente: normas para la modificación de los presupuestos y competencias para su autorización. Carácter limitativo de los créditos. Procedimiento de gestión del presupuesto de la Generalitat. Su contabilización. Sector Público empresarial y fundacional.,"Ley 1/2015, de 6 de febrero",48,JURIDICO
ESPECIAL,31,El presupuesto de la Generalitat (III). Los créditos presupuestarios y sus modificaciones. Ley de Presupuestos de la Generalitat vigente: normas para la modificación de los presupuestos y competencias para su autorización. Carácter limitativo de los créditos. Procedimiento de gestión del presupuesto de la Generalitat. Su contabilización. Sector Público empresarial y fundacional.,"Ley 1/2015, de 6 de febrero",49,JURIDICO
ESPECIAL,31,El presupuesto de la Generalitat (III). Los créditos presupuestarios y sus modificaciones. Ley de Presupuestos de la Generalitat vigente: normas para la modificación de los presupuestos y competencias para su autorización. Carácter limitativo de los créditos. Procedimiento de gestión del presupuesto de la Generalitat. Su contabilización. Sector Público empresarial y fundacional.,"Ley 1/2015, de 6 de febrero",50,JURIDICO
ESPECIAL,31,El presupuesto de la Generalitat (III). Los créditos presupuestarios y sus modificaciones. Ley de Presupuestos de la Generalitat vigente: normas para la modificación de los presupuestos y competencias para su autorización. Carácter limitativo de los créditos. Procedimiento de gestión del presupuesto de la Generalitat. Su contabilización. Sector Público empresarial y fundacional.,"Ley 1/2015, de 6 de febrero",51,JURIDICO
ESPECIAL,31,El presupuesto de la Generalitat (III). Los créditos presupuestarios y sus modificaciones. Ley de Presupuestos de la Generalitat vigente: normas para la modificación de los presupuestos y competencias para su autorización. Carácter limitativo de los créditos. Procedimiento de gestión del presupuesto de la Generalitat. Su contabilización. Sector Público empresarial y fundacional.,"Ley 1/2015, de 6 de febrero",52,JURIDICO
ESPECIAL,31,El presupuesto de la Generalitat (III). Los créditos presupuestarios y sus modificaciones. Ley de Presupuestos de la Generalitat vigente: normas para la modificación de los presupuestos y competencias para su autorización. Carácter limitativo de los créditos. Procedimiento de gestión del presupuesto de la Generalitat. Su contabilización. Sector Público empresarial y fundacional.,"Ley 1/2015, de 6 de febrero",53,JURIDICO
ESPECIAL,31,El presupuesto de la Generalitat (III). Los créditos presupuestarios y sus modificaciones. Ley de Presupuestos de la Generalitat vigente: normas para la modificación de los presupuestos y competencias para su autorización. Carácter limitativo de los créditos. Procedimiento de gestión del presupuesto de la Generalitat. Su contabilización. Sector Público empresarial y fundacional.,"Ley 1/2015, de 6 de febrero",54,JURIDICO
ESPECIAL,31,El presupuesto de la Generalitat (III). Los créditos presupuestarios y sus modificaciones. Ley de Presupuestos de la Generalitat vigente: normas para la modificación de los presupuestos y competencias para su autorización. Carácter limitativo de los créditos. Procedimiento de gestión del presupuesto de la Generalitat. Su contabilización. Sector Público empresarial y fundacional.,"Ley 1/2015, de 6 de febrero",55,JURIDICO
ESPECIAL,31,El presupuesto de la Generalitat (III). Los créditos presupuestarios y sus modificaciones. Ley de Presupuestos de la Generalitat vigente: normas para la modificación de los presupuestos y competencias para su autorización. Carácter limitativo de los créditos. Procedimiento de gestión del presupuesto de la Generalitat. Su contabilización. Sector Público empresarial y fundacional.,"Ley 1/2015, de 6 de febrero",67,JURIDICO
ESPECIAL,31,El presupuesto de la Generalitat (III). Los créditos presupuestarios y sus modificaciones. Ley de Presupuestos de la Generalitat vigente: normas para la modificación de los presupuestos y competencias para su autorización. Carácter limitativo de los créditos. Procedimiento de gestión del presupuesto de la Generalitat. Su contabilización. Sector Público empresarial y fundacional.,"Ley 1/2015, de 6 de febrero",68,JURIDICO
ESPECIAL,31,El presupuesto de la Generalitat (III). Los créditos presupuestarios y sus modificaciones. Ley de Presupuestos de la Generalitat vigente: normas para la modificación de los presupuestos y competencias para su autorización. Carácter limitativo de los créditos. Procedimiento de gestión del presupuesto de la Generalitat. Su contabilización. Sector Público empresarial y fundacional.,"Ley 1/2015, de 6 de febrero",69,JURIDICO
ESPECIAL,31,El presupuesto de la Generalitat (III). Los créditos presupuestarios y sus modificaciones. Ley de Presupuestos de la Generalitat vigente: normas para la modificación de los presupuestos y competencias para su autorización. Carácter limitativo de los créditos. Procedimiento de gestión del presupuesto de la Generalitat. Su contabilización. Sector Público empresarial y fundacional.,"Ley 1/2015, de 6 de febrero",70,JURIDICO
ESPECIAL,31,El presupuesto de la Generalitat (III). Los créditos presupuestarios y sus modificaciones. Ley de Presupuestos de la Generalitat vigente: normas para la modificación de los presupuestos y competencias para su autorización. Carácter limitativo de los créditos. Procedimiento de gestión del presupuesto de la Generalitat. Su contabilización. Sector Público empresarial y fundacional.,"Ley 1/2015, de 6 de febrero",71,JURIDICO
ESPECIAL,31,El presupuesto de la Generalitat (III). Los créditos presupuestarios y sus modificaciones. Ley de Presupuestos de la Generalitat vigente: normas para la modificación de los presupuestos y competencias para su autorización. Carácter limitativo de los créditos. Procedimiento de gestión del presupuesto de la Generalitat. Su contabilización. Sector Público empresarial y fundacional.,"Ley 1/2015, de 6 de febrero",72,JURIDICO
ESPECIAL,31,El presupuesto de la Generalitat (III). Los créditos presupuestarios y sus modificaciones. Ley de Presupuestos de la Generalitat vigente: normas para la modificación de los presupuestos y competencias para su autorización. Carácter limitativo de los créditos. Procedimiento de gestión del presupuesto de la Generalitat. Su contabilización. Sector Público empresarial y fundacional.,"Ley 1/2015, de 6 de febrero",73,JURIDICO
ESPECIAL,31,El presupuesto de la Generalitat (III). Los créditos presupuestarios y sus modificaciones. Ley de Presupuestos de la Generalitat vigente: normas para la modificación de los presupuestos y competencias para su autorización. Carácter limitativo de los créditos. Procedimiento de gestión del presupuesto de la Generalitat. Su contabilización. Sector Público empresarial y fundacional.,"Ley 1/2015, de 6 de febrero",74,JURIDICO
ESPECIAL,31,El presupuesto de la Generalitat (III). Los créditos presupuestarios y sus modificaciones. Ley de Presupuestos de la Generalitat vigente: normas para la modificación de los presupuestos y competencias para su autorización. Carácter limitativo de los créditos. Procedimiento de gestión del presupuesto de la Generalitat. Su contabilización. Sector Público empresarial y fundacional.,"Ley 1/2015, de 6 de febrero",75,JURIDICO
ESPECIAL,31,El presupuesto de la Generalitat (III). Los créditos presupuestarios y sus modificaciones. Ley de Presupuestos de la Generalitat vigente: normas para la modificación de los presupuestos y competencias para su autorización. Carácter limitativo de los créditos. Procedimiento de gestión del presupuesto de la Generalitat. Su contabilización. Sector Público empresarial y fundacional.,"Ley 1/2015, de 6 de febrero",76,JURIDICO
ESPECIAL,31,El presupuesto de la Generalitat (III). Los créditos presupuestarios y sus modificaciones. Ley de Presupuestos de la Generalitat vigente: normas para la modificación de los presupuestos y competencias para su autorización. Carácter limitativo de los créditos. Procedimiento de gestión del presupuesto de la Generalitat. Su contabilización. Sector Público empresarial y fundacional.,"Ley 1/2015, de 6 de febrero",77,JURIDICO
ESPECIAL,31,El presupuesto de la Generalitat (III). Los créditos presupuestarios y sus modificaciones. Ley de Presupuestos de la Generalitat vigente: normas para la modificación de los presupuestos y competencias para su autorización. Carácter limitativo de los créditos. Procedimiento de gestión del presupuesto de la Generalitat. Su contabilización. Sector Público empresarial y fundacional.,"Ley 1/2015, de 6 de febrero",78,JURIDICO
ESPECIAL,31,El presupuesto de la Generalitat (III). Los créditos presupuestarios y sus modificaciones. Ley de Presupuestos de la Generalitat vigente: normas para la modificación de los presupuestos y competencias para su autorización. Carácter limitativo de los créditos. Procedimiento de gestión del presupuesto de la Generalitat. Su contabilización. Sector Público empresarial y fundacional.,"Ley 1/2015, de 6 de febrero",121,JURIDICO
ESPECIAL,31,El presupuesto de la Generalitat (III). Los créditos presupuestarios y sus modificaciones. Ley de Presupuestos de la Generalitat vigente: normas para la modificación de los presupuestos y competencias para su autorización. Carácter limitativo de los créditos. Procedimiento de gestión del presupuesto de la Generalitat. Su contabilización. Sector Público empresarial y fundacional.,"Ley 1/2015, de 6 de febrero",122,JURIDICO
ESPECIAL,31,El presupuesto de la Generalitat (III). Los créditos presupuestarios y sus modificaciones. Ley de Presupuestos de la Generalitat vigente: normas para la modificación de los presupuestos y competencias para su autorización. Carácter limitativo de los créditos. Procedimiento de gestión del presupuesto de la Generalitat. Su contabilización. Sector Público empresarial y fundacional.,"Ley 1/2015, de 6 de febrero",123,JURIDICO
ESPECIAL,31,El presupuesto de la Generalitat (III). Los créditos presupuestarios y sus modificaciones. Ley de Presupuestos de la Generalitat vigente: normas para la modificación de los presupuestos y competencias para su autorización. Carácter limitativo de los créditos. Procedimiento de gestión del presupuesto de la Generalitat. Su contabilización. Sector Público empresarial y fundacional.,"Ley 1/2015, de 6 de febrero",124,JURIDICO
ESPECIAL,31,El presupuesto de la Generalitat (III). Los créditos presupuestarios y sus modificaciones. Ley de Presupuestos de la Generalitat vigente: normas para la modificación de los presupuestos y competencias para su autorización. Carácter limitativo de los créditos. Procedimiento de gestión del presupuesto de la Generalitat. Su contabilización. Sector Público empresarial y fundacional.,"Ley 1/2015, de 6 de febrero",129,JURIDICO
ESPECIAL,31,El presupuesto de la Generalitat (III). Los créditos presupuestarios y sus modificaciones. Ley de Presupuestos de la Generalitat vigente: normas para la modificación de los presupuestos y competencias para su autorización. Carácter limitativo de los créditos. Procedimiento de gestión del presupuesto de la Generalitat. Su contabilización. Sector Público empresarial y fundacional.,"Ley 1/2015, de 6 de febrero",150,JURIDICO
ESPECIAL,31,El presupuesto de la Generalitat (III). Los créditos presupuestarios y sus modificaciones. Ley de Presupuestos de la Generalitat vigente: normas para la modificación de los presupuestos y competencias para su autorización. Carácter limitativo de los créditos. Procedimiento de gestión del presupuesto de la Generalitat. Su contabilización. Sector Público empresarial y fundacional.,"Ley 1/2015, de 6 de febrero",151,JURIDICO
ESPECIAL,31,El presupuesto de la Generalitat (III). Los créditos presupuestarios y sus modificaciones. Ley de Presupuestos de la Generalitat vigente: normas para la modificación de los presupuestos y competencias para su autorización. Carácter limitativo de los créditos. Procedimiento de gestión del presupuesto de la Generalitat. Su contabilización. Sector Público empresarial y fundacional.,"Ley 1/2015, de 6 de febrero",160,JURIDICO
ESPECIAL,31,El presupuesto de la Generalitat (III). Los créditos presupuestarios y sus modificaciones. Ley de Presupuestos de la Generalitat vigente: normas para la modificación de los presupuestos y competencias para su autorización. Carácter limitativo de los créditos. Procedimiento de gestión del presupuesto de la Generalitat. Su contabilización. Sector Público empresarial y fundacional.,"Ley 1/2015, de 6 de febrero",161,JURIDICO
ESPECIAL,31,El presupuesto de la Generalitat (III). Los créditos presupuestarios y sus modificaciones. Ley de Presupuestos de la Generalitat vigente: normas para la modificación de los presupuestos y competencias para su autorización. Carácter limitativo de los créditos. Procedimiento de gestión del presupuesto de la Generalitat. Su contabilización. Sector Público empresarial y fundacional.,"Ley 1/2015, de 6 de febrero",162,JURIDICO
ESPECIAL,31,El presupuesto de la Generalitat (III). Los créditos presupuestarios y sus modificaciones. Ley de Presupuestos de la Generalitat vigente: normas para la modificación de los presupuestos y competencias para su autorización. Carácter limitativo de los créditos. Procedimiento de gestión del presupuesto de la Generalitat. Su contabilización. Sector Público empresarial y fundacional.,"Ley 1/2015, de 6 de febrero",163,JURIDICO
ESPECIAL,31,El presupuesto de la Generalitat (III). Los créditos presupuestarios y sus modificaciones. Ley de Presupuestos de la Generalitat vigente: normas para la modificación de los presupuestos y competencias para su autorización. Carácter limitativo de los créditos. Procedimiento de gestión del presupuesto de la Generalitat. Su contabilización. Sector Público empresarial y fundacional.,"Ley 1/2015, de 6 de febrero",164,JURIDICO
ESPECIAL,31,El presupuesto de la Generalitat (III). Los créditos presupuestarios y sus modificaciones. Ley de Presupuestos de la Generalitat vigente: normas para la modificación de los presupuestos y competencias para su autorización. Carácter limitativo de los créditos. Procedimiento de gestión del presupuesto de la Generalitat. Su contabilización. Sector Público empresarial y fundacional.,"Ley 1/2015, de 6 de febrero",165,JURIDICO
ESPECIAL,31,El presupuesto de la Generalitat (III). Los créditos presupuestarios y sus modificaciones. Ley de Presupuestos de la Generalitat vigente: normas para la modificación de los presupuestos y competencias para su autorización. Carácter limitativo de los créditos. Procedimiento de gestión del presupuesto de la Generalitat. Su contabilización. Sector Público empresarial y fundacional.,"Ley 1/2015, de 6 de febrero",166,JURIDICO
ESPECIAL,31,El presupuesto de la Generalitat (III). Los créditos presupuestarios y sus modificaciones. Ley de Presupuestos de la Generalitat vigente: normas para la modificación de los presupuestos y competencias para su autorización. Carácter limitativo de los créditos. Procedimiento de gestión del presupuesto de la Generalitat. Su contabilización. Sector Público empresarial y fundacional.,"Ley 1/2015, de 6 de febrero",167,JURIDICO
ESPECIAL,31,El presupuesto de la Generalitat (III). Los créditos presupuestarios y sus modificaciones. Ley de Presupuestos de la Generalitat vigente: normas para la modificación de los presupuestos y competencias para su autorización. Carácter limitativo de los créditos. Procedimiento de gestión del presupuesto de la Generalitat. Su contabilización. Sector Público empresarial y fundacional.,"Ley 1/2015, de 6 de febrero",168,JURIDICO
ESPECIAL,31,El presupuesto de la Generalitat (III). Los créditos presupuestarios y sus modificaciones. Ley de Presupuestos de la Generalitat vigente: normas para la modificación de los presupuestos y competencias para su autorización. Carácter limitativo de los créditos. Procedimiento de gestión del presupuesto de la Generalitat. Su contabilización. Sector Público empresarial y fundacional.,"Ley 1/2015, de 6 de febrero",169,JURIDICO
ESPECIAL,32,"El control interno de la gestión económico-financiera de la Generalitat efectuado por la Intervención General de la Generalitat: ámbito y objetivos, principios de actuación y prerrogativas, deberes y facultades del personal controlador, deber de colaboración y asistencia jurídica; planes anuales y elevación al Consell de informes generales. La función interventora. El control financiero. La auditoría pública. La supervisión continua. El control externo. El control del Tribunal de Cuentas: su función fiscalizadora, el enjuiciamiento contable y su relación con la Sindicatura de Cuentas.","Ley 1/2015, de 6 de febrero",93,JURIDICO
ESPECIAL,32,"El control interno de la gestión económico-financiera de la Generalitat efectuado por la Intervención General de la Generalitat: ámbito y objetivos, principios de actuación y prerrogativas, deberes y facultades del personal controlador, deber de colaboración y asistencia jurídica; planes anuales y elevación al Consell de informes generales. La función interventora. El control financiero. La auditoría pública. La supervisión continua. El control externo. El control del Tribunal de Cuentas: su función fiscalizadora, el enjuiciamiento contable y su relación con la Sindicatura de Cuentas.","Ley 1/2015, de 6 de febrero",94,JURIDICO
ESPECIAL,32,"El control interno de la gestión económico-financiera de la Generalitat efectuado por la Intervención General de la Generalitat: ámbito y objetivos, principios de actuación y prerrogativas, deberes y facultades del personal controlador, deber de colaboración y asistencia jurídica; planes anuales y elevación al Consell de informes generales. La función interventora. El control financiero. La auditoría pública. La supervisión continua. El control externo. El control del Tribunal de Cuentas: su función fiscalizadora, el enjuiciamiento contable y su relación con la Sindicatura de Cuentas.","Ley 1/2015, de 6 de febrero",95,JURIDICO
ESPECIAL,32,"El control interno de la gestión económico-financiera de la Generalitat efectuado por la Intervención General de la Generalitat: ámbito y objetivos, principios de actuación y prerrogativas, deberes y facultades del personal controlador, deber de colaboración y asistencia jurídica; planes anuales y elevación al Consell de informes generales. La función interventora. El control financiero. La auditoría pública. La supervisión continua. El control externo. El control del Tribunal de Cuentas: su función fiscalizadora, el enjuiciamiento contable y su relación con la Sindicatura de Cuentas.","Ley 1/2015, de 6 de febrero",96,JURIDICO
ESPECIAL,32,"El control interno de la gestión económico-financiera de la Generalitat efectuado por la Intervención General de la Generalitat: ámbito y objetivos, principios de actuación y prerrogativas, deberes y facultades del personal controlador, deber de colaboración y asistencia jurídica; planes anuales y elevación al Consell de informes generales. La función interventora. El control financiero. La auditoría pública. La supervisión continua. El control externo. El control del Tribunal de Cuentas: su función fiscalizadora, el enjuiciamiento contable y su relación con la Sindicatura de Cuentas.","Ley 1/2015, de 6 de febrero",97,JURIDICO
ESPECIAL,32,"El control interno de la gestión económico-financiera de la Generalitat efectuado por la Intervención General de la Generalitat: ámbito y objetivos, principios de actuación y prerrogativas, deberes y facultades del personal controlador, deber de colaboración y asistencia jurídica; planes anuales y elevación al Consell de informes generales. La función interventora. El control financiero. La auditoría pública. La supervisión continua. El control externo. El control del Tribunal de Cuentas: su función fiscalizadora, el enjuiciamiento contable y su relación con la Sindicatura de Cuentas.","Ley 1/2015, de 6 de febrero",98,JURIDICO
ESPECIAL,32,"El control interno de la gestión económico-financiera de la Generalitat efectuado por la Intervención General de la Generalitat: ámbito y objetivos, principios de actuación y prerrogativas, deberes y facultades del personal controlador, deber de colaboración y asistencia jurídica; planes anuales y elevación al Consell de informes generales. La función interventora. El control financiero. La auditoría pública. La supervisión continua. El control externo. El control del Tribunal de Cuentas: su función fiscalizadora, el enjuiciamiento contable y su relación con la Sindicatura de Cuentas.","Ley 1/2015, de 6 de febrero",99,JURIDICO
ESPECIAL,32,"El control interno de la gestión económico-financiera de la Generalitat efectuado por la Intervención General de la Generalitat: ámbito y objetivos, principios de actuación y prerrogativas, deberes y facultades del personal controlador, deber de colaboración y asistencia jurídica; planes anuales y elevación al Consell de informes generales. La función interventora. El control financiero. La auditoría pública. La supervisión continua. El control externo. El control del Tribunal de Cuentas: su función fiscalizadora, el enjuiciamiento contable y su relación con la Sindicatura de Cuentas.","Ley 1/2015, de 6 de febrero",100,JURIDICO
ESPECIAL,32,"El control interno de la gestión económico-financiera de la Generalitat efectuado por la Intervención General de la Generalitat: ámbito y objetivos, principios de actuación y prerrogativas, deberes y facultades del personal controlador, deber de colaboración y asistencia jurídica; planes anuales y elevación al Consell de informes generales. La función interventora. El control financiero. La auditoría pública. La supervisión continua. El control externo. El control del Tribunal de Cuentas: su función fiscalizadora, el enjuiciamiento contable y su relación con la Sindicatura de Cuentas.","Ley 1/2015, de 6 de febrero",101,JURIDICO
ESPECIAL,32,"El control interno de la gestión económico-financiera de la Generalitat efectuado por la Intervención General de la Generalitat: ámbito y objetivos, principios de actuación y prerrogativas, deberes y facultades del personal controlador, deber de colaboración y asistencia jurídica; planes anuales y elevación al Consell de informes generales. La función interventora. El control financiero. La auditoría pública. La supervisión continua. El control externo. El control del Tribunal de Cuentas: su función fiscalizadora, el enjuiciamiento contable y su relación con la Sindicatura de Cuentas.","Ley 1/2015, de 6 de febrero",102,JURIDICO
ESPECIAL,32,"El control interno de la gestión económico-financiera de la Generalitat efectuado por la Intervención General de la Generalitat: ámbito y objetivos, principios de actuación y prerrogativas, deberes y facultades del personal controlador, deber de colaboración y asistencia jurídica; planes anuales y elevación al Consell de informes generales. La función interventora. El control financiero. La auditoría pública. La supervisión continua. El control externo. El control del Tribunal de Cuentas: su función fiscalizadora, el enjuiciamiento contable y su relación con la Sindicatura de Cuentas.","Ley 1/2015, de 6 de febrero",103,JURIDICO
ESPECIAL,32,"El control interno de la gestión económico-financiera de la Generalitat efectuado por la Intervención General de la Generalitat: ámbito y objetivos, principios de actuación y prerrogativas, deberes y facultades del personal controlador, deber de colaboración y asistencia jurídica; planes anuales y elevación al Consell de informes generales. La función interventora. El control financiero. La auditoría pública. La supervisión continua. El control externo. El control del Tribunal de Cuentas: su función fiscalizadora, el enjuiciamiento contable y su relación con la Sindicatura de Cuentas.","Ley 1/2015, de 6 de febrero",104,JURIDICO
ESPECIAL,32,"El control interno de la gestión económico-financiera de la Generalitat efectuado por la Intervención General de la Generalitat: ámbito y objetivos, principios de actuación y prerrogativas, deberes y facultades del personal controlador, deber de colaboración y asistencia jurídica; planes anuales y elevación al Consell de informes generales. La función interventora. El control financiero. La auditoría pública. La supervisión continua. El control externo. El control del Tribunal de Cuentas: su función fiscalizadora, el enjuiciamiento contable y su relación con la Sindicatura de Cuentas.","Ley 1/2015, de 6 de febrero",105,JURIDICO
ESPECIAL,32,"El control interno de la gestión económico-financiera de la Generalitat efectuado por la Intervención General de la Generalitat: ámbito y objetivos, principios de actuación y prerrogativas, deberes y facultades del personal controlador, deber de colaboración y asistencia jurídica; planes anuales y elevación al Consell de informes generales. La función interventora. El control financiero. La auditoría pública. La supervisión continua. El control externo. El control del Tribunal de Cuentas: su función fiscalizadora, el enjuiciamiento contable y su relación con la Sindicatura de Cuentas.","Ley 1/2015, de 6 de febrero",106,JURIDICO
ESPECIAL,32,"El control interno de la gestión económico-financiera de la Generalitat efectuado por la Intervención General de la Generalitat: ámbito y objetivos, principios de actuación y prerrogativas, deberes y facultades del personal controlador, deber de colaboración y asistencia jurídica; planes anuales y elevación al Consell de informes generales. La función interventora. El control financiero. La auditoría pública. La supervisión continua. El control externo. El control del Tribunal de Cuentas: su función fiscalizadora, el enjuiciamiento contable y su relación con la Sindicatura de Cuentas.","Ley 1/2015, de 6 de febrero",107,JURIDICO
ESPECIAL,32,"El control interno de la gestión económico-financiera de la Generalitat efectuado por la Intervención General de la Generalitat: ámbito y objetivos, principios de actuación y prerrogativas, deberes y facultades del personal controlador, deber de colaboración y asistencia jurídica; planes anuales y elevación al Consell de informes generales. La función interventora. El control financiero. La auditoría pública. La supervisión continua. El control externo. El control del Tribunal de Cuentas: su función fiscalizadora, el enjuiciamiento contable y su relación con la Sindicatura de Cuentas.","Ley 1/2015, de 6 de febrero",108,JURIDICO
ESPECIAL,32,"El control interno de la gestión económico-financiera de la Generalitat efectuado por la Intervención General de la Generalitat: ámbito y objetivos, principios de actuación y prerrogativas, deberes y facultades del personal controlador, deber de colaboración y asistencia jurídica; planes anuales y elevación al Consell de informes generales. La función interventora. El control financiero. La auditoría pública. La supervisión continua. El control externo. El control del Tribunal de Cuentas: su función fiscalizadora, el enjuiciamiento contable y su relación con la Sindicatura de Cuentas.","Ley 1/2015, de 6 de febrero",109,JURIDICO
ESPECIAL,32,"El control interno de la gestión económico-financiera de la Generalitat efectuado por la Intervención General de la Generalitat: ámbito y objetivos, principios de actuación y prerrogativas, deberes y facultades del personal controlador, deber de colaboración y asistencia jurídica; planes anuales y elevación al Consell de informes generales. La función interventora. El control financiero. La auditoría pública. La supervisión continua. El control externo. El control del Tribunal de Cuentas: su función fiscalizadora, el enjuiciamiento contable y su relación con la Sindicatura de Cuentas.","Ley 1/2015, de 6 de febrero",110,JURIDICO
ESPECIAL,32,"El control interno de la gestión económico-financiera de la Generalitat efectuado por la Intervención General de la Generalitat: ámbito y objetivos, principios de actuación y prerrogativas, deberes y facultades del personal controlador, deber de colaboración y asistencia jurídica; planes anuales y elevación al Consell de informes generales. La función interventora. El control financiero. La auditoría pública. La supervisión continua. El control externo. El control del Tribunal de Cuentas: su función fiscalizadora, el enjuiciamiento contable y su relación con la Sindicatura de Cuentas.","Ley 1/2015, de 6 de febrero",111,JURIDICO
ESPECIAL,32,"El control interno de la gestión económico-financiera de la Generalitat efectuado por la Intervención General de la Generalitat: ámbito y objetivos, principios de actuación y prerrogativas, deberes y facultades del personal controlador, deber de colaboración y asistencia jurídica; planes anuales y elevación al Consell de informes generales. La función interventora. El control financiero. La auditoría pública. La supervisión continua. El control externo. El control del Tribunal de Cuentas: su función fiscalizadora, el enjuiciamiento contable y su relación con la Sindicatura de Cuentas.","Ley 1/2015, de 6 de febrero",112,JURIDICO
ESPECIAL,32,"El control interno de la gestión económico-financiera de la Generalitat efectuado por la Intervención General de la Generalitat: ámbito y objetivos, principios de actuación y prerrogativas, deberes y facultades del personal controlador, deber de colaboración y asistencia jurídica; planes anuales y elevación al Consell de informes generales. La función interventora. El control financiero. La auditoría pública. La supervisión continua. El control externo. El control del Tribunal de Cuentas: su función fiscalizadora, el enjuiciamiento contable y su relación con la Sindicatura de Cuentas.","Ley 1/2015, de 6 de febrero",113,JURIDICO
ESPECIAL,32,"El control interno de la gestión económico-financiera de la Generalitat efectuado por la Intervención General de la Generalitat: ámbito y objetivos, principios de actuación y prerrogativas, deberes y facultades del personal controlador, deber de colaboración y asistencia jurídica; planes anuales y elevación al Consell de informes generales. La función interventora. El control financiero. La auditoría pública. La supervisión continua. El control externo. El control del Tribunal de Cuentas: su función fiscalizadora, el enjuiciamiento contable y su relación con la Sindicatura de Cuentas.","Ley 1/2015, de 6 de febrero",114,JURIDICO
ESPECIAL,32,"El control interno de la gestión económico-financiera de la Generalitat efectuado por la Intervención General de la Generalitat: ámbito y objetivos, principios de actuación y prerrogativas, deberes y facultades del personal controlador, deber de colaboración y asistencia jurídica; planes anuales y elevación al Consell de informes generales. La función interventora. El control financiero. La auditoría pública. La supervisión continua. El control externo. El control del Tribunal de Cuentas: su función fiscalizadora, el enjuiciamiento contable y su relación con la Sindicatura de Cuentas.","Ley 1/2015, de 6 de febrero",115,JURIDICO
ESPECIAL,32,"El control interno de la gestión económico-financiera de la Generalitat efectuado por la Intervención General de la Generalitat: ámbito y objetivos, principios de actuación y prerrogativas, deberes y facultades del personal controlador, deber de colaboración y asistencia jurídica; planes anuales y elevación al Consell de informes generales. La función interventora. El control financiero. La auditoría pública. La supervisión continua. El control externo. El control del Tribunal de Cuentas: su función fiscalizadora, el enjuiciamiento contable y su relación con la Sindicatura de Cuentas.","Ley 1/2015, de 6 de febrero",116,JURIDICO
ESPECIAL,32,"El control interno de la gestión económico-financiera de la Generalitat efectuado por la Intervención General de la Generalitat: ámbito y objetivos, principios de actuación y prerrogativas, deberes y facultades del personal controlador, deber de colaboración y asistencia jurídica; planes anuales y elevación al Consell de informes generales. La función interventora. El control financiero. La auditoría pública. La supervisión continua. El control externo. El control del Tribunal de Cuentas: su función fiscalizadora, el enjuiciamiento contable y su relación con la Sindicatura de Cuentas.","Ley 1/2015, de 6 de febrero",117,JURIDICO
ESPECIAL,32,"El control interno de la gestión económico-financiera de la Generalitat efectuado por la Intervención General de la Generalitat: ámbito y objetivos, principios de actuación y prerrogativas, deberes y facultades del personal controlador, deber de colaboración y asistencia jurídica; planes anuales y elevación al Consell de informes generales. La función interventora. El control financiero. La auditoría pública. La supervisión continua. El control externo. El control del Tribunal de Cuentas: su función fiscalizadora, el enjuiciamiento contable y su relación con la Sindicatura de Cuentas.","Ley 1/2015, de 6 de febrero",118,JURIDICO
ESPECIAL,32,"El control interno de la gestión económico-financiera de la Generalitat efectuado por la Intervención General de la Generalitat: ámbito y objetivos, principios de actuación y prerrogativas, deberes y facultades del personal controlador, deber de colaboración y asistencia jurídica; planes anuales y elevación al Consell de informes generales. La función interventora. El control financiero. La auditoría pública. La supervisión continua. El control externo. El control del Tribunal de Cuentas: su función fiscalizadora, el enjuiciamiento contable y su relación con la Sindicatura de Cuentas.","Ley 1/2015, de 6 de febrero",119,JURIDICO
ESPECIAL,32,"El control interno de la gestión económico-financiera de la Generalitat efectuado por la Intervención General de la Generalitat: ámbito y objetivos, principios de actuación y prerrogativas, deberes y facultades del personal controlador, deber de colaboración y asistencia jurídica; planes anuales y elevación al Consell de informes generales. La función interventora. El control financiero. La auditoría pública. La supervisión continua. El control externo. El control del Tribunal de Cuentas: su función fiscalizadora, el enjuiciamiento contable y su relación con la Sindicatura de Cuentas.","Ley 1/2015, de 6 de febrero",120,JURIDICO
ESPECIAL,32,"El control interno de la gestión económico-financiera de la Generalitat efectuado por la Intervención General de la Generalitat: ámbito y objetivos, principios de actuación y prerrogativas, deberes y facultades del personal controlador, deber de colaboración y asistencia jurídica; planes anuales y elevación al Consell de informes generales. La función interventora. El control financiero. La auditoría pública. La supervisión continua. El control externo. El control del Tribunal de Cuentas: su función fiscalizadora, el enjuiciamiento contable y su relación con la Sindicatura de Cuentas.","Ley 6/1985, de 11 de mayo",1,JURIDICO
ESPECIAL,32,"El control interno de la gestión económico-financiera de la Generalitat efectuado por la Intervención General de la Generalitat: ámbito y objetivos, principios de actuación y prerrogativas, deberes y facultades del personal controlador, deber de colaboración y asistencia jurídica; planes anuales y elevación al Consell de informes generales. La función interventora. El control financiero. La auditoría pública. La supervisión continua. El control externo. El control del Tribunal de Cuentas: su función fiscalizadora, el enjuiciamiento contable y su relación con la Sindicatura de Cuentas.","Ley 6/1985, de 11 de mayo",2,JURIDICO
ESPECIAL,32,"El control interno de la gestión económico-financiera de la Generalitat efectuado por la Intervención General de la Generalitat: ámbito y objetivos, principios de actuación y prerrogativas, deberes y facultades del personal controlador, deber de colaboración y asistencia jurídica; planes anuales y elevación al Consell de informes generales. La función interventora. El control financiero. La auditoría pública. La supervisión continua. El control externo. El control del Tribunal de Cuentas: su función fiscalizadora, el enjuiciamiento contable y su relación con la Sindicatura de Cuentas.","Ley 6/1985, de 11 de mayo",3,JURIDICO
ESPECIAL,32,"El control interno de la gestión económico-financiera de la Generalitat efectuado por la Intervención General de la Generalitat: ámbito y objetivos, principios de actuación y prerrogativas, deberes y facultades del personal controlador, deber de colaboración y asistencia jurídica; planes anuales y elevación al Consell de informes generales. La función interventora. El control financiero. La auditoría pública. La supervisión continua. El control externo. El control del Tribunal de Cuentas: su función fiscalizadora, el enjuiciamiento contable y su relación con la Sindicatura de Cuentas.","Ley 6/1985, de 11 de mayo",4,JURIDICO
ESPECIAL,32,"El control interno de la gestión económico-financiera de la Generalitat efectuado por la Intervención General de la Generalitat: ámbito y objetivos, principios de actuación y prerrogativas, deberes y facultades del personal controlador, deber de colaboración y asistencia jurídica; planes anuales y elevación al Consell de informes generales. La función interventora. El control financiero. La auditoría pública. La supervisión continua. El control externo. El control del Tribunal de Cuentas: su función fiscalizadora, el enjuiciamiento contable y su relación con la Sindicatura de Cuentas.","Ley 6/1985, de 11 de mayo",5,JURIDICO
ESPECIAL,32,"El control interno de la gestión económico-financiera de la Generalitat efectuado por la Intervención General de la Generalitat: ámbito y objetivos, principios de actuación y prerrogativas, deberes y facultades del personal controlador, deber de colaboración y asistencia jurídica; planes anuales y elevación al Consell de informes generales. La función interventora. El control financiero. La auditoría pública. La supervisión continua. El control externo. El control del Tribunal de Cuentas: su función fiscalizadora, el enjuiciamiento contable y su relación con la Sindicatura de Cuentas.","Ley 6/1985, de 11 de mayo",6,JURIDICO
ESPECIAL,32,"El control interno de la gestión económico-financiera de la Generalitat efectuado por la Intervención General de la Generalitat: ámbito y objetivos, principios de actuación y prerrogativas, deberes y facultades del personal controlador, deber de colaboración y asistencia jurídica; planes anuales y elevación al Consell de informes generales. La función interventora. El control financiero. La auditoría pública. La supervisión continua. El control externo. El control del Tribunal de Cuentas: su función fiscalizadora, el enjuiciamiento contable y su relación con la Sindicatura de Cuentas.","Ley 6/1985, de 11 de mayo",7,JURIDICO
ESPECIAL,32,"El control interno de la gestión económico-financiera de la Generalitat efectuado por la Intervención General de la Generalitat: ámbito y objetivos, principios de actuación y prerrogativas, deberes y facultades del personal controlador, deber de colaboración y asistencia jurídica; planes anuales y elevación al Consell de informes generales. La función interventora. El control financiero. La auditoría pública. La supervisión continua. El control externo. El control del Tribunal de Cuentas: su función fiscalizadora, el enjuiciamiento contable y su relación con la Sindicatura de Cuentas.","Ley 6/1985, de 11 de mayo",8,JURIDICO
ESPECIAL,32,"El control interno de la gestión económico-financiera de la Generalitat efectuado por la Intervención General de la Generalitat: ámbito y objetivos, principios de actuación y prerrogativas, deberes y facultades del personal controlador, deber de colaboración y asistencia jurídica; planes anuales y elevación al Consell de informes generales. La función interventora. El control financiero. La auditoría pública. La supervisión continua. El control externo. El control del Tribunal de Cuentas: su función fiscalizadora, el enjuiciamiento contable y su relación con la Sindicatura de Cuentas.","Ley 6/1985, de 11 de mayo",9,JURIDICO
ESPECIAL,32,"El control interno de la gestión económico-financiera de la Generalitat efectuado por la Intervención General de la Generalitat: ámbito y objetivos, principios de actuación y prerrogativas, deberes y facultades del personal controlador, deber de colaboración y asistencia jurídica; planes anuales y elevación al Consell de informes generales. La función interventora. El control financiero. La auditoría pública. La supervisión continua. El control externo. El control del Tribunal de Cuentas: su función fiscalizadora, el enjuiciamiento contable y su relación con la Sindicatura de Cuentas.","Ley 6/1985, de 11 de mayo",10,JURIDICO
ESPECIAL,32,"El control interno de la gestión económico-financiera de la Generalitat efectuado por la Intervención General de la Generalitat: ámbito y objetivos, principios de actuación y prerrogativas, deberes y facultades del personal controlador, deber de colaboración y asistencia jurídica; planes anuales y elevación al Consell de informes generales. La función interventora. El control financiero. La auditoría pública. La supervisión continua. El control externo. El control del Tribunal de Cuentas: su función fiscalizadora, el enjuiciamiento contable y su relación con la Sindicatura de Cuentas.","Ley 6/1985, de 11 de mayo",11,JURIDICO
ESPECIAL,32,"El control interno de la gestión económico-financiera de la Generalitat efectuado por la Intervención General de la Generalitat: ámbito y objetivos, principios de actuación y prerrogativas, deberes y facultades del personal controlador, deber de colaboración y asistencia jurídica; planes anuales y elevación al Consell de informes generales. La función interventora. El control financiero. La auditoría pública. La supervisión continua. El control externo. El control del Tribunal de Cuentas: su función fiscalizadora, el enjuiciamiento contable y su relación con la Sindicatura de Cuentas.","Ley 6/1985, de 11 de mayo",12,JURIDICO
ESPECIAL,32,"El control interno de la gestión económico-financiera de la Generalitat efectuado por la Intervención General de la Generalitat: ámbito y objetivos, principios de actuación y prerrogativas, deberes y facultades del personal controlador, deber de colaboración y asistencia jurídica; planes anuales y elevación al Consell de informes generales. La función interventora. El control financiero. La auditoría pública. La supervisión continua. El control externo. El control del Tribunal de Cuentas: su función fiscalizadora, el enjuiciamiento contable y su relación con la Sindicatura de Cuentas.","Ley 6/1985, de 11 de mayo",13,JURIDICO
ESPECIAL,32,"El control interno de la gestión económico-financiera de la Generalitat efectuado por la Intervención General de la Generalitat: ámbito y objetivos, principios de actuación y prerrogativas, deberes y facultades del personal controlador, deber de colaboración y asistencia jurídica; planes anuales y elevación al Consell de informes generales. La función interventora. El control financiero. La auditoría pública. La supervisión continua. El control externo. El control del Tribunal de Cuentas: su función fiscalizadora, el enjuiciamiento contable y su relación con la Sindicatura de Cuentas.","Ley 6/1985, de 11 de mayo",14,JURIDICO
ESPECIAL,32,"El control interno de la gestión económico-financiera de la Generalitat efectuado por la Intervención General de la Generalitat: ámbito y objetivos, principios de actuación y prerrogativas, deberes y facultades del personal controlador, deber de colaboración y asistencia jurídica; planes anuales y elevación al Consell de informes generales. La función interventora. El control financiero. La auditoría pública. La supervisión continua. El control externo. El control del Tribunal de Cuentas: su función fiscalizadora, el enjuiciamiento contable y su relación con la Sindicatura de Cuentas.","Ley Orgánica 2/1982, de 12 de mayo, del Tribunal de Cuentas",1,JURIDICO
ESPECIAL,32,"El control interno de la gestión económico-financiera de la Generalitat efectuado por la Intervención General de la Generalitat: ámbito y objetivos, principios de actuación y prerrogativas, deberes y facultades del personal controlador, deber de colaboración y asistencia jurídica; planes anuales y elevación al Consell de informes generales. La función interventora. El control financiero. La auditoría pública. La supervisión continua. El control externo. El control del Tribunal de Cuentas: su función fiscalizadora, el enjuiciamiento contable y su relación con la Sindicatura de Cuentas.","Ley Orgánica 2/1982, de 12 de mayo, del Tribunal de Cuentas",2,JURIDICO
ESPECIAL,32,"El control interno de la gestión económico-financiera de la Generalitat efectuado por la Intervención General de la Generalitat: ámbito y objetivos, principios de actuación y prerrogativas, deberes y facultades del personal controlador, deber de colaboración y asistencia jurídica; planes anuales y elevación al Consell de informes generales. La función interventora. El control financiero. La auditoría pública. La supervisión continua. El control externo. El control del Tribunal de Cuentas: su función fiscalizadora, el enjuiciamiento contable y su relación con la Sindicatura de Cuentas.","Ley Orgánica 2/1982, de 12 de mayo, del Tribunal de Cuentas",9,JURIDICO
ESPECIAL,32,"El control interno de la gestión económico-financiera de la Generalitat efectuado por la Intervención General de la Generalitat: ámbito y objetivos, principios de actuación y prerrogativas, deberes y facultades del personal controlador, deber de colaboración y asistencia jurídica; planes anuales y elevación al Consell de informes generales. La función interventora. El control financiero. La auditoría pública. La supervisión continua. El control externo. El control del Tribunal de Cuentas: su función fiscalizadora, el enjuiciamiento contable y su relación con la Sindicatura de Cuentas.","Ley Orgánica 2/1982, de 12 de mayo, del Tribunal de Cuentas",10,JURIDICO
ESPECIAL,32,"El control interno de la gestión económico-financiera de la Generalitat efectuado por la Intervención General de la Generalitat: ámbito y objetivos, principios de actuación y prerrogativas, deberes y facultades del personal controlador, deber de colaboración y asistencia jurídica; planes anuales y elevación al Consell de informes generales. La función interventora. El control financiero. La auditoría pública. La supervisión continua. El control externo. El control del Tribunal de Cuentas: su función fiscalizadora, el enjuiciamiento contable y su relación con la Sindicatura de Cuentas.","Ley Orgánica 2/1982, de 12 de mayo, del Tribunal de Cuentas",11,JURIDICO
ESPECIAL,32,"El control interno de la gestión económico-financiera de la Generalitat efectuado por la Intervención General de la Generalitat: ámbito y objetivos, principios de actuación y prerrogativas, deberes y facultades del personal controlador, deber de colaboración y asistencia jurídica; planes anuales y elevación al Consell de informes generales. La función interventora. El control financiero. La auditoría pública. La supervisión continua. El control externo. El control del Tribunal de Cuentas: su función fiscalizadora, el enjuiciamiento contable y su relación con la Sindicatura de Cuentas.","Ley Orgánica 2/1982, de 12 de mayo, del Tribunal de Cuentas",12,JURIDICO
ESPECIAL,32,"El control interno de la gestión económico-financiera de la Generalitat efectuado por la Intervención General de la Generalitat: ámbito y objetivos, principios de actuación y prerrogativas, deberes y facultades del personal controlador, deber de colaboración y asistencia jurídica; planes anuales y elevación al Consell de informes generales. La función interventora. El control financiero. La auditoría pública. La supervisión continua. El control externo. El control del Tribunal de Cuentas: su función fiscalizadora, el enjuiciamiento contable y su relación con la Sindicatura de Cuentas.","Ley Orgánica 2/1982, de 12 de mayo, del Tribunal de Cuentas",13,JURIDICO
ESPECIAL,32,"El control interno de la gestión económico-financiera de la Generalitat efectuado por la Intervención General de la Generalitat: ámbito y objetivos, principios de actuación y prerrogativas, deberes y facultades del personal controlador, deber de colaboración y asistencia jurídica; planes anuales y elevación al Consell de informes generales. La función interventora. El control financiero. La auditoría pública. La supervisión continua. El control externo. El control del Tribunal de Cuentas: su función fiscalizadora, el enjuiciamiento contable y su relación con la Sindicatura de Cuentas.","Ley Orgánica 2/1982, de 12 de mayo, del Tribunal de Cuentas",14,JURIDICO
ESPECIAL,32,"El control interno de la gestión económico-financiera de la Generalitat efectuado por la Intervención General de la Generalitat: ámbito y objetivos, principios de actuación y prerrogativas, deberes y facultades del personal controlador, deber de colaboración y asistencia jurídica; planes anuales y elevación al Consell de informes generales. La función interventora. El control financiero. La auditoría pública. La supervisión continua. El control externo. El control del Tribunal de Cuentas: su función fiscalizadora, el enjuiciamiento contable y su relación con la Sindicatura de Cuentas.","Ley Orgánica 2/1982, de 12 de mayo, del Tribunal de Cuentas",15,JURIDICO
ESPECIAL,32,"El control interno de la gestión económico-financiera de la Generalitat efectuado por la Intervención General de la Generalitat: ámbito y objetivos, principios de actuación y prerrogativas, deberes y facultades del personal controlador, deber de colaboración y asistencia jurídica; planes anuales y elevación al Consell de informes generales. La función interventora. El control financiero. La auditoría pública. La supervisión continua. El control externo. El control del Tribunal de Cuentas: su función fiscalizadora, el enjuiciamiento contable y su relación con la Sindicatura de Cuentas.","Ley Orgánica 2/1982, de 12 de mayo, del Tribunal de Cuentas",16,JURIDICO
ESPECIAL,32,"El control interno de la gestión económico-financiera de la Generalitat efectuado por la Intervención General de la Generalitat: ámbito y objetivos, principios de actuación y prerrogativas, deberes y facultades del personal controlador, deber de colaboración y asistencia jurídica; planes anuales y elevación al Consell de informes generales. La función interventora. El control financiero. La auditoría pública. La supervisión continua. El control externo. El control del Tribunal de Cuentas: su función fiscalizadora, el enjuiciamiento contable y su relación con la Sindicatura de Cuentas.","Ley Orgánica 2/1982, de 12 de mayo, del Tribunal de Cuentas",17,JURIDICO
ESPECIAL,32,"El control interno de la gestión económico-financiera de la Generalitat efectuado por la Intervención General de la Generalitat: ámbito y objetivos, principios de actuación y prerrogativas, deberes y facultades del personal controlador, deber de colaboración y asistencia jurídica; planes anuales y elevación al Consell de informes generales. La función interventora. El control financiero. La auditoría pública. La supervisión continua. El control externo. El control del Tribunal de Cuentas: su función fiscalizadora, el enjuiciamiento contable y su relación con la Sindicatura de Cuentas.","Ley Orgánica 2/1982, de 12 de mayo, del Tribunal de Cuentas",18,JURIDICO
ESPECIAL,32,"El control interno de la gestión económico-financiera de la Generalitat efectuado por la Intervención General de la Generalitat: ámbito y objetivos, principios de actuación y prerrogativas, deberes y facultades del personal controlador, deber de colaboración y asistencia jurídica; planes anuales y elevación al Consell de informes generales. La función interventora. El control financiero. La auditoría pública. La supervisión continua. El control externo. El control del Tribunal de Cuentas: su función fiscalizadora, el enjuiciamiento contable y su relación con la Sindicatura de Cuentas.","Ley Orgánica 2/1982, de 12 de mayo, del Tribunal de Cuentas",26,JURIDICO
ESPECIAL,33,"Ley 1/2015, de 6 de febrero, de hacienda pública, del sector público instrumental y de subvenciones","Ley 1/2015, de 6 de febrero",125,JURIDICO
ESPECIAL,33,"Ley 1/2015, de 6 de febrero, de hacienda pública, del sector público instrumental y de subvenciones","Ley 1/2015, de 6 de febrero",126,JURIDICO
ESPECIAL,33,"Ley 1/2015, de 6 de febrero, de hacienda pública, del sector público instrumental y de subvenciones","Ley 1/2015, de 6 de febrero",127,JURIDICO
ESPECIAL,33,"Ley 1/2015, de 6 de febrero, de hacienda pública, del sector público instrumental y de subvenciones","Ley 1/2015, de 6 de febrero",128,JURIDICO
ESPECIAL,33,"Ley 1/2015, de 6 de febrero, de hacienda pública, del sector público instrumental y de subvenciones","Ley 1/2015, de 6 de febrero",130,JURIDICO
ESPECIAL,33,"Ley 1/2015, de 6 de febrero, de hacienda pública, del sector público instrumental y de subvenciones","Ley 1/2015, de 6 de febrero",131,JURIDICO
ESPECIAL,33,"Ley 1/2015, de 6 de febrero, de hacienda pública, del sector público instrumental y de subvenciones","Ley 1/2015, de 6 de febrero",132,JURIDICO
ESPECIAL,33,"Ley 1/2015, de 6 de febrero, de hacienda pública, del sector público instrumental y de subvenciones","Ley 1/2015, de 6 de febrero",133,JURIDICO
ESPECIAL,33,"Ley 1/2015, de 6 de febrero, de hacienda pública, del sector público instrumental y de subvenciones","Ley 1/2015, de 6 de febrero",134,JURIDICO
ESPECIAL,33,"Ley 1/2015, de 6 de febrero, de hacienda pública, del sector público instrumental y de subvenciones","Ley 1/2015, de 6 de febrero",135,JURIDICO
ESPECIAL,33,"Ley 1/2015, de 6 de febrero, de hacienda pública, del sector público instrumental y de subvenciones","Ley 1/2015, de 6 de febrero",136,JURIDICO
ESPECIAL,33,"Ley 1/2015, de 6 de febrero, de hacienda pública, del sector público instrumental y de subvenciones","Ley 1/2015, de 6 de febrero",137,JURIDICO
ESPECIAL,33,"Ley 1/2015, de 6 de febrero, de hacienda pública, del sector público instrumental y de subvenciones","Ley 1/2015, de 6 de febrero",138,JURIDICO
ESPECIAL,33,"Ley 1/2015, de 6 de febrero, de hacienda pública, del sector público instrumental y de subvenciones","Ley 1/2015, de 6 de febrero",139,JURIDICO
ESPECIAL,33,"Ley 1/2015, de 6 de febrero, de hacienda pública, del sector público instrumental y de subvenciones","Ley 1/2015, de 6 de febrero",140,JURIDICO
ESPECIAL,33,"Ley 1/2015, de 6 de febrero, de hacienda pública, del sector público instrumental y de subvenciones","Ley 1/2015, de 6 de febrero",141,JURIDICO
ESPECIAL,33,"Ley 1/2015, de 6 de febrero, de hacienda pública, del sector público instrumental y de subvenciones","Ley 1/2015, de 6 de febrero",142,JURIDICO
ESPECIAL,33,"Ley 1/2015, de 6 de febrero, de hacienda pública, del sector público instrumental y de subvenciones","Ley 1/2015, de 6 de febrero",143,JURIDICO
ESPECIAL,34,"Políticas sectoriales de la Unión Europea (I): el mercado interior: la libre circulación de mercancías, libre circulación de trabajadores, libre circulación de personas, servicios y capitales. Las competencias y garantías sobre el espacio de libertad, seguridad y justicia.",Tratado de Funcionamiento de la Unión Europea (TFUE),26,JURIDICO
ESPECIAL,34,"Políticas sectoriales de la Unión Europea (I): el mercado interior: la libre circulación de mercancías, libre circulación de trabajadores, libre circulación de personas, servicios y capitales. Las competencias y garantías sobre el espacio de libertad, seguridad y justicia.",Tratado de Funcionamiento de la Unión Europea (TFUE),27,JURIDICO
ESPECIAL,34,"Políticas sectoriales de la Unión Europea (I): el mercado interior: la libre circulación de mercancías, libre circulación de trabajadores, libre circulación de personas, servicios y capitales. Las competencias y garantías sobre el espacio de libertad, seguridad y justicia.",Tratado de Funcionamiento de la Unión Europea (TFUE),28,JURIDICO
ESPECIAL,34,"Políticas sectoriales de la Unión Europea (I): el mercado interior: la libre circulación de mercancías, libre circulación de trabajadores, libre circulación de personas, servicios y capitales. Las competencias y garantías sobre el espacio de libertad, seguridad y justicia.",Tratado de Funcionamiento de la Unión Europea (TFUE),29,JURIDICO
ESPECIAL,34,"Políticas sectoriales de la Unión Europea (I): el mercado interior: la libre circulación de mercancías, libre circulación de trabajadores, libre circulación de personas, servicios y capitales. Las competencias y garantías sobre el espacio de libertad, seguridad y justicia.",Tratado de Funcionamiento de la Unión Europea (TFUE),30,JURIDICO
ESPECIAL,34,"Políticas sectoriales de la Unión Europea (I): el mercado interior: la libre circulación de mercancías, libre circulación de trabajadores, libre circulación de personas, servicios y capitales. Las competencias y garantías sobre el espacio de libertad, seguridad y justicia.",Tratado de Funcionamiento de la Unión Europea (TFUE),31,JURIDICO
ESPECIAL,34,"Políticas sectoriales de la Unión Europea (I): el mercado interior: la libre circulación de mercancías, libre circulación de trabajadores, libre circulación de personas, servicios y capitales. Las competencias y garantías sobre el espacio de libertad, seguridad y justicia.",Tratado de Funcionamiento de la Unión Europea (TFUE),32,JURIDICO
ESPECIAL,34,"Políticas sectoriales de la Unión Europea (I): el mercado interior: la libre circulación de mercancías, libre circulación de trabajadores, libre circulación de personas, servicios y capitales. Las competencias y garantías sobre el espacio de libertad, seguridad y justicia.",Tratado de Funcionamiento de la Unión Europea (TFUE),33,JURIDICO
ESPECIAL,34,"Políticas sectoriales de la Unión Europea (I): el mercado interior: la libre circulación de mercancías, libre circulación de trabajadores, libre circulación de personas, servicios y capitales. Las competencias y garantías sobre el espacio de libertad, seguridad y justicia.",Tratado de Funcionamiento de la Unión Europea (TFUE),34,JURIDICO
ESPECIAL,34,"Políticas sectoriales de la Unión Europea (I): el mercado interior: la libre circulación de mercancías, libre circulación de trabajadores, libre circulación de personas, servicios y capitales. Las competencias y garantías sobre el espacio de libertad, seguridad y justicia.",Tratado de Funcionamiento de la Unión Europea (TFUE),35,JURIDICO
ESPECIAL,34,"Políticas sectoriales de la Unión Europea (I): el mercado interior: la libre circulación de mercancías, libre circulación de trabajadores, libre circulación de personas, servicios y capitales. Las competencias y garantías sobre el espacio de libertad, seguridad y justicia.",Tratado de Funcionamiento de la Unión Europea (TFUE),36,JURIDICO
ESPECIAL,34,"Políticas sectoriales de la Unión Europea (I): el mercado interior: la libre circulación de mercancías, libre circulación de trabajadores, libre circulación de personas, servicios y capitales. Las competencias y garantías sobre el espacio de libertad, seguridad y justicia.",Tratado de Funcionamiento de la Unión Europea (TFUE),37,JURIDICO
ESPECIAL,34,"Políticas sectoriales de la Unión Europea (I): el mercado interior: la libre circulación de mercancías, libre circulación de trabajadores, libre circulación de personas, servicios y capitales. Las competencias y garantías sobre el espacio de libertad, seguridad y justicia.",Tratado de Funcionamiento de la Unión Europea (TFUE),45,JURIDICO
ESPECIAL,34,"Políticas sectoriales de la Unión Europea (I): el mercado interior: la libre circulación de mercancías, libre circulación de trabajadores, libre circulación de personas, servicios y capitales. Las competencias y garantías sobre el espacio de libertad, seguridad y justicia.",Tratado de Funcionamiento de la Unión Europea (TFUE),46,JURIDICO
ESPECIAL,34,"Políticas sectoriales de la Unión Europea (I): el mercado interior: la libre circulación de mercancías, libre circulación de trabajadores, libre circulación de personas, servicios y capitales. Las competencias y garantías sobre el espacio de libertad, seguridad y justicia.",Tratado de Funcionamiento de la Unión Europea (TFUE),47,JURIDICO
ESPECIAL,34,"Políticas sectoriales de la Unión Europea (I): el mercado interior: la libre circulación de mercancías, libre circulación de trabajadores, libre circulación de personas, servicios y capitales. Las competencias y garantías sobre el espacio de libertad, seguridad y justicia.",Tratado de Funcionamiento de la Unión Europea (TFUE),48,JURIDICO
ESPECIAL,34,"Políticas sectoriales de la Unión Europea (I): el mercado interior: la libre circulación de mercancías, libre circulación de trabajadores, libre circulación de personas, servicios y capitales. Las competencias y garantías sobre el espacio de libertad, seguridad y justicia.",Tratado de Funcionamiento de la Unión Europea (TFUE),49,JURIDICO
ESPECIAL,34,"Políticas sectoriales de la Unión Europea (I): el mercado interior: la libre circulación de mercancías, libre circulación de trabajadores, libre circulación de personas, servicios y capitales. Las competencias y garantías sobre el espacio de libertad, seguridad y justicia.",Tratado de Funcionamiento de la Unión Europea (TFUE),50,JURIDICO
ESPECIAL,34,"Políticas sectoriales de la Unión Europea (I): el mercado interior: la libre circulación de mercancías, libre circulación de trabajadores, libre circulación de personas, servicios y capitales. Las competencias y garantías sobre el espacio de libertad, seguridad y justicia.",Tratado de Funcionamiento de la Unión Europea (TFUE),51,JURIDICO
ESPECIAL,34,"Políticas sectoriales de la Unión Europea (I): el mercado interior: la libre circulación de mercancías, libre circulación de trabajadores, libre circulación de personas, servicios y capitales. Las competencias y garantías sobre el espacio de libertad, seguridad y justicia.",Tratado de Funcionamiento de la Unión Europea (TFUE),52,JURIDICO
ESPECIAL,34,"Políticas sectoriales de la Unión Europea (I): el mercado interior: la libre circulación de mercancías, libre circulación de trabajadores, libre circulación de personas, servicios y capitales. Las competencias y garantías sobre el espacio de libertad, seguridad y justicia.",Tratado de Funcionamiento de la Unión Europea (TFUE),53,JURIDICO
ESPECIAL,34,"Políticas sectoriales de la Unión Europea (I): el mercado interior: la libre circulación de mercancías, libre circulación de trabajadores, libre circulación de personas, servicios y capitales. Las competencias y garantías sobre el espacio de libertad, seguridad y justicia.",Tratado de Funcionamiento de la Unión Europea (TFUE),54,JURIDICO
ESPECIAL,34,"Políticas sectoriales de la Unión Europea (I): el mercado interior: la libre circulación de mercancías, libre circulación de trabajadores, libre circulación de personas, servicios y capitales. Las competencias y garantías sobre el espacio de libertad, seguridad y justicia.",Tratado de Funcionamiento de la Unión Europea (TFUE),55,JURIDICO
ESPECIAL,34,"Políticas sectoriales de la Unión Europea (I): el mercado interior: la libre circulación de mercancías, libre circulación de trabajadores, libre circulación de personas, servicios y capitales. Las competencias y garantías sobre el espacio de libertad, seguridad y justicia.",Tratado de Funcionamiento de la Unión Europea (TFUE),56,JURIDICO
ESPECIAL,34,"Políticas sectoriales de la Unión Europea (I): el mercado interior: la libre circulación de mercancías, libre circulación de trabajadores, libre circulación de personas, servicios y capitales. Las competencias y garantías sobre el espacio de libertad, seguridad y justicia.",Tratado de Funcionamiento de la Unión Europea (TFUE),57,JURIDICO
ESPECIAL,34,"Políticas sectoriales de la Unión Europea (I): el mercado interior: la libre circulación de mercancías, libre circulación de trabajadores, libre circulación de personas, servicios y capitales. Las competencias y garantías sobre el espacio de libertad, seguridad y justicia.",Tratado de Funcionamiento de la Unión Europea (TFUE),58,JURIDICO
ESPECIAL,34,"Políticas sectoriales de la Unión Europea (I): el mercado interior: la libre circulación de mercancías, libre circulación de trabajadores, libre circulación de personas, servicios y capitales. Las competencias y garantías sobre el espacio de libertad, seguridad y justicia.",Tratado de Funcionamiento de la Unión Europea (TFUE),59,JURIDICO
ESPECIAL,34,"Políticas sectoriales de la Unión Europea (I): el mercado interior: la libre circulación de mercancías, libre circulación de trabajadores, libre circulación de personas, servicios y capitales. Las competencias y garantías sobre el espacio de libertad, seguridad y justicia.",Tratado de Funcionamiento de la Unión Europea (TFUE),60,JURIDICO
ESPECIAL,34,"Políticas sectoriales de la Unión Europea (I): el mercado interior: la libre circulación de mercancías, libre circulación de trabajadores, libre circulación de personas, servicios y capitales. Las competencias y garantías sobre el espacio de libertad, seguridad y justicia.",Tratado de Funcionamiento de la Unión Europea (TFUE),61,JURIDICO
ESPECIAL,34,"Políticas sectoriales de la Unión Europea (I): el mercado interior: la libre circulación de mercancías, libre circulación de trabajadores, libre circulación de personas, servicios y capitales. Las competencias y garantías sobre el espacio de libertad, seguridad y justicia.",Tratado de Funcionamiento de la Unión Europea (TFUE),62,JURIDICO
ESPECIAL,34,"Políticas sectoriales de la Unión Europea (I): el mercado interior: la libre circulación de mercancías, libre circulación de trabajadores, libre circulación de personas, servicios y capitales. Las competencias y garantías sobre el espacio de libertad, seguridad y justicia.",Tratado de Funcionamiento de la Unión Europea (TFUE),63,JURIDICO
ESPECIAL,34,"Políticas sectoriales de la Unión Europea (I): el mercado interior: la libre circulación de mercancías, libre circulación de trabajadores, libre circulación de personas, servicios y capitales. Las competencias y garantías sobre el espacio de libertad, seguridad y justicia.",Tratado de Funcionamiento de la Unión Europea (TFUE),64,JURIDICO
ESPECIAL,34,"Políticas sectoriales de la Unión Europea (I): el mercado interior: la libre circulación de mercancías, libre circulación de trabajadores, libre circulación de personas, servicios y capitales. Las competencias y garantías sobre el espacio de libertad, seguridad y justicia.",Tratado de Funcionamiento de la Unión Europea (TFUE),65,JURIDICO
ESPECIAL,34,"Políticas sectoriales de la Unión Europea (I): el mercado interior: la libre circulación de mercancías, libre circulación de trabajadores, libre circulación de personas, servicios y capitales. Las competencias y garantías sobre el espacio de libertad, seguridad y justicia.",Tratado de Funcionamiento de la Unión Europea (TFUE),66,JURIDICO
ESPECIAL,34,"Políticas sectoriales de la Unión Europea (I): el mercado interior: la libre circulación de mercancías, libre circulación de trabajadores, libre circulación de personas, servicios y capitales. Las competencias y garantías sobre el espacio de libertad, seguridad y justicia.",Tratado de Funcionamiento de la Unión Europea (TFUE),67,JURIDICO
ESPECIAL,34,"Políticas sectoriales de la Unión Europea (I): el mercado interior: la libre circulación de mercancías, libre circulación de trabajadores, libre circulación de personas, servicios y capitales. Las competencias y garantías sobre el espacio de libertad, seguridad y justicia.",Tratado de Funcionamiento de la Unión Europea (TFUE),68,JURIDICO
ESPECIAL,34,"Políticas sectoriales de la Unión Europea (I): el mercado interior: la libre circulación de mercancías, libre circulación de trabajadores, libre circulación de personas, servicios y capitales. Las competencias y garantías sobre el espacio de libertad, seguridad y justicia.",Tratado de Funcionamiento de la Unión Europea (TFUE),69,JURIDICO
ESPECIAL,34,"Políticas sectoriales de la Unión Europea (I): el mercado interior: la libre circulación de mercancías, libre circulación de trabajadores, libre circulación de personas, servicios y capitales. Las competencias y garantías sobre el espacio de libertad, seguridad y justicia.",Tratado de Funcionamiento de la Unión Europea (TFUE),70,JURIDICO
ESPECIAL,34,"Políticas sectoriales de la Unión Europea (I): el mercado interior: la libre circulación de mercancías, libre circulación de trabajadores, libre circulación de personas, servicios y capitales. Las competencias y garantías sobre el espacio de libertad, seguridad y justicia.",Tratado de Funcionamiento de la Unión Europea (TFUE),71,JURIDICO
ESPECIAL,34,"Políticas sectoriales de la Unión Europea (I): el mercado interior: la libre circulación de mercancías, libre circulación de trabajadores, libre circulación de personas, servicios y capitales. Las competencias y garantías sobre el espacio de libertad, seguridad y justicia.",Tratado de Funcionamiento de la Unión Europea (TFUE),72,JURIDICO
ESPECIAL,34,"Políticas sectoriales de la Unión Europea (I): el mercado interior: la libre circulación de mercancías, libre circulación de trabajadores, libre circulación de personas, servicios y capitales. Las competencias y garantías sobre el espacio de libertad, seguridad y justicia.",Tratado de Funcionamiento de la Unión Europea (TFUE),73,JURIDICO
ESPECIAL,34,"Políticas sectoriales de la Unión Europea (I): el mercado interior: la libre circulación de mercancías, libre circulación de trabajadores, libre circulación de personas, servicios y capitales. Las competencias y garantías sobre el espacio de libertad, seguridad y justicia.",Tratado de Funcionamiento de la Unión Europea (TFUE),74,JURIDICO
ESPECIAL,34,"Políticas sectoriales de la Unión Europea (I): el mercado interior: la libre circulación de mercancías, libre circulación de trabajadores, libre circulación de personas, servicios y capitales. Las competencias y garantías sobre el espacio de libertad, seguridad y justicia.",Tratado de Funcionamiento de la Unión Europea (TFUE),75,JURIDICO
ESPECIAL,34,"Políticas sectoriales de la Unión Europea (I): el mercado interior: la libre circulación de mercancías, libre circulación de trabajadores, libre circulación de personas, servicios y capitales. Las competencias y garantías sobre el espacio de libertad, seguridad y justicia.",Tratado de Funcionamiento de la Unión Europea (TFUE),76,JURIDICO
ESPECIAL,34,"Políticas sectoriales de la Unión Europea (I): el mercado interior: la libre circulación de mercancías, libre circulación de trabajadores, libre circulación de personas, servicios y capitales. Las competencias y garantías sobre el espacio de libertad, seguridad y justicia.",Tratado de Funcionamiento de la Unión Europea (TFUE),77,JURIDICO
ESPECIAL,34,"Políticas sectoriales de la Unión Europea (I): el mercado interior: la libre circulación de mercancías, libre circulación de trabajadores, libre circulación de personas, servicios y capitales. Las competencias y garantías sobre el espacio de libertad, seguridad y justicia.",Tratado de Funcionamiento de la Unión Europea (TFUE),78,JURIDICO
ESPECIAL,34,"Políticas sectoriales de la Unión Europea (I): el mercado interior: la libre circulación de mercancías, libre circulación de trabajadores, libre circulación de personas, servicios y capitales. Las competencias y garantías sobre el espacio de libertad, seguridad y justicia.",Tratado de Funcionamiento de la Unión Europea (TFUE),79,JURIDICO
ESPECIAL,34,"Políticas sectoriales de la Unión Europea (I): el mercado interior: la libre circulación de mercancías, libre circulación de trabajadores, libre circulación de personas, servicios y capitales. Las competencias y garantías sobre el espacio de libertad, seguridad y justicia.",Tratado de Funcionamiento de la Unión Europea (TFUE),80,JURIDICO
ESPECIAL,34,"Políticas sectoriales de la Unión Europea (I): el mercado interior: la libre circulación de mercancías, libre circulación de trabajadores, libre circulación de personas, servicios y capitales. Las competencias y garantías sobre el espacio de libertad, seguridad y justicia.",Tratado de Funcionamiento de la Unión Europea (TFUE),81,JURIDICO
ESPECIAL,34,"Políticas sectoriales de la Unión Europea (I): el mercado interior: la libre circulación de mercancías, libre circulación de trabajadores, libre circulación de personas, servicios y capitales. Las competencias y garantías sobre el espacio de libertad, seguridad y justicia.",Tratado de Funcionamiento de la Unión Europea (TFUE),82,JURIDICO
ESPECIAL,34,"Políticas sectoriales de la Unión Europea (I): el mercado interior: la libre circulación de mercancías, libre circulación de trabajadores, libre circulación de personas, servicios y capitales. Las competencias y garantías sobre el espacio de libertad, seguridad y justicia.",Tratado de Funcionamiento de la Unión Europea (TFUE),83,JURIDICO
ESPECIAL,34,"Políticas sectoriales de la Unión Europea (I): el mercado interior: la libre circulación de mercancías, libre circulación de trabajadores, libre circulación de personas, servicios y capitales. Las competencias y garantías sobre el espacio de libertad, seguridad y justicia.",Tratado de Funcionamiento de la Unión Europea (TFUE),84,JURIDICO
ESPECIAL,34,"Políticas sectoriales de la Unión Europea (I): el mercado interior: la libre circulación de mercancías, libre circulación de trabajadores, libre circulación de personas, servicios y capitales. Las competencias y garantías sobre el espacio de libertad, seguridad y justicia.",Tratado de Funcionamiento de la Unión Europea (TFUE),85,JURIDICO
ESPECIAL,34,"Políticas sectoriales de la Unión Europea (I): el mercado interior: la libre circulación de mercancías, libre circulación de trabajadores, libre circulación de personas, servicios y capitales. Las competencias y garantías sobre el espacio de libertad, seguridad y justicia.",Tratado de Funcionamiento de la Unión Europea (TFUE),86,JURIDICO
ESPECIAL,34,"Políticas sectoriales de la Unión Europea (I): el mercado interior: la libre circulación de mercancías, libre circulación de trabajadores, libre circulación de personas, servicios y capitales. Las competencias y garantías sobre el espacio de libertad, seguridad y justicia.",Tratado de Funcionamiento de la Unión Europea (TFUE),87,JURIDICO
ESPECIAL,34,"Políticas sectoriales de la Unión Europea (I): el mercado interior: la libre circulación de mercancías, libre circulación de trabajadores, libre circulación de personas, servicios y capitales. Las competencias y garantías sobre el espacio de libertad, seguridad y justicia.",Tratado de Funcionamiento de la Unión Europea (TFUE),88,JURIDICO
ESPECIAL,34,"Políticas sectoriales de la Unión Europea (I): el mercado interior: la libre circulación de mercancías, libre circulación de trabajadores, libre circulación de personas, servicios y capitales. Las competencias y garantías sobre el espacio de libertad, seguridad y justicia.",Tratado de Funcionamiento de la Unión Europea (TFUE),89,JURIDICO
ESPECIAL,35,"Políticas sectoriales de la Unión Europea (II): La cohesión económica, social y territorial. La política agraria y pesquera común. La política comercial común. Normas sobre competencia y ayudas de Estado.",Tratado de Funcionamiento de la Unión Europea (TFUE),38,JURIDICO
ESPECIAL,35,"Políticas sectoriales de la Unión Europea (II): La cohesión económica, social y territorial. La política agraria y pesquera común. La política comercial común. Normas sobre competencia y ayudas de Estado.",Tratado de Funcionamiento de la Unión Europea (TFUE),39,JURIDICO
ESPECIAL,35,"Políticas sectoriales de la Unión Europea (II): La cohesión económica, social y territorial. La política agraria y pesquera común. La política comercial común. Normas sobre competencia y ayudas de Estado.",Tratado de Funcionamiento de la Unión Europea (TFUE),40,JURIDICO
ESPECIAL,35,"Políticas sectoriales de la Unión Europea (II): La cohesión económica, social y territorial. La política agraria y pesquera común. La política comercial común. Normas sobre competencia y ayudas de Estado.",Tratado de Funcionamiento de la Unión Europea (TFUE),41,JURIDICO
ESPECIAL,35,"Políticas sectoriales de la Unión Europea (II): La cohesión económica, social y territorial. La política agraria y pesquera común. La política comercial común. Normas sobre competencia y ayudas de Estado.",Tratado de Funcionamiento de la Unión Europea (TFUE),42,JURIDICO
ESPECIAL,35,"Políticas sectoriales de la Unión Europea (II): La cohesión económica, social y territorial. La política agraria y pesquera común. La política comercial común. Normas sobre competencia y ayudas de Estado.",Tratado de Funcionamiento de la Unión Europea (TFUE),43,JURIDICO
ESPECIAL,35,"Políticas sectoriales de la Unión Europea (II): La cohesión económica, social y territorial. La política agraria y pesquera común. La política comercial común. Normas sobre competencia y ayudas de Estado.",Tratado de Funcionamiento de la Unión Europea (TFUE),44,JURIDICO
ESPECIAL,35,"Políticas sectoriales de la Unión Europea (II): La cohesión económica, social y territorial. La política agraria y pesquera común. La política comercial común. Normas sobre competencia y ayudas de Estado.",Tratado de Funcionamiento de la Unión Europea (TFUE),101,JURIDICO
ESPECIAL,35,"Políticas sectoriales de la Unión Europea (II): La cohesión económica, social y territorial. La política agraria y pesquera común. La política comercial común. Normas sobre competencia y ayudas de Estado.",Tratado de Funcionamiento de la Unión Europea (TFUE),102,JURIDICO
ESPECIAL,35,"Políticas sectoriales de la Unión Europea (II): La cohesión económica, social y territorial. La política agraria y pesquera común. La política comercial común. Normas sobre competencia y ayudas de Estado.",Tratado de Funcionamiento de la Unión Europea (TFUE),103,JURIDICO
ESPECIAL,35,"Políticas sectoriales de la Unión Europea (II): La cohesión económica, social y territorial. La política agraria y pesquera común. La política comercial común. Normas sobre competencia y ayudas de Estado.",Tratado de Funcionamiento de la Unión Europea (TFUE),104,JURIDICO
ESPECIAL,35,"Políticas sectoriales de la Unión Europea (II): La cohesión económica, social y territorial. La política agraria y pesquera común. La política comercial común. Normas sobre competencia y ayudas de Estado.",Tratado de Funcionamiento de la Unión Europea (TFUE),105,JURIDICO
ESPECIAL,35,"Políticas sectoriales de la Unión Europea (II): La cohesión económica, social y territorial. La política agraria y pesquera común. La política comercial común. Normas sobre competencia y ayudas de Estado.",Tratado de Funcionamiento de la Unión Europea (TFUE),106,JURIDICO
ESPECIAL,35,"Políticas sectoriales de la Unión Europea (II): La cohesión económica, social y territorial. La política agraria y pesquera común. La política comercial común. Normas sobre competencia y ayudas de Estado.",Tratado de Funcionamiento de la Unión Europea (TFUE),107,JURIDICO
ESPECIAL,35,"Políticas sectoriales de la Unión Europea (II): La cohesión económica, social y territorial. La política agraria y pesquera común. La política comercial común. Normas sobre competencia y ayudas de Estado.",Tratado de Funcionamiento de la Unión Europea (TFUE),108,JURIDICO
ESPECIAL,35,"Políticas sectoriales de la Unión Europea (II): La cohesión económica, social y territorial. La política agraria y pesquera común. La política comercial común. Normas sobre competencia y ayudas de Estado.",Tratado de Funcionamiento de la Unión Europea (TFUE),109,JURIDICO
ESPECIAL,35,"Políticas sectoriales de la Unión Europea (II): La cohesión económica, social y territorial. La política agraria y pesquera común. La política comercial común. Normas sobre competencia y ayudas de Estado.",Tratado de Funcionamiento de la Unión Europea (TFUE),174,JURIDICO
ESPECIAL,35,"Políticas sectoriales de la Unión Europea (II): La cohesión económica, social y territorial. La política agraria y pesquera común. La política comercial común. Normas sobre competencia y ayudas de Estado.",Tratado de Funcionamiento de la Unión Europea (TFUE),175,JURIDICO
ESPECIAL,35,"Políticas sectoriales de la Unión Europea (II): La cohesión económica, social y territorial. La política agraria y pesquera común. La política comercial común. Normas sobre competencia y ayudas de Estado.",Tratado de Funcionamiento de la Unión Europea (TFUE),176,JURIDICO
ESPECIAL,35,"Políticas sectoriales de la Unión Europea (II): La cohesión económica, social y territorial. La política agraria y pesquera común. La política comercial común. Normas sobre competencia y ayudas de Estado.",Tratado de Funcionamiento de la Unión Europea (TFUE),177,JURIDICO
ESPECIAL,35,"Políticas sectoriales de la Unión Europea (II): La cohesión económica, social y territorial. La política agraria y pesquera común. La política comercial común. Normas sobre competencia y ayudas de Estado.",Tratado de Funcionamiento de la Unión Europea (TFUE),178,JURIDICO
ESPECIAL,35,"Políticas sectoriales de la Unión Europea (II): La cohesión económica, social y territorial. La política agraria y pesquera común. La política comercial común. Normas sobre competencia y ayudas de Estado.",Tratado de Funcionamiento de la Unión Europea (TFUE),206,JURIDICO
ESPECIAL,35,"Políticas sectoriales de la Unión Europea (II): La cohesión económica, social y territorial. La política agraria y pesquera común. La política comercial común. Normas sobre competencia y ayudas de Estado.",Tratado de Funcionamiento de la Unión Europea (TFUE),207,JURIDICO
