parte,tema,titulo,LEY,articulo,tipo
GENERAL,1,Constitucion Española 1978,Constitucion Española,1,JURIDICO
GENERAL,1,Constitucion Española 1978,Constitucion Española,2,JURIDICO
GENERAL,1,Constitucion Española 1978,Constitucion Española,3,JURIDICO
GENERAL,1,Constitucion Española 1978,Constitucion Española,4,JURIDICO
GENERAL,1,Constitucion Española 1978,Constitucion Española,5,JURIDICO
GENERAL,1,Constitucion Española 1978,Constitucion Española,6,JURIDICO
GENERAL,1,Constitucion Española 1978,Constitucion Española,7,JURIDICO
GENERAL,1,Constitucion Española 1978,Constitucion Española,8,JURIDICO
GENERAL,1,Constitucion Española 1978,Constitucion Española,9,JURIDICO
GENERAL,1,Constitucion Española 1978,Constitucion Española,10,JURIDICO
GENERAL,2,Constitucion Española 1978,Constitucion Española,56,JURIDICO
GENERAL,2,Constitucion Española 1978,Constitucion Española,57,JURIDICO
GENERAL,2,Constitucion Española 1978,Constitucion Española,58,JURIDICO
GENERAL,2,Constitucion Española 1978,Constitucion Española,59,JURIDICO
GENERAL,2,Constitucion Española 1978,Constitucion Española,60,JURIDICO
GENERAL,2,Constitucion Española 1978,Constitucion Española,61,JURIDICO
GENERAL,2,Constitucion Española 1978,Constitucion Española,62,JURIDICO
GENERAL,2,Constitucion Española 1978,Constitucion Española,63,JURIDICO
GENERAL,2,Constitucion Española 1978,Constitucion Española,64,JURIDICO
GENERAL,2,Constitucion Española 1978,Constitucion Española,65,JURIDICO
GENERAL,3,Constitucion Española 1978,Constitucion Española,97,JURIDICO
GENERAL,3,Constitucion Española 1978,Constitucion Española,98,JURIDICO
GENERAL,3,Constitucion Española 1978,Constitucion Española,99,JURIDICO
GENERAL,3,Constitucion Española 1978,Constitucion Española,100,JURIDICO
GENERAL,3,Constitucion Española 1978,Constitucion Española,101,JURIDICO
GENERAL,3,Constitucion Española 1978,Constitucion Española,102,JURIDICO
GENERAL,3,Constitucion Española 1978,Constitucion Española,103,JURIDICO
GENERAL,3,Constitucion Española 1978,Constitucion Española,104,JURIDICO
GENERAL,3,Constitucion Española 1978,Constitucion Española,105,JURIDICO
GENERAL,3,Constitucion Española 1978,Constitucion Española,106,JURIDICO
GENERAL,3,Constitucion Española 1978,Constitucion Española,107,JURIDICO
GENERAL,3,Constitucion Española 1978,Constitucion Española,108,JURIDICO
GENERAL,3,Constitucion Española 1978,Constitucion Española,109,JURIDICO
GENERAL,3,Constitucion Española 1978,Constitucion Española,110,JURIDICO
GENERAL,3,Constitucion Española 1978,Constitucion Española,111,JURIDICO
GENERAL,3,Constitucion Española 1978,Constitucion Española,112,JURIDICO
GENERAL,3,Constitucion Española 1978,Constitucion Española,113,JURIDICO
GENERAL,3,Constitucion Española 1978,Constitucion Española,114,JURIDICO
GENERAL,3,Constitucion Española 1978,Constitucion Española,115,JURIDICO
GENERAL,3,Constitucion Española 1978,Constitucion Española,116,JURIDICO
GENERAL,4,Constitucion Española 1978,Constitucion Española,117,JURIDICO
GENERAL,4,Constitucion Española 1978,Constitucion Española,118,JURIDICO
GENERAL,4,Constitucion Española 1978,Constitucion Española,119,JURIDICO
GENERAL,4,Constitucion Española 1978,Constitucion Española,120,JURIDICO
GENERAL,4,Constitucion Española 1978,Constitucion Española,121,JURIDICO
GENERAL,4,Constitucion Española 1978,Constitucion Española,122,JURIDICO
GENERAL,4,Constitucion Española 1978,Constitucion Española,123,JURIDICO
GENERAL,4,Constitucion Española 1978,Constitucion Española,124,JURIDICO
GENERAL,4,Constitucion Española 1978,Constitucion Española,125,JURIDICO
GENERAL,4,Constitucion Española 1978,Constitucion Española,126,JURIDICO
GENERAL,4,Constitucion Española 1978,Constitucion Española,127,JURIDICO
GENERAL,4,Constitucion Española 1978,Constitucion Española,159,JURIDICO
GENERAL,4,Constitucion Española 1978,Constitucion Española,160,JURIDICO
GENERAL,4,Constitucion Española 1978,Constitucion Española,161,JURIDICO
GENERAL,4,Constitucion Española 1978,Constitucion Española,162,JURIDICO
GENERAL,4,Constitucion Española 1978,Constitucion Española,163,JURIDICO
GENERAL,4,Constitucion Española 1978,Constitucion Española,164,JURIDICO
GENERAL,4,Constitucion Española 1978,Constitucion Española,165,JURIDICO
GENERAL,5,Constitucion Española 1978,Constitucion Española,137,JURIDICO
GENERAL,5,Constitucion Española 1978,Constitucion Española,138,JURIDICO
GENERAL,5,Constitucion Española 1978,Constitucion Española,139,JURIDICO
GENERAL,5,Constitucion Española 1978,Constitucion Española,140,JURIDICO
GENERAL,5,Constitucion Española 1978,Constitucion Española,141,JURIDICO
GENERAL,5,Constitucion Española 1978,Constitucion Española,142,JURIDICO
GENERAL,5,Constitucion Española 1978,Constitucion Española,143,JURIDICO
GENERAL,5,Constitucion Española 1978,Constitucion Española,144,JURIDICO
GENERAL,5,Constitucion Española 1978,Constitucion Española,145,JURIDICO
GENERAL,5,Constitucion Española 1978,Constitucion Española,146,JURIDICO
GENERAL,5,Constitucion Española 1978,Constitucion Española,147,JURIDICO
GENERAL,5,Constitucion Española 1978,Constitucion Española,148,JURIDICO
GENERAL,5,Constitucion Española 1978,Constitucion Española,149,JURIDICO
GENERAL,5,Constitucion Española 1978,Constitucion Española,150,JURIDICO
GENERAL,5,Constitucion Española 1978,Constitucion Española,151,JURIDICO
GENERAL,5,Constitucion Española 1978,Constitucion Española,152,JURIDICO
GENERAL,5,Constitucion Española 1978,Constitucion Española,153,JURIDICO
GENERAL,5,Constitucion Española 1978,Constitucion Española,154,JURIDICO
GENERAL,5,Constitucion Española 1978,Constitucion Española,155,JURIDICO
GENERAL,5,Constitucion Española 1978,Constitucion Española,156,JURIDICO
GENERAL,5,Constitucion Española 1978,Constitucion Española,157,JURIDICO
GENERAL,5,Constitucion Española 1978,Constitucion Española,158,JURIDICO
GENERAL,6,Estatuto de autonomia de la Comunitat Valenciana,"Ley Organica 5/1982, de 1 de julio",1,JURIDICO
GENERAL,6,Estatuto de autonomia de la Comunitat Valenciana,"Ley Organica 5/1982, de 1 de julio",2,JURIDICO
GENERAL,6,Estatuto de autonomia de la Comunitat Valenciana,"Ley Organica 5/1982, de 1 de julio",3,JURIDICO
GENERAL,6,Estatuto de autonomia de la Comunitat Valenciana,"Ley Organica 5/1982, de 1 de julio",4,JURIDICO
GENERAL,6,Estatuto de autonomia de la Comunitat Valenciana,"Ley Organica 5/1982, de 1 de julio",5,JURIDICO
GENERAL,6,Estatuto de autonomia de la Comunitat Valenciana,"Ley Organica 5/1982, de 1 de julio",6,JURIDICO
GENERAL,6,Estatuto de autonomia de la Comunitat Valenciana,"Ley Organica 5/1982, de 1 de julio",7,JURIDICO
GENERAL,6,Estatuto de autonomia de la Comunitat Valenciana,"Ley Organica 5/1982, de 1 de julio",8,JURIDICO
GENERAL,6,Estatuto de autonomia de la Comunitat Valenciana,"Ley Organica 5/1982, de 1 de julio",9,JURIDICO
GENERAL,6,Estatuto de autonomia de la Comunitat Valenciana,"Ley Organica 5/1982, de 1 de julio",10,JURIDICO
GENERAL,6,Estatuto de autonomia de la Comunitat Valenciana,"Ley Organica 5/1982, de 1 de julio",11,JURIDICO
GENERAL,6,Estatuto de autonomia de la Comunitat Valenciana,"Ley Organica 5/1982, de 1 de julio",12,JURIDICO
GENERAL,6,Estatuto de autonomia de la Comunitat Valenciana,"Ley Organica 5/1982, de 1 de julio",13,JURIDICO
GENERAL,6,Estatuto de autonomia de la Comunitat Valenciana,"Ley Organica 5/1982, de 1 de julio",14,JURIDICO
GENERAL,6,Estatuto de autonomia de la Comunitat Valenciana,"Ley Organica 5/1982, de 1 de julio",15,JURIDICO
GENERAL,6,Estatuto de autonomia de la Comunitat Valenciana,"Ley Organica 5/1982, de 1 de julio",16,JURIDICO
GENERAL,6,Estatuto de autonomia de la Comunitat Valenciana,"Ley Organica 5/1982, de 1 de julio",17,JURIDICO
GENERAL,6,Estatuto de autonomia de la Comunitat Valenciana,"Ley Organica 5/1982, de 1 de julio",18,JURIDICO
GENERAL,6,Estatuto de autonomia de la Comunitat Valenciana,"Ley Organica 5/1982, de 1 de julio",19,JURIDICO
GENERAL,6,Estatuto de autonomia de la Comunitat Valenciana,"Ley Organica 5/1982, de 1 de julio",20,JURIDICO
GENERAL,6,Estatuto de autonomia de la Comunitat Valenciana,"Ley Organica 5/1982, de 1 de julio",21,JURIDICO
GENERAL,6,Estatuto de autonomia de la Comunitat Valenciana,"Ley Organica 5/1982, de 1 de julio",22,JURIDICO
GENERAL,6,Estatuto de autonomia de la Comunitat Valenciana,"Ley Organica 5/1982, de 1 de julio",23,JURIDICO
GENERAL,6,Estatuto de autonomia de la Comunitat Valenciana,"Ley Organica 5/1982, de 1 de julio",24,JURIDICO
GENERAL,6,Estatuto de autonomia de la Comunitat Valenciana,"Ley Organica 5/1982, de 1 de julio",25,JURIDICO
GENERAL,6,Estatuto de autonomia de la Comunitat Valenciana,"Ley Organica 5/1982, de 1 de julio",26,JURIDICO
GENERAL,6,Estatuto de autonomia de la Comunitat Valenciana,"Ley Organica 5/1982, de 1 de julio",27,JURIDICO
GENERAL,6,Estatuto de autonomia de la Comunitat Valenciana,"Ley Organica 5/1982, de 1 de julio",28,JURIDICO
GENERAL,6,Estatuto de autonomia de la Comunitat Valenciana,"Ley Organica 5/1982, de 1 de julio",29,JURIDICO
GENERAL,6,Estatuto de autonomia de la Comunitat Valenciana,"Ley Organica 5/1982, de 1 de julio",30,JURIDICO
GENERAL,6,Estatuto de autonomia de la Comunitat Valenciana,"Ley Organica 5/1982, de 1 de julio",31,JURIDICO
GENERAL,6,Estatuto de autonomia de la Comunitat Valenciana,"Ley Organica 5/1982, de 1 de julio",32,JURIDICO
GENERAL,6,Estatuto de autonomia de la Comunitat Valenciana,"Ley Organica 5/1982, de 1 de julio",33,JURIDICO
GENERAL,6,Estatuto de autonomia de la Comunitat Valenciana,"Ley Organica 5/1982, de 1 de julio",34,JURIDICO
GENERAL,6,Estatuto de autonomia de la Comunitat Valenciana,"Ley Organica 5/1982, de 1 de julio",35,JURIDICO
GENERAL,6,Estatuto de autonomia de la Comunitat Valenciana,"Ley Organica 5/1982, de 1 de julio",36,JURIDICO
GENERAL,6,Estatuto de autonomia de la Comunitat Valenciana,"Ley Organica 5/1982, de 1 de julio",37,JURIDICO
GENERAL,6,Estatuto de autonomia de la Comunitat Valenciana,"Ley Organica 5/1982, de 1 de julio",49,JURIDICO
GENERAL,6,Estatuto de autonomia de la Comunitat Valenciana,"Ley Organica 5/1982, de 1 de julio",50,JURIDICO
GENERAL,6,Estatuto de autonomia de la Comunitat Valenciana,"Ley Organica 5/1982, de 1 de julio",51,JURIDICO
GENERAL,6,Estatuto de autonomia de la Comunitat Valenciana,"Ley Organica 5/1982, de 1 de julio",52,JURIDICO
GENERAL,6,Estatuto de autonomia de la Comunitat Valenciana,"Ley Organica 5/1982, de 1 de julio",53,JURIDICO
GENERAL,6,Estatuto de autonomia de la Comunitat Valenciana,"Ley Organica 5/1982, de 1 de julio",54,JURIDICO
GENERAL,6,Estatuto de autonomia de la Comunitat Valenciana,"Ley Organica 5/1982, de 1 de julio",55,JURIDICO
GENERAL,6,Estatuto de autonomia de la Comunitat Valenciana,"Ley Organica 5/1982, de 1 de julio",56,JURIDICO
GENERAL,6,Estatuto de autonomia de la Comunitat Valenciana,"Ley Organica 5/1982, de 1 de julio",57,JURIDICO
GENERAL,6,Estatuto de autonomia de la Comunitat Valenciana,"Ley Organica 5/1982, de 1 de julio",58,JURIDICO
GENERAL,7,"La Ley 5/1983, de 30 de diciembre, del Consell:","Ley 5/1983, de 30 de diciembre",1,JURIDICO
GENERAL,7,"La Ley 5/1983, de 30 de diciembre, del Consell:","Ley 5/1983, de 30 de diciembre",2,JURIDICO
GENERAL,7,"La Ley 5/1983, de 30 de diciembre, del Consell:","Ley 5/1983, de 30 de diciembre",3,JURIDICO
GENERAL,7,"La Ley 5/1983, de 30 de diciembre, del Consell:","Ley 5/1983, de 30 de diciembre",4,JURIDICO
GENERAL,7,"La Ley 5/1983, de 30 de diciembre, del Consell:","Ley 5/1983, de 30 de diciembre",5,JURIDICO
GENERAL,7,"La Ley 5/1983, de 30 de diciembre, del Consell:","Ley 5/1983, de 30 de diciembre",6,JURIDICO
GENERAL,7,"La Ley 5/1983, de 30 de diciembre, del Consell:","Ley 5/1983, de 30 de diciembre",7,JURIDICO
GENERAL,7,"La Ley 5/1983, de 30 de diciembre, del Consell:","Ley 5/1983, de 30 de diciembre",8,JURIDICO
GENERAL,7,"La Ley 5/1983, de 30 de diciembre, del Consell:","Ley 5/1983, de 30 de diciembre",9,JURIDICO
GENERAL,7,"La Ley 5/1983, de 30 de diciembre, del Consell:","Ley 5/1983, de 30 de diciembre",10,JURIDICO
GENERAL,7,"La Ley 5/1983, de 30 de diciembre, del Consell:","Ley 5/1983, de 30 de diciembre",11,JURIDICO
GENERAL,7,"La Ley 5/1983, de 30 de diciembre, del Consell:","Ley 5/1983, de 30 de diciembre",12,JURIDICO
GENERAL,7,"La Ley 5/1983, de 30 de diciembre, del Consell:","Ley 5/1983, de 30 de diciembre",13,JURIDICO
GENERAL,7,"La Ley 5/1983, de 30 de diciembre, del Consell:","Ley 5/1983, de 30 de diciembre",14,JURIDICO
GENERAL,7,"La Ley 5/1983, de 30 de diciembre, del Consell:","Ley 5/1983, de 30 de diciembre",15,JURIDICO
GENERAL,7,"La Ley 5/1983, de 30 de diciembre, del Consell:","Ley 5/1983, de 30 de diciembre",16,JURIDICO
GENERAL,7,"La Ley 5/1983, de 30 de diciembre, del Consell:","Ley 5/1983, de 30 de diciembre",17,JURIDICO
GENERAL,7,"La Ley 5/1983, de 30 de diciembre, del Consell:","Ley 5/1983, de 30 de diciembre",18,JURIDICO
GENERAL,7,"La Ley 5/1983, de 30 de diciembre, del Consell:","Ley 5/1983, de 30 de diciembre",19,JURIDICO
GENERAL,7,"La Ley 5/1983, de 30 de diciembre, del Consell:","Ley 5/1983, de 30 de diciembre",20,JURIDICO
GENERAL,7,"La Ley 5/1983, de 30 de diciembre, del Consell:","Ley 5/1983, de 30 de diciembre",21,JURIDICO
GENERAL,7,"La Ley 5/1983, de 30 de diciembre, del Consell:","Ley 5/1983, de 30 de diciembre",22,JURIDICO
GENERAL,7,"La Ley 5/1983, de 30 de diciembre, del Consell:","Ley 5/1983, de 30 de diciembre",23,JURIDICO
GENERAL,7,"La Ley 5/1983, de 30 de diciembre, del Consell:","Ley 5/1983, de 30 de diciembre",24,JURIDICO
GENERAL,7,"La Ley 5/1983, de 30 de diciembre, del Consell:","Ley 5/1983, de 30 de diciembre",25,JURIDICO
GENERAL,7,"La Ley 5/1983, de 30 de diciembre, del Consell:","Ley 5/1983, de 30 de diciembre",26,JURIDICO
GENERAL,7,"La Ley 5/1983, de 30 de diciembre, del Consell:","Ley 5/1983, de 30 de diciembre",31,JURIDICO
GENERAL,7,"La Ley 5/1983, de 30 de diciembre, del Consell:","Ley 5/1983, de 30 de diciembre",32,JURIDICO
GENERAL,7,"La Ley 5/1983, de 30 de diciembre, del Consell:","Ley 5/1983, de 30 de diciembre",33,JURIDICO
GENERAL,7,"La Ley 5/1983, de 30 de diciembre, del Consell:","Ley 5/1983, de 30 de diciembre",34,JURIDICO
GENERAL,7,"La Ley 5/1983, de 30 de diciembre, del Consell:","Ley 5/1983, de 30 de diciembre",35,JURIDICO
GENERAL,7,"La Ley 5/1983, de 30 de diciembre, del Consell:","Ley 5/1983, de 30 de diciembre",36,JURIDICO
GENERAL,7,"La Ley 5/1983, de 30 de diciembre, del Consell:","Ley 5/1983, de 30 de diciembre",37,JURIDICO
GENERAL,7,"La Ley 5/1983, de 30 de diciembre, del Consell:","Ley 5/1983, de 30 de diciembre",38,JURIDICO
GENERAL,7,"La Ley 5/1983, de 30 de diciembre, del Consell:","Ley 5/1983, de 30 de diciembre",39,JURIDICO
GENERAL,7,"La Ley 5/1983, de 30 de diciembre, del Consell:","Ley 5/1983, de 30 de diciembre",40,JURIDICO
GENERAL,7,"La Ley 5/1983, de 30 de diciembre, del Consell:","Ley 5/1983, de 30 de diciembre",41,JURIDICO
GENERAL,7,"La Ley 5/1983, de 30 de diciembre, del Consell:","Ley 5/1983, de 30 de diciembre",42,JURIDICO
GENERAL,7,"La Ley 5/1983, de 30 de diciembre, del Consell:","Ley 5/1983, de 30 de diciembre",43,JURIDICO
GENERAL,7,"La Ley 5/1983, de 30 de diciembre, del Consell:","Ley 5/1983, de 30 de diciembre",44,JURIDICO
GENERAL,7,"La Ley 5/1983, de 30 de diciembre, del Consell:","Ley 5/1983, de 30 de diciembre",45,JURIDICO
GENERAL,7,"La Ley 5/1983, de 30 de diciembre, del Consell:","Ley 5/1983, de 30 de diciembre",46,JURIDICO
GENERAL,7,"La Ley 5/1983, de 30 de diciembre, del Consell:","Ley 5/1983, de 30 de diciembre",47,JURIDICO
GENERAL,7,"La Ley 5/1983, de 30 de diciembre, del Consell:","Ley 5/1983, de 30 de diciembre",48,JURIDICO
GENERAL,7,"La Ley 5/1983, de 30 de diciembre, del Consell:","Ley 5/1983, de 30 de diciembre",49,JURIDICO
GENERAL,7,"La Ley 5/1983, de 30 de diciembre, del Consell:","Ley 5/1983, de 30 de diciembre",50,JURIDICO
GENERAL,7,"La Ley 5/1983, de 30 de diciembre, del Consell:","Ley 5/1983, de 30 de diciembre",51,JURIDICO
GENERAL,7,"La Ley 5/1983, de 30 de diciembre, del Consell:","Ley 5/1983, de 30 de diciembre",52,JURIDICO
GENERAL,7,"La Ley 5/1983, de 30 de diciembre, del Consell:","Ley 5/1983, de 30 de diciembre",59,JURIDICO
GENERAL,8,"La Ley 5/1983, de 30 de diciembre, del Consell:","Ley 5/1983, de 30 de diciembre",27,JURIDICO
GENERAL,8,"La Ley 5/1983, de 30 de diciembre, del Consell:","Ley 5/1983, de 30 de diciembre",28,JURIDICO
GENERAL,8,"La Ley 5/1983, de 30 de diciembre, del Consell:","Ley 5/1983, de 30 de diciembre",29,JURIDICO
GENERAL,8,"La Ley 5/1983, de 30 de diciembre, del Consell:","Ley 5/1983, de 30 de diciembre",30,JURIDICO
GENERAL,8,"La Ley 5/1983, de 30 de diciembre, del Consell:","Ley 5/1983, de 30 de diciembre",60,JURIDICO
GENERAL,8,"La Ley 5/1983, de 30 de diciembre, del Consell:","Ley 5/1983, de 30 de diciembre",61,JURIDICO
GENERAL,8,"La Ley 5/1983, de 30 de diciembre, del Consell:","Ley 5/1983, de 30 de diciembre",62,JURIDICO
GENERAL,8,"La Ley 5/1983, de 30 de diciembre, del Consell:","Ley 5/1983, de 30 de diciembre",63,JURIDICO
GENERAL,8,"La Ley 5/1983, de 30 de diciembre, del Consell:","Ley 5/1983, de 30 de diciembre",64,JURIDICO
GENERAL,8,"La Ley 5/1983, de 30 de diciembre, del Consell:","Ley 5/1983, de 30 de diciembre",65,JURIDICO
GENERAL,8,"La Ley 5/1983, de 30 de diciembre, del Consell:","Ley 5/1983, de 30 de diciembre",66,JURIDICO
GENERAL,8,"La Ley 5/1983, de 30 de diciembre, del Consell:","Ley 5/1983, de 30 de diciembre",67,JURIDICO
GENERAL,8,"La Ley 5/1983, de 30 de diciembre, del Consell:","Ley 5/1983, de 30 de diciembre",68,JURIDICO
GENERAL,8,"La Ley 5/1983, de 30 de diciembre, del Consell:","Ley 5/1983, de 30 de diciembre",69,JURIDICO
GENERAL,8,"La Ley 5/1983, de 30 de diciembre, del Consell:","Ley 5/1983, de 30 de diciembre",70,JURIDICO
GENERAL,8,"La Ley 5/1983, de 30 de diciembre, del Consell:","Ley 5/1983, de 30 de diciembre",71,JURIDICO
GENERAL,8,"La Ley 5/1983, de 30 de diciembre, del Consell:","Ley 5/1983, de 30 de diciembre",72,JURIDICO
GENERAL,8,"La Ley 5/1983, de 30 de diciembre, del Consell:","Ley 5/1983, de 30 de diciembre",73,JURIDICO
GENERAL,8,"La Ley 5/1983, de 30 de diciembre, del Consell:","Ley 5/1983, de 30 de diciembre",74,JURIDICO
GENERAL,8,"La Ley 5/1983, de 30 de diciembre, del Consell:","Ley 5/1983, de 30 de diciembre",75,JURIDICO
GENERAL,8,"La Ley 5/1983, de 30 de diciembre, del Consell:","Ley 5/1983, de 30 de diciembre",76,JURIDICO
GENERAL,8,"La Ley 5/1983, de 30 de diciembre, del Consell:","Ley 5/1983, de 30 de diciembre",77,JURIDICO
GENERAL,8,"La Ley 5/1983, de 30 de diciembre, del Consell:","Ley 5/1983, de 30 de diciembre",78,JURIDICO
GENERAL,8,"La Ley 5/1983, de 30 de diciembre, del Consell:","Ley 5/1983, de 30 de diciembre",79,JURIDICO
GENERAL,9,La Unión Europea. El Tratado de la Unión Europea y el Tratado de Funcionamiento de la Unión Europea.,TUE,1,JURIDICO
GENERAL,9,La Unión Europea. El Tratado de la Unión Europea y el Tratado de Funcionamiento de la Unión Europea.,TUE,2,JURIDICO
GENERAL,9,La Unión Europea. El Tratado de la Unión Europea y el Tratado de Funcionamiento de la Unión Europea.,TUE,3,JURIDICO
GENERAL,9,La Unión Europea. El Tratado de la Unión Europea y el Tratado de Funcionamiento de la Unión Europea.,TUE,4,JURIDICO
GENERAL,9,La Unión Europea. El Tratado de la Unión Europea y el Tratado de Funcionamiento de la Unión Europea.,TUE,5,JURIDICO
GENERAL,9,La Unión Europea. El Tratado de la Unión Europea y el Tratado de Funcionamiento de la Unión Europea.,TUE,6,JURIDICO
GENERAL,9,La Unión Europea. El Tratado de la Unión Europea y el Tratado de Funcionamiento de la Unión Europea.,TUE,7,JURIDICO
GENERAL,9,La Unión Europea. El Tratado de la Unión Europea y el Tratado de Funcionamiento de la Unión Europea.,TUE,8,JURIDICO
GENERAL,9,La Unión Europea. El Tratado de la Unión Europea y el Tratado de Funcionamiento de la Unión Europea.,TFUE,288,JURIDICO
GENERAL,9,La Unión Europea. El Tratado de la Unión Europea y el Tratado de Funcionamiento de la Unión Europea.,TFUE,289,JURIDICO
GENERAL,9,La Unión Europea. El Tratado de la Unión Europea y el Tratado de Funcionamiento de la Unión Europea.,TFUE,290,JURIDICO
GENERAL,9,La Unión Europea. El Tratado de la Unión Europea y el Tratado de Funcionamiento de la Unión Europea.,TFUE,291,JURIDICO
GENERAL,9,La Unión Europea. El Tratado de la Unión Europea y el Tratado de Funcionamiento de la Unión Europea.,TFUE,292,JURIDICO
GENERAL,9,La Unión Europea. El Tratado de la Unión Europea y el Tratado de Funcionamiento de la Unión Europea.,TFUE,293,JURIDICO
GENERAL,9,La Unión Europea. El Tratado de la Unión Europea y el Tratado de Funcionamiento de la Unión Europea.,TFUE,294,JURIDICO
GENERAL,9,La Unión Europea. El Tratado de la Unión Europea y el Tratado de Funcionamiento de la Unión Europea.,TFUE,295,JURIDICO
GENERAL,9,La Unión Europea. El Tratado de la Unión Europea y el Tratado de Funcionamiento de la Unión Europea.,TFUE,296,JURIDICO
GENERAL,9,La Unión Europea. El Tratado de la Unión Europea y el Tratado de Funcionamiento de la Unión Europea.,TFUE,297,JURIDICO
GENERAL,9,La Unión Europea. El Tratado de la Unión Europea y el Tratado de Funcionamiento de la Unión Europea.,TFUE,298,JURIDICO
GENERAL,9,La Unión Europea. El Tratado de la Unión Europea y el Tratado de Funcionamiento de la Unión Europea.,TFUE,299,JURIDICO
GENERAL,10,"La Ley Organica 3/2007, de 22 de marzo, para la igualdad efectiva de mujeres y hombres:","Ley Organica 3/2007, de 22 de marzo",1,JURIDICO
GENERAL,10,"La Ley Organica 3/2007, de 22 de marzo, para la igualdad efectiva de mujeres y hombres:","Ley Organica 3/2007, de 22 de marzo",2,JURIDICO
GENERAL,10,"La Ley Organica 3/2007, de 22 de marzo, para la igualdad efectiva de mujeres y hombres:","Ley Organica 3/2007, de 22 de marzo",3,JURIDICO
GENERAL,10,"La Ley Organica 3/2007, de 22 de marzo, para la igualdad efectiva de mujeres y hombres:","Ley Organica 3/2007, de 22 de marzo",4,JURIDICO
GENERAL,10,"La Ley Organica 3/2007, de 22 de marzo, para la igualdad efectiva de mujeres y hombres:","Ley Organica 3/2007, de 22 de marzo",5,JURIDICO
GENERAL,10,"La Ley Organica 3/2007, de 22 de marzo, para la igualdad efectiva de mujeres y hombres:","Ley Organica 3/2007, de 22 de marzo",6,JURIDICO
GENERAL,10,"La Ley Organica 3/2007, de 22 de marzo, para la igualdad efectiva de mujeres y hombres:","Ley Organica 3/2007, de 22 de marzo",7,JURIDICO
GENERAL,10,"La Ley Organica 3/2007, de 22 de marzo, para la igualdad efectiva de mujeres y hombres:","Ley Organica 3/2007, de 22 de marzo",8,JURIDICO
GENERAL,10,"La Ley Organica 3/2007, de 22 de marzo, para la igualdad efectiva de mujeres y hombres:","Ley Organica 3/2007, de 22 de marzo",9,JURIDICO
GENERAL,10,"La Ley Organica 3/2007, de 22 de marzo, para la igualdad efectiva de mujeres y hombres:","Ley Organica 3/2007, de 22 de marzo",10,JURIDICO
GENERAL,10,"La Ley Organica 3/2007, de 22 de marzo, para la igualdad efectiva de mujeres y hombres:","Ley Organica 3/2007, de 22 de marzo",11,JURIDICO
GENERAL,10,"La Ley Organica 3/2007, de 22 de marzo, para la igualdad efectiva de mujeres y hombres:","Ley Organica 3/2007, de 22 de marzo",12,JURIDICO
GENERAL,10,"La Ley Organica 3/2007, de 22 de marzo, para la igualdad efectiva de mujeres y hombres:","Ley Organica 3/2007, de 22 de marzo",13,JURIDICO
GENERAL,10,"La Ley Organica 3/2007, de 22 de marzo, para la igualdad efectiva de mujeres y hombres:","Ley Organica 3/2007, de 22 de marzo",14,JURIDICO
GENERAL,10,"La Ley Organica 3/2007, de 22 de marzo, para la igualdad efectiva de mujeres y hombres:","Ley Organica 3/2007, de 22 de marzo",15,JURIDICO
GENERAL,10,"La Ley Organica 3/2007, de 22 de marzo, para la igualdad efectiva de mujeres y hombres:","Ley Organica 3/2007, de 22 de marzo",16,JURIDICO
GENERAL,10,"La Ley Organica 3/2007, de 22 de marzo, para la igualdad efectiva de mujeres y hombres:","Ley Organica 3/2007, de 22 de marzo",17,JURIDICO
GENERAL,10,"La Ley Organica 3/2007, de 22 de marzo, para la igualdad efectiva de mujeres y hombres:","Ley Organica 3/2007, de 22 de marzo",18,JURIDICO
GENERAL,10,"La Ley Organica 3/2007, de 22 de marzo, para la igualdad efectiva de mujeres y hombres:","Ley Organica 3/2007, de 22 de marzo",19,JURIDICO
GENERAL,10,"La Ley Organica 3/2007, de 22 de marzo, para la igualdad efectiva de mujeres y hombres:","Ley Organica 3/2007, de 22 de marzo",20,JURIDICO
GENERAL,10,"La Ley Organica 3/2007, de 22 de marzo, para la igualdad efectiva de mujeres y hombres:","Ley Organica 3/2007, de 22 de marzo",21,JURIDICO
GENERAL,10,"La Ley Organica 3/2007, de 22 de marzo, para la igualdad efectiva de mujeres y hombres:","Ley Organica 3/2007, de 22 de marzo",22,JURIDICO
GENERAL,10,"La Ley Organica 3/2007, de 22 de marzo, para la igualdad efectiva de mujeres y hombres:","Ley Organica 3/2007, de 22 de marzo",23,JURIDICO
GENERAL,10,"La Ley Organica 3/2007, de 22 de marzo, para la igualdad efectiva de mujeres y hombres:","Ley Organica 3/2007, de 22 de marzo",24,JURIDICO
GENERAL,10,"La Ley Organica 3/2007, de 22 de marzo, para la igualdad efectiva de mujeres y hombres:","Ley Organica 3/2007, de 22 de marzo",25,JURIDICO
GENERAL,10,"La Ley Organica 3/2007, de 22 de marzo, para la igualdad efectiva de mujeres y hombres:","Ley Organica 3/2007, de 22 de marzo",26,JURIDICO
GENERAL,10,"La Ley Organica 3/2007, de 22 de marzo, para la igualdad efectiva de mujeres y hombres:","Ley Organica 3/2007, de 22 de marzo",27,JURIDICO
GENERAL,10,"La Ley Organica 3/2007, de 22 de marzo, para la igualdad efectiva de mujeres y hombres:","Ley Organica 3/2007, de 22 de marzo",28,JURIDICO
GENERAL,10,"La Ley Organica 3/2007, de 22 de marzo, para la igualdad efectiva de mujeres y hombres:","Ley Organica 3/2007, de 22 de marzo",29,JURIDICO
GENERAL,10,"La Ley Organica 3/2007, de 22 de marzo, para la igualdad efectiva de mujeres y hombres:","Ley Organica 3/2007, de 22 de marzo",30,JURIDICO
GENERAL,10,"La Ley Organica 3/2007, de 22 de marzo, para la igualdad efectiva de mujeres y hombres:","Ley Organica 3/2007, de 22 de marzo",31,JURIDICO
GENERAL,10,"La Ley Organica 3/2007, de 22 de marzo, para la igualdad efectiva de mujeres y hombres:","Ley Organica 3/2007, de 22 de marzo",32,JURIDICO
GENERAL,10,"La Ley Organica 3/2007, de 22 de marzo, para la igualdad efectiva de mujeres y hombres:","Ley Organica 3/2007, de 22 de marzo",33,JURIDICO
GENERAL,10,"La Ley Organica 3/2007, de 22 de marzo, para la igualdad efectiva de mujeres y hombres:","Ley Organica 3/2007, de 22 de marzo",34,JURIDICO
GENERAL,10,"La Ley Organica 3/2007, de 22 de marzo, para la igualdad efectiva de mujeres y hombres:","Ley Organica 3/2007, de 22 de marzo",35,JURIDICO
GENERAL,10,"La Ley Organica 3/2007, de 22 de marzo, para la igualdad efectiva de mujeres y hombres:","Ley 9/2003, de 2 de abril",1,JURIDICO
GENERAL,10,"La Ley Organica 3/2007, de 22 de marzo, para la igualdad efectiva de mujeres y hombres:","Ley 9/2003, de 2 de abril",2,JURIDICO
GENERAL,10,"La Ley Organica 3/2007, de 22 de marzo, para la igualdad efectiva de mujeres y hombres:","Ley 9/2003, de 2 de abril",3,JURIDICO
GENERAL,10,"La Ley Organica 3/2007, de 22 de marzo, para la igualdad efectiva de mujeres y hombres:","Ley 9/2003, de 2 de abril",4,JURIDICO
GENERAL,10,"La Ley Organica 3/2007, de 22 de marzo, para la igualdad efectiva de mujeres y hombres:","Ley 9/2003, de 2 de abril",4 bis,JURIDICO
GENERAL,10,"La Ley Organica 3/2007, de 22 de marzo, para la igualdad efectiva de mujeres y hombres:","Ley 9/2003, de 2 de abril",42,JURIDICO
GENERAL,10,"La Ley Organica 3/2007, de 22 de marzo, para la igualdad efectiva de mujeres y hombres:","Ley 9/2003, de 2 de abril",43,JURIDICO
GENERAL,10,"La Ley Organica 3/2007, de 22 de marzo, para la igualdad efectiva de mujeres y hombres:","Ley 9/2003, de 2 de abril",44,JURIDICO
GENERAL,10,"La Ley Organica 3/2007, de 22 de marzo, para la igualdad efectiva de mujeres y hombres:","Ley 9/2003, de 2 de abril",45,JURIDICO
GENERAL,10,"La Ley Organica 3/2007, de 22 de marzo, para la igualdad efectiva de mujeres y hombres:","Ley 9/2003, de 2 de abril",46,JURIDICO
GENERAL,10,"La Ley Organica 3/2007, de 22 de marzo, para la igualdad efectiva de mujeres y hombres:","Ley 9/2003, de 2 de abril",47,JURIDICO
GENERAL,10,"La Ley Organica 3/2007, de 22 de marzo, para la igualdad efectiva de mujeres y hombres:","Ley 9/2003, de 2 de abril",48,JURIDICO
GENERAL,10,"La Ley Organica 3/2007, de 22 de marzo, para la igualdad efectiva de mujeres y hombres:","Ley 9/2003, de 2 de abril",49,JURIDICO
GENERAL,10,"La Ley Organica 3/2007, de 22 de marzo, para la igualdad efectiva de mujeres y hombres:","Ley 4/2023, de 28 de febrero",4,JURIDICO
GENERAL,10,"La Ley Organica 3/2007, de 22 de marzo, para la igualdad efectiva de mujeres y hombres:","Ley 4/2023, de 28 de febrero",11,JURIDICO
GENERAL,10,"La Ley Organica 3/2007, de 22 de marzo, para la igualdad efectiva de mujeres y hombres:","Ley 4/2023, de 28 de febrero",12,JURIDICO
GENERAL,10,"La Ley Organica 3/2007, de 22 de marzo, para la igualdad efectiva de mujeres y hombres:","Ley 4/2023, de 28 de febrero",13,JURIDICO
GENERAL,11,"La Ley Organica 3/2007, de 22 de marzo, para la igualdad efectiva de mujeres y hombres:","Ley Organica 1/2004, de 28 de diciembre",1,JURIDICO
GENERAL,11,"La Ley Organica 3/2007, de 22 de marzo, para la igualdad efectiva de mujeres y hombres:","Ley Organica 1/2004, de 28 de diciembre",2,JURIDICO
GENERAL,11,"La Ley Organica 3/2007, de 22 de marzo, para la igualdad efectiva de mujeres y hombres:","Ley Organica 1/2004, de 28 de diciembre",3,JURIDICO
GENERAL,11,"La Ley Organica 3/2007, de 22 de marzo, para la igualdad efectiva de mujeres y hombres:","Ley Organica 1/2004, de 28 de diciembre",4,JURIDICO
GENERAL,11,"La Ley Organica 3/2007, de 22 de marzo, para la igualdad efectiva de mujeres y hombres:","Ley Organica 1/2004, de 28 de diciembre",5,JURIDICO
GENERAL,11,"La Ley Organica 3/2007, de 22 de marzo, para la igualdad efectiva de mujeres y hombres:","Ley Organica 1/2004, de 28 de diciembre",6,JURIDICO
GENERAL,11,"La Ley Organica 3/2007, de 22 de marzo, para la igualdad efectiva de mujeres y hombres:","Ley Organica 1/2004, de 28 de diciembre",7,JURIDICO
GENERAL,11,"La Ley Organica 3/2007, de 22 de marzo, para la igualdad efectiva de mujeres y hombres:","Ley Organica 1/2004, de 28 de diciembre",8,JURIDICO
GENERAL,11,"La Ley Organica 3/2007, de 22 de marzo, para la igualdad efectiva de mujeres y hombres:","Ley Organica 1/2004, de 28 de diciembre",9,JURIDICO
GENERAL,11,"La Ley Organica 3/2007, de 22 de marzo, para la igualdad efectiva de mujeres y hombres:","Ley Organica 1/2004, de 28 de diciembre",10,JURIDICO
GENERAL,11,"La Ley Organica 3/2007, de 22 de marzo, para la igualdad efectiva de mujeres y hombres:","Ley Organica 1/2004, de 28 de diciembre",11,JURIDICO
GENERAL,11,"La Ley Organica 3/2007, de 22 de marzo, para la igualdad efectiva de mujeres y hombres:","Ley Organica 1/2004, de 28 de diciembre",12,JURIDICO
GENERAL,11,"La Ley Organica 3/2007, de 22 de marzo, para la igualdad efectiva de mujeres y hombres:","Ley Organica 1/2004, de 28 de diciembre",13,JURIDICO
GENERAL,11,"La Ley Organica 3/2007, de 22 de marzo, para la igualdad efectiva de mujeres y hombres:","Ley Organica 1/2004, de 28 de diciembre",14,JURIDICO
GENERAL,11,"La Ley Organica 3/2007, de 22 de marzo, para la igualdad efectiva de mujeres y hombres:","Ley Organica 1/2004, de 28 de diciembre",15,JURIDICO
GENERAL,11,"La Ley Organica 3/2007, de 22 de marzo, para la igualdad efectiva de mujeres y hombres:","Ley Organica 1/2004, de 28 de diciembre",16,JURIDICO
GENERAL,11,"La Ley Organica 3/2007, de 22 de marzo, para la igualdad efectiva de mujeres y hombres:","Ley Organica 1/2004, de 28 de diciembre",17,JURIDICO
GENERAL,11,"La Ley Organica 3/2007, de 22 de marzo, para la igualdad efectiva de mujeres y hombres:","Ley Organica 1/2004, de 28 de diciembre",18,JURIDICO
GENERAL,11,"La Ley Organica 3/2007, de 22 de marzo, para la igualdad efectiva de mujeres y hombres:","Ley Organica 1/2004, de 28 de diciembre",19,JURIDICO
GENERAL,11,"La Ley Organica 3/2007, de 22 de marzo, para la igualdad efectiva de mujeres y hombres:","Ley Organica 1/2004, de 28 de diciembre",20,JURIDICO
GENERAL,11,"La Ley Organica 3/2007, de 22 de marzo, para la igualdad efectiva de mujeres y hombres:","Ley Organica 1/2004, de 28 de diciembre",21,JURIDICO
GENERAL,11,"La Ley Organica 3/2007, de 22 de marzo, para la igualdad efectiva de mujeres y hombres:","Ley Organica 1/2004, de 28 de diciembre",22,JURIDICO
GENERAL,11,"La Ley Organica 3/2007, de 22 de marzo, para la igualdad efectiva de mujeres y hombres:","Ley Organica 1/2004, de 28 de diciembre",23,JURIDICO
GENERAL,11,"La Ley Organica 3/2007, de 22 de marzo, para la igualdad efectiva de mujeres y hombres:","Ley Organica 1/2004, de 28 de diciembre",24,JURIDICO
GENERAL,11,"La Ley Organica 3/2007, de 22 de marzo, para la igualdad efectiva de mujeres y hombres:","Ley Organica 1/2004, de 28 de diciembre",25,JURIDICO
GENERAL,11,"La Ley Organica 3/2007, de 22 de marzo, para la igualdad efectiva de mujeres y hombres:","Ley Organica 1/2004, de 28 de diciembre",26,JURIDICO
GENERAL,11,"La Ley Organica 3/2007, de 22 de marzo, para la igualdad efectiva de mujeres y hombres:","Ley Organica 1/2004, de 28 de diciembre",27,JURIDICO
GENERAL,11,"La Ley Organica 3/2007, de 22 de marzo, para la igualdad efectiva de mujeres y hombres:","Ley Organica 1/2004, de 28 de diciembre",28,JURIDICO
GENERAL,12,"Ley 19/2013, de 9 de diciembre, de transparencia","Ley 19/2013, de 9 de diciembre",1,JURIDICO
GENERAL,12,"Ley 19/2013, de 9 de diciembre, de transparencia","Ley 19/2013, de 9 de diciembre",2,JURIDICO
GENERAL,12,"Ley 19/2013, de 9 de diciembre, de transparencia","Ley 19/2013, de 9 de diciembre",3,JURIDICO
GENERAL,12,"Ley 19/2013, de 9 de diciembre, de transparencia","Ley 19/2013, de 9 de diciembre",4,JURIDICO
GENERAL,12,"Ley 19/2013, de 9 de diciembre, de transparencia","Ley 1/2022, de 13 de abril",1,JURIDICO
GENERAL,12,"Ley 19/2013, de 9 de diciembre, de transparencia","Ley 1/2022, de 13 de abril",2,JURIDICO
GENERAL,12,"Ley 19/2013, de 9 de diciembre, de transparencia","Ley 1/2022, de 13 de abril",3,JURIDICO
GENERAL,12,"Ley 19/2013, de 9 de diciembre, de transparencia","Ley 1/2022, de 13 de abril",4,JURIDICO
GENERAL,12,"Ley 19/2013, de 9 de diciembre, de transparencia","Ley 1/2022, de 13 de abril",5,JURIDICO
GENERAL,12,"Ley 19/2013, de 9 de diciembre, de transparencia","Ley 1/2022, de 13 de abril",6,JURIDICO
GENERAL,12,"Ley 19/2013, de 9 de diciembre, de transparencia","Ley 1/2022, de 13 de abril",7,JURIDICO
GENERAL,12,"Ley 19/2013, de 9 de diciembre, de transparencia","Ley 1/2022, de 13 de abril",8,JURIDICO
GENERAL,12,"Ley 19/2013, de 9 de diciembre, de transparencia","Ley 1/2022, de 13 de abril",9,JURIDICO
GENERAL,12,"Ley 19/2013, de 9 de diciembre, de transparencia","Ley 1/2022, de 13 de abril",10,JURIDICO
GENERAL,12,"Ley 19/2013, de 9 de diciembre, de transparencia","Ley 1/2022, de 13 de abril",11,JURIDICO
GENERAL,12,"Ley 19/2013, de 9 de diciembre, de transparencia","Ley 1/2022, de 13 de abril",12,JURIDICO
GENERAL,12,"Ley 19/2013, de 9 de diciembre, de transparencia","Ley 1/2022, de 13 de abril",13,JURIDICO
GENERAL,12,"Ley 19/2013, de 9 de diciembre, de transparencia","Ley 1/2022, de 13 de abril",14,JURIDICO
GENERAL,12,"Ley 19/2013, de 9 de diciembre, de transparencia","Ley 1/2022, de 13 de abril",15,JURIDICO
GENERAL,12,"Ley 19/2013, de 9 de diciembre, de transparencia","Ley 1/2022, de 13 de abril",16,JURIDICO
GENERAL,12,"Ley 19/2013, de 9 de diciembre, de transparencia","Ley 1/2022, de 13 de abril",17,JURIDICO
GENERAL,12,"Ley 19/2013, de 9 de diciembre, de transparencia","Ley 1/2022, de 13 de abril",18,JURIDICO
GENERAL,12,"Ley 19/2013, de 9 de diciembre, de transparencia","Ley 1/2022, de 13 de abril",19,JURIDICO
GENERAL,12,"Ley 19/2013, de 9 de diciembre, de transparencia","Ley 1/2022, de 13 de abril",20,JURIDICO
GENERAL,12,"Ley 19/2013, de 9 de diciembre, de transparencia","Ley 1/2022, de 13 de abril",21,JURIDICO
GENERAL,12,"Ley 19/2013, de 9 de diciembre, de transparencia","Ley 1/2022, de 13 de abril",22,JURIDICO
GENERAL,12,"Ley 19/2013, de 9 de diciembre, de transparencia","Ley 1/2022, de 13 de abril",23,JURIDICO
GENERAL,12,"Ley 19/2013, de 9 de diciembre, de transparencia","Ley 1/2022, de 13 de abril",24,JURIDICO
GENERAL,12,"Ley 19/2013, de 9 de diciembre, de transparencia","Ley 1/2022, de 13 de abril",25,JURIDICO
GENERAL,12,"Ley 19/2013, de 9 de diciembre, de transparencia","Ley 1/2022, de 13 de abril",26,JURIDICO
GENERAL,12,"Ley 19/2013, de 9 de diciembre, de transparencia","Ley 1/2022, de 13 de abril",27,JURIDICO
GENERAL,12,"Ley 19/2013, de 9 de diciembre, de transparencia","Ley 1/2022, de 13 de abril",28,JURIDICO
GENERAL,12,"Ley 19/2013, de 9 de diciembre, de transparencia","Ley 1/2022, de 13 de abril",29,JURIDICO
GENERAL,12,"Ley 19/2013, de 9 de diciembre, de transparencia","Ley 1/2022, de 13 de abril",30,JURIDICO
GENERAL,12,"Ley 19/2013, de 9 de diciembre, de transparencia","Ley 1/2022, de 13 de abril",31,JURIDICO
GENERAL,12,"Ley 19/2013, de 9 de diciembre, de transparencia","Ley 1/2022, de 13 de abril",32,JURIDICO
GENERAL,12,"Ley 19/2013, de 9 de diciembre, de transparencia","Ley 1/2022, de 13 de abril",33,JURIDICO
GENERAL,12,"Ley 19/2013, de 9 de diciembre, de transparencia","Ley 1/2022, de 13 de abril",34,JURIDICO
GENERAL,12,"Ley 19/2013, de 9 de diciembre, de transparencia","Ley 1/2022, de 13 de abril",35,JURIDICO
GENERAL,12,"Ley 19/2013, de 9 de diciembre, de transparencia","Ley 1/2022, de 13 de abril",36,JURIDICO
GENERAL,12,"Ley 19/2013, de 9 de diciembre, de transparencia","Ley 1/2022, de 13 de abril",37,JURIDICO
GENERAL,12,"Ley 19/2013, de 9 de diciembre, de transparencia","Ley 1/2022, de 13 de abril",38,JURIDICO
GENERAL,12,"Ley 19/2013, de 9 de diciembre, de transparencia","Ley 1/2022, de 13 de abril",39,JURIDICO
GENERAL,12,"Ley 19/2013, de 9 de diciembre, de transparencia","Ley 1/2022, de 13 de abril",40,JURIDICO
GENERAL,12,"Ley 19/2013, de 9 de diciembre, de transparencia","Ley 1/2022, de 13 de abril",41,JURIDICO
GENERAL,12,"Ley 19/2013, de 9 de diciembre, de transparencia","Ley 1/2022, de 13 de abril",42,JURIDICO
GENERAL,12,"Ley 19/2013, de 9 de diciembre, de transparencia","Ley 1/2022, de 13 de abril",43,JURIDICO
GENERAL,12,"Ley 19/2013, de 9 de diciembre, de transparencia","Ley 1/2022, de 13 de abril",44,JURIDICO
GENERAL,12,"Ley 19/2013, de 9 de diciembre, de transparencia","Ley 1/2022, de 13 de abril",45,JURIDICO
GENERAL,12,"Ley 19/2013, de 9 de diciembre, de transparencia","Ley 1/2022, de 13 de abril",46,JURIDICO
GENERAL,12,"Ley 19/2013, de 9 de diciembre, de transparencia","Ley 1/2022, de 13 de abril",47,JURIDICO
GENERAL,12,"Ley 19/2013, de 9 de diciembre, de transparencia","Ley 1/2022, de 13 de abril",48,JURIDICO
GENERAL,12,"Ley 19/2013, de 9 de diciembre, de transparencia","Ley 1/2022, de 13 de abril",49,JURIDICO
GENERAL,12,"Ley 19/2013, de 9 de diciembre, de transparencia","Ley 1/2022, de 13 de abril",50,JURIDICO
GENERAL,12,"Ley 19/2013, de 9 de diciembre, de transparencia","Ley 1/2022, de 13 de abril",51,JURIDICO
GENERAL,12,"Ley 19/2013, de 9 de diciembre, de transparencia","Ley 1/2022, de 13 de abril",52,JURIDICO
GENERAL,12,"Ley 19/2013, de 9 de diciembre, de transparencia","Ley 1/2022, de 13 de abril",53,JURIDICO
GENERAL,12,"Ley 19/2013, de 9 de diciembre, de transparencia","Ley 1/2022, de 13 de abril",54,JURIDICO
GENERAL,12,"Ley 19/2013, de 9 de diciembre, de transparencia","Ley 1/2022, de 13 de abril",55,JURIDICO
GENERAL,12,"Ley 19/2013, de 9 de diciembre, de transparencia","Ley 1/2022, de 13 de abril",56,JURIDICO
GENERAL,12,"Ley 19/2013, de 9 de diciembre, de transparencia","Ley 1/2022, de 13 de abril",57,JURIDICO
GENERAL,12,"Ley 19/2013, de 9 de diciembre, de transparencia","Ley 1/2022, de 13 de abril",58,JURIDICO
GENERAL,12,"Ley 19/2013, de 9 de diciembre, de transparencia","Ley 1/2022, de 13 de abril",59,JURIDICO
GENERAL,12,"Ley 19/2013, de 9 de diciembre, de transparencia","Ley 1/2022, de 13 de abril",60,JURIDICO
GENERAL,12,"Ley 19/2013, de 9 de diciembre, de transparencia","Ley 1/2022, de 13 de abril",61,JURIDICO
GENERAL,12,"Ley 19/2013, de 9 de diciembre, de transparencia","Ley 1/2022, de 13 de abril",62,JURIDICO
GENERAL,12,"Ley 19/2013, de 9 de diciembre, de transparencia","Ley 1/2022, de 13 de abril",63,JURIDICO
GENERAL,12,"Ley 19/2013, de 9 de diciembre, de transparencia","Ley 1/2022, de 13 de abril",64,JURIDICO
GENERAL,12,"Ley 19/2013, de 9 de diciembre, de transparencia","Ley 1/2022, de 13 de abril",65,JURIDICO
GENERAL,12,"Ley 19/2013, de 9 de diciembre, de transparencia","Ley 1/2022, de 13 de abril",66,JURIDICO
GENERAL,12,"Ley 19/2013, de 9 de diciembre, de transparencia","Ley 1/2022, de 13 de abril",67,JURIDICO
GENERAL,12,"Ley 19/2013, de 9 de diciembre, de transparencia","Ley 1/2022, de 13 de abril",68,JURIDICO
GENERAL,12,"Ley 19/2013, de 9 de diciembre, de transparencia","Ley 1/2022, de 13 de abril",69,JURIDICO
GENERAL,12,"Ley 19/2013, de 9 de diciembre, de transparencia","Ley 1/2022, de 13 de abril",70,JURIDICO
GENERAL,12,"Ley 19/2013, de 9 de diciembre, de transparencia","Ley 1/2022, de 13 de abril",71,JURIDICO
GENERAL,12,"Ley 19/2013, de 9 de diciembre, de transparencia","Ley 1/2022, de 13 de abril",72,JURIDICO
GENERAL,12,"Ley 19/2013, de 9 de diciembre, de transparencia","Ley 1/2022, de 13 de abril",73,JURIDICO
GENERAL,12,"Ley 19/2013, de 9 de diciembre, de transparencia","Ley 1/2022, de 13 de abril",74,JURIDICO
GENERAL,12,"Ley 19/2013, de 9 de diciembre, de transparencia","Ley 1/2022, de 13 de abril",75,JURIDICO
GENERAL,12,"Ley 19/2013, de 9 de diciembre, de transparencia","Ley 1/2022, de 13 de abril",76,JURIDICO
ESPECIAL,1,"La Ley 39/2015, de 1 de octubre, del procedimiento administrativo común de las Administraciones Públicas","La Ley 39/2015, de 1 de octubre",1,JURIDICO
ESPECIAL,1,"La Ley 39/2015, de 1 de octubre, del procedimiento administrativo común de las Administraciones Públicas","La Ley 39/2015, de 1 de octubre",2,JURIDICO
ESPECIAL,1,"La Ley 39/2015, de 1 de octubre, del procedimiento administrativo común de las Administraciones Públicas","La Ley 39/2015, de 1 de octubre",3,JURIDICO
ESPECIAL,1,"La Ley 39/2015, de 1 de octubre, del procedimiento administrativo común de las Administraciones Públicas","La Ley 39/2015, de 1 de octubre",4,JURIDICO
ESPECIAL,1,"La Ley 39/2015, de 1 de octubre, del procedimiento administrativo común de las Administraciones Públicas","La Ley 39/2015, de 1 de octubre",5,JURIDICO
ESPECIAL,1,"La Ley 39/2015, de 1 de octubre, del procedimiento administrativo común de las Administraciones Públicas","La Ley 39/2015, de 1 de octubre",6,JURIDICO
ESPECIAL,1,"La Ley 39/2015, de 1 de octubre, del procedimiento administrativo común de las Administraciones Públicas","La Ley 39/2015, de 1 de octubre",7,JURIDICO
ESPECIAL,1,"La Ley 39/2015, de 1 de octubre, del procedimiento administrativo común de las Administraciones Públicas","La Ley 39/2015, de 1 de octubre",8,JURIDICO
ESPECIAL,1,"La Ley 39/2015, de 1 de octubre, del procedimiento administrativo común de las Administraciones Públicas","La Ley 39/2015, de 1 de octubre",9,JURIDICO
ESPECIAL,1,"La Ley 39/2015, de 1 de octubre, del procedimiento administrativo común de las Administraciones Públicas","La Ley 39/2015, de 1 de octubre",10,JURIDICO
ESPECIAL,1,"La Ley 39/2015, de 1 de octubre, del procedimiento administrativo común de las Administraciones Públicas","La Ley 39/2015, de 1 de octubre",11,JURIDICO
ESPECIAL,1,"La Ley 39/2015, de 1 de octubre, del procedimiento administrativo común de las Administraciones Públicas","La Ley 39/2015, de 1 de octubre",12,JURIDICO
ESPECIAL,1,"La Ley 39/2015, de 1 de octubre, del procedimiento administrativo común de las Administraciones Públicas","La Ley 39/2015, de 1 de octubre",13,JURIDICO
ESPECIAL,1,"La Ley 39/2015, de 1 de octubre, del procedimiento administrativo común de las Administraciones Públicas","La Ley 39/2015, de 1 de octubre",14,JURIDICO
ESPECIAL,1,"La Ley 39/2015, de 1 de octubre, del procedimiento administrativo común de las Administraciones Públicas","La Ley 39/2015, de 1 de octubre",15,JURIDICO
ESPECIAL,1,"La Ley 39/2015, de 1 de octubre, del procedimiento administrativo común de las Administraciones Públicas","La Ley 39/2015, de 1 de octubre",16,JURIDICO
ESPECIAL,1,"La Ley 39/2015, de 1 de octubre, del procedimiento administrativo común de las Administraciones Públicas","La Ley 39/2015, de 1 de octubre",17,JURIDICO
ESPECIAL,1,"La Ley 39/2015, de 1 de octubre, del procedimiento administrativo común de las Administraciones Públicas","La Ley 39/2015, de 1 de octubre",18,JURIDICO
ESPECIAL,1,"La Ley 39/2015, de 1 de octubre, del procedimiento administrativo común de las Administraciones Públicas","La Ley 39/2015, de 1 de octubre",19,JURIDICO
ESPECIAL,1,"La Ley 39/2015, de 1 de octubre, del procedimiento administrativo común de las Administraciones Públicas","La Ley 39/2015, de 1 de octubre",20,JURIDICO
ESPECIAL,1,"La Ley 39/2015, de 1 de octubre, del procedimiento administrativo común de las Administraciones Públicas","La Ley 39/2015, de 1 de octubre",21,JURIDICO
ESPECIAL,1,"La Ley 39/2015, de 1 de octubre, del procedimiento administrativo común de las Administraciones Públicas","La Ley 39/2015, de 1 de octubre",22,JURIDICO
ESPECIAL,1,"La Ley 39/2015, de 1 de octubre, del procedimiento administrativo común de las Administraciones Públicas","La Ley 39/2015, de 1 de octubre",23,JURIDICO
ESPECIAL,1,"La Ley 39/2015, de 1 de octubre, del procedimiento administrativo común de las Administraciones Públicas","La Ley 39/2015, de 1 de octubre",24,JURIDICO
ESPECIAL,1,"La Ley 39/2015, de 1 de octubre, del procedimiento administrativo común de las Administraciones Públicas","La Ley 39/2015, de 1 de octubre",25,JURIDICO
ESPECIAL,1,"La Ley 39/2015, de 1 de octubre, del procedimiento administrativo común de las Administraciones Públicas","La Ley 39/2015, de 1 de octubre",26,JURIDICO
ESPECIAL,1,"La Ley 39/2015, de 1 de octubre, del procedimiento administrativo común de las Administraciones Públicas","La Ley 39/2015, de 1 de octubre",27,JURIDICO
ESPECIAL,1,"La Ley 39/2015, de 1 de octubre, del procedimiento administrativo común de las Administraciones Públicas","La Ley 39/2015, de 1 de octubre",28,JURIDICO
ESPECIAL,1,"La Ley 39/2015, de 1 de octubre, del procedimiento administrativo común de las Administraciones Públicas","La Ley 39/2015, de 1 de octubre",29,JURIDICO
ESPECIAL,1,"La Ley 39/2015, de 1 de octubre, del procedimiento administrativo común de las Administraciones Públicas","La Ley 39/2015, de 1 de octubre",30,JURIDICO
ESPECIAL,1,"La Ley 39/2015, de 1 de octubre, del procedimiento administrativo común de las Administraciones Públicas","La Ley 39/2015, de 1 de octubre",31,JURIDICO
ESPECIAL,1,"La Ley 39/2015, de 1 de octubre, del procedimiento administrativo común de las Administraciones Públicas","La Ley 39/2015, de 1 de octubre",32,JURIDICO
ESPECIAL,2,"La Ley 39/2015, de 1 de octubre, del procedimiento administrativo común de las Administraciones Públicas","La Ley 39/2015, de 1 de octubre",33,JURIDICO
ESPECIAL,2,"La Ley 39/2015, de 1 de octubre, del procedimiento administrativo común de las Administraciones Públicas","La Ley 39/2015, de 1 de octubre",34,JURIDICO
ESPECIAL,2,"La Ley 39/2015, de 1 de octubre, del procedimiento administrativo común de las Administraciones Públicas","La Ley 39/2015, de 1 de octubre",35,JURIDICO
ESPECIAL,2,"La Ley 39/2015, de 1 de octubre, del procedimiento administrativo común de las Administraciones Públicas","La Ley 39/2015, de 1 de octubre",36,JURIDICO
ESPECIAL,2,"La Ley 39/2015, de 1 de octubre, del procedimiento administrativo común de las Administraciones Públicas","La Ley 39/2015, de 1 de octubre",37,JURIDICO
ESPECIAL,2,"La Ley 39/2015, de 1 de octubre, del procedimiento administrativo común de las Administraciones Públicas","La Ley 39/2015, de 1 de octubre",38,JURIDICO
ESPECIAL,2,"La Ley 39/2015, de 1 de octubre, del procedimiento administrativo común de las Administraciones Públicas","La Ley 39/2015, de 1 de octubre",39,JURIDICO
ESPECIAL,2,"La Ley 39/2015, de 1 de octubre, del procedimiento administrativo común de las Administraciones Públicas","La Ley 39/2015, de 1 de octubre",40,JURIDICO
ESPECIAL,2,"La Ley 39/2015, de 1 de octubre, del procedimiento administrativo común de las Administraciones Públicas","La Ley 39/2015, de 1 de octubre",41,JURIDICO
ESPECIAL,2,"La Ley 39/2015, de 1 de octubre, del procedimiento administrativo común de las Administraciones Públicas","La Ley 39/2015, de 1 de octubre",42,JURIDICO
ESPECIAL,2,"La Ley 39/2015, de 1 de octubre, del procedimiento administrativo común de las Administraciones Públicas","La Ley 39/2015, de 1 de octubre",43,JURIDICO
ESPECIAL,2,"La Ley 39/2015, de 1 de octubre, del procedimiento administrativo común de las Administraciones Públicas","La Ley 39/2015, de 1 de octubre",44,JURIDICO
ESPECIAL,2,"La Ley 39/2015, de 1 de octubre, del procedimiento administrativo común de las Administraciones Públicas","La Ley 39/2015, de 1 de octubre",45,JURIDICO
ESPECIAL,2,"La Ley 39/2015, de 1 de octubre, del procedimiento administrativo común de las Administraciones Públicas","La Ley 39/2015, de 1 de octubre",46,JURIDICO
ESPECIAL,2,"La Ley 39/2015, de 1 de octubre, del procedimiento administrativo común de las Administraciones Públicas","La Ley 39/2015, de 1 de octubre",47,JURIDICO
ESPECIAL,2,"La Ley 39/2015, de 1 de octubre, del procedimiento administrativo común de las Administraciones Públicas","La Ley 39/2015, de 1 de octubre",48,JURIDICO
ESPECIAL,2,"La Ley 39/2015, de 1 de octubre, del procedimiento administrativo común de las Administraciones Públicas","La Ley 39/2015, de 1 de octubre",49,JURIDICO
ESPECIAL,2,"La Ley 39/2015, de 1 de octubre, del procedimiento administrativo común de las Administraciones Públicas","La Ley 39/2015, de 1 de octubre",50,JURIDICO
ESPECIAL,2,"La Ley 39/2015, de 1 de octubre, del procedimiento administrativo común de las Administraciones Públicas","La Ley 39/2015, de 1 de octubre",51,JURIDICO
ESPECIAL,2,"La Ley 39/2015, de 1 de octubre, del procedimiento administrativo común de las Administraciones Públicas","La Ley 39/2015, de 1 de octubre",52,JURIDICO
ESPECIAL,3,"La Ley 39/2015, de 1 de octubre, del procedimiento administrativo común de las Administraciones Públicas","La Ley 39/2015, de 1 de octubre",53,JURIDICO
ESPECIAL,3,"La Ley 39/2015, de 1 de octubre, del procedimiento administrativo común de las Administraciones Públicas","La Ley 39/2015, de 1 de octubre",54,JURIDICO
ESPECIAL,3,"La Ley 39/2015, de 1 de octubre, del procedimiento administrativo común de las Administraciones Públicas","La Ley 39/2015, de 1 de octubre",55,JURIDICO
ESPECIAL,3,"La Ley 39/2015, de 1 de octubre, del procedimiento administrativo común de las Administraciones Públicas","La Ley 39/2015, de 1 de octubre",56,JURIDICO
ESPECIAL,3,"La Ley 39/2015, de 1 de octubre, del procedimiento administrativo común de las Administraciones Públicas","La Ley 39/2015, de 1 de octubre",57,JURIDICO
ESPECIAL,3,"La Ley 39/2015, de 1 de octubre, del procedimiento administrativo común de las Administraciones Públicas","La Ley 39/2015, de 1 de octubre",58,JURIDICO
ESPECIAL,3,"La Ley 39/2015, de 1 de octubre, del procedimiento administrativo común de las Administraciones Públicas","La Ley 39/2015, de 1 de octubre",59,JURIDICO
ESPECIAL,3,"La Ley 39/2015, de 1 de octubre, del procedimiento administrativo común de las Administraciones Públicas","La Ley 39/2015, de 1 de octubre",60,JURIDICO
ESPECIAL,3,"La Ley 39/2015, de 1 de octubre, del procedimiento administrativo común de las Administraciones Públicas","La Ley 39/2015, de 1 de octubre",61,JURIDICO
ESPECIAL,3,"La Ley 39/2015, de 1 de octubre, del procedimiento administrativo común de las Administraciones Públicas","La Ley 39/2015, de 1 de octubre",62,JURIDICO
ESPECIAL,3,"La Ley 39/2015, de 1 de octubre, del procedimiento administrativo común de las Administraciones Públicas","La Ley 39/2015, de 1 de octubre",63,JURIDICO
ESPECIAL,3,"La Ley 39/2015, de 1 de octubre, del procedimiento administrativo común de las Administraciones Públicas","La Ley 39/2015, de 1 de octubre",64,JURIDICO
ESPECIAL,3,"La Ley 39/2015, de 1 de octubre, del procedimiento administrativo común de las Administraciones Públicas","La Ley 39/2015, de 1 de octubre",65,JURIDICO
ESPECIAL,3,"La Ley 39/2015, de 1 de octubre, del procedimiento administrativo común de las Administraciones Públicas","La Ley 39/2015, de 1 de octubre",66,JURIDICO
ESPECIAL,3,"La Ley 39/2015, de 1 de octubre, del procedimiento administrativo común de las Administraciones Públicas","La Ley 39/2015, de 1 de octubre",67,JURIDICO
ESPECIAL,3,"La Ley 39/2015, de 1 de octubre, del procedimiento administrativo común de las Administraciones Públicas","La Ley 39/2015, de 1 de octubre",68,JURIDICO
ESPECIAL,3,"La Ley 39/2015, de 1 de octubre, del procedimiento administrativo común de las Administraciones Públicas","La Ley 39/2015, de 1 de octubre",69,JURIDICO
ESPECIAL,3,"La Ley 39/2015, de 1 de octubre, del procedimiento administrativo común de las Administraciones Públicas","La Ley 39/2015, de 1 de octubre",70,JURIDICO
ESPECIAL,3,"La Ley 39/2015, de 1 de octubre, del procedimiento administrativo común de las Administraciones Públicas","La Ley 39/2015, de 1 de octubre",71,JURIDICO
ESPECIAL,3,"La Ley 39/2015, de 1 de octubre, del procedimiento administrativo común de las Administraciones Públicas","La Ley 39/2015, de 1 de octubre",72,JURIDICO
ESPECIAL,3,"La Ley 39/2015, de 1 de octubre, del procedimiento administrativo común de las Administraciones Públicas","La Ley 39/2015, de 1 de octubre",73,JURIDICO
ESPECIAL,3,"La Ley 39/2015, de 1 de octubre, del procedimiento administrativo común de las Administraciones Públicas","La Ley 39/2015, de 1 de octubre",74,JURIDICO
ESPECIAL,3,"La Ley 39/2015, de 1 de octubre, del procedimiento administrativo común de las Administraciones Públicas","La Ley 39/2015, de 1 de octubre",75,JURIDICO
ESPECIAL,3,"La Ley 39/2015, de 1 de octubre, del procedimiento administrativo común de las Administraciones Públicas","La Ley 39/2015, de 1 de octubre",76,JURIDICO
ESPECIAL,3,"La Ley 39/2015, de 1 de octubre, del procedimiento administrativo común de las Administraciones Públicas","La Ley 39/2015, de 1 de octubre",77,JURIDICO
ESPECIAL,3,"La Ley 39/2015, de 1 de octubre, del procedimiento administrativo común de las Administraciones Públicas","La Ley 39/2015, de 1 de octubre",78,JURIDICO
ESPECIAL,3,"La Ley 39/2015, de 1 de octubre, del procedimiento administrativo común de las Administraciones Públicas","La Ley 39/2015, de 1 de octubre",79,JURIDICO
ESPECIAL,3,"La Ley 39/2015, de 1 de octubre, del procedimiento administrativo común de las Administraciones Públicas","La Ley 39/2015, de 1 de octubre",80,JURIDICO
ESPECIAL,3,"La Ley 39/2015, de 1 de octubre, del procedimiento administrativo común de las Administraciones Públicas","La Ley 39/2015, de 1 de octubre",81,JURIDICO
ESPECIAL,3,"La Ley 39/2015, de 1 de octubre, del procedimiento administrativo común de las Administraciones Públicas","La Ley 39/2015, de 1 de octubre",82,JURIDICO
ESPECIAL,3,"La Ley 39/2015, de 1 de octubre, del procedimiento administrativo común de las Administraciones Públicas","La Ley 39/2015, de 1 de octubre",83,JURIDICO
ESPECIAL,3,"La Ley 39/2015, de 1 de octubre, del procedimiento administrativo común de las Administraciones Públicas","La Ley 39/2015, de 1 de octubre",84,JURIDICO
ESPECIAL,3,"La Ley 39/2015, de 1 de octubre, del procedimiento administrativo común de las Administraciones Públicas","La Ley 39/2015, de 1 de octubre",85,JURIDICO
ESPECIAL,3,"La Ley 39/2015, de 1 de octubre, del procedimiento administrativo común de las Administraciones Públicas","La Ley 39/2015, de 1 de octubre",86,JURIDICO
ESPECIAL,3,"La Ley 39/2015, de 1 de octubre, del procedimiento administrativo común de las Administraciones Públicas","La Ley 39/2015, de 1 de octubre",87,JURIDICO
ESPECIAL,3,"La Ley 39/2015, de 1 de octubre, del procedimiento administrativo común de las Administraciones Públicas","La Ley 39/2015, de 1 de octubre",88,JURIDICO
ESPECIAL,3,"La Ley 39/2015, de 1 de octubre, del procedimiento administrativo común de las Administraciones Públicas","La Ley 39/2015, de 1 de octubre",89,JURIDICO
ESPECIAL,3,"La Ley 39/2015, de 1 de octubre, del procedimiento administrativo común de las Administraciones Públicas","La Ley 39/2015, de 1 de octubre",90,JURIDICO
ESPECIAL,3,"La Ley 39/2015, de 1 de octubre, del procedimiento administrativo común de las Administraciones Públicas","La Ley 39/2015, de 1 de octubre",91,JURIDICO
ESPECIAL,3,"La Ley 39/2015, de 1 de octubre, del procedimiento administrativo común de las Administraciones Públicas","La Ley 39/2015, de 1 de octubre",92,JURIDICO
ESPECIAL,3,"La Ley 39/2015, de 1 de octubre, del procedimiento administrativo común de las Administraciones Públicas","La Ley 39/2015, de 1 de octubre",93,JURIDICO
ESPECIAL,3,"La Ley 39/2015, de 1 de octubre, del procedimiento administrativo común de las Administraciones Públicas","La Ley 39/2015, de 1 de octubre",94,JURIDICO
ESPECIAL,3,"La Ley 39/2015, de 1 de octubre, del procedimiento administrativo común de las Administraciones Públicas","La Ley 39/2015, de 1 de octubre",95,JURIDICO
ESPECIAL,3,"La Ley 39/2015, de 1 de octubre, del procedimiento administrativo común de las Administraciones Públicas","La Ley 39/2015, de 1 de octubre",96,JURIDICO
ESPECIAL,3,"La Ley 39/2015, de 1 de octubre, del procedimiento administrativo común de las Administraciones Públicas","La Ley 39/2015, de 1 de octubre",97,JURIDICO
ESPECIAL,3,"La Ley 39/2015, de 1 de octubre, del procedimiento administrativo común de las Administraciones Públicas","La Ley 39/2015, de 1 de octubre",98,JURIDICO
ESPECIAL,3,"La Ley 39/2015, de 1 de octubre, del procedimiento administrativo común de las Administraciones Públicas","La Ley 39/2015, de 1 de octubre",99,JURIDICO
ESPECIAL,3,"La Ley 39/2015, de 1 de octubre, del procedimiento administrativo común de las Administraciones Públicas","La Ley 39/2015, de 1 de octubre",100,JURIDICO
ESPECIAL,3,"La Ley 39/2015, de 1 de octubre, del procedimiento administrativo común de las Administraciones Públicas","La Ley 39/2015, de 1 de octubre",101,JURIDICO
ESPECIAL,3,"La Ley 39/2015, de 1 de octubre, del procedimiento administrativo común de las Administraciones Públicas","La Ley 39/2015, de 1 de octubre",102,JURIDICO
ESPECIAL,3,"La Ley 39/2015, de 1 de octubre, del procedimiento administrativo común de las Administraciones Públicas","La Ley 39/2015, de 1 de octubre",103,JURIDICO
ESPECIAL,3,"La Ley 39/2015, de 1 de octubre, del procedimiento administrativo común de las Administraciones Públicas","La Ley 39/2015, de 1 de octubre",104,JURIDICO
ESPECIAL,3,"La Ley 39/2015, de 1 de octubre, del procedimiento administrativo común de las Administraciones Públicas","La Ley 39/2015, de 1 de octubre",105,JURIDICO
ESPECIAL,4,Los órganos de las Administraciones Públicas,"Ley 40/2015, de 1 de octubre, ",5,JURIDICO
ESPECIAL,4,Los órganos de las Administraciones Públicas,"Ley 40/2015, de 1 de octubre, ",6,JURIDICO
ESPECIAL,4,Los órganos de las Administraciones Públicas,"Ley 40/2015, de 1 de octubre, ",7,JURIDICO
ESPECIAL,4,Los órganos de las Administraciones Públicas,"Ley 40/2015, de 1 de octubre, ",8,JURIDICO
ESPECIAL,4,Los órganos de las Administraciones Públicas,"Ley 40/2015, de 1 de octubre, ",9,JURIDICO
ESPECIAL,4,Los órganos de las Administraciones Públicas,"Ley 40/2015, de 1 de octubre, ",10,JURIDICO
ESPECIAL,4,Los órganos de las Administraciones Públicas,"Ley 40/2015, de 1 de octubre, ",11,JURIDICO
ESPECIAL,4,Los órganos de las Administraciones Públicas,"Ley 40/2015, de 1 de octubre, ",12,JURIDICO
ESPECIAL,4,Los órganos de las Administraciones Públicas,"Ley 40/2015, de 1 de octubre, ",13,JURIDICO
ESPECIAL,4,Los órganos de las Administraciones Públicas,"Ley 40/2015, de 1 de octubre, ",14,JURIDICO
ESPECIAL,4,Los órganos de las Administraciones Públicas,"Ley 40/2015, de 1 de octubre, ",15,JURIDICO
ESPECIAL,4,Los órganos de las Administraciones Públicas,"Ley 40/2015, de 1 de octubre, ",16,JURIDICO
ESPECIAL,4,Los órganos de las Administraciones Públicas,"Ley 40/2015, de 1 de octubre, ",17,JURIDICO
ESPECIAL,4,Los órganos de las Administraciones Públicas,"Ley 40/2015, de 1 de octubre, ",18,JURIDICO
ESPECIAL,4,Los órganos de las Administraciones Públicas,"Ley 40/2015, de 1 de octubre, ",19,JURIDICO
ESPECIAL,4,Los órganos de las Administraciones Públicas,"Ley 40/2015, de 1 de octubre, ",20,JURIDICO
ESPECIAL,4,Los órganos de las Administraciones Públicas,"Ley 40/2015, de 1 de octubre, ",21,JURIDICO
ESPECIAL,4,Los órganos de las Administraciones Públicas,"Ley 40/2015, de 1 de octubre, ",22,JURIDICO
ESPECIAL,4,Los órganos de las Administraciones Públicas,"Ley 40/2015, de 1 de octubre, ",23,JURIDICO
ESPECIAL,4,Los órganos de las Administraciones Públicas,"Ley 40/2015, de 1 de octubre, ",24,JURIDICO
ESPECIAL,5,"Actividad de limitación, arbitral y de fomento","Ley 38/2003, de 17 de noviembre",1,JURIDICO
ESPECIAL,5,"Actividad de limitación, arbitral y de fomento","Ley 38/2003, de 17 de noviembre",2,JURIDICO
ESPECIAL,5,"Actividad de limitación, arbitral y de fomento","Ley 38/2003, de 17 de noviembre",3,JURIDICO
ESPECIAL,5,"Actividad de limitación, arbitral y de fomento","Ley 38/2003, de 17 de noviembre",4,JURIDICO
ESPECIAL,5,"Actividad de limitación, arbitral y de fomento","Ley 38/2003, de 17 de noviembre",5,JURIDICO
ESPECIAL,5,"Actividad de limitación, arbitral y de fomento","Ley 38/2003, de 17 de noviembre",6,JURIDICO
ESPECIAL,5,"Actividad de limitación, arbitral y de fomento","Ley 38/2003, de 17 de noviembre",7,JURIDICO
ESPECIAL,5,"Actividad de limitación, arbitral y de fomento","Ley 38/2003, de 17 de noviembre",8,JURIDICO
ESPECIAL,5,"Actividad de limitación, arbitral y de fomento","Ley 38/2003, de 17 de noviembre",9,JURIDICO
ESPECIAL,5,"Actividad de limitación, arbitral y de fomento","Ley 38/2003, de 17 de noviembre",10,JURIDICO
ESPECIAL,5,"Actividad de limitación, arbitral y de fomento","Ley 38/2003, de 17 de noviembre",11,JURIDICO
ESPECIAL,5,"Actividad de limitación, arbitral y de fomento","Ley 38/2003, de 17 de noviembre",12,JURIDICO
ESPECIAL,5,"Actividad de limitación, arbitral y de fomento","Ley 38/2003, de 17 de noviembre",13,JURIDICO
ESPECIAL,5,"Actividad de limitación, arbitral y de fomento","Ley 38/2003, de 17 de noviembre",14,JURIDICO
ESPECIAL,5,"Actividad de limitación, arbitral y de fomento","Ley 38/2003, de 17 de noviembre",15,JURIDICO
ESPECIAL,5,"Actividad de limitación, arbitral y de fomento","Ley 38/2003, de 17 de noviembre",16,JURIDICO
ESPECIAL,5,"Actividad de limitación, arbitral y de fomento","Ley 38/2003, de 17 de noviembre",17,JURIDICO
ESPECIAL,5,"Actividad de limitación, arbitral y de fomento","Ley 38/2003, de 17 de noviembre",18,JURIDICO
ESPECIAL,5,"Actividad de limitación, arbitral y de fomento","Ley 38/2003, de 17 de noviembre",19,JURIDICO
ESPECIAL,5,"Actividad de limitación, arbitral y de fomento","Ley 38/2003, de 17 de noviembre",20,JURIDICO
ESPECIAL,5,"Actividad de limitación, arbitral y de fomento","Ley 38/2003, de 17 de noviembre",21,JURIDICO
ESPECIAL,5,"Actividad de limitación, arbitral y de fomento","Ley 38/2003, de 17 de noviembre",22,JURIDICO
ESPECIAL,5,"Actividad de limitación, arbitral y de fomento","Ley 38/2003, de 17 de noviembre",23,JURIDICO
ESPECIAL,5,"Actividad de limitación, arbitral y de fomento","Ley 38/2003, de 17 de noviembre",24,JURIDICO
ESPECIAL,5,"Actividad de limitación, arbitral y de fomento","Ley 38/2003, de 17 de noviembre",25,JURIDICO
ESPECIAL,5,"Actividad de limitación, arbitral y de fomento","Ley 38/2003, de 17 de noviembre",26,JURIDICO
ESPECIAL,5,"Actividad de limitación, arbitral y de fomento","Ley 38/2003, de 17 de noviembre",27,JURIDICO
ESPECIAL,5,"Actividad de limitación, arbitral y de fomento","Ley 38/2003, de 17 de noviembre",28,JURIDICO
ESPECIAL,5,"Actividad de limitación, arbitral y de fomento","Ley 38/2003, de 17 de noviembre",29,JURIDICO
ESPECIAL,5,"Actividad de limitación, arbitral y de fomento","Ley 38/2003, de 17 de noviembre",30,JURIDICO
ESPECIAL,5,"Actividad de limitación, arbitral y de fomento","Ley 38/2003, de 17 de noviembre",31,JURIDICO
ESPECIAL,5,"Actividad de limitación, arbitral y de fomento","Ley 38/2003, de 17 de noviembre",32,JURIDICO
ESPECIAL,5,"Actividad de limitación, arbitral y de fomento","Ley 38/2003, de 17 de noviembre",33,JURIDICO
ESPECIAL,5,"Actividad de limitación, arbitral y de fomento","Ley 38/2003, de 17 de noviembre",34,JURIDICO
ESPECIAL,5,"Actividad de limitación, arbitral y de fomento","Ley 38/2003, de 17 de noviembre",35,JURIDICO
ESPECIAL,5,"Actividad de limitación, arbitral y de fomento","Ley 1/2015, de 6 de febrero",159,JURIDICO
ESPECIAL,5,"Actividad de limitación, arbitral y de fomento","Ley 1/2015, de 6 de febrero",160,JURIDICO
ESPECIAL,5,"Actividad de limitación, arbitral y de fomento","Ley 1/2015, de 6 de febrero",161,JURIDICO
ESPECIAL,5,"Actividad de limitación, arbitral y de fomento","Ley 1/2015, de 6 de febrero",162,JURIDICO
ESPECIAL,5,"Actividad de limitación, arbitral y de fomento","Ley 1/2015, de 6 de febrero",163,JURIDICO
ESPECIAL,5,"Actividad de limitación, arbitral y de fomento","Ley 1/2015, de 6 de febrero",164,JURIDICO
ESPECIAL,5,"Actividad de limitación, arbitral y de fomento","Ley 1/2015, de 6 de febrero",165,JURIDICO
ESPECIAL,5,"Actividad de limitación, arbitral y de fomento","Ley 1/2015, de 6 de febrero",166,JURIDICO
ESPECIAL,5,"Actividad de limitación, arbitral y de fomento","Ley 1/2015, de 6 de febrero",167,JURIDICO
ESPECIAL,5,"Actividad de limitación, arbitral y de fomento","Ley 1/2015, de 6 de febrero",168,JURIDICO
ESPECIAL,5,"Actividad de limitación, arbitral y de fomento","Ley 1/2015, de 6 de febrero",169,JURIDICO
ESPECIAL,5,"Actividad de limitación, arbitral y de fomento","Ley 1/2015, de 6 de febrero",170,JURIDICO
ESPECIAL,5,"Actividad de limitación, arbitral y de fomento","Ley 1/2015, de 6 de febrero",171,JURIDICO
ESPECIAL,5,"Actividad de limitación, arbitral y de fomento","Ley 1/2015, de 6 de febrero",172,JURIDICO
ESPECIAL,5,"Actividad de limitación, arbitral y de fomento","Ley 1/2015, de 6 de febrero",173,JURIDICO
ESPECIAL,5,"Actividad de limitación, arbitral y de fomento","Ley 1/2015, de 6 de febrero",174,JURIDICO
ESPECIAL,5,"Actividad de limitación, arbitral y de fomento","Ley 1/2015, de 6 de febrero",175,JURIDICO
ESPECIAL,5,"Actividad de limitación, arbitral y de fomento","Ley 1/2015, de 6 de febrero",176,JURIDICO
ESPECIAL,5,"Actividad de limitación, arbitral y de fomento","Ley 1/2015, de 6 de febrero",177,JURIDICO
ESPECIAL,5,"Actividad de limitación, arbitral y de fomento","Ley 1/2015, de 6 de febrero",178,JURIDICO
ESPECIAL,6,Los contratos del sector público,"Ley 9/2017, de 8 de noviembre",1,JURIDICO
ESPECIAL,6,Los contratos del sector público,"Ley 9/2017, de 8 de noviembre",2,JURIDICO
ESPECIAL,6,Los contratos del sector público,"Ley 9/2017, de 8 de noviembre",3,JURIDICO
ESPECIAL,6,Los contratos del sector público,"Ley 9/2017, de 8 de noviembre",4,JURIDICO
ESPECIAL,6,Los contratos del sector público,"Ley 9/2017, de 8 de noviembre",5,JURIDICO
ESPECIAL,6,Los contratos del sector público,"Ley 9/2017, de 8 de noviembre",6,JURIDICO
ESPECIAL,6,Los contratos del sector público,"Ley 9/2017, de 8 de noviembre",7,JURIDICO
ESPECIAL,6,Los contratos del sector público,"Ley 9/2017, de 8 de noviembre",8,JURIDICO
ESPECIAL,6,Los contratos del sector público,"Ley 9/2017, de 8 de noviembre",9,JURIDICO
ESPECIAL,6,Los contratos del sector público,"Ley 9/2017, de 8 de noviembre",10,JURIDICO
ESPECIAL,6,Los contratos del sector público,"Ley 9/2017, de 8 de noviembre",11,JURIDICO
ESPECIAL,6,Los contratos del sector público,"Ley 9/2017, de 8 de noviembre",12,JURIDICO
ESPECIAL,6,Los contratos del sector público,"Ley 9/2017, de 8 de noviembre",13,JURIDICO
ESPECIAL,6,Los contratos del sector público,"Ley 9/2017, de 8 de noviembre",14,JURIDICO
ESPECIAL,6,Los contratos del sector público,"Ley 9/2017, de 8 de noviembre",15,JURIDICO
ESPECIAL,6,Los contratos del sector público,"Ley 9/2017, de 8 de noviembre",16,JURIDICO
ESPECIAL,6,Los contratos del sector público,"Ley 9/2017, de 8 de noviembre",17,JURIDICO
ESPECIAL,6,Los contratos del sector público,"Ley 9/2017, de 8 de noviembre",18,JURIDICO
ESPECIAL,6,Los contratos del sector público,"Ley 9/2017, de 8 de noviembre",24,JURIDICO
ESPECIAL,6,Los contratos del sector público,"Ley 9/2017, de 8 de noviembre",25,JURIDICO
ESPECIAL,6,Los contratos del sector público,"Ley 9/2017, de 8 de noviembre",26,JURIDICO
ESPECIAL,6,Los contratos del sector público,"Ley 9/2017, de 8 de noviembre",27,JURIDICO
ESPECIAL,6,Los contratos del sector público,"Ley 9/2017, de 8 de noviembre",36,JURIDICO
ESPECIAL,6,Los contratos del sector público,"Ley 9/2017, de 8 de noviembre",37,JURIDICO
ESPECIAL,6,Los contratos del sector público,"Ley 9/2017, de 8 de noviembre",38,JURIDICO
ESPECIAL,6,Los contratos del sector público,"Ley 9/2017, de 8 de noviembre",39,JURIDICO
ESPECIAL,6,Los contratos del sector público,"Ley 9/2017, de 8 de noviembre",40,JURIDICO
ESPECIAL,6,Los contratos del sector público,"Ley 9/2017, de 8 de noviembre",41,JURIDICO
ESPECIAL,6,Los contratos del sector público,"Ley 9/2017, de 8 de noviembre",42,JURIDICO
ESPECIAL,6,Los contratos del sector público,"Ley 9/2017, de 8 de noviembre",43,JURIDICO
ESPECIAL,6,Los contratos del sector público,"Ley 9/2017, de 8 de noviembre",61,JURIDICO
ESPECIAL,6,Los contratos del sector público,"Ley 9/2017, de 8 de noviembre",62,JURIDICO
ESPECIAL,6,Los contratos del sector público,"Ley 9/2017, de 8 de noviembre",63,JURIDICO
ESPECIAL,6,Los contratos del sector público,"Ley 9/2017, de 8 de noviembre",64,JURIDICO
ESPECIAL,6,Los contratos del sector público,"Ley 9/2017, de 8 de noviembre",65,JURIDICO
ESPECIAL,6,Los contratos del sector público,"Ley 9/2017, de 8 de noviembre",66,JURIDICO
ESPECIAL,6,Los contratos del sector público,"Ley 9/2017, de 8 de noviembre",67,JURIDICO
ESPECIAL,6,Los contratos del sector público,"Ley 9/2017, de 8 de noviembre",68,JURIDICO
ESPECIAL,6,Los contratos del sector público,"Ley 9/2017, de 8 de noviembre",69,JURIDICO
ESPECIAL,6,Los contratos del sector público,"Ley 9/2017, de 8 de noviembre",70,JURIDICO
ESPECIAL,6,Los contratos del sector público,"Ley 9/2017, de 8 de noviembre",71,JURIDICO
ESPECIAL,6,Los contratos del sector público,"Ley 9/2017, de 8 de noviembre",72,JURIDICO
ESPECIAL,6,Los contratos del sector público,"Ley 9/2017, de 8 de noviembre",73,JURIDICO
ESPECIAL,6,Los contratos del sector público,"Ley 9/2017, de 8 de noviembre",74,JURIDICO
ESPECIAL,6,Los contratos del sector público,"Ley 9/2017, de 8 de noviembre",75,JURIDICO
ESPECIAL,6,Los contratos del sector público,"Ley 9/2017, de 8 de noviembre",76,JURIDICO
ESPECIAL,6,Los contratos del sector público,"Ley 9/2017, de 8 de noviembre",77,JURIDICO
ESPECIAL,6,Los contratos del sector público,"Ley 9/2017, de 8 de noviembre",78,JURIDICO
ESPECIAL,6,Los contratos del sector público,"Ley 9/2017, de 8 de noviembre",79,JURIDICO
ESPECIAL,6,Los contratos del sector público,"Ley 9/2017, de 8 de noviembre",80,JURIDICO
ESPECIAL,6,Los contratos del sector público,"Ley 9/2017, de 8 de noviembre",81,JURIDICO
ESPECIAL,6,Los contratos del sector público,"Ley 9/2017, de 8 de noviembre",82,JURIDICO
ESPECIAL,6,Los contratos del sector público,"Ley 9/2017, de 8 de noviembre",83,JURIDICO
ESPECIAL,6,Los contratos del sector público,"Ley 9/2017, de 8 de noviembre",84,JURIDICO
ESPECIAL,6,Los contratos del sector público,"Ley 9/2017, de 8 de noviembre",85,JURIDICO
ESPECIAL,6,Los contratos del sector público,"Ley 9/2017, de 8 de noviembre",86,JURIDICO
ESPECIAL,6,Los contratos del sector público,"Ley 9/2017, de 8 de noviembre",87,JURIDICO
ESPECIAL,6,Los contratos del sector público,"Ley 9/2017, de 8 de noviembre",88,JURIDICO
ESPECIAL,6,Los contratos del sector público,"Ley 9/2017, de 8 de noviembre",89,JURIDICO
ESPECIAL,6,Los contratos del sector público,"Ley 9/2017, de 8 de noviembre",90,JURIDICO
ESPECIAL,6,Los contratos del sector público,"Ley 9/2017, de 8 de noviembre",91,JURIDICO
ESPECIAL,6,Los contratos del sector público,"Ley 9/2017, de 8 de noviembre",92,JURIDICO
ESPECIAL,6,Los contratos del sector público,"Ley 9/2017, de 8 de noviembre",93,JURIDICO
ESPECIAL,6,Los contratos del sector público,"Ley 9/2017, de 8 de noviembre",94,JURIDICO
ESPECIAL,6,Los contratos del sector público,"Ley 9/2017, de 8 de noviembre",95,JURIDICO
ESPECIAL,6,Los contratos del sector público,"Ley 9/2017, de 8 de noviembre",96,JURIDICO
ESPECIAL,6,Los contratos del sector público,"Ley 9/2017, de 8 de noviembre",97,JURIDICO
ESPECIAL,6,Los contratos del sector público,"Ley 9/2017, de 8 de noviembre",98,JURIDICO
ESPECIAL,6,Los contratos del sector público,"Ley 9/2017, de 8 de noviembre",99,JURIDICO
ESPECIAL,6,Los contratos del sector público,"Ley 9/2017, de 8 de noviembre",100,JURIDICO
ESPECIAL,6,Los contratos del sector público,"Ley 9/2017, de 8 de noviembre",101,JURIDICO
ESPECIAL,6,Los contratos del sector público,"Ley 9/2017, de 8 de noviembre",102,JURIDICO
ESPECIAL,6,Los contratos del sector público,"Ley 9/2017, de 8 de noviembre",103,JURIDICO
ESPECIAL,6,Los contratos del sector público,"Ley 9/2017, de 8 de noviembre",104,JURIDICO
ESPECIAL,6,Los contratos del sector público,"Ley 9/2017, de 8 de noviembre",105,JURIDICO
ESPECIAL,6,Los contratos del sector público,"Ley 9/2017, de 8 de noviembre",106,JURIDICO
ESPECIAL,6,Los contratos del sector público,"Ley 9/2017, de 8 de noviembre",107,JURIDICO
ESPECIAL,6,Los contratos del sector público,"Ley 9/2017, de 8 de noviembre",108,JURIDICO
ESPECIAL,6,Los contratos del sector público,"Ley 9/2017, de 8 de noviembre",109,JURIDICO
ESPECIAL,6,Los contratos del sector público,"Ley 9/2017, de 8 de noviembre",110,JURIDICO
ESPECIAL,6,Los contratos del sector público,"Ley 9/2017, de 8 de noviembre",111,JURIDICO
ESPECIAL,6,Los contratos del sector público,"Ley 9/2017, de 8 de noviembre",112,JURIDICO
ESPECIAL,6,Los contratos del sector público,"Ley 9/2017, de 8 de noviembre",113,JURIDICO
ESPECIAL,6,Los contratos del sector público,"Ley 9/2017, de 8 de noviembre",114,JURIDICO
ESPECIAL,6,Los contratos del sector público,"Ley 9/2017, de 8 de noviembre",131,JURIDICO
ESPECIAL,6,Los contratos del sector público,"Ley 9/2017, de 8 de noviembre",132,JURIDICO
ESPECIAL,6,Los contratos del sector público,"Ley 9/2017, de 8 de noviembre",133,JURIDICO
ESPECIAL,6,Los contratos del sector público,"Ley 9/2017, de 8 de noviembre",134,JURIDICO
ESPECIAL,6,Los contratos del sector público,"Ley 9/2017, de 8 de noviembre",135,JURIDICO
ESPECIAL,6,Los contratos del sector público,"Ley 9/2017, de 8 de noviembre",136,JURIDICO
ESPECIAL,6,Los contratos del sector público,"Ley 9/2017, de 8 de noviembre",137,JURIDICO
ESPECIAL,6,Los contratos del sector público,"Ley 9/2017, de 8 de noviembre",138,JURIDICO
ESPECIAL,6,Los contratos del sector público,"Ley 9/2017, de 8 de noviembre",139,JURIDICO
ESPECIAL,6,Los contratos del sector público,"Ley 9/2017, de 8 de noviembre",140,JURIDICO
ESPECIAL,6,Los contratos del sector público,"Ley 9/2017, de 8 de noviembre",141,JURIDICO
ESPECIAL,6,Los contratos del sector público,"Ley 9/2017, de 8 de noviembre",142,JURIDICO
ESPECIAL,6,Los contratos del sector público,"Ley 9/2017, de 8 de noviembre",143,JURIDICO
ESPECIAL,6,Los contratos del sector público,"Ley 9/2017, de 8 de noviembre",144,JURIDICO
ESPECIAL,6,Los contratos del sector público,"Ley 9/2017, de 8 de noviembre",145,JURIDICO
ESPECIAL,6,Los contratos del sector público,"Ley 9/2017, de 8 de noviembre",146,JURIDICO
ESPECIAL,6,Los contratos del sector público,"Ley 9/2017, de 8 de noviembre",147,JURIDICO
ESPECIAL,6,Los contratos del sector público,"Ley 9/2017, de 8 de noviembre",148,JURIDICO
ESPECIAL,6,Los contratos del sector público,"Ley 9/2017, de 8 de noviembre",149,JURIDICO
ESPECIAL,6,Los contratos del sector público,"Ley 9/2017, de 8 de noviembre",150,JURIDICO
ESPECIAL,6,Los contratos del sector público,"Ley 9/2017, de 8 de noviembre",151,JURIDICO
ESPECIAL,6,Los contratos del sector público,"Ley 9/2017, de 8 de noviembre",152,JURIDICO
ESPECIAL,6,Los contratos del sector público,"Ley 9/2017, de 8 de noviembre",153,JURIDICO
ESPECIAL,6,Los contratos del sector público,"Ley 9/2017, de 8 de noviembre",154,JURIDICO
ESPECIAL,6,Los contratos del sector público,"Ley 9/2017, de 8 de noviembre",155,JURIDICO
ESPECIAL,7,La Administración electrónica en la Comunitat Valenciana,Decreto 30/2025,1,JURIDICO
ESPECIAL,7,La Administración electrónica en la Comunitat Valenciana,Decreto 30/2025,2,JURIDICO
ESPECIAL,7,La Administración electrónica en la Comunitat Valenciana,Decreto 30/2025,3,JURIDICO
ESPECIAL,7,La Administración electrónica en la Comunitat Valenciana,Decreto 30/2025,4,JURIDICO
ESPECIAL,7,La Administración electrónica en la Comunitat Valenciana,Decreto 30/2025,5,JURIDICO
ESPECIAL,7,La Administración electrónica en la Comunitat Valenciana,Decreto 30/2025,6,JURIDICO
ESPECIAL,7,La Administración electrónica en la Comunitat Valenciana,Decreto 30/2025,7,JURIDICO
ESPECIAL,7,La Administración electrónica en la Comunitat Valenciana,Decreto 30/2025,8,JURIDICO
ESPECIAL,7,La Administración electrónica en la Comunitat Valenciana,Decreto 30/2025,9,JURIDICO
ESPECIAL,7,La Administración electrónica en la Comunitat Valenciana,Decreto 30/2025,10,JURIDICO
ESPECIAL,7,La Administración electrónica en la Comunitat Valenciana,Decreto 30/2025,11,JURIDICO
ESPECIAL,7,La Administración electrónica en la Comunitat Valenciana,Decreto 30/2025,12,JURIDICO
ESPECIAL,7,La Administración electrónica en la Comunitat Valenciana,Decreto 30/2025,13,JURIDICO
ESPECIAL,7,La Administración electrónica en la Comunitat Valenciana,Decreto 30/2025,14,JURIDICO
ESPECIAL,7,La Administración electrónica en la Comunitat Valenciana,Decreto 30/2025,15,JURIDICO
ESPECIAL,7,La Administración electrónica en la Comunitat Valenciana,Decreto 30/2025,16,JURIDICO
ESPECIAL,7,La Administración electrónica en la Comunitat Valenciana,Decreto 30/2025,17,JURIDICO
ESPECIAL,7,La Administración electrónica en la Comunitat Valenciana,Decreto 30/2025,18,JURIDICO
ESPECIAL,7,La Administración electrónica en la Comunitat Valenciana,Decreto 30/2025,19,JURIDICO
ESPECIAL,7,La Administración electrónica en la Comunitat Valenciana,Decreto 30/2025,20,JURIDICO
ESPECIAL,7,La Administración electrónica en la Comunitat Valenciana,Decreto 30/2025,21,JURIDICO
ESPECIAL,7,La Administración electrónica en la Comunitat Valenciana,Decreto 30/2025,22,JURIDICO
ESPECIAL,7,La Administración electrónica en la Comunitat Valenciana,Decreto 30/2025,23,JURIDICO
ESPECIAL,7,La Administración electrónica en la Comunitat Valenciana,Decreto 30/2025,24,JURIDICO
ESPECIAL,7,La Administración electrónica en la Comunitat Valenciana,Decreto 30/2025,25,JURIDICO
ESPECIAL,7,La Administración electrónica en la Comunitat Valenciana,Decreto 30/2025,26,JURIDICO
ESPECIAL,7,La Administración electrónica en la Comunitat Valenciana,Decreto 30/2025,27,JURIDICO
ESPECIAL,7,La Administración electrónica en la Comunitat Valenciana,Decreto 30/2025,28,JURIDICO
ESPECIAL,7,La Administración electrónica en la Comunitat Valenciana,Decreto 30/2025,29,JURIDICO
ESPECIAL,7,La Administración electrónica en la Comunitat Valenciana,Decreto 30/2025,30,JURIDICO
ESPECIAL,7,La Administración electrónica en la Comunitat Valenciana,Decreto 30/2025,31,JURIDICO
ESPECIAL,7,La Administración electrónica en la Comunitat Valenciana,Decreto 30/2025,32,JURIDICO
ESPECIAL,7,La Administración electrónica en la Comunitat Valenciana,Decreto 30/2025,33,JURIDICO
ESPECIAL,7,La Administración electrónica en la Comunitat Valenciana,Decreto 30/2025,34,JURIDICO
ESPECIAL,7,La Administración electrónica en la Comunitat Valenciana,Decreto 30/2025,35,JURIDICO
ESPECIAL,7,La Administración electrónica en la Comunitat Valenciana,Decreto 30/2025,36,JURIDICO
ESPECIAL,7,La Administración electrónica en la Comunitat Valenciana,Decreto 30/2025,37,JURIDICO
ESPECIAL,7,La Administración electrónica en la Comunitat Valenciana,Decreto 30/2025,38,JURIDICO
ESPECIAL,7,La Administración electrónica en la Comunitat Valenciana,Decreto 30/2025,39,JURIDICO
ESPECIAL,7,La Administración electrónica en la Comunitat Valenciana,Decreto 30/2025,40,JURIDICO
ESPECIAL,7,La Administración electrónica en la Comunitat Valenciana,Decreto 30/2025,41,JURIDICO
ESPECIAL,7,La Administración electrónica en la Comunitat Valenciana,Decreto 30/2025,42,JURIDICO
ESPECIAL,7,La Administración electrónica en la Comunitat Valenciana,Decreto 30/2025,43,JURIDICO
ESPECIAL,7,La Administración electrónica en la Comunitat Valenciana,Decreto 30/2025,44,JURIDICO
ESPECIAL,7,La Administración electrónica en la Comunitat Valenciana,Decreto 30/2025,45,JURIDICO
ESPECIAL,7,La Administración electrónica en la Comunitat Valenciana,Decreto 30/2025,46,JURIDICO
ESPECIAL,8,La regulación constitucional de la función pública,Real Decreto Legislativo 5/2015,1,JURIDICO
ESPECIAL,8,La regulación constitucional de la función pública,Real Decreto Legislativo 5/2015,2,JURIDICO
ESPECIAL,8,La regulación constitucional de la función pública,Real Decreto Legislativo 5/2015,3,JURIDICO
ESPECIAL,8,La regulación constitucional de la función pública,Real Decreto Legislativo 5/2015,4,JURIDICO
ESPECIAL,8,La regulación constitucional de la función pública,Real Decreto Legislativo 5/2015,5,JURIDICO
ESPECIAL,8,La regulación constitucional de la función pública,Real Decreto Legislativo 5/2015,6,JURIDICO
ESPECIAL,8,La regulación constitucional de la función pública,Real Decreto Legislativo 5/2015,7,JURIDICO
ESPECIAL,8,La regulación constitucional de la función pública,"Ley 4/2021, de 16 de abril, de la Función Pública Valenciana",1,JURIDICO
ESPECIAL,8,La regulación constitucional de la función pública,"Ley 4/2021, de 16 de abril, de la Función Pública Valenciana",2,JURIDICO
ESPECIAL,8,La regulación constitucional de la función pública,"Ley 4/2021, de 16 de abril, de la Función Pública Valenciana",3,JURIDICO
ESPECIAL,8,La regulación constitucional de la función pública,"Ley 4/2021, de 16 de abril, de la Función Pública Valenciana",4,JURIDICO
ESPECIAL,8,La regulación constitucional de la función pública,"Ley 4/2021, de 16 de abril, de la Función Pública Valenciana",5,JURIDICO
ESPECIAL,8,La regulación constitucional de la función pública,"Ley 4/2021, de 16 de abril, de la Función Pública Valenciana",6,JURIDICO
ESPECIAL,8,La regulación constitucional de la función pública,"Ley 4/2021, de 16 de abril, de la Función Pública Valenciana",7,JURIDICO
ESPECIAL,8,La regulación constitucional de la función pública,"Ley 4/2021, de 16 de abril, de la Función Pública Valenciana",8,JURIDICO
ESPECIAL,8,La regulación constitucional de la función pública,"Ley 4/2021, de 16 de abril, de la Función Pública Valenciana",9,JURIDICO
ESPECIAL,8,La regulación constitucional de la función pública,"Ley 4/2021, de 16 de abril, de la Función Pública Valenciana",10,JURIDICO
ESPECIAL,8,La regulación constitucional de la función pública,"Ley 4/2021, de 16 de abril, de la Función Pública Valenciana",11,JURIDICO
ESPECIAL,8,La regulación constitucional de la función pública,"Ley 4/2021, de 16 de abril, de la Función Pública Valenciana",12,JURIDICO
ESPECIAL,8,La regulación constitucional de la función pública,"Ley 4/2021, de 16 de abril, de la Función Pública Valenciana",13,JURIDICO
ESPECIAL,8,La regulación constitucional de la función pública,"Ley 4/2021, de 16 de abril, de la Función Pública Valenciana",14,JURIDICO
ESPECIAL,8,La regulación constitucional de la función pública,"Ley 4/2021, de 16 de abril, de la Función Pública Valenciana",15,JURIDICO
ESPECIAL,9,Personal al servicio de las administraciones públicas,"Ley 4/2021, de 16 de abril, de la Función Pública Valenciana",16,JURIDICO
ESPECIAL,9,Personal al servicio de las administraciones públicas,"Ley 4/2021, de 16 de abril, de la Función Pública Valenciana",17,JURIDICO
ESPECIAL,9,Personal al servicio de las administraciones públicas,"Ley 4/2021, de 16 de abril, de la Función Pública Valenciana",18,JURIDICO
ESPECIAL,9,Personal al servicio de las administraciones públicas,"Ley 4/2021, de 16 de abril, de la Función Pública Valenciana",19,JURIDICO
ESPECIAL,9,Personal al servicio de las administraciones públicas,"Ley 4/2021, de 16 de abril, de la Función Pública Valenciana",20,JURIDICO
ESPECIAL,9,Personal al servicio de las administraciones públicas,"Ley 4/2021, de 16 de abril, de la Función Pública Valenciana",21,JURIDICO
ESPECIAL,9,Personal al servicio de las administraciones públicas,"Ley 4/2021, de 16 de abril, de la Función Pública Valenciana",22,JURIDICO
ESPECIAL,9,Personal al servicio de las administraciones públicas,"Ley 4/2021, de 16 de abril, de la Función Pública Valenciana",23,JURIDICO
ESPECIAL,9,Personal al servicio de las administraciones públicas,"Ley 4/2021, de 16 de abril, de la Función Pública Valenciana",24,JURIDICO
ESPECIAL,9,Personal al servicio de las administraciones públicas,"Ley 4/2021, de 16 de abril, de la Función Pública Valenciana",25,JURIDICO
ESPECIAL,9,Personal al servicio de las administraciones públicas,"Ley 4/2021, de 16 de abril, de la Función Pública Valenciana",26,JURIDICO
ESPECIAL,9,Personal al servicio de las administraciones públicas,"Ley 4/2021, de 16 de abril, de la Función Pública Valenciana",27,JURIDICO
ESPECIAL,9,Personal al servicio de las administraciones públicas,"Ley 4/2021, de 16 de abril, de la Función Pública Valenciana",28,JURIDICO
ESPECIAL,9,Personal al servicio de las administraciones públicas,"Ley 4/2021, de 16 de abril, de la Función Pública Valenciana",29,JURIDICO
ESPECIAL,9,Personal al servicio de las administraciones públicas,"Ley 4/2021, de 16 de abril, de la Función Pública Valenciana",30,JURIDICO
ESPECIAL,9,Personal al servicio de las administraciones públicas,"Ley 4/2021, de 16 de abril, de la Función Pública Valenciana",31,JURIDICO
ESPECIAL,9,Personal al servicio de las administraciones públicas,"Ley 4/2021, de 16 de abril, de la Función Pública Valenciana",32,JURIDICO
ESPECIAL,9,Personal al servicio de las administraciones públicas,"Ley 4/2021, de 16 de abril, de la Función Pública Valenciana",33,JURIDICO
ESPECIAL,9,Personal al servicio de las administraciones públicas,"Ley 4/2021, de 16 de abril, de la Función Pública Valenciana",34,JURIDICO
ESPECIAL,9,Personal al servicio de las administraciones públicas,"Ley 4/2021, de 16 de abril, de la Función Pública Valenciana",35,JURIDICO
ESPECIAL,9,Personal al servicio de las administraciones públicas,"Ley 4/2021, de 16 de abril, de la Función Pública Valenciana",36,JURIDICO
ESPECIAL,9,Personal al servicio de las administraciones públicas,"Ley 4/2021, de 16 de abril, de la Función Pública Valenciana",37,JURIDICO
ESPECIAL,9,Personal al servicio de las administraciones públicas,"Ley 4/2021, de 16 de abril, de la Función Pública Valenciana",38,JURIDICO
ESPECIAL,9,Personal al servicio de las administraciones públicas,"Ley 4/2021, de 16 de abril, de la Función Pública Valenciana",39,JURIDICO
ESPECIAL,9,Personal al servicio de las administraciones públicas,"Ley 4/2021, de 16 de abril, de la Función Pública Valenciana",40,JURIDICO
ESPECIAL,9,Personal al servicio de las administraciones públicas,"Ley 4/2021, de 16 de abril, de la Función Pública Valenciana",41,JURIDICO
ESPECIAL,9,Personal al servicio de las administraciones públicas,"Ley 4/2021, de 16 de abril, de la Función Pública Valenciana",42,JURIDICO
ESPECIAL,9,Personal al servicio de las administraciones públicas,"Ley 4/2021, de 16 de abril, de la Función Pública Valenciana",43,JURIDICO
ESPECIAL,9,Personal al servicio de las administraciones públicas,"Ley 4/2021, de 16 de abril, de la Función Pública Valenciana",44,JURIDICO
ESPECIAL,9,Personal al servicio de las administraciones públicas,"Ley 4/2021, de 16 de abril, de la Función Pública Valenciana",45,JURIDICO
ESPECIAL,9,Personal al servicio de las administraciones públicas,"Ley 4/2021, de 16 de abril, de la Función Pública Valenciana",46,JURIDICO
ESPECIAL,9,Personal al servicio de las administraciones públicas,"Ley 4/2021, de 16 de abril, de la Función Pública Valenciana",47,JURIDICO
ESPECIAL,9,Personal al servicio de las administraciones públicas,"Ley 4/2021, de 16 de abril, de la Función Pública Valenciana",48,JURIDICO
ESPECIAL,9,Personal al servicio de las administraciones públicas,"Ley 4/2021, de 16 de abril, de la Función Pública Valenciana",49,JURIDICO
ESPECIAL,9,Personal al servicio de las administraciones públicas,"Ley 4/2021, de 16 de abril, de la Función Pública Valenciana",50,JURIDICO
ESPECIAL,9,Personal al servicio de las administraciones públicas,"Ley 4/2021, de 16 de abril, de la Función Pública Valenciana",51,JURIDICO
ESPECIAL,9,Personal al servicio de las administraciones públicas,"Ley 4/2021, de 16 de abril, de la Función Pública Valenciana",52,JURIDICO
ESPECIAL,9,Personal al servicio de las administraciones públicas,"Ley 4/2021, de 16 de abril, de la Función Pública Valenciana",53,JURIDICO
ESPECIAL,9,Personal al servicio de las administraciones públicas,"Ley 4/2021, de 16 de abril, de la Función Pública Valenciana",54,JURIDICO
ESPECIAL,9,Personal al servicio de las administraciones públicas,"Ley 4/2021, de 16 de abril, de la Función Pública Valenciana",55,JURIDICO
ESPECIAL,9,Personal al servicio de las administraciones públicas,"Ley 4/2021, de 16 de abril, de la Función Pública Valenciana",56,JURIDICO
ESPECIAL,9,Personal al servicio de las administraciones públicas,"Ley 4/2021, de 16 de abril, de la Función Pública Valenciana",57,JURIDICO
ESPECIAL,9,Personal al servicio de las administraciones públicas,"Ley 4/2021, de 16 de abril, de la Función Pública Valenciana",58,JURIDICO
ESPECIAL,9,Personal al servicio de las administraciones públicas,"Ley 4/2021, de 16 de abril, de la Función Pública Valenciana",59,JURIDICO
ESPECIAL,9,Personal al servicio de las administraciones públicas,"Decreto 42/2019, de 22 de marzo",1,JURIDICO
ESPECIAL,9,Personal al servicio de las administraciones públicas,"Decreto 42/2019, de 22 de marzo",2,JURIDICO
ESPECIAL,9,Personal al servicio de las administraciones públicas,"Decreto 42/2019, de 22 de marzo",3,JURIDICO
ESPECIAL,9,Personal al servicio de las administraciones públicas,"Decreto 42/2019, de 22 de marzo",4,JURIDICO
ESPECIAL,9,Personal al servicio de las administraciones públicas,"Decreto 42/2019, de 22 de marzo",5,JURIDICO
ESPECIAL,9,Personal al servicio de las administraciones públicas,"Decreto 42/2019, de 22 de marzo",6,JURIDICO
ESPECIAL,9,Personal al servicio de las administraciones públicas,"Decreto 42/2019, de 22 de marzo",7,JURIDICO
ESPECIAL,9,Personal al servicio de las administraciones públicas,"Decreto 42/2019, de 22 de marzo",8,JURIDICO
ESPECIAL,9,Personal al servicio de las administraciones públicas,"Decreto 42/2019, de 22 de marzo",9,JURIDICO
ESPECIAL,9,Personal al servicio de las administraciones públicas,"Decreto 42/2019, de 22 de marzo",10,JURIDICO
ESPECIAL,9,Personal al servicio de las administraciones públicas,"Decreto 42/2019, de 22 de marzo",11,JURIDICO
ESPECIAL,9,Personal al servicio de las administraciones públicas,"Decreto 42/2019, de 22 de marzo",12,JURIDICO
ESPECIAL,9,Personal al servicio de las administraciones públicas,"Decreto 42/2019, de 22 de marzo",13,JURIDICO
ESPECIAL,9,Personal al servicio de las administraciones públicas,"Decreto 42/2019, de 22 de marzo",14,JURIDICO
ESPECIAL,9,Personal al servicio de las administraciones públicas,"Decreto 42/2019, de 22 de marzo",15,JURIDICO
ESPECIAL,9,Personal al servicio de las administraciones públicas,"Decreto 42/2019, de 22 de marzo",16,JURIDICO
ESPECIAL,9,Personal al servicio de las administraciones públicas,"Decreto 42/2019, de 22 de marzo",17,JURIDICO
ESPECIAL,9,Personal al servicio de las administraciones públicas,"Decreto 42/2019, de 22 de marzo",18,JURIDICO
ESPECIAL,9,Personal al servicio de las administraciones públicas,"Decreto 42/2019, de 22 de marzo",19,JURIDICO
ESPECIAL,9,Personal al servicio de las administraciones públicas,"Decreto 42/2019, de 22 de marzo",20,JURIDICO
ESPECIAL,9,Personal al servicio de las administraciones públicas,"Decreto 42/2019, de 22 de marzo",21,JURIDICO
ESPECIAL,9,Personal al servicio de las administraciones públicas,"Decreto 42/2019, de 22 de marzo",22,JURIDICO
ESPECIAL,9,Personal al servicio de las administraciones públicas,"Decreto 42/2019, de 22 de marzo",23,JURIDICO
ESPECIAL,9,Personal al servicio de las administraciones públicas,"Decreto 42/2019, de 22 de marzo",24,JURIDICO
ESPECIAL,9,Personal al servicio de las administraciones públicas,"Decreto 42/2019, de 22 de marzo",25,JURIDICO
ESPECIAL,9,Personal al servicio de las administraciones públicas,"Decreto 42/2019, de 22 de marzo",26,JURIDICO
ESPECIAL,9,Personal al servicio de las administraciones públicas,"Decreto 42/2019, de 22 de marzo",27,JURIDICO
ESPECIAL,9,Personal al servicio de las administraciones públicas,"Decreto 42/2019, de 22 de marzo",28,JURIDICO
ESPECIAL,9,Personal al servicio de las administraciones públicas,"Decreto 42/2019, de 22 de marzo",29,JURIDICO
ESPECIAL,9,Personal al servicio de las administraciones públicas,"Decreto 42/2019, de 22 de marzo",30,JURIDICO
ESPECIAL,9,Personal al servicio de las administraciones públicas,"Decreto 42/2019, de 22 de marzo",31,JURIDICO
ESPECIAL,9,Personal al servicio de las administraciones públicas,"Decreto 42/2019, de 22 de marzo",32,JURIDICO
ESPECIAL,9,Personal al servicio de las administraciones públicas,"Decreto 42/2019, de 22 de marzo",33,JURIDICO
ESPECIAL,9,Personal al servicio de las administraciones públicas,"Decreto 42/2019, de 22 de marzo",34,JURIDICO
ESPECIAL,9,Personal al servicio de las administraciones públicas,"Decreto 42/2019, de 22 de marzo",35,JURIDICO
ESPECIAL,9,Personal al servicio de las administraciones públicas,"Decreto 42/2019, de 22 de marzo",36,JURIDICO
ESPECIAL,9,Personal al servicio de las administraciones públicas,"Decreto 42/2019, de 22 de marzo",37,JURIDICO
ESPECIAL,9,Personal al servicio de las administraciones públicas,"Decreto 42/2019, de 22 de marzo",38,JURIDICO
ESPECIAL,9,Personal al servicio de las administraciones públicas,"Decreto 42/2019, de 22 de marzo",39,JURIDICO
ESPECIAL,9,Personal al servicio de las administraciones públicas,"Decreto 42/2019, de 22 de marzo",40,JURIDICO
ESPECIAL,9,Personal al servicio de las administraciones públicas,"Decreto 42/2019, de 22 de marzo",41,JURIDICO
ESPECIAL,9,Personal al servicio de las administraciones públicas,"Decreto 42/2019, de 22 de marzo",42,JURIDICO
ESPECIAL,9,Personal al servicio de las administraciones públicas,"Decreto 42/2019, de 22 de marzo",43,JURIDICO
ESPECIAL,9,Personal al servicio de las administraciones públicas,"Decreto 42/2019, de 22 de marzo",44,JURIDICO
ESPECIAL,9,Personal al servicio de las administraciones públicas,"Decreto 42/2019, de 22 de marzo",45,JURIDICO
ESPECIAL,9,Personal al servicio de las administraciones públicas,"Decreto 42/2019, de 22 de marzo",46,JURIDICO
ESPECIAL,9,Personal al servicio de las administraciones públicas,"Decreto 42/2019, de 22 de marzo",47,JURIDICO
ESPECIAL,9,Personal al servicio de las administraciones públicas,"Decreto 42/2019, de 22 de marzo",48,JURIDICO
ESPECIAL,9,Personal al servicio de las administraciones públicas,"Decreto 42/2019, de 22 de marzo",49,JURIDICO
ESPECIAL,9,Personal al servicio de las administraciones públicas,"Decreto 42/2019, de 22 de marzo",50,JURIDICO
ESPECIAL,9,Personal al servicio de las administraciones públicas,"Decreto 42/2019, de 22 de marzo",51,JURIDICO
ESPECIAL,9,Personal al servicio de las administraciones públicas,"Decreto 42/2019, de 22 de marzo",52,JURIDICO
ESPECIAL,9,Personal al servicio de las administraciones públicas,"Decreto 42/2019, de 22 de marzo",53,JURIDICO
ESPECIAL,9,Personal al servicio de las administraciones públicas,"Decreto 42/2019, de 22 de marzo",54,JURIDICO
ESPECIAL,10,Situaciones administrativas del personal funcionario de carrera," Ley 53/1984, de 26 de diciembre ",1,JURIDICO
ESPECIAL,10,Situaciones administrativas del personal funcionario de carrera," Ley 53/1984, de 26 de diciembre ",2,JURIDICO
ESPECIAL,10,Situaciones administrativas del personal funcionario de carrera," Ley 53/1984, de 26 de diciembre ",3,JURIDICO
ESPECIAL,10,Situaciones administrativas del personal funcionario de carrera," Ley 53/1984, de 26 de diciembre ",4,JURIDICO
ESPECIAL,10,Situaciones administrativas del personal funcionario de carrera," Ley 53/1984, de 26 de diciembre ",5,JURIDICO
ESPECIAL,10,Situaciones administrativas del personal funcionario de carrera," Ley 53/1984, de 26 de diciembre ",6,JURIDICO
ESPECIAL,10,Situaciones administrativas del personal funcionario de carrera," Ley 53/1984, de 26 de diciembre ",7,JURIDICO
ESPECIAL,10,Situaciones administrativas del personal funcionario de carrera," Ley 53/1984, de 26 de diciembre ",8,JURIDICO
ESPECIAL,10,Situaciones administrativas del personal funcionario de carrera," Ley 53/1984, de 26 de diciembre ",9,JURIDICO
ESPECIAL,10,Situaciones administrativas del personal funcionario de carrera," Ley 53/1984, de 26 de diciembre ",10,JURIDICO
ESPECIAL,10,Situaciones administrativas del personal funcionario de carrera," Ley 53/1984, de 26 de diciembre ",11,JURIDICO
ESPECIAL,10,Situaciones administrativas del personal funcionario de carrera," Ley 53/1984, de 26 de diciembre ",12,JURIDICO
ESPECIAL,10,Situaciones administrativas del personal funcionario de carrera," Ley 53/1984, de 26 de diciembre ",13,JURIDICO
ESPECIAL,10,Situaciones administrativas del personal funcionario de carrera," Ley 53/1984, de 26 de diciembre ",14,JURIDICO
ESPECIAL,10,Situaciones administrativas del personal funcionario de carrera," Ley 53/1984, de 26 de diciembre ",15,JURIDICO
ESPECIAL,10,Situaciones administrativas del personal funcionario de carrera," Ley 53/1984, de 26 de diciembre ",16,JURIDICO
ESPECIAL,10,Situaciones administrativas del personal funcionario de carrera," Ley 53/1984, de 26 de diciembre ",17,JURIDICO
ESPECIAL,10,Situaciones administrativas del personal funcionario de carrera," Ley 53/1984, de 26 de diciembre ",18,JURIDICO
ESPECIAL,10,Situaciones administrativas del personal funcionario de carrera," Ley 53/1984, de 26 de diciembre ",19,JURIDICO
ESPECIAL,10,Situaciones administrativas del personal funcionario de carrera," Ley 53/1984, de 26 de diciembre ",20,JURIDICO
ESPECIAL,10,Situaciones administrativas del personal funcionario de carrera,"Ley 4/2021, de 16 de abril, de la Función Pública Valenciana",138,JURIDICO
ESPECIAL,10,Situaciones administrativas del personal funcionario de carrera,"Ley 4/2021, de 16 de abril, de la Función Pública Valenciana",139,JURIDICO
ESPECIAL,10,Situaciones administrativas del personal funcionario de carrera,"Ley 4/2021, de 16 de abril, de la Función Pública Valenciana",140,JURIDICO
ESPECIAL,10,Situaciones administrativas del personal funcionario de carrera,"Ley 4/2021, de 16 de abril, de la Función Pública Valenciana",141,JURIDICO
ESPECIAL,10,Situaciones administrativas del personal funcionario de carrera,"Ley 4/2021, de 16 de abril, de la Función Pública Valenciana",142,JURIDICO
ESPECIAL,10,Situaciones administrativas del personal funcionario de carrera,"Ley 4/2021, de 16 de abril, de la Función Pública Valenciana",143,JURIDICO
ESPECIAL,10,Situaciones administrativas del personal funcionario de carrera,"Ley 4/2021, de 16 de abril, de la Función Pública Valenciana",144,JURIDICO
ESPECIAL,10,Situaciones administrativas del personal funcionario de carrera,"Ley 4/2021, de 16 de abril, de la Función Pública Valenciana",145,JURIDICO
ESPECIAL,10,Situaciones administrativas del personal funcionario de carrera,"Ley 4/2021, de 16 de abril, de la Función Pública Valenciana",146,JURIDICO
ESPECIAL,10,Situaciones administrativas del personal funcionario de carrera,"Ley 4/2021, de 16 de abril, de la Función Pública Valenciana",147,JURIDICO
ESPECIAL,10,Situaciones administrativas del personal funcionario de carrera,"Ley 4/2021, de 16 de abril, de la Función Pública Valenciana",148,JURIDICO
ESPECIAL,10,Situaciones administrativas del personal funcionario de carrera,"Ley 4/2021, de 16 de abril, de la Función Pública Valenciana",149,JURIDICO
ESPECIAL,10,Situaciones administrativas del personal funcionario de carrera,"Ley 4/2021, de 16 de abril, de la Función Pública Valenciana",150,JURIDICO
ESPECIAL,10,Situaciones administrativas del personal funcionario de carrera,"Ley 4/2021, de 16 de abril, de la Función Pública Valenciana",151,JURIDICO
ESPECIAL,10,Situaciones administrativas del personal funcionario de carrera,"Ley 4/2021, de 16 de abril, de la Función Pública Valenciana",152,JURIDICO
ESPECIAL,10,Situaciones administrativas del personal funcionario de carrera,"Ley 4/2021, de 16 de abril, de la Función Pública Valenciana",153,JURIDICO
ESPECIAL,10,Situaciones administrativas del personal funcionario de carrera,"Ley 4/2021, de 16 de abril, de la Función Pública Valenciana",154,JURIDICO
ESPECIAL,10,Situaciones administrativas del personal funcionario de carrera,"Ley 4/2021, de 16 de abril, de la Función Pública Valenciana",155,JURIDICO
ESPECIAL,10,Situaciones administrativas del personal funcionario de carrera,"Ley 4/2021, de 16 de abril, de la Función Pública Valenciana",156,JURIDICO
ESPECIAL,10,Situaciones administrativas del personal funcionario de carrera,"Ley 4/2021, de 16 de abril, de la Función Pública Valenciana",157,JURIDICO
ESPECIAL,10,Situaciones administrativas del personal funcionario de carrera,"Ley 4/2021, de 16 de abril, de la Función Pública Valenciana",158,JURIDICO
ESPECIAL,10,Situaciones administrativas del personal funcionario de carrera,"Ley 4/2021, de 16 de abril, de la Función Pública Valenciana",159,JURIDICO
ESPECIAL,10,Situaciones administrativas del personal funcionario de carrera,"Ley 4/2021, de 16 de abril, de la Función Pública Valenciana",160,JURIDICO
ESPECIAL,10,Situaciones administrativas del personal funcionario de carrera,"Ley 4/2021, de 16 de abril, de la Función Pública Valenciana",161,JURIDICO
ESPECIAL,10,Situaciones administrativas del personal funcionario de carrera,"Ley 4/2021, de 16 de abril, de la Función Pública Valenciana",162,JURIDICO
ESPECIAL,10,Situaciones administrativas del personal funcionario de carrera,"Ley 4/2021, de 16 de abril, de la Función Pública Valenciana",163,JURIDICO
ESPECIAL,10,Situaciones administrativas del personal funcionario de carrera,"Ley 4/2021, de 16 de abril, de la Función Pública Valenciana",164,JURIDICO
ESPECIAL,10,Situaciones administrativas del personal funcionario de carrera,"Ley 4/2021, de 16 de abril, de la Función Pública Valenciana",165,JURIDICO
ESPECIAL,10,Situaciones administrativas del personal funcionario de carrera,"Ley 4/2021, de 16 de abril, de la Función Pública Valenciana",166,JURIDICO
ESPECIAL,10,Situaciones administrativas del personal funcionario de carrera,"Ley 4/2021, de 16 de abril, de la Función Pública Valenciana",76,JURIDICO
ESPECIAL,10,Situaciones administrativas del personal funcionario de carrera,"Ley 4/2021, de 16 de abril, de la Función Pública Valenciana",77,JURIDICO
ESPECIAL,10,Situaciones administrativas del personal funcionario de carrera,"Ley 4/2021, de 16 de abril, de la Función Pública Valenciana",78,JURIDICO
ESPECIAL,10,Situaciones administrativas del personal funcionario de carrera,"Ley 4/2021, de 16 de abril, de la Función Pública Valenciana",79,JURIDICO
ESPECIAL,10,Situaciones administrativas del personal funcionario de carrera,"Ley 4/2021, de 16 de abril, de la Función Pública Valenciana",80,JURIDICO
ESPECIAL,10,Situaciones administrativas del personal funcionario de carrera,"Ley 4/2021, de 16 de abril, de la Función Pública Valenciana",81,JURIDICO
ESPECIAL,10,Situaciones administrativas del personal funcionario de carrera,"Ley 4/2021, de 16 de abril, de la Función Pública Valenciana",82,JURIDICO
ESPECIAL,10,Situaciones administrativas del personal funcionario de carrera,"Ley 4/2021, de 16 de abril, de la Función Pública Valenciana",83,JURIDICO
ESPECIAL,10,Situaciones administrativas del personal funcionario de carrera,"Ley 4/2021, de 16 de abril, de la Función Pública Valenciana",84,JURIDICO
ESPECIAL,10,Situaciones administrativas del personal funcionario de carrera,"Ley 4/2021, de 16 de abril, de la Función Pública Valenciana",85,JURIDICO
ESPECIAL,10,Situaciones administrativas del personal funcionario de carrera,"Ley 4/2021, de 16 de abril, de la Función Pública Valenciana",86,JURIDICO
ESPECIAL,10,Situaciones administrativas del personal funcionario de carrera,"Ley 4/2021, de 16 de abril, de la Función Pública Valenciana",87,JURIDICO
ESPECIAL,10,Situaciones administrativas del personal funcionario de carrera,"Ley 4/2021, de 16 de abril, de la Función Pública Valenciana",88,JURIDICO
ESPECIAL,10,Situaciones administrativas del personal funcionario de carrera,"Ley 4/2021, de 16 de abril, de la Función Pública Valenciana",89,JURIDICO
ESPECIAL,10,Situaciones administrativas del personal funcionario de carrera,"Ley 4/2021, de 16 de abril, de la Función Pública Valenciana",90,JURIDICO
ESPECIAL,10,Situaciones administrativas del personal funcionario de carrera,"Ley 4/2021, de 16 de abril, de la Función Pública Valenciana",91,JURIDICO
ESPECIAL,10,Situaciones administrativas del personal funcionario de carrera,"Ley 4/2021, de 16 de abril, de la Función Pública Valenciana",92,JURIDICO
ESPECIAL,10,Situaciones administrativas del personal funcionario de carrera,"Ley 4/2021, de 16 de abril, de la Función Pública Valenciana",93,JURIDICO
ESPECIAL,10,Situaciones administrativas del personal funcionario de carrera,"Ley 4/2021, de 16 de abril, de la Función Pública Valenciana",94,JURIDICO
ESPECIAL,10,Situaciones administrativas del personal funcionario de carrera,"Ley 4/2021, de 16 de abril, de la Función Pública Valenciana",95,JURIDICO
ESPECIAL,10,Situaciones administrativas del personal funcionario de carrera,"Ley 4/2021, de 16 de abril, de la Función Pública Valenciana",96,JURIDICO
ESPECIAL,10,Situaciones administrativas del personal funcionario de carrera,"Ley 4/2021, de 16 de abril, de la Función Pública Valenciana",97,JURIDICO
ESPECIAL,10,Situaciones administrativas del personal funcionario de carrera,"Ley 4/2021, de 16 de abril, de la Función Pública Valenciana",98,JURIDICO
ESPECIAL,10,Situaciones administrativas del personal funcionario de carrera,"Ley 4/2021, de 16 de abril, de la Función Pública Valenciana",99,JURIDICO
ESPECIAL,10,Situaciones administrativas del personal funcionario de carrera,"Ley 4/2021, de 16 de abril, de la Función Pública Valenciana",100,JURIDICO
ESPECIAL,10,Situaciones administrativas del personal funcionario de carrera,"Ley 4/2021, de 16 de abril, de la Función Pública Valenciana",101,JURIDICO
ESPECIAL,10,Situaciones administrativas del personal funcionario de carrera,"Ley 4/2021, de 16 de abril, de la Función Pública Valenciana",102,JURIDICO
ESPECIAL,10,Situaciones administrativas del personal funcionario de carrera,"Ley 4/2021, de 16 de abril, de la Función Pública Valenciana",103,JURIDICO
ESPECIAL,10,Situaciones administrativas del personal funcionario de carrera,"Ley 4/2021, de 16 de abril, de la Función Pública Valenciana",104,JURIDICO
ESPECIAL,10,Situaciones administrativas del personal funcionario de carrera,"Ley 4/2021, de 16 de abril, de la Función Pública Valenciana",105,JURIDICO
ESPECIAL,10,Situaciones administrativas del personal funcionario de carrera,"Ley 4/2021, de 16 de abril, de la Función Pública Valenciana",106,JURIDICO
ESPECIAL,10,Situaciones administrativas del personal funcionario de carrera,"Ley 4/2021, de 16 de abril, de la Función Pública Valenciana",167,JURIDICO
ESPECIAL,10,Situaciones administrativas del personal funcionario de carrera,"Ley 4/2021, de 16 de abril, de la Función Pública Valenciana",168,JURIDICO
ESPECIAL,10,Situaciones administrativas del personal funcionario de carrera,"Ley 4/2021, de 16 de abril, de la Función Pública Valenciana",169,JURIDICO
ESPECIAL,10,Situaciones administrativas del personal funcionario de carrera,"Ley 4/2021, de 16 de abril, de la Función Pública Valenciana",170,JURIDICO
ESPECIAL,10,Situaciones administrativas del personal funcionario de carrera,"Ley 4/2021, de 16 de abril, de la Función Pública Valenciana",171,JURIDICO
ESPECIAL,10,Situaciones administrativas del personal funcionario de carrera,"Ley 4/2021, de 16 de abril, de la Función Pública Valenciana",172,JURIDICO
ESPECIAL,10,Situaciones administrativas del personal funcionario de carrera,"Ley 4/2021, de 16 de abril, de la Función Pública Valenciana",173,JURIDICO
ESPECIAL,10,Situaciones administrativas del personal funcionario de carrera,"Ley 4/2021, de 16 de abril, de la Función Pública Valenciana",174,JURIDICO
ESPECIAL,10,Situaciones administrativas del personal funcionario de carrera,"Ley 4/2021, de 16 de abril, de la Función Pública Valenciana",175,JURIDICO
ESPECIAL,10,Situaciones administrativas del personal funcionario de carrera,"Ley 4/2021, de 16 de abril, de la Función Pública Valenciana",176,JURIDICO
ESPECIAL,10,Situaciones administrativas del personal funcionario de carrera,"Ley 4/2021, de 16 de abril, de la Función Pública Valenciana",177,JURIDICO
ESPECIAL,10,Situaciones administrativas del personal funcionario de carrera,"Ley 4/2021, de 16 de abril, de la Función Pública Valenciana",178,JURIDICO
ESPECIAL,10,Situaciones administrativas del personal funcionario de carrera,"Ley 4/2021, de 16 de abril, de la Función Pública Valenciana",179,JURIDICO
ESPECIAL,10,Situaciones administrativas del personal funcionario de carrera,"Ley 4/2021, de 16 de abril, de la Función Pública Valenciana",180,JURIDICO
ESPECIAL,10,Situaciones administrativas del personal funcionario de carrera,"Ley 4/2021, de 16 de abril, de la Función Pública Valenciana",181,JURIDICO
ESPECIAL,10,Situaciones administrativas del personal funcionario de carrera,"Ley 4/2021, de 16 de abril, de la Función Pública Valenciana",60,JURIDICO
ESPECIAL,10,Situaciones administrativas del personal funcionario de carrera,"Ley 4/2021, de 16 de abril, de la Función Pública Valenciana",61,JURIDICO
ESPECIAL,10,Situaciones administrativas del personal funcionario de carrera,"Ley 4/2021, de 16 de abril, de la Función Pública Valenciana",62,JURIDICO
ESPECIAL,10,Situaciones administrativas del personal funcionario de carrera,"Ley 4/2021, de 16 de abril, de la Función Pública Valenciana",63,JURIDICO
ESPECIAL,10,Situaciones administrativas del personal funcionario de carrera,"Ley 4/2021, de 16 de abril, de la Función Pública Valenciana",64,JURIDICO
ESPECIAL,10,Situaciones administrativas del personal funcionario de carrera,"Ley 4/2021, de 16 de abril, de la Función Pública Valenciana",65,JURIDICO
ESPECIAL,10,Situaciones administrativas del personal funcionario de carrera,"Ley 4/2021, de 16 de abril, de la Función Pública Valenciana",66,JURIDICO
ESPECIAL,10,Situaciones administrativas del personal funcionario de carrera,"Ley 4/2021, de 16 de abril, de la Función Pública Valenciana",67,JURIDICO
ESPECIAL,10,Situaciones administrativas del personal funcionario de carrera,"Ley 4/2021, de 16 de abril, de la Función Pública Valenciana",68,JURIDICO
ESPECIAL,10,Situaciones administrativas del personal funcionario de carrera,"Ley 4/2021, de 16 de abril, de la Función Pública Valenciana",69,JURIDICO
ESPECIAL,10,Situaciones administrativas del personal funcionario de carrera,"Ley 4/2021, de 16 de abril, de la Función Pública Valenciana",70,JURIDICO
ESPECIAL,10,Situaciones administrativas del personal funcionario de carrera,"Ley 4/2021, de 16 de abril, de la Función Pública Valenciana",71,JURIDICO
ESPECIAL,10,Situaciones administrativas del personal funcionario de carrera,"Ley 4/2021, de 16 de abril, de la Función Pública Valenciana",72,JURIDICO
ESPECIAL,10,Situaciones administrativas del personal funcionario de carrera,"Ley 4/2021, de 16 de abril, de la Función Pública Valenciana",73,JURIDICO
ESPECIAL,10,Situaciones administrativas del personal funcionario de carrera,"Ley 4/2021, de 16 de abril, de la Función Pública Valenciana",74,JURIDICO
ESPECIAL,10,Situaciones administrativas del personal funcionario de carrera,"Ley 4/2021, de 16 de abril, de la Función Pública Valenciana",75,JURIDICO
ESPECIAL,10,Situaciones administrativas del personal funcionario de carrera,"Ley 4/2021, de 16 de abril, de la Función Pública Valenciana",107,JURIDICO
ESPECIAL,10,Situaciones administrativas del personal funcionario de carrera,"Ley 4/2021, de 16 de abril, de la Función Pública Valenciana",108,JURIDICO
ESPECIAL,10,Situaciones administrativas del personal funcionario de carrera,"Ley 4/2021, de 16 de abril, de la Función Pública Valenciana",109,JURIDICO
ESPECIAL,10,Situaciones administrativas del personal funcionario de carrera,"Ley 4/2021, de 16 de abril, de la Función Pública Valenciana",110,JURIDICO
ESPECIAL,10,Situaciones administrativas del personal funcionario de carrera,"Ley 4/2021, de 16 de abril, de la Función Pública Valenciana",111,JURIDICO
ESPECIAL,10,Situaciones administrativas del personal funcionario de carrera,"Ley 4/2021, de 16 de abril, de la Función Pública Valenciana",112,JURIDICO
ESPECIAL,10,Situaciones administrativas del personal funcionario de carrera,"Ley 4/2021, de 16 de abril, de la Función Pública Valenciana",113,JURIDICO
ESPECIAL,10,Situaciones administrativas del personal funcionario de carrera,"Ley 4/2021, de 16 de abril, de la Función Pública Valenciana",114,JURIDICO
ESPECIAL,10,Situaciones administrativas del personal funcionario de carrera,"Ley 4/2021, de 16 de abril, de la Función Pública Valenciana",115,JURIDICO
ESPECIAL,10,Situaciones administrativas del personal funcionario de carrera,"Ley 4/2021, de 16 de abril, de la Función Pública Valenciana",116,JURIDICO
ESPECIAL,10,Situaciones administrativas del personal funcionario de carrera,"Ley 4/2021, de 16 de abril, de la Función Pública Valenciana",117,JURIDICO
ESPECIAL,10,Situaciones administrativas del personal funcionario de carrera,"Ley 4/2021, de 16 de abril, de la Función Pública Valenciana",118,JURIDICO
ESPECIAL,10,Situaciones administrativas del personal funcionario de carrera,"Ley 4/2021, de 16 de abril, de la Función Pública Valenciana",119,JURIDICO
ESPECIAL,10,Situaciones administrativas del personal funcionario de carrera,"Ley 4/2021, de 16 de abril, de la Función Pública Valenciana",120,JURIDICO
ESPECIAL,10,Situaciones administrativas del personal funcionario de carrera,"Ley 4/2021, de 16 de abril, de la Función Pública Valenciana",121,JURIDICO
ESPECIAL,10,Situaciones administrativas del personal funcionario de carrera,"Ley 4/2021, de 16 de abril, de la Función Pública Valenciana",122,JURIDICO
ESPECIAL,10,Situaciones administrativas del personal funcionario de carrera,"Ley 4/2021, de 16 de abril, de la Función Pública Valenciana",123,JURIDICO
ESPECIAL,10,Situaciones administrativas del personal funcionario de carrera,"Ley 4/2021, de 16 de abril, de la Función Pública Valenciana",124,JURIDICO
ESPECIAL,10,Situaciones administrativas del personal funcionario de carrera,"Ley 4/2021, de 16 de abril, de la Función Pública Valenciana",125,JURIDICO
ESPECIAL,10,Situaciones administrativas del personal funcionario de carrera,"Ley 4/2021, de 16 de abril, de la Función Pública Valenciana",126,JURIDICO
ESPECIAL,10,Situaciones administrativas del personal funcionario de carrera,"Ley 4/2021, de 16 de abril, de la Función Pública Valenciana",127,JURIDICO
ESPECIAL,10,Situaciones administrativas del personal funcionario de carrera,"Ley 4/2021, de 16 de abril, de la Función Pública Valenciana",128,JURIDICO
ESPECIAL,10,Situaciones administrativas del personal funcionario de carrera,"Ley 4/2021, de 16 de abril, de la Función Pública Valenciana",129,JURIDICO
ESPECIAL,10,Situaciones administrativas del personal funcionario de carrera,"Ley 4/2021, de 16 de abril, de la Función Pública Valenciana",130,JURIDICO
ESPECIAL,10,Situaciones administrativas del personal funcionario de carrera,"Ley 4/2021, de 16 de abril, de la Función Pública Valenciana",131,JURIDICO
ESPECIAL,10,Situaciones administrativas del personal funcionario de carrera,"Ley 4/2021, de 16 de abril, de la Función Pública Valenciana",132,JURIDICO
ESPECIAL,10,Situaciones administrativas del personal funcionario de carrera,"Ley 4/2021, de 16 de abril, de la Función Pública Valenciana",133,JURIDICO
ESPECIAL,10,Situaciones administrativas del personal funcionario de carrera,"Ley 4/2021, de 16 de abril, de la Función Pública Valenciana",134,JURIDICO
ESPECIAL,10,Situaciones administrativas del personal funcionario de carrera,"Ley 4/2021, de 16 de abril, de la Función Pública Valenciana",135,JURIDICO
ESPECIAL,10,Situaciones administrativas del personal funcionario de carrera,"Ley 4/2021, de 16 de abril, de la Función Pública Valenciana",136,JURIDICO
ESPECIAL,10,Situaciones administrativas del personal funcionario de carrera,"Ley 4/2021, de 16 de abril, de la Función Pública Valenciana",137,JURIDICO
ESPECIAL,11,El presupuesto de la Generalitat (I).,"Ley 1/2015, de 6 de febrero",24,JURIDICO
ESPECIAL,11,El presupuesto de la Generalitat (I).,"Ley 1/2015, de 6 de febrero",25,JURIDICO
ESPECIAL,11,El presupuesto de la Generalitat (I).,"Ley 1/2015, de 6 de febrero",26,JURIDICO
ESPECIAL,11,El presupuesto de la Generalitat (I).,"Ley 1/2015, de 6 de febrero",27,JURIDICO
ESPECIAL,11,El presupuesto de la Generalitat (I).,"Ley 1/2015, de 6 de febrero",28,JURIDICO
ESPECIAL,11,El presupuesto de la Generalitat (I).,"Ley 1/2015, de 6 de febrero",29,JURIDICO
ESPECIAL,11,El presupuesto de la Generalitat (I).,"Ley 1/2015, de 6 de febrero",30,JURIDICO
ESPECIAL,11,El presupuesto de la Generalitat (I).,"Ley 1/2015, de 6 de febrero",31,JURIDICO
ESPECIAL,11,El presupuesto de la Generalitat (I).,"Ley 1/2015, de 6 de febrero",32,JURIDICO
ESPECIAL,11,El presupuesto de la Generalitat (I).,"Ley 1/2015, de 6 de febrero",33,JURIDICO
ESPECIAL,11,El presupuesto de la Generalitat (I).,"Ley 1/2015, de 6 de febrero",34,JURIDICO
ESPECIAL,11,El presupuesto de la Generalitat (I).,"Ley 1/2015, de 6 de febrero",35,JURIDICO
ESPECIAL,11,El presupuesto de la Generalitat (I).,"Ley 1/2015, de 6 de febrero",36,JURIDICO
ESPECIAL,11,El presupuesto de la Generalitat (I).,"Ley 1/2015, de 6 de febrero",37,JURIDICO
ESPECIAL,11,El presupuesto de la Generalitat (I).,"Ley 1/2015, de 6 de febrero",38,JURIDICO
ESPECIAL,11,El presupuesto de la Generalitat (I).,"Ley 1/2015, de 6 de febrero",39,JURIDICO
ESPECIAL,11,El presupuesto de la Generalitat (I).,"Ley 1/2015, de 6 de febrero",40,JURIDICO
ESPECIAL,11,El presupuesto de la Generalitat (I).,"Ley 1/2015, de 6 de febrero",41,JURIDICO
ESPECIAL,11,El presupuesto de la Generalitat (I).,"Ley 1/2015, de 6 de febrero",42,JURIDICO
ESPECIAL,11,El presupuesto de la Generalitat (I).,"Ley 1/2015, de 6 de febrero",43,JURIDICO
ESPECIAL,11,El presupuesto de la Generalitat (I).,"Ley 1/2015, de 6 de febrero",44,JURIDICO
ESPECIAL,11,El presupuesto de la Generalitat (I).,"Ley 1/2015, de 6 de febrero",45,JURIDICO
ESPECIAL,11,El presupuesto de la Generalitat (I).,"Ley 1/2015, de 6 de febrero",46,JURIDICO
ESPECIAL,11,El presupuesto de la Generalitat (I).,"Ley 1/2015, de 6 de febrero",47,JURIDICO
ESPECIAL,11,El presupuesto de la Generalitat (I).,"Ley 1/2015, de 6 de febrero",48,JURIDICO
ESPECIAL,11,El presupuesto de la Generalitat (I).,"Ley 1/2015, de 6 de febrero",49,JURIDICO
ESPECIAL,11,El presupuesto de la Generalitat (I).,"Ley 1/2015, de 6 de febrero",50,JURIDICO
ESPECIAL,11,El presupuesto de la Generalitat (I).,"Ley 1/2015, de 6 de febrero",51,JURIDICO
ESPECIAL,11,El presupuesto de la Generalitat (I).,"Ley 1/2015, de 6 de febrero",52,JURIDICO
ESPECIAL,11,El presupuesto de la Generalitat (I).,"Ley 1/2015, de 6 de febrero",53,JURIDICO
ESPECIAL,11,El presupuesto de la Generalitat (I).,"Ley 1/2015, de 6 de febrero",54,JURIDICO
ESPECIAL,11,El presupuesto de la Generalitat (I).,"Ley 1/2015, de 6 de febrero",55,JURIDICO
ESPECIAL,12,El presupuesto de la Generalitat (II).,Decreto 77_2019 ,16,JURIDICO
ESPECIAL,12,El presupuesto de la Generalitat (II).,Decreto 77_2019 ,17,JURIDICO
ESPECIAL,12,El presupuesto de la Generalitat (II).,Decreto 77_2019 ,18,JURIDICO
ESPECIAL,12,El presupuesto de la Generalitat (II).,Decreto 77_2019 ,19,JURIDICO
ESPECIAL,12,El presupuesto de la Generalitat (II).,Decreto 77_2019 ,20,JURIDICO
ESPECIAL,12,El presupuesto de la Generalitat (II).,Decreto 77_2019 ,21,JURIDICO
ESPECIAL,12,El presupuesto de la Generalitat (II).,Decreto 77_2019 ,22,JURIDICO
ESPECIAL,12,El presupuesto de la Generalitat (II).,Decreto 77_2019 ,23,JURIDICO
ESPECIAL,12,El presupuesto de la Generalitat (II).,Decreto 77_2019 ,24,JURIDICO
ESPECIAL,12,El presupuesto de la Generalitat (II).,Decreto 77_2019 ,25,JURIDICO
ESPECIAL,12,El presupuesto de la Generalitat (II).,Decreto 77_2019 ,26,JURIDICO
ESPECIAL,12,El presupuesto de la Generalitat (II).,Decreto 77_2019 ,27,JURIDICO
ESPECIAL,12,El presupuesto de la Generalitat (II).,Decreto 77_2019 ,28,JURIDICO
ESPECIAL,12,El presupuesto de la Generalitat (II).,Decreto 77_2019 ,29,JURIDICO
ESPECIAL,12,El presupuesto de la Generalitat (II).,Decreto 77_2019 ,30,JURIDICO
ESPECIAL,12,El presupuesto de la Generalitat (II).,Decreto 77_2019 ,31,JURIDICO
ESPECIAL,12,El presupuesto de la Generalitat (II).,Decreto 77_2019 ,32,JURIDICO
ESPECIAL,12,El presupuesto de la Generalitat (II).,Decreto 77_2019 ,33,JURIDICO
ESPECIAL,12,El presupuesto de la Generalitat (II).,Decreto 77_2019 ,34,JURIDICO
ESPECIAL,12,El presupuesto de la Generalitat (II).,"Ley 6/2025, de 30 de mayo",1,JURIDICO
ESPECIAL,12,El presupuesto de la Generalitat (II).,"Ley 6/2025, de 30 de mayo",2,JURIDICO
ESPECIAL,12,El presupuesto de la Generalitat (II).,"Ley 6/2025, de 30 de mayo",3,JURIDICO
ESPECIAL,12,El presupuesto de la Generalitat (II).,Decreto 76_2026 ,1,JURIDICO
ESPECIAL,12,El presupuesto de la Generalitat (II).,Decreto 76_2026 ,2,JURIDICO
ESPECIAL,12,El presupuesto de la Generalitat (II).,Decreto 76_2026 ,3,JURIDICO
ESPECIAL,12,El presupuesto de la Generalitat (II).,Decreto 76_2026 ,4,JURIDICO
ESPECIAL,12,El presupuesto de la Generalitat (II).,Decreto 76_2026 ,5,JURIDICO
ESPECIAL,12,El presupuesto de la Generalitat (II).,Decreto 76_2026 ,6,JURIDICO
ESPECIAL,12,El presupuesto de la Generalitat (II).,Decreto 76_2026 ,7,JURIDICO
ESPECIAL,12,El presupuesto de la Generalitat (II).,Decreto 76_2026 ,8,JURIDICO
ESPECIAL,12,El presupuesto de la Generalitat (II).,Decreto 76_2026 ,9,JURIDICO
ESPECIAL,12,El presupuesto de la Generalitat (II).,Decreto 76_2026 ,10,JURIDICO
ESPECIAL,12,El presupuesto de la Generalitat (II).,Decreto 76_2026 ,11,JURIDICO
ESPECIAL,12,El presupuesto de la Generalitat (II).,Decreto 76_2026 ,12,JURIDICO
ESPECIAL,12,El presupuesto de la Generalitat (II).,Decreto 76_2026 ,13,JURIDICO
ESPECIAL,12,El presupuesto de la Generalitat (II).,Decreto 76_2026 ,14,JURIDICO
ESPECIAL,12,El presupuesto de la Generalitat (II).,Decreto 76_2026 ,15,JURIDICO
ESPECIAL,12,El presupuesto de la Generalitat (II).,Decreto 76_2026 ,16,JURIDICO
ESPECIAL,12,El presupuesto de la Generalitat (II).,Decreto 76_2026 ,17,JURIDICO
ESPECIAL,12,El presupuesto de la Generalitat (II).,Decreto 76_2026 ,18,JURIDICO
ESPECIAL,12,El presupuesto de la Generalitat (II).,Decreto 76_2026 ,19,JURIDICO
ESPECIAL,12,El presupuesto de la Generalitat (II).,"Ley 1/2015, de 6 de febrero",56,JURIDICO
ESPECIAL,12,El presupuesto de la Generalitat (II).,"Ley 1/2015, de 6 de febrero",57,JURIDICO
ESPECIAL,12,El presupuesto de la Generalitat (II).,"Ley 1/2015, de 6 de febrero",58,JURIDICO
ESPECIAL,12,El presupuesto de la Generalitat (II).,"Ley 1/2015, de 6 de febrero",59,JURIDICO
ESPECIAL,12,El presupuesto de la Generalitat (II).,"Ley 1/2015, de 6 de febrero",60,JURIDICO
ESPECIAL,12,El presupuesto de la Generalitat (II).,"Ley 1/2015, de 6 de febrero",61,JURIDICO
ESPECIAL,12,El presupuesto de la Generalitat (II).,"Ley 1/2015, de 6 de febrero",62,JURIDICO
ESPECIAL,12,El presupuesto de la Generalitat (II).,"Ley 1/2015, de 6 de febrero",63,JURIDICO
ESPECIAL,12,El presupuesto de la Generalitat (II).,"Ley 1/2015, de 6 de febrero",64,JURIDICO
ESPECIAL,12,El presupuesto de la Generalitat (II).,"Ley 1/2015, de 6 de febrero",65,JURIDICO
ESPECIAL,12,El presupuesto de la Generalitat (II).,"Ley 1/2015, de 6 de febrero",66,JURIDICO
ESPECIAL,13,El control interno de la gestión económico-financiera de la Generalitat,"Ley 6/1985, de 11 de mayo",5,JURIDICO
ESPECIAL,13,El control interno de la gestión económico-financiera de la Generalitat,"Ley 6/2025, de 30 de mayo",5,JURIDICO
ESPECIAL,13,El control interno de la gestión económico-financiera de la Generalitat,"Ley 6/2025, de 30 de mayo",6,JURIDICO
ESPECIAL,13,El control interno de la gestión económico-financiera de la Generalitat,"Ley 6/2025, de 30 de mayo",7,JURIDICO
ESPECIAL,13,El control interno de la gestión económico-financiera de la Generalitat,"Ley 6/2025, de 30 de mayo",8,JURIDICO
ESPECIAL,13,El control interno de la gestión económico-financiera de la Generalitat,"Ley 6/2025, de 30 de mayo",9,JURIDICO
ESPECIAL,13,El control interno de la gestión económico-financiera de la Generalitat,"Ley 6/2025, de 30 de mayo",24,JURIDICO
ESPECIAL,13,El control interno de la gestión económico-financiera de la Generalitat,"Ley 6/2025, de 30 de mayo",25,JURIDICO
ESPECIAL,13,El control interno de la gestión económico-financiera de la Generalitat,"Ley 6/2025, de 30 de mayo",26,JURIDICO
ESPECIAL,13,El control interno de la gestión económico-financiera de la Generalitat,"Ley 6/2025, de 30 de mayo",27,JURIDICO
ESPECIAL,13,El control interno de la gestión económico-financiera de la Generalitat,"Ley 6/2025, de 30 de mayo",28,JURIDICO
ESPECIAL,13,El control interno de la gestión económico-financiera de la Generalitat,"Ley 6/2025, de 30 de mayo",29,JURIDICO
ESPECIAL,13,El control interno de la gestión económico-financiera de la Generalitat,"Ley 6/2025, de 30 de mayo",30,JURIDICO
ESPECIAL,13,El control interno de la gestión económico-financiera de la Generalitat,"Ley 6/2025, de 30 de mayo",31,JURIDICO
ESPECIAL,13,El control interno de la gestión económico-financiera de la Generalitat,"Ley 6/2025, de 30 de mayo",32,JURIDICO
ESPECIAL,13,El control interno de la gestión económico-financiera de la Generalitat,"Ley 6/2025, de 30 de mayo",33,JURIDICO
ESPECIAL,13,El control interno de la gestión económico-financiera de la Generalitat,"Ley 6/2025, de 30 de mayo",34,JURIDICO
ESPECIAL,13,El control interno de la gestión económico-financiera de la Generalitat,"Ley 6/2025, de 30 de mayo",35,JURIDICO
ESPECIAL,13,El control interno de la gestión económico-financiera de la Generalitat,"Ley 6/2025, de 30 de mayo",36,JURIDICO
ESPECIAL,13,El control interno de la gestión económico-financiera de la Generalitat,"Ley 6/2025, de 30 de mayo",37,JURIDICO
ESPECIAL,13,El control interno de la gestión económico-financiera de la Generalitat,"Ley 6/2025, de 30 de mayo",38,JURIDICO
ESPECIAL,13,El control interno de la gestión económico-financiera de la Generalitat,"Ley 6/2025, de 30 de mayo",39,JURIDICO
ESPECIAL,13,El control interno de la gestión económico-financiera de la Generalitat,"Ley 6/2025, de 30 de mayo",59,JURIDICO
ESPECIAL,13,El control interno de la gestión económico-financiera de la Generalitat,Ley Orgánica 2/1982,9,JURIDICO
ESPECIAL,13,El control interno de la gestión económico-financiera de la Generalitat,Ley Orgánica 2/1982,10,JURIDICO
ESPECIAL,13,El control interno de la gestión económico-financiera de la Generalitat,Ley Orgánica 2/1982,11,JURIDICO
ESPECIAL,13,El control interno de la gestión económico-financiera de la Generalitat,Ley Orgánica 2/1982,12,JURIDICO
ESPECIAL,13,El control interno de la gestión económico-financiera de la Generalitat,Ley Orgánica 2/1982,13,JURIDICO
ESPECIAL,13,El control interno de la gestión económico-financiera de la Generalitat,Ley Orgánica 2/1982,14,JURIDICO
ESPECIAL,13,El control interno de la gestión económico-financiera de la Generalitat,Ley Orgánica 2/1982,15,JURIDICO
ESPECIAL,13,El control interno de la gestión económico-financiera de la Generalitat,Ley Orgánica 2/1982,16,JURIDICO
ESPECIAL,13,El control interno de la gestión económico-financiera de la Generalitat,Ley Orgánica 2/1982,17,JURIDICO
ESPECIAL,13,El control interno de la gestión económico-financiera de la Generalitat,Ley Orgánica 2/1982,18,JURIDICO
ESPECIAL,13,El control interno de la gestión económico-financiera de la Generalitat,"Ley 1/2015, de 6 de febrero",92,JURIDICO
ESPECIAL,13,El control interno de la gestión económico-financiera de la Generalitat,"Ley 1/2015, de 6 de febrero",93,JURIDICO
ESPECIAL,13,El control interno de la gestión económico-financiera de la Generalitat,"Ley 1/2015, de 6 de febrero",94,JURIDICO
ESPECIAL,13,El control interno de la gestión económico-financiera de la Generalitat,"Ley 1/2015, de 6 de febrero",95,JURIDICO
ESPECIAL,13,El control interno de la gestión económico-financiera de la Generalitat,"Ley 1/2015, de 6 de febrero",96,JURIDICO
ESPECIAL,13,El control interno de la gestión económico-financiera de la Generalitat,"Ley 1/2015, de 6 de febrero",97,JURIDICO
ESPECIAL,13,El control interno de la gestión económico-financiera de la Generalitat,"Ley 1/2015, de 6 de febrero",98,JURIDICO
ESPECIAL,13,El control interno de la gestión económico-financiera de la Generalitat,"Ley 1/2015, de 6 de febrero",99,JURIDICO
ESPECIAL,13,El control interno de la gestión económico-financiera de la Generalitat,"Ley 1/2015, de 6 de febrero",100,JURIDICO
ESPECIAL,13,El control interno de la gestión económico-financiera de la Generalitat,"Ley 1/2015, de 6 de febrero",101,JURIDICO
ESPECIAL,13,El control interno de la gestión económico-financiera de la Generalitat,"Ley 1/2015, de 6 de febrero",102,JURIDICO
ESPECIAL,13,El control interno de la gestión económico-financiera de la Generalitat,"Ley 1/2015, de 6 de febrero",103,JURIDICO
ESPECIAL,13,El control interno de la gestión económico-financiera de la Generalitat,"Ley 1/2015, de 6 de febrero",104,JURIDICO
ESPECIAL,13,El control interno de la gestión económico-financiera de la Generalitat,"Ley 1/2015, de 6 de febrero",105,JURIDICO
ESPECIAL,13,El control interno de la gestión económico-financiera de la Generalitat,"Ley 1/2015, de 6 de febrero",106,JURIDICO
ESPECIAL,13,El control interno de la gestión económico-financiera de la Generalitat,"Ley 1/2015, de 6 de febrero",107,JURIDICO
ESPECIAL,13,El control interno de la gestión económico-financiera de la Generalitat,"Ley 1/2015, de 6 de febrero",108,JURIDICO
ESPECIAL,13,El control interno de la gestión económico-financiera de la Generalitat,"Ley 1/2015, de 6 de febrero",109,JURIDICO
ESPECIAL,13,El control interno de la gestión económico-financiera de la Generalitat,"Ley 1/2015, de 6 de febrero",110,JURIDICO
ESPECIAL,13,El control interno de la gestión económico-financiera de la Generalitat,"Ley 1/2015, de 6 de febrero",111,JURIDICO
ESPECIAL,13,El control interno de la gestión económico-financiera de la Generalitat,"Ley 1/2015, de 6 de febrero",112,JURIDICO
ESPECIAL,13,El control interno de la gestión económico-financiera de la Generalitat,"Ley 1/2015, de 6 de febrero",113,JURIDICO
ESPECIAL,13,El control interno de la gestión económico-financiera de la Generalitat,"Ley 1/2015, de 6 de febrero",114,JURIDICO
ESPECIAL,13,El control interno de la gestión económico-financiera de la Generalitat,"Ley 1/2015, de 6 de febrero",115,JURIDICO
ESPECIAL,13,El control interno de la gestión económico-financiera de la Generalitat,"Ley 1/2015, de 6 de febrero",116,JURIDICO
ESPECIAL,13,El control interno de la gestión económico-financiera de la Generalitat,"Ley 1/2015, de 6 de febrero",117,JURIDICO
ESPECIAL,13,El control interno de la gestión económico-financiera de la Generalitat,"Ley 1/2015, de 6 de febrero",118,JURIDICO
ESPECIAL,13,El control interno de la gestión económico-financiera de la Generalitat,"Ley 1/2015, de 6 de febrero",119,JURIDICO
ESPECIAL,13,El control interno de la gestión económico-financiera de la Generalitat,"Ley 1/2015, de 6 de febrero",120,JURIDICO
ESPECIAL,13,El control interno de la gestión económico-financiera de la Generalitat,"Ley 1/2015, de 6 de febrero",121,JURIDICO
ESPECIAL,13,El control interno de la gestión económico-financiera de la Generalitat,"Ley 1/2015, de 6 de febrero",122,JURIDICO
ESPECIAL,13,El control interno de la gestión económico-financiera de la Generalitat,"Ley 1/2015, de 6 de febrero",123,JURIDICO
ESPECIAL,14,"Ley 1/2015, de 6 de febrero, de Hacienda Pública","Ley 1/2015, de 6 de febrero",124,JURIDICO
ESPECIAL,14,"Ley 1/2015, de 6 de febrero, de Hacienda Pública","Ley 1/2015, de 6 de febrero",125,JURIDICO
ESPECIAL,14,"Ley 1/2015, de 6 de febrero, de Hacienda Pública","Ley 1/2015, de 6 de febrero",126,JURIDICO
ESPECIAL,14,"Ley 1/2015, de 6 de febrero, de Hacienda Pública","Ley 1/2015, de 6 de febrero",127,JURIDICO
ESPECIAL,14,"Ley 1/2015, de 6 de febrero, de Hacienda Pública","Ley 1/2015, de 6 de febrero",128,JURIDICO
ESPECIAL,14,"Ley 1/2015, de 6 de febrero, de Hacienda Pública","Ley 1/2015, de 6 de febrero",129,JURIDICO
ESPECIAL,14,"Ley 1/2015, de 6 de febrero, de Hacienda Pública","Ley 1/2015, de 6 de febrero",130,JURIDICO
ESPECIAL,14,"Ley 1/2015, de 6 de febrero, de Hacienda Pública","Ley 1/2015, de 6 de febrero",131,JURIDICO
ESPECIAL,14,"Ley 1/2015, de 6 de febrero, de Hacienda Pública","Ley 1/2015, de 6 de febrero",132,JURIDICO
ESPECIAL,14,"Ley 1/2015, de 6 de febrero, de Hacienda Pública","Ley 1/2015, de 6 de febrero",133,JURIDICO
ESPECIAL,14,"Ley 1/2015, de 6 de febrero, de Hacienda Pública","Ley 1/2015, de 6 de febrero",134,JURIDICO
ESPECIAL,14,"Ley 1/2015, de 6 de febrero, de Hacienda Pública","Ley 1/2015, de 6 de febrero",135,JURIDICO
ESPECIAL,14,"Ley 1/2015, de 6 de febrero, de Hacienda Pública","Ley 1/2015, de 6 de febrero",136,JURIDICO
ESPECIAL,14,"Ley 1/2015, de 6 de febrero, de Hacienda Pública","Ley 1/2015, de 6 de febrero",137,JURIDICO
ESPECIAL,14,"Ley 1/2015, de 6 de febrero, de Hacienda Pública","Ley 1/2015, de 6 de febrero",138,JURIDICO
ESPECIAL,14,"Ley 1/2015, de 6 de febrero, de Hacienda Pública","Ley 1/2015, de 6 de febrero",139,JURIDICO
ESPECIAL,14,"Ley 1/2015, de 6 de febrero, de Hacienda Pública","Ley 1/2015, de 6 de febrero",140,JURIDICO
ESPECIAL,14,"Ley 1/2015, de 6 de febrero, de Hacienda Pública","Ley 1/2015, de 6 de febrero",141,JURIDICO
ESPECIAL,14,"Ley 1/2015, de 6 de febrero, de Hacienda Pública","Ley 1/2015, de 6 de febrero",142,JURIDICO
ESPECIAL,14,"Ley 1/2015, de 6 de febrero, de Hacienda Pública","Ley 1/2015, de 6 de febrero",143,JURIDICO
ESPECIAL,15,Informática básica: Conceptos fundamentales sobre el hardware y el software. Sistemas de almacenamiento de datos. Tipos de conectividad. Sistemas operativos. Nociones básicas de de almacenamiento de datos. Tipos de conectividad. Sistemas operativos. Nociones básicas de seguridad informática.,,,NO_JURIDICO
ESPECIAL,16,"Introducción al sistema operativo: El entorno Windows 11. Fundamentos. Trabajo en el entorno gráfico de Windows: ventanas, iconos, menús contextuales, cuadros de diálogo. El escritorio y sus elementos. El menú inicio y la barra de tareas. Herramientas básicas (calculadora, bloc de notas y herramientas recortes).",,,NO_JURIDICO
ESPECIAL,17,El Explorador de archivos de Windows 11. Gestión de carpetas y archivos. Operaciones de búsqueda. Carpetas locales y carpetas de red. Accesos directos. Carpeta de descarga de archivos. Microsoft OneDrive.,,,NO_JURIDICO
ESPECIAL,18,"Correo electrónico Outlook de Microsoft 365: Conceptos elementales y funcionamiento. El entorno de trabajo. Redactar, enviar, recibir, responder y reenviar mensajes. Búsqueda de mensajes. Reglas de recepción de mensajes. Libretas de direcciones. Carpetas de trabajo. Calendario de trabajo.",,,NO_JURIDICO
ESPECIAL,19,"Procesador de texto Word de Microsoft 365: Principales funciones y utilidades. Creación, estructuración y maquetación de documentos. Generación, grabación, recuperación e impresión de documentos. Importación y exportación de formatos. Dictado. Revisión de documentos.",,,NO_JURIDICO
ESPECIAL,20,"Hojas de cálculo Excel de Microsoft 365: Principales funciones y utilidades. Libros, hojas y celdas. Configuración. Introducción y edición de datos. Fórmulas y funciones. Gráficos. Gestión de datos. Importación de datos.",,,NO_JURIDICO
ESPECIAL,21,"Plataforma colaborativa Teams de Microsoft 365: Uso de chat y llamadas. Estados. Estructura: Equipos, canales y conversaciones. Compartición de información. Menciones. Lanzamiento y recepción de convocatorias de reunión por videoconferencia.",,,NO_JURIDICO
ESPECIAL,22,"Navegadores web: Conceptos básicos y definición. Navegación por pestañas, marcadores, historial, ajustes de privacidad y seguridad. Extensiones y complementos, Navegación segura, identificación de phishing y malware.",,,NO_JURIDICO
ESPECIAL,23,"Herramientas de Inteligencia Artificial (IA): Nociones sobre el uso, la fiabilidad y los riesgos en el puesto de trabajo. Prompting básico.",,,NO_JURIDICO
